"Lang","Path","HasRelated","AnchorCount","BrokenTargets"
"es","C:\Users\Sipka\Desktop\Converter\languages\es\convertir\7z\aac-a-7z\index.html","True","41","0"
"es","C:\Users\Sipka\Desktop\Converter\languages\es\convertir\7z\aiff-a-7z\index.html","True","41","0"
"es","C:\Users\Sipka\Desktop\Converter\languages\es\convertir\7z\bmp-a-7z\index.html","True","41","0"
"es","C:\Users\Sipka\Desktop\Converter\languages\es\convertir\7z\csv-a-7z\index.html","True","41","0"
"es","C:\Users\Sipka\Desktop\Converter\languages\es\convertir\7z\docx-a-7z\index.html","True","41","0"
"es","C:\Users\Sipka\Desktop\Converter\languages\es\convertir\7z\flac-a-7z\index.html","True","41","0"
"es","C:\Users\Sipka\Desktop\Converter\languages\es\convertir\7z\gif-a-7z\index.html","True","41","0"
"es","C:\Users\Sipka\Desktop\Converter\languages\es\convertir\7z\html-a-7z\index.html","True","41","0"
"es","C:\Users\Sipka\Desktop\Converter\languages\es\convertir\7z\jpeg-a-7z\index.html","True","41","0"
"es","C:\Users\Sipka\Desktop\Converter\languages\es\convertir\7z\jpg-a-7z\index.html","True","41","0"
"es","C:\Users\Sipka\Desktop\Converter\languages\es\convertir\7z\json-a-7z\index.html","True","41","0"
"es","C:\Users\Sipka\Desktop\Converter\languages\es\convertir\7z\jsonl-a-7z\index.html","True","41","0"
"es","C:\Users\Sipka\Desktop\Converter\languages\es\convertir\7z\m4a-a-7z\index.html","True","41","0"
"es","C:\Users\Sipka\Desktop\Converter\languages\es\convertir\7z\m4v-a-7z\index.html","True","41","0"
"es","C:\Users\Sipka\Desktop\Converter\languages\es\convertir\7z\md-a-7z\index.html","True","41","0"
"es","C:\Users\Sipka\Desktop\Converter\languages\es\convertir\7z\mkv-a-7z\index.html","True","41","0"
"es","C:\Users\Sipka\Desktop\Converter\languages\es\convertir\7z\mov-a-7z\index.html","True","41","0"
"es","C:\Users\Sipka\Desktop\Converter\languages\es\convertir\7z\mp3-a-7z\index.html","True","41","0"
"es","C:\Users\Sipka\Desktop\Converter\languages\es\convertir\7z\mp4-a-7z\index.html","True","41","0"
"es","C:\Users\Sipka\Desktop\Converter\languages\es\convertir\7z\ogg-a-7z\index.html","True","41","0"
"es","C:\Users\Sipka\Desktop\Converter\languages\es\convertir\7z\opus-a-7z\index.html","True","41","0"
"es","C:\Users\Sipka\Desktop\Converter\languages\es\convertir\7z\pdf-a-7z\index.html","True","41","0"
"es","C:\Users\Sipka\Desktop\Converter\languages\es\convertir\7z\png-a-7z\index.html","True","41","0"
"es","C:\Users\Sipka\Desktop\Converter\languages\es\convertir\7z\pptx-a-7z\index.html","True","41","0"
"es","C:\Users\Sipka\Desktop\Converter\languages\es\convertir\7z\rar-a-7z\index.html","True","41","0"
"es","C:\Users\Sipka\Desktop\Converter\languages\es\convertir\7z\rtf-a-7z\index.html","True","41","0"
"es","C:\Users\Sipka\Desktop\Converter\languages\es\convertir\7z\svg-a-7z\index.html","True","41","0"
"es","C:\Users\Sipka\Desktop\Converter\languages\es\convertir\7z\tar-a-7z\index.html","True","41","0"
"es","C:\Users\Sipka\Desktop\Converter\languages\es\convertir\7z\tar.bz2-a-7z\index.html","True","41","0"
"es","C:\Users\Sipka\Desktop\Converter\languages\es\convertir\7z\tar.gz-a-7z\index.html","True","41","0"
"es","C:\Users\Sipka\Desktop\Converter\languages\es\convertir\7z\tar.xz-a-7z\index.html","True","41","0"
"es","C:\Users\Sipka\Desktop\Converter\languages\es\convertir\7z\tbz-a-7z\index.html","True","41","0"
"es","C:\Users\Sipka\Desktop\Converter\languages\es\convertir\7z\tgz-a-7z\index.html","True","41","0"
"es","C:\Users\Sipka\Desktop\Converter\languages\es\convertir\7z\tiff-a-7z\index.html","True","41","0"
"es","C:\Users\Sipka\Desktop\Converter\languages\es\convertir\7z\tsv-a-7z\index.html","True","41","0"
"es","C:\Users\Sipka\Desktop\Converter\languages\es\convertir\7z\txt-a-7z\index.html","True","41","0"
"es","C:\Users\Sipka\Desktop\Converter\languages\es\convertir\7z\txz-a-7z\index.html","True","41","0"
"es","C:\Users\Sipka\Desktop\Converter\languages\es\convertir\7z\wav-a-7z\index.html","True","41","0"
"es","C:\Users\Sipka\Desktop\Converter\languages\es\convertir\7z\webm-a-7z\index.html","True","41","0"
"es","C:\Users\Sipka\Desktop\Converter\languages\es\convertir\7z\webp-a-7z\index.html","True","41","0"
"es","C:\Users\Sipka\Desktop\Converter\languages\es\convertir\7z\xlsx-a-7z\index.html","True","41","0"
"es","C:\Users\Sipka\Desktop\Converter\languages\es\convertir\7z\zip-a-7z\index.html","True","41","0"
"es","C:\Users\Sipka\Desktop\Converter\languages\es\convertir\aac\7z-a-aac\index.html","True","41","0"
"es","C:\Users\Sipka\Desktop\Converter\languages\es\convertir\aac\aiff-a-aac\index.html","True","41","0"
"es","C:\Users\Sipka\Desktop\Converter\languages\es\convertir\aac\bmp-a-aac\index.html","True","41","0"
"es","C:\Users\Sipka\Desktop\Converter\languages\es\convertir\aac\csv-a-aac\index.html","True","41","0"
"es","C:\Users\Sipka\Desktop\Converter\languages\es\convertir\aac\docx-a-aac\index.html","True","41","0"
"es","C:\Users\Sipka\Desktop\Converter\languages\es\convertir\aac\flac-a-aac\index.html","True","41","0"
"es","C:\Users\Sipka\Desktop\Converter\languages\es\convertir\aac\gif-a-aac\index.html","True","41","0"
"es","C:\Users\Sipka\Desktop\Converter\languages\es\convertir\aac\html-a-aac\index.html","True","41","0"
"es","C:\Users\Sipka\Desktop\Converter\languages\es\convertir\aac\jpeg-a-aac\index.html","True","41","0"
"es","C:\Users\Sipka\Desktop\Converter\languages\es\convertir\aac\jpg-a-aac\index.html","True","41","0"
"es","C:\Users\Sipka\Desktop\Converter\languages\es\convertir\aac\json-a-aac\index.html","True","41","0"
"es","C:\Users\Sipka\Desktop\Converter\languages\es\convertir\aac\jsonl-a-aac\index.html","True","41","0"
"es","C:\Users\Sipka\Desktop\Converter\languages\es\convertir\aac\m4a-a-aac\index.html","True","41","0"
"es","C:\Users\Sipka\Desktop\Converter\languages\es\convertir\aac\m4v-a-aac\index.html","True","41","0"
"es","C:\Users\Sipka\Desktop\Converter\languages\es\convertir\aac\md-a-aac\index.html","True","41","0"
"es","C:\Users\Sipka\Desktop\Converter\languages\es\convertir\aac\mkv-a-aac\index.html","True","41","0"
"es","C:\Users\Sipka\Desktop\Converter\languages\es\convertir\aac\mov-a-aac\index.html","True","41","0"
"es","C:\Users\Sipka\Desktop\Converter\languages\es\convertir\aac\mp3-a-aac\index.html","True","41","0"
"es","C:\Users\Sipka\Desktop\Converter\languages\es\convertir\aac\mp4-a-aac\index.html","True","41","0"
"es","C:\Users\Sipka\Desktop\Converter\languages\es\convertir\aac\ogg-a-aac\index.html","True","41","0"
"es","C:\Users\Sipka\Desktop\Converter\languages\es\convertir\aac\opus-a-aac\index.html","True","41","0"
"es","C:\Users\Sipka\Desktop\Converter\languages\es\convertir\aac\pdf-a-aac\index.html","True","41","0"
"es","C:\Users\Sipka\Desktop\Converter\languages\es\convertir\aac\png-a-aac\index.html","True","41","0"
"es","C:\Users\Sipka\Desktop\Converter\languages\es\convertir\aac\pptx-a-aac\index.html","True","41","0"
"es","C:\Users\Sipka\Desktop\Converter\languages\es\convertir\aac\rar-a-aac\index.html","True","41","0"
"es","C:\Users\Sipka\Desktop\Converter\languages\es\convertir\aac\rtf-a-aac\index.html","True","41","0"
"es","C:\Users\Sipka\Desktop\Converter\languages\es\convertir\aac\svg-a-aac\index.html","True","41","0"
"es","C:\Users\Sipka\Desktop\Converter\languages\es\convertir\aac\tar-a-aac\index.html","True","41","0"
"es","C:\Users\Sipka\Desktop\Converter\languages\es\convertir\aac\tar.bz2-a-aac\index.html","True","41","0"
"es","C:\Users\Sipka\Desktop\Converter\languages\es\convertir\aac\tar.gz-a-aac\index.html","True","41","0"
"es","C:\Users\Sipka\Desktop\Converter\languages\es\convertir\aac\tar.xz-a-aac\index.html","True","41","0"
"es","C:\Users\Sipka\Desktop\Converter\languages\es\convertir\aac\tbz-a-aac\index.html","True","41","0"
"es","C:\Users\Sipka\Desktop\Converter\languages\es\convertir\aac\tgz-a-aac\index.html","True","41","0"
"es","C:\Users\Sipka\Desktop\Converter\languages\es\convertir\aac\tiff-a-aac\index.html","True","41","0"
"es","C:\Users\Sipka\Desktop\Converter\languages\es\convertir\aac\tsv-a-aac\index.html","True","41","0"
"es","C:\Users\Sipka\Desktop\Converter\languages\es\convertir\aac\txt-a-aac\index.html","True","41","0"
"es","C:\Users\Sipka\Desktop\Converter\languages\es\convertir\aac\txz-a-aac\index.html","True","41","0"
"es","C:\Users\Sipka\Desktop\Converter\languages\es\convertir\aac\wav-a-aac\index.html","True","41","0"
"es","C:\Users\Sipka\Desktop\Converter\languages\es\convertir\aac\webm-a-aac\index.html","True","41","0"
"es","C:\Users\Sipka\Desktop\Converter\languages\es\convertir\aac\webp-a-aac\index.html","True","41","0"
"es","C:\Users\Sipka\Desktop\Converter\languages\es\convertir\aac\xlsx-a-aac\index.html","True","41","0"
"es","C:\Users\Sipka\Desktop\Converter\languages\es\convertir\aac\zip-a-aac\index.html","True","41","0"
"es","C:\Users\Sipka\Desktop\Converter\languages\es\convertir\aiff\7z-a-aiff\index.html","True","41","0"
"es","C:\Users\Sipka\Desktop\Converter\languages\es\convertir\aiff\aac-a-aiff\index.html","True","41","0"
"es","C:\Users\Sipka\Desktop\Converter\languages\es\convertir\aiff\bmp-a-aiff\index.html","True","41","0"
"es","C:\Users\Sipka\Desktop\Converter\languages\es\convertir\aiff\csv-a-aiff\index.html","True","41","0"
"es","C:\Users\Sipka\Desktop\Converter\languages\es\convertir\aiff\docx-a-aiff\index.html","True","41","0"
"es","C:\Users\Sipka\Desktop\Converter\languages\es\convertir\aiff\flac-a-aiff\index.html","True","41","0"
"es","C:\Users\Sipka\Desktop\Converter\languages\es\convertir\aiff\gif-a-aiff\index.html","True","41","0"
"es","C:\Users\Sipka\Desktop\Converter\languages\es\convertir\aiff\html-a-aiff\index.html","True","41","0"
"es","C:\Users\Sipka\Desktop\Converter\languages\es\convertir\aiff\jpeg-a-aiff\index.html","True","41","0"
"es","C:\Users\Sipka\Desktop\Converter\languages\es\convertir\aiff\jpg-a-aiff\index.html","True","41","0"
"es","C:\Users\Sipka\Desktop\Converter\languages\es\convertir\aiff\json-a-aiff\index.html","True","41","0"
"es","C:\Users\Sipka\Desktop\Converter\languages\es\convertir\aiff\jsonl-a-aiff\index.html","True","41","0"
"es","C:\Users\Sipka\Desktop\Converter\languages\es\convertir\aiff\m4a-a-aiff\index.html","True","41","0"
"es","C:\Users\Sipka\Desktop\Converter\languages\es\convertir\aiff\m4v-a-aiff\index.html","True","41","0"
"es","C:\Users\Sipka\Desktop\Converter\languages\es\convertir\aiff\md-a-aiff\index.html","True","41","0"
"es","C:\Users\Sipka\Desktop\Converter\languages\es\convertir\aiff\mkv-a-aiff\index.html","True","41","0"
"es","C:\Users\Sipka\Desktop\Converter\languages\es\convertir\aiff\mov-a-aiff\index.html","True","41","0"
"es","C:\Users\Sipka\Desktop\Converter\languages\es\convertir\aiff\mp3-a-aiff\index.html","True","41","0"
"es","C:\Users\Sipka\Desktop\Converter\languages\es\convertir\aiff\mp4-a-aiff\index.html","True","41","0"
"es","C:\Users\Sipka\Desktop\Converter\languages\es\convertir\aiff\ogg-a-aiff\index.html","True","41","0"
"es","C:\Users\Sipka\Desktop\Converter\languages\es\convertir\aiff\opus-a-aiff\index.html","True","41","0"
"es","C:\Users\Sipka\Desktop\Converter\languages\es\convertir\aiff\pdf-a-aiff\index.html","True","41","0"
"es","C:\Users\Sipka\Desktop\Converter\languages\es\convertir\aiff\png-a-aiff\index.html","True","41","0"
"es","C:\Users\Sipka\Desktop\Converter\languages\es\convertir\aiff\pptx-a-aiff\index.html","True","41","0"
"es","C:\Users\Sipka\Desktop\Converter\languages\es\convertir\aiff\rar-a-aiff\index.html","True","41","0"
"es","C:\Users\Sipka\Desktop\Converter\languages\es\convertir\aiff\rtf-a-aiff\index.html","True","41","0"
"es","C:\Users\Sipka\Desktop\Converter\languages\es\convertir\aiff\svg-a-aiff\index.html","True","41","0"
"es","C:\Users\Sipka\Desktop\Converter\languages\es\convertir\aiff\tar-a-aiff\index.html","True","41","0"
"es","C:\Users\Sipka\Desktop\Converter\languages\es\convertir\aiff\tar.bz2-a-aiff\index.html","True","41","0"
"es","C:\Users\Sipka\Desktop\Converter\languages\es\convertir\aiff\tar.gz-a-aiff\index.html","True","41","0"
"es","C:\Users\Sipka\Desktop\Converter\languages\es\convertir\aiff\tar.xz-a-aiff\index.html","True","41","0"
"es","C:\Users\Sipka\Desktop\Converter\languages\es\convertir\aiff\tbz-a-aiff\index.html","True","41","0"
"es","C:\Users\Sipka\Desktop\Converter\languages\es\convertir\aiff\tgz-a-aiff\index.html","True","41","0"
"es","C:\Users\Sipka\Desktop\Converter\languages\es\convertir\aiff\tiff-a-aiff\index.html","True","41","0"
"es","C:\Users\Sipka\Desktop\Converter\languages\es\convertir\aiff\tsv-a-aiff\index.html","True","41","0"
"es","C:\Users\Sipka\Desktop\Converter\languages\es\convertir\aiff\txt-a-aiff\index.html","True","41","0"
"es","C:\Users\Sipka\Desktop\Converter\languages\es\convertir\aiff\txz-a-aiff\index.html","True","41","0"
"es","C:\Users\Sipka\Desktop\Converter\languages\es\convertir\aiff\wav-a-aiff\index.html","True","41","0"
"es","C:\Users\Sipka\Desktop\Converter\languages\es\convertir\aiff\webm-a-aiff\index.html","True","41","0"
"es","C:\Users\Sipka\Desktop\Converter\languages\es\convertir\aiff\webp-a-aiff\index.html","True","41","0"
"es","C:\Users\Sipka\Desktop\Converter\languages\es\convertir\aiff\xlsx-a-aiff\index.html","True","41","0"
"es","C:\Users\Sipka\Desktop\Converter\languages\es\convertir\aiff\zip-a-aiff\index.html","True","41","0"
"es","C:\Users\Sipka\Desktop\Converter\languages\es\convertir\bmp\7z-a-bmp\index.html","True","41","0"
"es","C:\Users\Sipka\Desktop\Converter\languages\es\convertir\bmp\aac-a-bmp\index.html","True","41","0"
"es","C:\Users\Sipka\Desktop\Converter\languages\es\convertir\bmp\aiff-a-bmp\index.html","True","41","0"
"es","C:\Users\Sipka\Desktop\Converter\languages\es\convertir\bmp\csv-a-bmp\index.html","True","41","0"
"es","C:\Users\Sipka\Desktop\Converter\languages\es\convertir\bmp\docx-a-bmp\index.html","True","41","0"
"es","C:\Users\Sipka\Desktop\Converter\languages\es\convertir\bmp\flac-a-bmp\index.html","True","41","0"
"es","C:\Users\Sipka\Desktop\Converter\languages\es\convertir\bmp\gif-a-bmp\index.html","True","41","0"
"es","C:\Users\Sipka\Desktop\Converter\languages\es\convertir\bmp\html-a-bmp\index.html","True","41","0"
"es","C:\Users\Sipka\Desktop\Converter\languages\es\convertir\bmp\jpeg-a-bmp\index.html","True","41","0"
"es","C:\Users\Sipka\Desktop\Converter\languages\es\convertir\bmp\jpg-a-bmp\index.html","True","41","0"
"es","C:\Users\Sipka\Desktop\Converter\languages\es\convertir\bmp\json-a-bmp\index.html","True","41","0"
"es","C:\Users\Sipka\Desktop\Converter\languages\es\convertir\bmp\jsonl-a-bmp\index.html","True","41","0"
"es","C:\Users\Sipka\Desktop\Converter\languages\es\convertir\bmp\m4a-a-bmp\index.html","True","41","0"
"es","C:\Users\Sipka\Desktop\Converter\languages\es\convertir\bmp\m4v-a-bmp\index.html","True","41","0"
"es","C:\Users\Sipka\Desktop\Converter\languages\es\convertir\bmp\md-a-bmp\index.html","True","41","0"
"es","C:\Users\Sipka\Desktop\Converter\languages\es\convertir\bmp\mkv-a-bmp\index.html","True","41","0"
"es","C:\Users\Sipka\Desktop\Converter\languages\es\convertir\bmp\mov-a-bmp\index.html","True","41","0"
"es","C:\Users\Sipka\Desktop\Converter\languages\es\convertir\bmp\mp3-a-bmp\index.html","True","41","0"
"es","C:\Users\Sipka\Desktop\Converter\languages\es\convertir\bmp\mp4-a-bmp\index.html","True","41","0"
"es","C:\Users\Sipka\Desktop\Converter\languages\es\convertir\bmp\ogg-a-bmp\index.html","True","41","0"
"es","C:\Users\Sipka\Desktop\Converter\languages\es\convertir\bmp\opus-a-bmp\index.html","True","41","0"
"es","C:\Users\Sipka\Desktop\Converter\languages\es\convertir\bmp\pdf-a-bmp\index.html","True","41","0"
"es","C:\Users\Sipka\Desktop\Converter\languages\es\convertir\bmp\png-a-bmp\index.html","True","41","0"
"es","C:\Users\Sipka\Desktop\Converter\languages\es\convertir\bmp\pptx-a-bmp\index.html","True","41","0"
"es","C:\Users\Sipka\Desktop\Converter\languages\es\convertir\bmp\rar-a-bmp\index.html","True","41","0"
"es","C:\Users\Sipka\Desktop\Converter\languages\es\convertir\bmp\rtf-a-bmp\index.html","True","41","0"
"es","C:\Users\Sipka\Desktop\Converter\languages\es\convertir\bmp\svg-a-bmp\index.html","True","41","0"
"es","C:\Users\Sipka\Desktop\Converter\languages\es\convertir\bmp\tar-a-bmp\index.html","True","41","0"
"es","C:\Users\Sipka\Desktop\Converter\languages\es\convertir\bmp\tar.bz2-a-bmp\index.html","True","41","0"
"es","C:\Users\Sipka\Desktop\Converter\languages\es\convertir\bmp\tar.gz-a-bmp\index.html","True","41","0"
"es","C:\Users\Sipka\Desktop\Converter\languages\es\convertir\bmp\tar.xz-a-bmp\index.html","True","41","0"
"es","C:\Users\Sipka\Desktop\Converter\languages\es\convertir\bmp\tbz-a-bmp\index.html","True","41","0"
"es","C:\Users\Sipka\Desktop\Converter\languages\es\convertir\bmp\tgz-a-bmp\index.html","True","41","0"
"es","C:\Users\Sipka\Desktop\Converter\languages\es\convertir\bmp\tiff-a-bmp\index.html","True","41","0"
"es","C:\Users\Sipka\Desktop\Converter\languages\es\convertir\bmp\tsv-a-bmp\index.html","True","41","0"
"es","C:\Users\Sipka\Desktop\Converter\languages\es\convertir\bmp\txt-a-bmp\index.html","True","41","0"
"es","C:\Users\Sipka\Desktop\Converter\languages\es\convertir\bmp\txz-a-bmp\index.html","True","41","0"
"es","C:\Users\Sipka\Desktop\Converter\languages\es\convertir\bmp\wav-a-bmp\index.html","True","41","0"
"es","C:\Users\Sipka\Desktop\Converter\languages\es\convertir\bmp\webm-a-bmp\index.html","True","41","0"
"es","C:\Users\Sipka\Desktop\Converter\languages\es\convertir\bmp\webp-a-bmp\index.html","True","41","0"
"es","C:\Users\Sipka\Desktop\Converter\languages\es\convertir\bmp\xlsx-a-bmp\index.html","True","41","0"
"es","C:\Users\Sipka\Desktop\Converter\languages\es\convertir\bmp\zip-a-bmp\index.html","True","41","0"
"es","C:\Users\Sipka\Desktop\Converter\languages\es\convertir\csv\7z-a-csv\index.html","True","41","0"
"es","C:\Users\Sipka\Desktop\Converter\languages\es\convertir\csv\aac-a-csv\index.html","True","41","0"
"es","C:\Users\Sipka\Desktop\Converter\languages\es\convertir\csv\aiff-a-csv\index.html","True","41","0"
"es","C:\Users\Sipka\Desktop\Converter\languages\es\convertir\csv\bmp-a-csv\index.html","True","41","0"
"es","C:\Users\Sipka\Desktop\Converter\languages\es\convertir\csv\docx-a-csv\index.html","True","41","0"
"es","C:\Users\Sipka\Desktop\Converter\languages\es\convertir\csv\flac-a-csv\index.html","True","41","0"
"es","C:\Users\Sipka\Desktop\Converter\languages\es\convertir\csv\gif-a-csv\index.html","True","41","0"
"es","C:\Users\Sipka\Desktop\Converter\languages\es\convertir\csv\html-a-csv\index.html","True","41","0"
"es","C:\Users\Sipka\Desktop\Converter\languages\es\convertir\csv\jpeg-a-csv\index.html","True","41","0"
"es","C:\Users\Sipka\Desktop\Converter\languages\es\convertir\csv\jpg-a-csv\index.html","True","41","0"
"es","C:\Users\Sipka\Desktop\Converter\languages\es\convertir\csv\json-a-csv\index.html","True","41","0"
"es","C:\Users\Sipka\Desktop\Converter\languages\es\convertir\csv\jsonl-a-csv\index.html","True","41","0"
"es","C:\Users\Sipka\Desktop\Converter\languages\es\convertir\csv\m4a-a-csv\index.html","True","41","0"
"es","C:\Users\Sipka\Desktop\Converter\languages\es\convertir\csv\m4v-a-csv\index.html","True","41","0"
"es","C:\Users\Sipka\Desktop\Converter\languages\es\convertir\csv\md-a-csv\index.html","True","41","0"
"es","C:\Users\Sipka\Desktop\Converter\languages\es\convertir\csv\mkv-a-csv\index.html","True","41","0"
"es","C:\Users\Sipka\Desktop\Converter\languages\es\convertir\csv\mov-a-csv\index.html","True","41","0"
"es","C:\Users\Sipka\Desktop\Converter\languages\es\convertir\csv\mp3-a-csv\index.html","True","41","0"
"es","C:\Users\Sipka\Desktop\Converter\languages\es\convertir\csv\mp4-a-csv\index.html","True","41","0"
"es","C:\Users\Sipka\Desktop\Converter\languages\es\convertir\csv\ogg-a-csv\index.html","True","41","0"
"es","C:\Users\Sipka\Desktop\Converter\languages\es\convertir\csv\opus-a-csv\index.html","True","41","0"
"es","C:\Users\Sipka\Desktop\Converter\languages\es\convertir\csv\pdf-a-csv\index.html","True","41","0"
"es","C:\Users\Sipka\Desktop\Converter\languages\es\convertir\csv\png-a-csv\index.html","True","41","0"
"es","C:\Users\Sipka\Desktop\Converter\languages\es\convertir\csv\pptx-a-csv\index.html","True","41","0"
"es","C:\Users\Sipka\Desktop\Converter\languages\es\convertir\csv\rar-a-csv\index.html","True","41","0"
"es","C:\Users\Sipka\Desktop\Converter\languages\es\convertir\csv\rtf-a-csv\index.html","True","41","0"
"es","C:\Users\Sipka\Desktop\Converter\languages\es\convertir\csv\svg-a-csv\index.html","True","41","0"
"es","C:\Users\Sipka\Desktop\Converter\languages\es\convertir\csv\tar-a-csv\index.html","True","41","0"
"es","C:\Users\Sipka\Desktop\Converter\languages\es\convertir\csv\tar.bz2-a-csv\index.html","True","41","0"
"es","C:\Users\Sipka\Desktop\Converter\languages\es\convertir\csv\tar.gz-a-csv\index.html","True","41","0"
"es","C:\Users\Sipka\Desktop\Converter\languages\es\convertir\csv\tar.xz-a-csv\index.html","True","41","0"
"es","C:\Users\Sipka\Desktop\Converter\languages\es\convertir\csv\tbz-a-csv\index.html","True","41","0"
"es","C:\Users\Sipka\Desktop\Converter\languages\es\convertir\csv\tgz-a-csv\index.html","True","41","0"
"es","C:\Users\Sipka\Desktop\Converter\languages\es\convertir\csv\tiff-a-csv\index.html","True","41","0"
"es","C:\Users\Sipka\Desktop\Converter\languages\es\convertir\csv\tsv-a-csv\index.html","True","41","0"
"es","C:\Users\Sipka\Desktop\Converter\languages\es\convertir\csv\txt-a-csv\index.html","True","41","0"
"es","C:\Users\Sipka\Desktop\Converter\languages\es\convertir\csv\txz-a-csv\index.html","True","41","0"
"es","C:\Users\Sipka\Desktop\Converter\languages\es\convertir\csv\wav-a-csv\index.html","True","41","0"
"es","C:\Users\Sipka\Desktop\Converter\languages\es\convertir\csv\webm-a-csv\index.html","True","41","0"
"es","C:\Users\Sipka\Desktop\Converter\languages\es\convertir\csv\webp-a-csv\index.html","True","41","0"
"es","C:\Users\Sipka\Desktop\Converter\languages\es\convertir\csv\xlsx-a-csv\index.html","True","41","0"
"es","C:\Users\Sipka\Desktop\Converter\languages\es\convertir\csv\zip-a-csv\index.html","True","41","0"
"es","C:\Users\Sipka\Desktop\Converter\languages\es\convertir\docx\7z-a-docx\index.html","True","41","0"
"es","C:\Users\Sipka\Desktop\Converter\languages\es\convertir\docx\aac-a-docx\index.html","True","41","0"
"es","C:\Users\Sipka\Desktop\Converter\languages\es\convertir\docx\aiff-a-docx\index.html","True","41","0"
"es","C:\Users\Sipka\Desktop\Converter\languages\es\convertir\docx\bmp-a-docx\index.html","True","41","0"
"es","C:\Users\Sipka\Desktop\Converter\languages\es\convertir\docx\csv-a-docx\index.html","True","41","0"
"es","C:\Users\Sipka\Desktop\Converter\languages\es\convertir\docx\flac-a-docx\index.html","True","41","0"
"es","C:\Users\Sipka\Desktop\Converter\languages\es\convertir\docx\gif-a-docx\index.html","True","41","0"
"es","C:\Users\Sipka\Desktop\Converter\languages\es\convertir\docx\html-a-docx\index.html","True","41","0"
"es","C:\Users\Sipka\Desktop\Converter\languages\es\convertir\docx\jpeg-a-docx\index.html","True","41","0"
"es","C:\Users\Sipka\Desktop\Converter\languages\es\convertir\docx\jpg-a-docx\index.html","True","41","0"
"es","C:\Users\Sipka\Desktop\Converter\languages\es\convertir\docx\json-a-docx\index.html","True","41","0"
"es","C:\Users\Sipka\Desktop\Converter\languages\es\convertir\docx\jsonl-a-docx\index.html","True","41","0"
"es","C:\Users\Sipka\Desktop\Converter\languages\es\convertir\docx\m4a-a-docx\index.html","True","41","0"
"es","C:\Users\Sipka\Desktop\Converter\languages\es\convertir\docx\m4v-a-docx\index.html","True","41","0"
"es","C:\Users\Sipka\Desktop\Converter\languages\es\convertir\docx\md-a-docx\index.html","True","41","0"
"es","C:\Users\Sipka\Desktop\Converter\languages\es\convertir\docx\mkv-a-docx\index.html","True","41","0"
"es","C:\Users\Sipka\Desktop\Converter\languages\es\convertir\docx\mov-a-docx\index.html","True","41","0"
"es","C:\Users\Sipka\Desktop\Converter\languages\es\convertir\docx\mp3-a-docx\index.html","True","41","0"
"es","C:\Users\Sipka\Desktop\Converter\languages\es\convertir\docx\mp4-a-docx\index.html","True","41","0"
"es","C:\Users\Sipka\Desktop\Converter\languages\es\convertir\docx\ogg-a-docx\index.html","True","41","0"
"es","C:\Users\Sipka\Desktop\Converter\languages\es\convertir\docx\opus-a-docx\index.html","True","41","0"
"es","C:\Users\Sipka\Desktop\Converter\languages\es\convertir\docx\pdf-a-docx\index.html","True","41","0"
"es","C:\Users\Sipka\Desktop\Converter\languages\es\convertir\docx\png-a-docx\index.html","True","41","0"
"es","C:\Users\Sipka\Desktop\Converter\languages\es\convertir\docx\pptx-a-docx\index.html","True","41","0"
"es","C:\Users\Sipka\Desktop\Converter\languages\es\convertir\docx\rar-a-docx\index.html","True","41","0"
"es","C:\Users\Sipka\Desktop\Converter\languages\es\convertir\docx\rtf-a-docx\index.html","True","41","0"
"es","C:\Users\Sipka\Desktop\Converter\languages\es\convertir\docx\svg-a-docx\index.html","True","41","0"
"es","C:\Users\Sipka\Desktop\Converter\languages\es\convertir\docx\tar-a-docx\index.html","True","41","0"
"es","C:\Users\Sipka\Desktop\Converter\languages\es\convertir\docx\tar.bz2-a-docx\index.html","True","41","0"
"es","C:\Users\Sipka\Desktop\Converter\languages\es\convertir\docx\tar.gz-a-docx\index.html","True","41","0"
"es","C:\Users\Sipka\Desktop\Converter\languages\es\convertir\docx\tar.xz-a-docx\index.html","True","41","0"
"es","C:\Users\Sipka\Desktop\Converter\languages\es\convertir\docx\tbz-a-docx\index.html","True","41","0"
"es","C:\Users\Sipka\Desktop\Converter\languages\es\convertir\docx\tgz-a-docx\index.html","True","41","0"
"es","C:\Users\Sipka\Desktop\Converter\languages\es\convertir\docx\tiff-a-docx\index.html","True","41","0"
"es","C:\Users\Sipka\Desktop\Converter\languages\es\convertir\docx\tsv-a-docx\index.html","True","41","0"
"es","C:\Users\Sipka\Desktop\Converter\languages\es\convertir\docx\txt-a-docx\index.html","True","41","0"
"es","C:\Users\Sipka\Desktop\Converter\languages\es\convertir\docx\txz-a-docx\index.html","True","41","0"
"es","C:\Users\Sipka\Desktop\Converter\languages\es\convertir\docx\wav-a-docx\index.html","True","41","0"
"es","C:\Users\Sipka\Desktop\Converter\languages\es\convertir\docx\webm-a-docx\index.html","True","41","0"
"es","C:\Users\Sipka\Desktop\Converter\languages\es\convertir\docx\webp-a-docx\index.html","True","41","0"
"es","C:\Users\Sipka\Desktop\Converter\languages\es\convertir\docx\xlsx-a-docx\index.html","True","41","0"
"es","C:\Users\Sipka\Desktop\Converter\languages\es\convertir\docx\zip-a-docx\index.html","True","41","0"
"es","C:\Users\Sipka\Desktop\Converter\languages\es\convertir\flac\7z-a-flac\index.html","True","41","0"
"es","C:\Users\Sipka\Desktop\Converter\languages\es\convertir\flac\aac-a-flac\index.html","True","41","0"
"es","C:\Users\Sipka\Desktop\Converter\languages\es\convertir\flac\aiff-a-flac\index.html","True","41","0"
"es","C:\Users\Sipka\Desktop\Converter\languages\es\convertir\flac\bmp-a-flac\index.html","True","41","0"
"es","C:\Users\Sipka\Desktop\Converter\languages\es\convertir\flac\csv-a-flac\index.html","True","41","0"
"es","C:\Users\Sipka\Desktop\Converter\languages\es\convertir\flac\docx-a-flac\index.html","True","41","0"
"es","C:\Users\Sipka\Desktop\Converter\languages\es\convertir\flac\gif-a-flac\index.html","True","41","0"
"es","C:\Users\Sipka\Desktop\Converter\languages\es\convertir\flac\html-a-flac\index.html","True","41","0"
"es","C:\Users\Sipka\Desktop\Converter\languages\es\convertir\flac\jpeg-a-flac\index.html","True","41","0"
"es","C:\Users\Sipka\Desktop\Converter\languages\es\convertir\flac\jpg-a-flac\index.html","True","41","0"
"es","C:\Users\Sipka\Desktop\Converter\languages\es\convertir\flac\json-a-flac\index.html","True","41","0"
"es","C:\Users\Sipka\Desktop\Converter\languages\es\convertir\flac\jsonl-a-flac\index.html","True","41","0"
"es","C:\Users\Sipka\Desktop\Converter\languages\es\convertir\flac\m4a-a-flac\index.html","True","41","0"
"es","C:\Users\Sipka\Desktop\Converter\languages\es\convertir\flac\m4v-a-flac\index.html","True","41","0"
"es","C:\Users\Sipka\Desktop\Converter\languages\es\convertir\flac\md-a-flac\index.html","True","41","0"
"es","C:\Users\Sipka\Desktop\Converter\languages\es\convertir\flac\mkv-a-flac\index.html","True","41","0"
"es","C:\Users\Sipka\Desktop\Converter\languages\es\convertir\flac\mov-a-flac\index.html","True","41","0"
"es","C:\Users\Sipka\Desktop\Converter\languages\es\convertir\flac\mp3-a-flac\index.html","True","41","0"
"es","C:\Users\Sipka\Desktop\Converter\languages\es\convertir\flac\mp4-a-flac\index.html","True","41","0"
"es","C:\Users\Sipka\Desktop\Converter\languages\es\convertir\flac\ogg-a-flac\index.html","True","41","0"
"es","C:\Users\Sipka\Desktop\Converter\languages\es\convertir\flac\opus-a-flac\index.html","True","41","0"
"es","C:\Users\Sipka\Desktop\Converter\languages\es\convertir\flac\pdf-a-flac\index.html","True","41","0"
"es","C:\Users\Sipka\Desktop\Converter\languages\es\convertir\flac\png-a-flac\index.html","True","41","0"
"es","C:\Users\Sipka\Desktop\Converter\languages\es\convertir\flac\pptx-a-flac\index.html","True","41","0"
"es","C:\Users\Sipka\Desktop\Converter\languages\es\convertir\flac\rar-a-flac\index.html","True","41","0"
"es","C:\Users\Sipka\Desktop\Converter\languages\es\convertir\flac\rtf-a-flac\index.html","True","41","0"
"es","C:\Users\Sipka\Desktop\Converter\languages\es\convertir\flac\svg-a-flac\index.html","True","41","0"
"es","C:\Users\Sipka\Desktop\Converter\languages\es\convertir\flac\tar-a-flac\index.html","True","41","0"
"es","C:\Users\Sipka\Desktop\Converter\languages\es\convertir\flac\tar.bz2-a-flac\index.html","True","41","0"
"es","C:\Users\Sipka\Desktop\Converter\languages\es\convertir\flac\tar.gz-a-flac\index.html","True","41","0"
"es","C:\Users\Sipka\Desktop\Converter\languages\es\convertir\flac\tar.xz-a-flac\index.html","True","41","0"
"es","C:\Users\Sipka\Desktop\Converter\languages\es\convertir\flac\tbz-a-flac\index.html","True","41","0"
"es","C:\Users\Sipka\Desktop\Converter\languages\es\convertir\flac\tgz-a-flac\index.html","True","41","0"
"es","C:\Users\Sipka\Desktop\Converter\languages\es\convertir\flac\tiff-a-flac\index.html","True","41","0"
"es","C:\Users\Sipka\Desktop\Converter\languages\es\convertir\flac\tsv-a-flac\index.html","True","41","0"
"es","C:\Users\Sipka\Desktop\Converter\languages\es\convertir\flac\txt-a-flac\index.html","True","41","0"
"es","C:\Users\Sipka\Desktop\Converter\languages\es\convertir\flac\txz-a-flac\index.html","True","41","0"
"es","C:\Users\Sipka\Desktop\Converter\languages\es\convertir\flac\wav-a-flac\index.html","True","41","0"
"es","C:\Users\Sipka\Desktop\Converter\languages\es\convertir\flac\webm-a-flac\index.html","True","41","0"
"es","C:\Users\Sipka\Desktop\Converter\languages\es\convertir\flac\webp-a-flac\index.html","True","41","0"
"es","C:\Users\Sipka\Desktop\Converter\languages\es\convertir\flac\xlsx-a-flac\index.html","True","41","0"
"es","C:\Users\Sipka\Desktop\Converter\languages\es\convertir\flac\zip-a-flac\index.html","True","41","0"
"es","C:\Users\Sipka\Desktop\Converter\languages\es\convertir\gif\7z-a-gif\index.html","True","41","0"
"es","C:\Users\Sipka\Desktop\Converter\languages\es\convertir\gif\aac-a-gif\index.html","True","41","0"
"es","C:\Users\Sipka\Desktop\Converter\languages\es\convertir\gif\aiff-a-gif\index.html","True","41","0"
"es","C:\Users\Sipka\Desktop\Converter\languages\es\convertir\gif\bmp-a-gif\index.html","True","41","0"
"es","C:\Users\Sipka\Desktop\Converter\languages\es\convertir\gif\csv-a-gif\index.html","True","41","0"
"es","C:\Users\Sipka\Desktop\Converter\languages\es\convertir\gif\docx-a-gif\index.html","True","41","0"
"es","C:\Users\Sipka\Desktop\Converter\languages\es\convertir\gif\flac-a-gif\index.html","True","41","0"
"es","C:\Users\Sipka\Desktop\Converter\languages\es\convertir\gif\html-a-gif\index.html","True","41","0"
"es","C:\Users\Sipka\Desktop\Converter\languages\es\convertir\gif\jpeg-a-gif\index.html","True","41","0"
"es","C:\Users\Sipka\Desktop\Converter\languages\es\convertir\gif\jpg-a-gif\index.html","True","41","0"
"es","C:\Users\Sipka\Desktop\Converter\languages\es\convertir\gif\json-a-gif\index.html","True","41","0"
"es","C:\Users\Sipka\Desktop\Converter\languages\es\convertir\gif\jsonl-a-gif\index.html","True","41","0"
"es","C:\Users\Sipka\Desktop\Converter\languages\es\convertir\gif\m4a-a-gif\index.html","True","41","0"
"es","C:\Users\Sipka\Desktop\Converter\languages\es\convertir\gif\m4v-a-gif\index.html","True","41","0"
"es","C:\Users\Sipka\Desktop\Converter\languages\es\convertir\gif\md-a-gif\index.html","True","41","0"
"es","C:\Users\Sipka\Desktop\Converter\languages\es\convertir\gif\mkv-a-gif\index.html","True","41","0"
"es","C:\Users\Sipka\Desktop\Converter\languages\es\convertir\gif\mov-a-gif\index.html","True","41","0"
"es","C:\Users\Sipka\Desktop\Converter\languages\es\convertir\gif\mp3-a-gif\index.html","True","41","0"
"es","C:\Users\Sipka\Desktop\Converter\languages\es\convertir\gif\mp4-a-gif\index.html","True","41","0"
"es","C:\Users\Sipka\Desktop\Converter\languages\es\convertir\gif\ogg-a-gif\index.html","True","41","0"
"es","C:\Users\Sipka\Desktop\Converter\languages\es\convertir\gif\opus-a-gif\index.html","True","41","0"
"es","C:\Users\Sipka\Desktop\Converter\languages\es\convertir\gif\pdf-a-gif\index.html","True","41","0"
"es","C:\Users\Sipka\Desktop\Converter\languages\es\convertir\gif\png-a-gif\index.html","True","41","0"
"es","C:\Users\Sipka\Desktop\Converter\languages\es\convertir\gif\pptx-a-gif\index.html","True","41","0"
"es","C:\Users\Sipka\Desktop\Converter\languages\es\convertir\gif\rar-a-gif\index.html","True","41","0"
"es","C:\Users\Sipka\Desktop\Converter\languages\es\convertir\gif\rtf-a-gif\index.html","True","41","0"
"es","C:\Users\Sipka\Desktop\Converter\languages\es\convertir\gif\svg-a-gif\index.html","True","41","0"
"es","C:\Users\Sipka\Desktop\Converter\languages\es\convertir\gif\tar-a-gif\index.html","True","41","0"
"es","C:\Users\Sipka\Desktop\Converter\languages\es\convertir\gif\tar.bz2-a-gif\index.html","True","41","0"
"es","C:\Users\Sipka\Desktop\Converter\languages\es\convertir\gif\tar.gz-a-gif\index.html","True","41","0"
"es","C:\Users\Sipka\Desktop\Converter\languages\es\convertir\gif\tar.xz-a-gif\index.html","True","41","0"
"es","C:\Users\Sipka\Desktop\Converter\languages\es\convertir\gif\tbz-a-gif\index.html","True","41","0"
"es","C:\Users\Sipka\Desktop\Converter\languages\es\convertir\gif\tgz-a-gif\index.html","True","41","0"
"es","C:\Users\Sipka\Desktop\Converter\languages\es\convertir\gif\tiff-a-gif\index.html","True","41","0"
"es","C:\Users\Sipka\Desktop\Converter\languages\es\convertir\gif\tsv-a-gif\index.html","True","41","0"
"es","C:\Users\Sipka\Desktop\Converter\languages\es\convertir\gif\txt-a-gif\index.html","True","41","0"
"es","C:\Users\Sipka\Desktop\Converter\languages\es\convertir\gif\txz-a-gif\index.html","True","41","0"
"es","C:\Users\Sipka\Desktop\Converter\languages\es\convertir\gif\wav-a-gif\index.html","True","41","0"
"es","C:\Users\Sipka\Desktop\Converter\languages\es\convertir\gif\webm-a-gif\index.html","True","41","0"
"es","C:\Users\Sipka\Desktop\Converter\languages\es\convertir\gif\webp-a-gif\index.html","True","41","0"
"es","C:\Users\Sipka\Desktop\Converter\languages\es\convertir\gif\xlsx-a-gif\index.html","True","41","0"
"es","C:\Users\Sipka\Desktop\Converter\languages\es\convertir\gif\zip-a-gif\index.html","True","41","0"
"es","C:\Users\Sipka\Desktop\Converter\languages\es\convertir\html\7z-a-html\index.html","True","41","0"
"es","C:\Users\Sipka\Desktop\Converter\languages\es\convertir\html\aac-a-html\index.html","True","41","0"
"es","C:\Users\Sipka\Desktop\Converter\languages\es\convertir\html\aiff-a-html\index.html","True","41","0"
"es","C:\Users\Sipka\Desktop\Converter\languages\es\convertir\html\bmp-a-html\index.html","True","41","0"
"es","C:\Users\Sipka\Desktop\Converter\languages\es\convertir\html\csv-a-html\index.html","True","41","0"
"es","C:\Users\Sipka\Desktop\Converter\languages\es\convertir\html\docx-a-html\index.html","True","41","0"
"es","C:\Users\Sipka\Desktop\Converter\languages\es\convertir\html\flac-a-html\index.html","True","41","0"
"es","C:\Users\Sipka\Desktop\Converter\languages\es\convertir\html\gif-a-html\index.html","True","41","0"
"es","C:\Users\Sipka\Desktop\Converter\languages\es\convertir\html\jpeg-a-html\index.html","True","41","0"
"es","C:\Users\Sipka\Desktop\Converter\languages\es\convertir\html\jpg-a-html\index.html","True","41","0"
"es","C:\Users\Sipka\Desktop\Converter\languages\es\convertir\html\json-a-html\index.html","True","41","0"
"es","C:\Users\Sipka\Desktop\Converter\languages\es\convertir\html\jsonl-a-html\index.html","True","41","0"
"es","C:\Users\Sipka\Desktop\Converter\languages\es\convertir\html\m4a-a-html\index.html","True","41","0"
"es","C:\Users\Sipka\Desktop\Converter\languages\es\convertir\html\m4v-a-html\index.html","True","41","0"
"es","C:\Users\Sipka\Desktop\Converter\languages\es\convertir\html\md-a-html\index.html","True","41","0"
"es","C:\Users\Sipka\Desktop\Converter\languages\es\convertir\html\mkv-a-html\index.html","True","41","0"
"es","C:\Users\Sipka\Desktop\Converter\languages\es\convertir\html\mov-a-html\index.html","True","41","0"
"es","C:\Users\Sipka\Desktop\Converter\languages\es\convertir\html\mp3-a-html\index.html","True","41","0"
"es","C:\Users\Sipka\Desktop\Converter\languages\es\convertir\html\mp4-a-html\index.html","True","41","0"
"es","C:\Users\Sipka\Desktop\Converter\languages\es\convertir\html\ogg-a-html\index.html","True","41","0"
"es","C:\Users\Sipka\Desktop\Converter\languages\es\convertir\html\opus-a-html\index.html","True","41","0"
"es","C:\Users\Sipka\Desktop\Converter\languages\es\convertir\html\pdf-a-html\index.html","True","41","0"
"es","C:\Users\Sipka\Desktop\Converter\languages\es\convertir\html\png-a-html\index.html","True","41","0"
"es","C:\Users\Sipka\Desktop\Converter\languages\es\convertir\html\pptx-a-html\index.html","True","41","0"
"es","C:\Users\Sipka\Desktop\Converter\languages\es\convertir\html\rar-a-html\index.html","True","41","0"
"es","C:\Users\Sipka\Desktop\Converter\languages\es\convertir\html\rtf-a-html\index.html","True","41","0"
"es","C:\Users\Sipka\Desktop\Converter\languages\es\convertir\html\svg-a-html\index.html","True","41","0"
"es","C:\Users\Sipka\Desktop\Converter\languages\es\convertir\html\tar-a-html\index.html","True","41","0"
"es","C:\Users\Sipka\Desktop\Converter\languages\es\convertir\html\tar.bz2-a-html\index.html","True","41","0"
"es","C:\Users\Sipka\Desktop\Converter\languages\es\convertir\html\tar.gz-a-html\index.html","True","41","0"
"es","C:\Users\Sipka\Desktop\Converter\languages\es\convertir\html\tar.xz-a-html\index.html","True","41","0"
"es","C:\Users\Sipka\Desktop\Converter\languages\es\convertir\html\tbz-a-html\index.html","True","41","0"
"es","C:\Users\Sipka\Desktop\Converter\languages\es\convertir\html\tgz-a-html\index.html","True","41","0"
"es","C:\Users\Sipka\Desktop\Converter\languages\es\convertir\html\tiff-a-html\index.html","True","41","0"
"es","C:\Users\Sipka\Desktop\Converter\languages\es\convertir\html\tsv-a-html\index.html","True","41","0"
"es","C:\Users\Sipka\Desktop\Converter\languages\es\convertir\html\txt-a-html\index.html","True","41","0"
"es","C:\Users\Sipka\Desktop\Converter\languages\es\convertir\html\txz-a-html\index.html","True","41","0"
"es","C:\Users\Sipka\Desktop\Converter\languages\es\convertir\html\wav-a-html\index.html","True","41","0"
"es","C:\Users\Sipka\Desktop\Converter\languages\es\convertir\html\webm-a-html\index.html","True","41","0"
"es","C:\Users\Sipka\Desktop\Converter\languages\es\convertir\html\webp-a-html\index.html","True","41","0"
"es","C:\Users\Sipka\Desktop\Converter\languages\es\convertir\html\xlsx-a-html\index.html","True","41","0"
"es","C:\Users\Sipka\Desktop\Converter\languages\es\convertir\html\zip-a-html\index.html","True","41","0"
"es","C:\Users\Sipka\Desktop\Converter\languages\es\convertir\jpeg\7z-a-jpeg\index.html","True","41","0"
"es","C:\Users\Sipka\Desktop\Converter\languages\es\convertir\jpeg\aac-a-jpeg\index.html","True","41","0"
"es","C:\Users\Sipka\Desktop\Converter\languages\es\convertir\jpeg\aiff-a-jpeg\index.html","True","41","0"
"es","C:\Users\Sipka\Desktop\Converter\languages\es\convertir\jpeg\bmp-a-jpeg\index.html","True","41","0"
"es","C:\Users\Sipka\Desktop\Converter\languages\es\convertir\jpeg\csv-a-jpeg\index.html","True","41","0"
"es","C:\Users\Sipka\Desktop\Converter\languages\es\convertir\jpeg\docx-a-jpeg\index.html","True","41","0"
"es","C:\Users\Sipka\Desktop\Converter\languages\es\convertir\jpeg\flac-a-jpeg\index.html","True","41","0"
"es","C:\Users\Sipka\Desktop\Converter\languages\es\convertir\jpeg\gif-a-jpeg\index.html","True","41","0"
"es","C:\Users\Sipka\Desktop\Converter\languages\es\convertir\jpeg\html-a-jpeg\index.html","True","41","0"
"es","C:\Users\Sipka\Desktop\Converter\languages\es\convertir\jpeg\jpg-a-jpeg\index.html","True","41","0"
"es","C:\Users\Sipka\Desktop\Converter\languages\es\convertir\jpeg\json-a-jpeg\index.html","True","41","0"
"es","C:\Users\Sipka\Desktop\Converter\languages\es\convertir\jpeg\jsonl-a-jpeg\index.html","True","41","0"
"es","C:\Users\Sipka\Desktop\Converter\languages\es\convertir\jpeg\m4a-a-jpeg\index.html","True","41","0"
"es","C:\Users\Sipka\Desktop\Converter\languages\es\convertir\jpeg\m4v-a-jpeg\index.html","True","41","0"
"es","C:\Users\Sipka\Desktop\Converter\languages\es\convertir\jpeg\md-a-jpeg\index.html","True","41","0"
"es","C:\Users\Sipka\Desktop\Converter\languages\es\convertir\jpeg\mkv-a-jpeg\index.html","True","41","0"
"es","C:\Users\Sipka\Desktop\Converter\languages\es\convertir\jpeg\mov-a-jpeg\index.html","True","41","0"
"es","C:\Users\Sipka\Desktop\Converter\languages\es\convertir\jpeg\mp3-a-jpeg\index.html","True","41","0"
"es","C:\Users\Sipka\Desktop\Converter\languages\es\convertir\jpeg\mp4-a-jpeg\index.html","True","41","0"
"es","C:\Users\Sipka\Desktop\Converter\languages\es\convertir\jpeg\ogg-a-jpeg\index.html","True","41","0"
"es","C:\Users\Sipka\Desktop\Converter\languages\es\convertir\jpeg\opus-a-jpeg\index.html","True","41","0"
"es","C:\Users\Sipka\Desktop\Converter\languages\es\convertir\jpeg\pdf-a-jpeg\index.html","True","41","0"
"es","C:\Users\Sipka\Desktop\Converter\languages\es\convertir\jpeg\png-a-jpeg\index.html","True","41","0"
"es","C:\Users\Sipka\Desktop\Converter\languages\es\convertir\jpeg\pptx-a-jpeg\index.html","True","41","0"
"es","C:\Users\Sipka\Desktop\Converter\languages\es\convertir\jpeg\rar-a-jpeg\index.html","True","41","0"
"es","C:\Users\Sipka\Desktop\Converter\languages\es\convertir\jpeg\rtf-a-jpeg\index.html","True","41","0"
"es","C:\Users\Sipka\Desktop\Converter\languages\es\convertir\jpeg\svg-a-jpeg\index.html","True","41","0"
"es","C:\Users\Sipka\Desktop\Converter\languages\es\convertir\jpeg\tar-a-jpeg\index.html","True","41","0"
"es","C:\Users\Sipka\Desktop\Converter\languages\es\convertir\jpeg\tar.bz2-a-jpeg\index.html","True","41","0"
"es","C:\Users\Sipka\Desktop\Converter\languages\es\convertir\jpeg\tar.gz-a-jpeg\index.html","True","41","0"
"es","C:\Users\Sipka\Desktop\Converter\languages\es\convertir\jpeg\tar.xz-a-jpeg\index.html","True","41","0"
"es","C:\Users\Sipka\Desktop\Converter\languages\es\convertir\jpeg\tbz-a-jpeg\index.html","True","41","0"
"es","C:\Users\Sipka\Desktop\Converter\languages\es\convertir\jpeg\tgz-a-jpeg\index.html","True","41","0"
"es","C:\Users\Sipka\Desktop\Converter\languages\es\convertir\jpeg\tiff-a-jpeg\index.html","True","41","0"
"es","C:\Users\Sipka\Desktop\Converter\languages\es\convertir\jpeg\tsv-a-jpeg\index.html","True","41","0"
"es","C:\Users\Sipka\Desktop\Converter\languages\es\convertir\jpeg\txt-a-jpeg\index.html","True","41","0"
"es","C:\Users\Sipka\Desktop\Converter\languages\es\convertir\jpeg\txz-a-jpeg\index.html","True","41","0"
"es","C:\Users\Sipka\Desktop\Converter\languages\es\convertir\jpeg\wav-a-jpeg\index.html","True","41","0"
"es","C:\Users\Sipka\Desktop\Converter\languages\es\convertir\jpeg\webm-a-jpeg\index.html","True","41","0"
"es","C:\Users\Sipka\Desktop\Converter\languages\es\convertir\jpeg\webp-a-jpeg\index.html","True","41","0"
"es","C:\Users\Sipka\Desktop\Converter\languages\es\convertir\jpeg\xlsx-a-jpeg\index.html","True","41","0"
"es","C:\Users\Sipka\Desktop\Converter\languages\es\convertir\jpeg\zip-a-jpeg\index.html","True","41","0"
"es","C:\Users\Sipka\Desktop\Converter\languages\es\convertir\jpg\7z-a-jpg\index.html","True","41","0"
"es","C:\Users\Sipka\Desktop\Converter\languages\es\convertir\jpg\aac-a-jpg\index.html","True","41","0"
"es","C:\Users\Sipka\Desktop\Converter\languages\es\convertir\jpg\aiff-a-jpg\index.html","True","41","0"
"es","C:\Users\Sipka\Desktop\Converter\languages\es\convertir\jpg\bmp-a-jpg\index.html","True","41","0"
"es","C:\Users\Sipka\Desktop\Converter\languages\es\convertir\jpg\csv-a-jpg\index.html","True","41","0"
"es","C:\Users\Sipka\Desktop\Converter\languages\es\convertir\jpg\docx-a-jpg\index.html","True","41","0"
"es","C:\Users\Sipka\Desktop\Converter\languages\es\convertir\jpg\flac-a-jpg\index.html","True","41","0"
"es","C:\Users\Sipka\Desktop\Converter\languages\es\convertir\jpg\gif-a-jpg\index.html","True","41","0"
"es","C:\Users\Sipka\Desktop\Converter\languages\es\convertir\jpg\html-a-jpg\index.html","True","41","0"
"es","C:\Users\Sipka\Desktop\Converter\languages\es\convertir\jpg\jpeg-a-jpg\index.html","True","41","0"
"es","C:\Users\Sipka\Desktop\Converter\languages\es\convertir\jpg\json-a-jpg\index.html","True","41","0"
"es","C:\Users\Sipka\Desktop\Converter\languages\es\convertir\jpg\jsonl-a-jpg\index.html","True","41","0"
"es","C:\Users\Sipka\Desktop\Converter\languages\es\convertir\jpg\m4a-a-jpg\index.html","True","41","0"
"es","C:\Users\Sipka\Desktop\Converter\languages\es\convertir\jpg\m4v-a-jpg\index.html","True","41","0"
"es","C:\Users\Sipka\Desktop\Converter\languages\es\convertir\jpg\md-a-jpg\index.html","True","41","0"
"es","C:\Users\Sipka\Desktop\Converter\languages\es\convertir\jpg\mkv-a-jpg\index.html","True","41","0"
"es","C:\Users\Sipka\Desktop\Converter\languages\es\convertir\jpg\mov-a-jpg\index.html","True","41","0"
"es","C:\Users\Sipka\Desktop\Converter\languages\es\convertir\jpg\mp3-a-jpg\index.html","True","41","0"
"es","C:\Users\Sipka\Desktop\Converter\languages\es\convertir\jpg\mp4-a-jpg\index.html","True","41","0"
"es","C:\Users\Sipka\Desktop\Converter\languages\es\convertir\jpg\ogg-a-jpg\index.html","True","41","0"
"es","C:\Users\Sipka\Desktop\Converter\languages\es\convertir\jpg\opus-a-jpg\index.html","True","41","0"
"es","C:\Users\Sipka\Desktop\Converter\languages\es\convertir\jpg\pdf-a-jpg\index.html","True","41","0"
"es","C:\Users\Sipka\Desktop\Converter\languages\es\convertir\jpg\png-a-jpg\index.html","True","41","0"
"es","C:\Users\Sipka\Desktop\Converter\languages\es\convertir\jpg\pptx-a-jpg\index.html","True","41","0"
"es","C:\Users\Sipka\Desktop\Converter\languages\es\convertir\jpg\rar-a-jpg\index.html","True","41","0"
"es","C:\Users\Sipka\Desktop\Converter\languages\es\convertir\jpg\rtf-a-jpg\index.html","True","41","0"
"es","C:\Users\Sipka\Desktop\Converter\languages\es\convertir\jpg\svg-a-jpg\index.html","True","41","0"
"es","C:\Users\Sipka\Desktop\Converter\languages\es\convertir\jpg\tar-a-jpg\index.html","True","41","0"
"es","C:\Users\Sipka\Desktop\Converter\languages\es\convertir\jpg\tar.bz2-a-jpg\index.html","True","41","0"
"es","C:\Users\Sipka\Desktop\Converter\languages\es\convertir\jpg\tar.gz-a-jpg\index.html","True","41","0"
"es","C:\Users\Sipka\Desktop\Converter\languages\es\convertir\jpg\tar.xz-a-jpg\index.html","True","41","0"
"es","C:\Users\Sipka\Desktop\Converter\languages\es\convertir\jpg\tbz-a-jpg\index.html","True","41","0"
"es","C:\Users\Sipka\Desktop\Converter\languages\es\convertir\jpg\tgz-a-jpg\index.html","True","41","0"
"es","C:\Users\Sipka\Desktop\Converter\languages\es\convertir\jpg\tiff-a-jpg\index.html","True","41","0"
"es","C:\Users\Sipka\Desktop\Converter\languages\es\convertir\jpg\tsv-a-jpg\index.html","True","41","0"
"es","C:\Users\Sipka\Desktop\Converter\languages\es\convertir\jpg\txt-a-jpg\index.html","True","41","0"
"es","C:\Users\Sipka\Desktop\Converter\languages\es\convertir\jpg\txz-a-jpg\index.html","True","41","0"
"es","C:\Users\Sipka\Desktop\Converter\languages\es\convertir\jpg\wav-a-jpg\index.html","True","41","0"
"es","C:\Users\Sipka\Desktop\Converter\languages\es\convertir\jpg\webm-a-jpg\index.html","True","41","0"
"es","C:\Users\Sipka\Desktop\Converter\languages\es\convertir\jpg\webp-a-jpg\index.html","True","41","0"
"es","C:\Users\Sipka\Desktop\Converter\languages\es\convertir\jpg\xlsx-a-jpg\index.html","True","41","0"
"es","C:\Users\Sipka\Desktop\Converter\languages\es\convertir\jpg\zip-a-jpg\index.html","True","41","0"
"es","C:\Users\Sipka\Desktop\Converter\languages\es\convertir\json\7z-a-json\index.html","True","41","0"
"es","C:\Users\Sipka\Desktop\Converter\languages\es\convertir\json\aac-a-json\index.html","True","41","0"
"es","C:\Users\Sipka\Desktop\Converter\languages\es\convertir\json\aiff-a-json\index.html","True","41","0"
"es","C:\Users\Sipka\Desktop\Converter\languages\es\convertir\json\bmp-a-json\index.html","True","41","0"
"es","C:\Users\Sipka\Desktop\Converter\languages\es\convertir\json\csv-a-json\index.html","True","41","0"
"es","C:\Users\Sipka\Desktop\Converter\languages\es\convertir\json\docx-a-json\index.html","True","41","0"
"es","C:\Users\Sipka\Desktop\Converter\languages\es\convertir\json\flac-a-json\index.html","True","41","0"
"es","C:\Users\Sipka\Desktop\Converter\languages\es\convertir\json\gif-a-json\index.html","True","41","0"
"es","C:\Users\Sipka\Desktop\Converter\languages\es\convertir\json\html-a-json\index.html","True","41","0"
"es","C:\Users\Sipka\Desktop\Converter\languages\es\convertir\json\jpeg-a-json\index.html","True","41","0"
"es","C:\Users\Sipka\Desktop\Converter\languages\es\convertir\json\jpg-a-json\index.html","True","41","0"
"es","C:\Users\Sipka\Desktop\Converter\languages\es\convertir\json\jsonl-a-json\index.html","True","41","0"
"es","C:\Users\Sipka\Desktop\Converter\languages\es\convertir\json\m4a-a-json\index.html","True","41","0"
"es","C:\Users\Sipka\Desktop\Converter\languages\es\convertir\json\m4v-a-json\index.html","True","41","0"
"es","C:\Users\Sipka\Desktop\Converter\languages\es\convertir\json\md-a-json\index.html","True","41","0"
"es","C:\Users\Sipka\Desktop\Converter\languages\es\convertir\json\mkv-a-json\index.html","True","41","0"
"es","C:\Users\Sipka\Desktop\Converter\languages\es\convertir\json\mov-a-json\index.html","True","41","0"
"es","C:\Users\Sipka\Desktop\Converter\languages\es\convertir\json\mp3-a-json\index.html","True","41","0"
"es","C:\Users\Sipka\Desktop\Converter\languages\es\convertir\json\mp4-a-json\index.html","True","41","0"
"es","C:\Users\Sipka\Desktop\Converter\languages\es\convertir\json\ogg-a-json\index.html","True","41","0"
"es","C:\Users\Sipka\Desktop\Converter\languages\es\convertir\json\opus-a-json\index.html","True","41","0"
"es","C:\Users\Sipka\Desktop\Converter\languages\es\convertir\json\pdf-a-json\index.html","True","41","0"
"es","C:\Users\Sipka\Desktop\Converter\languages\es\convertir\json\png-a-json\index.html","True","41","0"
"es","C:\Users\Sipka\Desktop\Converter\languages\es\convertir\json\pptx-a-json\index.html","True","41","0"
"es","C:\Users\Sipka\Desktop\Converter\languages\es\convertir\json\rar-a-json\index.html","True","41","0"
"es","C:\Users\Sipka\Desktop\Converter\languages\es\convertir\json\rtf-a-json\index.html","True","41","0"
"es","C:\Users\Sipka\Desktop\Converter\languages\es\convertir\json\svg-a-json\index.html","True","41","0"
"es","C:\Users\Sipka\Desktop\Converter\languages\es\convertir\json\tar-a-json\index.html","True","41","0"
"es","C:\Users\Sipka\Desktop\Converter\languages\es\convertir\json\tar.bz2-a-json\index.html","True","41","0"
"es","C:\Users\Sipka\Desktop\Converter\languages\es\convertir\json\tar.gz-a-json\index.html","True","41","0"
"es","C:\Users\Sipka\Desktop\Converter\languages\es\convertir\json\tar.xz-a-json\index.html","True","41","0"
"es","C:\Users\Sipka\Desktop\Converter\languages\es\convertir\json\tbz-a-json\index.html","True","41","0"
"es","C:\Users\Sipka\Desktop\Converter\languages\es\convertir\json\tgz-a-json\index.html","True","41","0"
"es","C:\Users\Sipka\Desktop\Converter\languages\es\convertir\json\tiff-a-json\index.html","True","41","0"
"es","C:\Users\Sipka\Desktop\Converter\languages\es\convertir\json\tsv-a-json\index.html","True","41","0"
"es","C:\Users\Sipka\Desktop\Converter\languages\es\convertir\json\txt-a-json\index.html","True","41","0"
"es","C:\Users\Sipka\Desktop\Converter\languages\es\convertir\json\txz-a-json\index.html","True","41","0"
"es","C:\Users\Sipka\Desktop\Converter\languages\es\convertir\json\wav-a-json\index.html","True","41","0"
"es","C:\Users\Sipka\Desktop\Converter\languages\es\convertir\json\webm-a-json\index.html","True","41","0"
"es","C:\Users\Sipka\Desktop\Converter\languages\es\convertir\json\webp-a-json\index.html","True","41","0"
"es","C:\Users\Sipka\Desktop\Converter\languages\es\convertir\json\xlsx-a-json\index.html","True","41","0"
"es","C:\Users\Sipka\Desktop\Converter\languages\es\convertir\json\zip-a-json\index.html","True","41","0"
"es","C:\Users\Sipka\Desktop\Converter\languages\es\convertir\jsonl\7z-a-jsonl\index.html","True","41","0"
"es","C:\Users\Sipka\Desktop\Converter\languages\es\convertir\jsonl\aac-a-jsonl\index.html","True","41","0"
"es","C:\Users\Sipka\Desktop\Converter\languages\es\convertir\jsonl\aiff-a-jsonl\index.html","True","41","0"
"es","C:\Users\Sipka\Desktop\Converter\languages\es\convertir\jsonl\bmp-a-jsonl\index.html","True","41","0"
"es","C:\Users\Sipka\Desktop\Converter\languages\es\convertir\jsonl\csv-a-jsonl\index.html","True","41","0"
"es","C:\Users\Sipka\Desktop\Converter\languages\es\convertir\jsonl\docx-a-jsonl\index.html","True","41","0"
"es","C:\Users\Sipka\Desktop\Converter\languages\es\convertir\jsonl\flac-a-jsonl\index.html","True","41","0"
"es","C:\Users\Sipka\Desktop\Converter\languages\es\convertir\jsonl\gif-a-jsonl\index.html","True","41","0"
"es","C:\Users\Sipka\Desktop\Converter\languages\es\convertir\jsonl\html-a-jsonl\index.html","True","41","0"
"es","C:\Users\Sipka\Desktop\Converter\languages\es\convertir\jsonl\jpeg-a-jsonl\index.html","True","41","0"
"es","C:\Users\Sipka\Desktop\Converter\languages\es\convertir\jsonl\jpg-a-jsonl\index.html","True","41","0"
"es","C:\Users\Sipka\Desktop\Converter\languages\es\convertir\jsonl\json-a-jsonl\index.html","True","41","0"
"es","C:\Users\Sipka\Desktop\Converter\languages\es\convertir\jsonl\m4a-a-jsonl\index.html","True","41","0"
"es","C:\Users\Sipka\Desktop\Converter\languages\es\convertir\jsonl\m4v-a-jsonl\index.html","True","41","0"
"es","C:\Users\Sipka\Desktop\Converter\languages\es\convertir\jsonl\md-a-jsonl\index.html","True","41","0"
"es","C:\Users\Sipka\Desktop\Converter\languages\es\convertir\jsonl\mkv-a-jsonl\index.html","True","41","0"
"es","C:\Users\Sipka\Desktop\Converter\languages\es\convertir\jsonl\mov-a-jsonl\index.html","True","41","0"
"es","C:\Users\Sipka\Desktop\Converter\languages\es\convertir\jsonl\mp3-a-jsonl\index.html","True","41","0"
"es","C:\Users\Sipka\Desktop\Converter\languages\es\convertir\jsonl\mp4-a-jsonl\index.html","True","41","0"
"es","C:\Users\Sipka\Desktop\Converter\languages\es\convertir\jsonl\ogg-a-jsonl\index.html","True","41","0"
"es","C:\Users\Sipka\Desktop\Converter\languages\es\convertir\jsonl\opus-a-jsonl\index.html","True","41","0"
"es","C:\Users\Sipka\Desktop\Converter\languages\es\convertir\jsonl\pdf-a-jsonl\index.html","True","41","0"
"es","C:\Users\Sipka\Desktop\Converter\languages\es\convertir\jsonl\png-a-jsonl\index.html","True","41","0"
"es","C:\Users\Sipka\Desktop\Converter\languages\es\convertir\jsonl\pptx-a-jsonl\index.html","True","41","0"
"es","C:\Users\Sipka\Desktop\Converter\languages\es\convertir\jsonl\rar-a-jsonl\index.html","True","41","0"
"es","C:\Users\Sipka\Desktop\Converter\languages\es\convertir\jsonl\rtf-a-jsonl\index.html","True","41","0"
"es","C:\Users\Sipka\Desktop\Converter\languages\es\convertir\jsonl\svg-a-jsonl\index.html","True","41","0"
"es","C:\Users\Sipka\Desktop\Converter\languages\es\convertir\jsonl\tar-a-jsonl\index.html","True","41","0"
"es","C:\Users\Sipka\Desktop\Converter\languages\es\convertir\jsonl\tar.bz2-a-jsonl\index.html","True","41","0"
"es","C:\Users\Sipka\Desktop\Converter\languages\es\convertir\jsonl\tar.gz-a-jsonl\index.html","True","41","0"
"es","C:\Users\Sipka\Desktop\Converter\languages\es\convertir\jsonl\tar.xz-a-jsonl\index.html","True","41","0"
"es","C:\Users\Sipka\Desktop\Converter\languages\es\convertir\jsonl\tbz-a-jsonl\index.html","True","41","0"
"es","C:\Users\Sipka\Desktop\Converter\languages\es\convertir\jsonl\tgz-a-jsonl\index.html","True","41","0"
"es","C:\Users\Sipka\Desktop\Converter\languages\es\convertir\jsonl\tiff-a-jsonl\index.html","True","41","0"
"es","C:\Users\Sipka\Desktop\Converter\languages\es\convertir\jsonl\tsv-a-jsonl\index.html","True","41","0"
"es","C:\Users\Sipka\Desktop\Converter\languages\es\convertir\jsonl\txt-a-jsonl\index.html","True","41","0"
"es","C:\Users\Sipka\Desktop\Converter\languages\es\convertir\jsonl\txz-a-jsonl\index.html","True","41","0"
"es","C:\Users\Sipka\Desktop\Converter\languages\es\convertir\jsonl\wav-a-jsonl\index.html","True","41","0"
"es","C:\Users\Sipka\Desktop\Converter\languages\es\convertir\jsonl\webm-a-jsonl\index.html","True","41","0"
"es","C:\Users\Sipka\Desktop\Converter\languages\es\convertir\jsonl\webp-a-jsonl\index.html","True","41","0"
"es","C:\Users\Sipka\Desktop\Converter\languages\es\convertir\jsonl\xlsx-a-jsonl\index.html","True","41","0"
"es","C:\Users\Sipka\Desktop\Converter\languages\es\convertir\jsonl\zip-a-jsonl\index.html","True","41","0"
"es","C:\Users\Sipka\Desktop\Converter\languages\es\convertir\m4a\7z-a-m4a\index.html","True","41","0"
"es","C:\Users\Sipka\Desktop\Converter\languages\es\convertir\m4a\aac-a-m4a\index.html","True","41","0"
"es","C:\Users\Sipka\Desktop\Converter\languages\es\convertir\m4a\aiff-a-m4a\index.html","True","41","0"
"es","C:\Users\Sipka\Desktop\Converter\languages\es\convertir\m4a\bmp-a-m4a\index.html","True","41","0"
"es","C:\Users\Sipka\Desktop\Converter\languages\es\convertir\m4a\csv-a-m4a\index.html","True","41","0"
"es","C:\Users\Sipka\Desktop\Converter\languages\es\convertir\m4a\docx-a-m4a\index.html","True","41","0"
"es","C:\Users\Sipka\Desktop\Converter\languages\es\convertir\m4a\flac-a-m4a\index.html","True","41","0"
"es","C:\Users\Sipka\Desktop\Converter\languages\es\convertir\m4a\gif-a-m4a\index.html","True","41","0"
"es","C:\Users\Sipka\Desktop\Converter\languages\es\convertir\m4a\html-a-m4a\index.html","True","41","0"
"es","C:\Users\Sipka\Desktop\Converter\languages\es\convertir\m4a\jpeg-a-m4a\index.html","True","41","0"
"es","C:\Users\Sipka\Desktop\Converter\languages\es\convertir\m4a\jpg-a-m4a\index.html","True","41","0"
"es","C:\Users\Sipka\Desktop\Converter\languages\es\convertir\m4a\json-a-m4a\index.html","True","41","0"
"es","C:\Users\Sipka\Desktop\Converter\languages\es\convertir\m4a\jsonl-a-m4a\index.html","True","41","0"
"es","C:\Users\Sipka\Desktop\Converter\languages\es\convertir\m4a\m4v-a-m4a\index.html","True","41","0"
"es","C:\Users\Sipka\Desktop\Converter\languages\es\convertir\m4a\md-a-m4a\index.html","True","41","0"
"es","C:\Users\Sipka\Desktop\Converter\languages\es\convertir\m4a\mkv-a-m4a\index.html","True","41","0"
"es","C:\Users\Sipka\Desktop\Converter\languages\es\convertir\m4a\mov-a-m4a\index.html","True","41","0"
"es","C:\Users\Sipka\Desktop\Converter\languages\es\convertir\m4a\mp3-a-m4a\index.html","True","41","0"
"es","C:\Users\Sipka\Desktop\Converter\languages\es\convertir\m4a\mp4-a-m4a\index.html","True","41","0"
"es","C:\Users\Sipka\Desktop\Converter\languages\es\convertir\m4a\ogg-a-m4a\index.html","True","41","0"
"es","C:\Users\Sipka\Desktop\Converter\languages\es\convertir\m4a\opus-a-m4a\index.html","True","41","0"
"es","C:\Users\Sipka\Desktop\Converter\languages\es\convertir\m4a\pdf-a-m4a\index.html","True","41","0"
"es","C:\Users\Sipka\Desktop\Converter\languages\es\convertir\m4a\png-a-m4a\index.html","True","41","0"
"es","C:\Users\Sipka\Desktop\Converter\languages\es\convertir\m4a\pptx-a-m4a\index.html","True","41","0"
"es","C:\Users\Sipka\Desktop\Converter\languages\es\convertir\m4a\rar-a-m4a\index.html","True","41","0"
"es","C:\Users\Sipka\Desktop\Converter\languages\es\convertir\m4a\rtf-a-m4a\index.html","True","41","0"
"es","C:\Users\Sipka\Desktop\Converter\languages\es\convertir\m4a\svg-a-m4a\index.html","True","41","0"
"es","C:\Users\Sipka\Desktop\Converter\languages\es\convertir\m4a\tar-a-m4a\index.html","True","41","0"
"es","C:\Users\Sipka\Desktop\Converter\languages\es\convertir\m4a\tar.bz2-a-m4a\index.html","True","41","0"
"es","C:\Users\Sipka\Desktop\Converter\languages\es\convertir\m4a\tar.gz-a-m4a\index.html","True","41","0"
"es","C:\Users\Sipka\Desktop\Converter\languages\es\convertir\m4a\tar.xz-a-m4a\index.html","True","41","0"
"es","C:\Users\Sipka\Desktop\Converter\languages\es\convertir\m4a\tbz-a-m4a\index.html","True","41","0"
"es","C:\Users\Sipka\Desktop\Converter\languages\es\convertir\m4a\tgz-a-m4a\index.html","True","41","0"
"es","C:\Users\Sipka\Desktop\Converter\languages\es\convertir\m4a\tiff-a-m4a\index.html","True","41","0"
"es","C:\Users\Sipka\Desktop\Converter\languages\es\convertir\m4a\tsv-a-m4a\index.html","True","41","0"
"es","C:\Users\Sipka\Desktop\Converter\languages\es\convertir\m4a\txt-a-m4a\index.html","True","41","0"
"es","C:\Users\Sipka\Desktop\Converter\languages\es\convertir\m4a\txz-a-m4a\index.html","True","41","0"
"es","C:\Users\Sipka\Desktop\Converter\languages\es\convertir\m4a\wav-a-m4a\index.html","True","41","0"
"es","C:\Users\Sipka\Desktop\Converter\languages\es\convertir\m4a\webm-a-m4a\index.html","True","41","0"
"es","C:\Users\Sipka\Desktop\Converter\languages\es\convertir\m4a\webp-a-m4a\index.html","True","41","0"
"es","C:\Users\Sipka\Desktop\Converter\languages\es\convertir\m4a\xlsx-a-m4a\index.html","True","41","0"
"es","C:\Users\Sipka\Desktop\Converter\languages\es\convertir\m4a\zip-a-m4a\index.html","True","41","0"
"es","C:\Users\Sipka\Desktop\Converter\languages\es\convertir\m4v\7z-a-m4v\index.html","True","41","0"
"es","C:\Users\Sipka\Desktop\Converter\languages\es\convertir\m4v\aac-a-m4v\index.html","True","41","0"
"es","C:\Users\Sipka\Desktop\Converter\languages\es\convertir\m4v\aiff-a-m4v\index.html","True","41","0"
"es","C:\Users\Sipka\Desktop\Converter\languages\es\convertir\m4v\bmp-a-m4v\index.html","True","41","0"
"es","C:\Users\Sipka\Desktop\Converter\languages\es\convertir\m4v\csv-a-m4v\index.html","True","41","0"
"es","C:\Users\Sipka\Desktop\Converter\languages\es\convertir\m4v\docx-a-m4v\index.html","True","41","0"
"es","C:\Users\Sipka\Desktop\Converter\languages\es\convertir\m4v\flac-a-m4v\index.html","True","41","0"
"es","C:\Users\Sipka\Desktop\Converter\languages\es\convertir\m4v\gif-a-m4v\index.html","True","41","0"
"es","C:\Users\Sipka\Desktop\Converter\languages\es\convertir\m4v\html-a-m4v\index.html","True","41","0"
"es","C:\Users\Sipka\Desktop\Converter\languages\es\convertir\m4v\jpeg-a-m4v\index.html","True","41","0"
"es","C:\Users\Sipka\Desktop\Converter\languages\es\convertir\m4v\jpg-a-m4v\index.html","True","41","0"
"es","C:\Users\Sipka\Desktop\Converter\languages\es\convertir\m4v\json-a-m4v\index.html","True","41","0"
"es","C:\Users\Sipka\Desktop\Converter\languages\es\convertir\m4v\jsonl-a-m4v\index.html","True","41","0"
"es","C:\Users\Sipka\Desktop\Converter\languages\es\convertir\m4v\m4a-a-m4v\index.html","True","41","0"
"es","C:\Users\Sipka\Desktop\Converter\languages\es\convertir\m4v\md-a-m4v\index.html","True","41","0"
"es","C:\Users\Sipka\Desktop\Converter\languages\es\convertir\m4v\mkv-a-m4v\index.html","True","41","0"
"es","C:\Users\Sipka\Desktop\Converter\languages\es\convertir\m4v\mov-a-m4v\index.html","True","41","0"
"es","C:\Users\Sipka\Desktop\Converter\languages\es\convertir\m4v\mp3-a-m4v\index.html","True","41","0"
"es","C:\Users\Sipka\Desktop\Converter\languages\es\convertir\m4v\mp4-a-m4v\index.html","True","41","0"
"es","C:\Users\Sipka\Desktop\Converter\languages\es\convertir\m4v\ogg-a-m4v\index.html","True","41","0"
"es","C:\Users\Sipka\Desktop\Converter\languages\es\convertir\m4v\opus-a-m4v\index.html","True","41","0"
"es","C:\Users\Sipka\Desktop\Converter\languages\es\convertir\m4v\pdf-a-m4v\index.html","True","41","0"
"es","C:\Users\Sipka\Desktop\Converter\languages\es\convertir\m4v\png-a-m4v\index.html","True","41","0"
"es","C:\Users\Sipka\Desktop\Converter\languages\es\convertir\m4v\pptx-a-m4v\index.html","True","41","0"
"es","C:\Users\Sipka\Desktop\Converter\languages\es\convertir\m4v\rar-a-m4v\index.html","True","41","0"
"es","C:\Users\Sipka\Desktop\Converter\languages\es\convertir\m4v\rtf-a-m4v\index.html","True","41","0"
"es","C:\Users\Sipka\Desktop\Converter\languages\es\convertir\m4v\svg-a-m4v\index.html","True","41","0"
"es","C:\Users\Sipka\Desktop\Converter\languages\es\convertir\m4v\tar-a-m4v\index.html","True","41","0"
"es","C:\Users\Sipka\Desktop\Converter\languages\es\convertir\m4v\tar.bz2-a-m4v\index.html","True","41","0"
"es","C:\Users\Sipka\Desktop\Converter\languages\es\convertir\m4v\tar.gz-a-m4v\index.html","True","41","0"
"es","C:\Users\Sipka\Desktop\Converter\languages\es\convertir\m4v\tar.xz-a-m4v\index.html","True","41","0"
"es","C:\Users\Sipka\Desktop\Converter\languages\es\convertir\m4v\tbz-a-m4v\index.html","True","41","0"
"es","C:\Users\Sipka\Desktop\Converter\languages\es\convertir\m4v\tgz-a-m4v\index.html","True","41","0"
"es","C:\Users\Sipka\Desktop\Converter\languages\es\convertir\m4v\tiff-a-m4v\index.html","True","41","0"
"es","C:\Users\Sipka\Desktop\Converter\languages\es\convertir\m4v\tsv-a-m4v\index.html","True","41","0"
"es","C:\Users\Sipka\Desktop\Converter\languages\es\convertir\m4v\txt-a-m4v\index.html","True","41","0"
"es","C:\Users\Sipka\Desktop\Converter\languages\es\convertir\m4v\txz-a-m4v\index.html","True","41","0"
"es","C:\Users\Sipka\Desktop\Converter\languages\es\convertir\m4v\wav-a-m4v\index.html","True","41","0"
"es","C:\Users\Sipka\Desktop\Converter\languages\es\convertir\m4v\webm-a-m4v\index.html","True","41","0"
"es","C:\Users\Sipka\Desktop\Converter\languages\es\convertir\m4v\webp-a-m4v\index.html","True","41","0"
"es","C:\Users\Sipka\Desktop\Converter\languages\es\convertir\m4v\xlsx-a-m4v\index.html","True","41","0"
"es","C:\Users\Sipka\Desktop\Converter\languages\es\convertir\m4v\zip-a-m4v\index.html","True","41","0"
"es","C:\Users\Sipka\Desktop\Converter\languages\es\convertir\md\7z-a-md\index.html","True","41","0"
"es","C:\Users\Sipka\Desktop\Converter\languages\es\convertir\md\aac-a-md\index.html","True","41","0"
"es","C:\Users\Sipka\Desktop\Converter\languages\es\convertir\md\aiff-a-md\index.html","True","41","0"
"es","C:\Users\Sipka\Desktop\Converter\languages\es\convertir\md\bmp-a-md\index.html","True","41","0"
"es","C:\Users\Sipka\Desktop\Converter\languages\es\convertir\md\csv-a-md\index.html","True","41","0"
"es","C:\Users\Sipka\Desktop\Converter\languages\es\convertir\md\docx-a-md\index.html","True","41","0"
"es","C:\Users\Sipka\Desktop\Converter\languages\es\convertir\md\flac-a-md\index.html","True","41","0"
"es","C:\Users\Sipka\Desktop\Converter\languages\es\convertir\md\gif-a-md\index.html","True","41","0"
"es","C:\Users\Sipka\Desktop\Converter\languages\es\convertir\md\html-a-md\index.html","True","41","0"
"es","C:\Users\Sipka\Desktop\Converter\languages\es\convertir\md\jpeg-a-md\index.html","True","41","0"
"es","C:\Users\Sipka\Desktop\Converter\languages\es\convertir\md\jpg-a-md\index.html","True","41","0"
"es","C:\Users\Sipka\Desktop\Converter\languages\es\convertir\md\json-a-md\index.html","True","41","0"
"es","C:\Users\Sipka\Desktop\Converter\languages\es\convertir\md\jsonl-a-md\index.html","True","41","0"
"es","C:\Users\Sipka\Desktop\Converter\languages\es\convertir\md\m4a-a-md\index.html","True","41","0"
"es","C:\Users\Sipka\Desktop\Converter\languages\es\convertir\md\m4v-a-md\index.html","True","41","0"
"es","C:\Users\Sipka\Desktop\Converter\languages\es\convertir\md\mkv-a-md\index.html","True","41","0"
"es","C:\Users\Sipka\Desktop\Converter\languages\es\convertir\md\mov-a-md\index.html","True","41","0"
"es","C:\Users\Sipka\Desktop\Converter\languages\es\convertir\md\mp3-a-md\index.html","True","41","0"
"es","C:\Users\Sipka\Desktop\Converter\languages\es\convertir\md\mp4-a-md\index.html","True","41","0"
"es","C:\Users\Sipka\Desktop\Converter\languages\es\convertir\md\ogg-a-md\index.html","True","41","0"
"es","C:\Users\Sipka\Desktop\Converter\languages\es\convertir\md\opus-a-md\index.html","True","41","0"
"es","C:\Users\Sipka\Desktop\Converter\languages\es\convertir\md\pdf-a-md\index.html","True","41","0"
"es","C:\Users\Sipka\Desktop\Converter\languages\es\convertir\md\png-a-md\index.html","True","41","0"
"es","C:\Users\Sipka\Desktop\Converter\languages\es\convertir\md\pptx-a-md\index.html","True","41","0"
"es","C:\Users\Sipka\Desktop\Converter\languages\es\convertir\md\rar-a-md\index.html","True","41","0"
"es","C:\Users\Sipka\Desktop\Converter\languages\es\convertir\md\rtf-a-md\index.html","True","41","0"
"es","C:\Users\Sipka\Desktop\Converter\languages\es\convertir\md\svg-a-md\index.html","True","41","0"
"es","C:\Users\Sipka\Desktop\Converter\languages\es\convertir\md\tar-a-md\index.html","True","41","0"
"es","C:\Users\Sipka\Desktop\Converter\languages\es\convertir\md\tar.bz2-a-md\index.html","True","41","0"
"es","C:\Users\Sipka\Desktop\Converter\languages\es\convertir\md\tar.gz-a-md\index.html","True","41","0"
"es","C:\Users\Sipka\Desktop\Converter\languages\es\convertir\md\tar.xz-a-md\index.html","True","41","0"
"es","C:\Users\Sipka\Desktop\Converter\languages\es\convertir\md\tbz-a-md\index.html","True","41","0"
"es","C:\Users\Sipka\Desktop\Converter\languages\es\convertir\md\tgz-a-md\index.html","True","41","0"
"es","C:\Users\Sipka\Desktop\Converter\languages\es\convertir\md\tiff-a-md\index.html","True","41","0"
"es","C:\Users\Sipka\Desktop\Converter\languages\es\convertir\md\tsv-a-md\index.html","True","41","0"
"es","C:\Users\Sipka\Desktop\Converter\languages\es\convertir\md\txt-a-md\index.html","True","41","0"
"es","C:\Users\Sipka\Desktop\Converter\languages\es\convertir\md\txz-a-md\index.html","True","41","0"
"es","C:\Users\Sipka\Desktop\Converter\languages\es\convertir\md\wav-a-md\index.html","True","41","0"
"es","C:\Users\Sipka\Desktop\Converter\languages\es\convertir\md\webm-a-md\index.html","True","41","0"
"es","C:\Users\Sipka\Desktop\Converter\languages\es\convertir\md\webp-a-md\index.html","True","41","0"
"es","C:\Users\Sipka\Desktop\Converter\languages\es\convertir\md\xlsx-a-md\index.html","True","41","0"
"es","C:\Users\Sipka\Desktop\Converter\languages\es\convertir\md\zip-a-md\index.html","True","41","0"
"es","C:\Users\Sipka\Desktop\Converter\languages\es\convertir\mkv\7z-a-mkv\index.html","True","41","0"
"es","C:\Users\Sipka\Desktop\Converter\languages\es\convertir\mkv\aac-a-mkv\index.html","True","41","0"
"es","C:\Users\Sipka\Desktop\Converter\languages\es\convertir\mkv\aiff-a-mkv\index.html","True","41","0"
"es","C:\Users\Sipka\Desktop\Converter\languages\es\convertir\mkv\bmp-a-mkv\index.html","True","41","0"
"es","C:\Users\Sipka\Desktop\Converter\languages\es\convertir\mkv\csv-a-mkv\index.html","True","41","0"
"es","C:\Users\Sipka\Desktop\Converter\languages\es\convertir\mkv\docx-a-mkv\index.html","True","41","0"
"es","C:\Users\Sipka\Desktop\Converter\languages\es\convertir\mkv\flac-a-mkv\index.html","True","41","0"
"es","C:\Users\Sipka\Desktop\Converter\languages\es\convertir\mkv\gif-a-mkv\index.html","True","41","0"
"es","C:\Users\Sipka\Desktop\Converter\languages\es\convertir\mkv\html-a-mkv\index.html","True","41","0"
"es","C:\Users\Sipka\Desktop\Converter\languages\es\convertir\mkv\jpeg-a-mkv\index.html","True","41","0"
"es","C:\Users\Sipka\Desktop\Converter\languages\es\convertir\mkv\jpg-a-mkv\index.html","True","41","0"
"es","C:\Users\Sipka\Desktop\Converter\languages\es\convertir\mkv\json-a-mkv\index.html","True","41","0"
"es","C:\Users\Sipka\Desktop\Converter\languages\es\convertir\mkv\jsonl-a-mkv\index.html","True","41","0"
"es","C:\Users\Sipka\Desktop\Converter\languages\es\convertir\mkv\m4a-a-mkv\index.html","True","41","0"
"es","C:\Users\Sipka\Desktop\Converter\languages\es\convertir\mkv\m4v-a-mkv\index.html","True","41","0"
"es","C:\Users\Sipka\Desktop\Converter\languages\es\convertir\mkv\md-a-mkv\index.html","True","41","0"
"es","C:\Users\Sipka\Desktop\Converter\languages\es\convertir\mkv\mov-a-mkv\index.html","True","41","0"
"es","C:\Users\Sipka\Desktop\Converter\languages\es\convertir\mkv\mp3-a-mkv\index.html","True","41","0"
"es","C:\Users\Sipka\Desktop\Converter\languages\es\convertir\mkv\mp4-a-mkv\index.html","True","41","0"
"es","C:\Users\Sipka\Desktop\Converter\languages\es\convertir\mkv\ogg-a-mkv\index.html","True","41","0"
"es","C:\Users\Sipka\Desktop\Converter\languages\es\convertir\mkv\opus-a-mkv\index.html","True","41","0"
"es","C:\Users\Sipka\Desktop\Converter\languages\es\convertir\mkv\pdf-a-mkv\index.html","True","41","0"
"es","C:\Users\Sipka\Desktop\Converter\languages\es\convertir\mkv\png-a-mkv\index.html","True","41","0"
"es","C:\Users\Sipka\Desktop\Converter\languages\es\convertir\mkv\pptx-a-mkv\index.html","True","41","0"
"es","C:\Users\Sipka\Desktop\Converter\languages\es\convertir\mkv\rar-a-mkv\index.html","True","41","0"
"es","C:\Users\Sipka\Desktop\Converter\languages\es\convertir\mkv\rtf-a-mkv\index.html","True","41","0"
"es","C:\Users\Sipka\Desktop\Converter\languages\es\convertir\mkv\svg-a-mkv\index.html","True","41","0"
"es","C:\Users\Sipka\Desktop\Converter\languages\es\convertir\mkv\tar-a-mkv\index.html","True","41","0"
"es","C:\Users\Sipka\Desktop\Converter\languages\es\convertir\mkv\tar.bz2-a-mkv\index.html","True","41","0"
"es","C:\Users\Sipka\Desktop\Converter\languages\es\convertir\mkv\tar.gz-a-mkv\index.html","True","41","0"
"es","C:\Users\Sipka\Desktop\Converter\languages\es\convertir\mkv\tar.xz-a-mkv\index.html","True","41","0"
"es","C:\Users\Sipka\Desktop\Converter\languages\es\convertir\mkv\tbz-a-mkv\index.html","True","41","0"
"es","C:\Users\Sipka\Desktop\Converter\languages\es\convertir\mkv\tgz-a-mkv\index.html","True","41","0"
"es","C:\Users\Sipka\Desktop\Converter\languages\es\convertir\mkv\tiff-a-mkv\index.html","True","41","0"
"es","C:\Users\Sipka\Desktop\Converter\languages\es\convertir\mkv\tsv-a-mkv\index.html","True","41","0"
"es","C:\Users\Sipka\Desktop\Converter\languages\es\convertir\mkv\txt-a-mkv\index.html","True","41","0"
"es","C:\Users\Sipka\Desktop\Converter\languages\es\convertir\mkv\txz-a-mkv\index.html","True","41","0"
"es","C:\Users\Sipka\Desktop\Converter\languages\es\convertir\mkv\wav-a-mkv\index.html","True","41","0"
"es","C:\Users\Sipka\Desktop\Converter\languages\es\convertir\mkv\webm-a-mkv\index.html","True","41","0"
"es","C:\Users\Sipka\Desktop\Converter\languages\es\convertir\mkv\webp-a-mkv\index.html","True","41","0"
"es","C:\Users\Sipka\Desktop\Converter\languages\es\convertir\mkv\xlsx-a-mkv\index.html","True","41","0"
"es","C:\Users\Sipka\Desktop\Converter\languages\es\convertir\mkv\zip-a-mkv\index.html","True","41","0"
"es","C:\Users\Sipka\Desktop\Converter\languages\es\convertir\mov\7z-a-mov\index.html","True","41","0"
"es","C:\Users\Sipka\Desktop\Converter\languages\es\convertir\mov\aac-a-mov\index.html","True","41","0"
"es","C:\Users\Sipka\Desktop\Converter\languages\es\convertir\mov\aiff-a-mov\index.html","True","41","0"
"es","C:\Users\Sipka\Desktop\Converter\languages\es\convertir\mov\bmp-a-mov\index.html","True","41","0"
"es","C:\Users\Sipka\Desktop\Converter\languages\es\convertir\mov\csv-a-mov\index.html","True","41","0"
"es","C:\Users\Sipka\Desktop\Converter\languages\es\convertir\mov\docx-a-mov\index.html","True","41","0"
"es","C:\Users\Sipka\Desktop\Converter\languages\es\convertir\mov\flac-a-mov\index.html","True","41","0"
"es","C:\Users\Sipka\Desktop\Converter\languages\es\convertir\mov\gif-a-mov\index.html","True","41","0"
"es","C:\Users\Sipka\Desktop\Converter\languages\es\convertir\mov\html-a-mov\index.html","True","41","0"
"es","C:\Users\Sipka\Desktop\Converter\languages\es\convertir\mov\jpeg-a-mov\index.html","True","41","0"
"es","C:\Users\Sipka\Desktop\Converter\languages\es\convertir\mov\jpg-a-mov\index.html","True","41","0"
"es","C:\Users\Sipka\Desktop\Converter\languages\es\convertir\mov\json-a-mov\index.html","True","41","0"
"es","C:\Users\Sipka\Desktop\Converter\languages\es\convertir\mov\jsonl-a-mov\index.html","True","41","0"
"es","C:\Users\Sipka\Desktop\Converter\languages\es\convertir\mov\m4a-a-mov\index.html","True","41","0"
"es","C:\Users\Sipka\Desktop\Converter\languages\es\convertir\mov\m4v-a-mov\index.html","True","41","0"
"es","C:\Users\Sipka\Desktop\Converter\languages\es\convertir\mov\md-a-mov\index.html","True","41","0"
"es","C:\Users\Sipka\Desktop\Converter\languages\es\convertir\mov\mkv-a-mov\index.html","True","41","0"
"es","C:\Users\Sipka\Desktop\Converter\languages\es\convertir\mov\mp3-a-mov\index.html","True","41","0"
"es","C:\Users\Sipka\Desktop\Converter\languages\es\convertir\mov\mp4-a-mov\index.html","True","41","0"
"es","C:\Users\Sipka\Desktop\Converter\languages\es\convertir\mov\ogg-a-mov\index.html","True","41","0"
"es","C:\Users\Sipka\Desktop\Converter\languages\es\convertir\mov\opus-a-mov\index.html","True","41","0"
"es","C:\Users\Sipka\Desktop\Converter\languages\es\convertir\mov\pdf-a-mov\index.html","True","41","0"
"es","C:\Users\Sipka\Desktop\Converter\languages\es\convertir\mov\png-a-mov\index.html","True","41","0"
"es","C:\Users\Sipka\Desktop\Converter\languages\es\convertir\mov\pptx-a-mov\index.html","True","41","0"
"es","C:\Users\Sipka\Desktop\Converter\languages\es\convertir\mov\rar-a-mov\index.html","True","41","0"
"es","C:\Users\Sipka\Desktop\Converter\languages\es\convertir\mov\rtf-a-mov\index.html","True","41","0"
"es","C:\Users\Sipka\Desktop\Converter\languages\es\convertir\mov\svg-a-mov\index.html","True","41","0"
"es","C:\Users\Sipka\Desktop\Converter\languages\es\convertir\mov\tar-a-mov\index.html","True","41","0"
"es","C:\Users\Sipka\Desktop\Converter\languages\es\convertir\mov\tar.bz2-a-mov\index.html","True","41","0"
"es","C:\Users\Sipka\Desktop\Converter\languages\es\convertir\mov\tar.gz-a-mov\index.html","True","41","0"
"es","C:\Users\Sipka\Desktop\Converter\languages\es\convertir\mov\tar.xz-a-mov\index.html","True","41","0"
"es","C:\Users\Sipka\Desktop\Converter\languages\es\convertir\mov\tbz-a-mov\index.html","True","41","0"
"es","C:\Users\Sipka\Desktop\Converter\languages\es\convertir\mov\tgz-a-mov\index.html","True","41","0"
"es","C:\Users\Sipka\Desktop\Converter\languages\es\convertir\mov\tiff-a-mov\index.html","True","41","0"
"es","C:\Users\Sipka\Desktop\Converter\languages\es\convertir\mov\tsv-a-mov\index.html","True","41","0"
"es","C:\Users\Sipka\Desktop\Converter\languages\es\convertir\mov\txt-a-mov\index.html","True","41","0"
"es","C:\Users\Sipka\Desktop\Converter\languages\es\convertir\mov\txz-a-mov\index.html","True","41","0"
"es","C:\Users\Sipka\Desktop\Converter\languages\es\convertir\mov\wav-a-mov\index.html","True","41","0"
"es","C:\Users\Sipka\Desktop\Converter\languages\es\convertir\mov\webm-a-mov\index.html","True","41","0"
"es","C:\Users\Sipka\Desktop\Converter\languages\es\convertir\mov\webp-a-mov\index.html","True","41","0"
"es","C:\Users\Sipka\Desktop\Converter\languages\es\convertir\mov\xlsx-a-mov\index.html","True","41","0"
"es","C:\Users\Sipka\Desktop\Converter\languages\es\convertir\mov\zip-a-mov\index.html","True","41","0"
"es","C:\Users\Sipka\Desktop\Converter\languages\es\convertir\mp3\7z-a-mp3\index.html","True","41","0"
"es","C:\Users\Sipka\Desktop\Converter\languages\es\convertir\mp3\aac-a-mp3\index.html","True","41","0"
"es","C:\Users\Sipka\Desktop\Converter\languages\es\convertir\mp3\aiff-a-mp3\index.html","True","41","0"
"es","C:\Users\Sipka\Desktop\Converter\languages\es\convertir\mp3\bmp-a-mp3\index.html","True","41","0"
"es","C:\Users\Sipka\Desktop\Converter\languages\es\convertir\mp3\csv-a-mp3\index.html","True","41","0"
"es","C:\Users\Sipka\Desktop\Converter\languages\es\convertir\mp3\docx-a-mp3\index.html","True","41","0"
"es","C:\Users\Sipka\Desktop\Converter\languages\es\convertir\mp3\flac-a-mp3\index.html","True","41","0"
"es","C:\Users\Sipka\Desktop\Converter\languages\es\convertir\mp3\gif-a-mp3\index.html","True","41","0"
"es","C:\Users\Sipka\Desktop\Converter\languages\es\convertir\mp3\html-a-mp3\index.html","True","41","0"
"es","C:\Users\Sipka\Desktop\Converter\languages\es\convertir\mp3\jpeg-a-mp3\index.html","True","41","0"
"es","C:\Users\Sipka\Desktop\Converter\languages\es\convertir\mp3\jpg-a-mp3\index.html","True","41","0"
"es","C:\Users\Sipka\Desktop\Converter\languages\es\convertir\mp3\json-a-mp3\index.html","True","41","0"
"es","C:\Users\Sipka\Desktop\Converter\languages\es\convertir\mp3\jsonl-a-mp3\index.html","True","41","0"
"es","C:\Users\Sipka\Desktop\Converter\languages\es\convertir\mp3\m4a-a-mp3\index.html","True","41","0"
"es","C:\Users\Sipka\Desktop\Converter\languages\es\convertir\mp3\m4v-a-mp3\index.html","True","41","0"
"es","C:\Users\Sipka\Desktop\Converter\languages\es\convertir\mp3\md-a-mp3\index.html","True","41","0"
"es","C:\Users\Sipka\Desktop\Converter\languages\es\convertir\mp3\mkv-a-mp3\index.html","True","41","0"
"es","C:\Users\Sipka\Desktop\Converter\languages\es\convertir\mp3\mov-a-mp3\index.html","True","41","0"
"es","C:\Users\Sipka\Desktop\Converter\languages\es\convertir\mp3\mp4-a-mp3\index.html","True","41","0"
"es","C:\Users\Sipka\Desktop\Converter\languages\es\convertir\mp3\ogg-a-mp3\index.html","True","41","0"
"es","C:\Users\Sipka\Desktop\Converter\languages\es\convertir\mp3\opus-a-mp3\index.html","True","41","0"
"es","C:\Users\Sipka\Desktop\Converter\languages\es\convertir\mp3\pdf-a-mp3\index.html","True","41","0"
"es","C:\Users\Sipka\Desktop\Converter\languages\es\convertir\mp3\png-a-mp3\index.html","True","41","0"
"es","C:\Users\Sipka\Desktop\Converter\languages\es\convertir\mp3\pptx-a-mp3\index.html","True","41","0"
"es","C:\Users\Sipka\Desktop\Converter\languages\es\convertir\mp3\rar-a-mp3\index.html","True","41","0"
"es","C:\Users\Sipka\Desktop\Converter\languages\es\convertir\mp3\rtf-a-mp3\index.html","True","41","0"
"es","C:\Users\Sipka\Desktop\Converter\languages\es\convertir\mp3\svg-a-mp3\index.html","True","41","0"
"es","C:\Users\Sipka\Desktop\Converter\languages\es\convertir\mp3\tar-a-mp3\index.html","True","41","0"
"es","C:\Users\Sipka\Desktop\Converter\languages\es\convertir\mp3\tar.bz2-a-mp3\index.html","True","41","0"
"es","C:\Users\Sipka\Desktop\Converter\languages\es\convertir\mp3\tar.gz-a-mp3\index.html","True","41","0"
"es","C:\Users\Sipka\Desktop\Converter\languages\es\convertir\mp3\tar.xz-a-mp3\index.html","True","41","0"
"es","C:\Users\Sipka\Desktop\Converter\languages\es\convertir\mp3\tbz-a-mp3\index.html","True","41","0"
"es","C:\Users\Sipka\Desktop\Converter\languages\es\convertir\mp3\tgz-a-mp3\index.html","True","41","0"
"es","C:\Users\Sipka\Desktop\Converter\languages\es\convertir\mp3\tiff-a-mp3\index.html","True","41","0"
"es","C:\Users\Sipka\Desktop\Converter\languages\es\convertir\mp3\tsv-a-mp3\index.html","True","41","0"
"es","C:\Users\Sipka\Desktop\Converter\languages\es\convertir\mp3\txt-a-mp3\index.html","True","41","0"
"es","C:\Users\Sipka\Desktop\Converter\languages\es\convertir\mp3\txz-a-mp3\index.html","True","41","0"
"es","C:\Users\Sipka\Desktop\Converter\languages\es\convertir\mp3\wav-a-mp3\index.html","True","41","0"
"es","C:\Users\Sipka\Desktop\Converter\languages\es\convertir\mp3\webm-a-mp3\index.html","True","41","0"
"es","C:\Users\Sipka\Desktop\Converter\languages\es\convertir\mp3\webp-a-mp3\index.html","True","41","0"
"es","C:\Users\Sipka\Desktop\Converter\languages\es\convertir\mp3\xlsx-a-mp3\index.html","True","41","0"
"es","C:\Users\Sipka\Desktop\Converter\languages\es\convertir\mp3\zip-a-mp3\index.html","True","41","0"
"es","C:\Users\Sipka\Desktop\Converter\languages\es\convertir\mp4\7z-a-mp4\index.html","True","41","0"
"es","C:\Users\Sipka\Desktop\Converter\languages\es\convertir\mp4\aac-a-mp4\index.html","True","41","0"
"es","C:\Users\Sipka\Desktop\Converter\languages\es\convertir\mp4\aiff-a-mp4\index.html","True","41","0"
"es","C:\Users\Sipka\Desktop\Converter\languages\es\convertir\mp4\bmp-a-mp4\index.html","True","41","0"
"es","C:\Users\Sipka\Desktop\Converter\languages\es\convertir\mp4\csv-a-mp4\index.html","True","41","0"
"es","C:\Users\Sipka\Desktop\Converter\languages\es\convertir\mp4\docx-a-mp4\index.html","True","41","0"
"es","C:\Users\Sipka\Desktop\Converter\languages\es\convertir\mp4\flac-a-mp4\index.html","True","41","0"
"es","C:\Users\Sipka\Desktop\Converter\languages\es\convertir\mp4\gif-a-mp4\index.html","True","41","0"
"es","C:\Users\Sipka\Desktop\Converter\languages\es\convertir\mp4\html-a-mp4\index.html","True","41","0"
"es","C:\Users\Sipka\Desktop\Converter\languages\es\convertir\mp4\jpeg-a-mp4\index.html","True","41","0"
"es","C:\Users\Sipka\Desktop\Converter\languages\es\convertir\mp4\jpg-a-mp4\index.html","True","41","0"
"es","C:\Users\Sipka\Desktop\Converter\languages\es\convertir\mp4\json-a-mp4\index.html","True","41","0"
"es","C:\Users\Sipka\Desktop\Converter\languages\es\convertir\mp4\jsonl-a-mp4\index.html","True","41","0"
"es","C:\Users\Sipka\Desktop\Converter\languages\es\convertir\mp4\m4a-a-mp4\index.html","True","41","0"
"es","C:\Users\Sipka\Desktop\Converter\languages\es\convertir\mp4\m4v-a-mp4\index.html","True","41","0"
"es","C:\Users\Sipka\Desktop\Converter\languages\es\convertir\mp4\md-a-mp4\index.html","True","41","0"
"es","C:\Users\Sipka\Desktop\Converter\languages\es\convertir\mp4\mkv-a-mp4\index.html","True","41","0"
"es","C:\Users\Sipka\Desktop\Converter\languages\es\convertir\mp4\mov-a-mp4\index.html","True","41","0"
"es","C:\Users\Sipka\Desktop\Converter\languages\es\convertir\mp4\mp3-a-mp4\index.html","True","41","0"
"es","C:\Users\Sipka\Desktop\Converter\languages\es\convertir\mp4\ogg-a-mp4\index.html","True","41","0"
"es","C:\Users\Sipka\Desktop\Converter\languages\es\convertir\mp4\opus-a-mp4\index.html","True","41","0"
"es","C:\Users\Sipka\Desktop\Converter\languages\es\convertir\mp4\pdf-a-mp4\index.html","True","41","0"
"es","C:\Users\Sipka\Desktop\Converter\languages\es\convertir\mp4\png-a-mp4\index.html","True","41","0"
"es","C:\Users\Sipka\Desktop\Converter\languages\es\convertir\mp4\pptx-a-mp4\index.html","True","41","0"
"es","C:\Users\Sipka\Desktop\Converter\languages\es\convertir\mp4\rar-a-mp4\index.html","True","41","0"
"es","C:\Users\Sipka\Desktop\Converter\languages\es\convertir\mp4\rtf-a-mp4\index.html","True","41","0"
"es","C:\Users\Sipka\Desktop\Converter\languages\es\convertir\mp4\svg-a-mp4\index.html","True","41","0"
"es","C:\Users\Sipka\Desktop\Converter\languages\es\convertir\mp4\tar-a-mp4\index.html","True","41","0"
"es","C:\Users\Sipka\Desktop\Converter\languages\es\convertir\mp4\tar.bz2-a-mp4\index.html","True","41","0"
"es","C:\Users\Sipka\Desktop\Converter\languages\es\convertir\mp4\tar.gz-a-mp4\index.html","True","41","0"
"es","C:\Users\Sipka\Desktop\Converter\languages\es\convertir\mp4\tar.xz-a-mp4\index.html","True","41","0"
"es","C:\Users\Sipka\Desktop\Converter\languages\es\convertir\mp4\tbz-a-mp4\index.html","True","41","0"
"es","C:\Users\Sipka\Desktop\Converter\languages\es\convertir\mp4\tgz-a-mp4\index.html","True","41","0"
"es","C:\Users\Sipka\Desktop\Converter\languages\es\convertir\mp4\tiff-a-mp4\index.html","True","41","0"
"es","C:\Users\Sipka\Desktop\Converter\languages\es\convertir\mp4\tsv-a-mp4\index.html","True","41","0"
"es","C:\Users\Sipka\Desktop\Converter\languages\es\convertir\mp4\txt-a-mp4\index.html","True","41","0"
"es","C:\Users\Sipka\Desktop\Converter\languages\es\convertir\mp4\txz-a-mp4\index.html","True","41","0"
"es","C:\Users\Sipka\Desktop\Converter\languages\es\convertir\mp4\wav-a-mp4\index.html","True","41","0"
"es","C:\Users\Sipka\Desktop\Converter\languages\es\convertir\mp4\webm-a-mp4\index.html","True","41","0"
"es","C:\Users\Sipka\Desktop\Converter\languages\es\convertir\mp4\webp-a-mp4\index.html","True","41","0"
"es","C:\Users\Sipka\Desktop\Converter\languages\es\convertir\mp4\xlsx-a-mp4\index.html","True","41","0"
"es","C:\Users\Sipka\Desktop\Converter\languages\es\convertir\mp4\zip-a-mp4\index.html","True","41","0"
"es","C:\Users\Sipka\Desktop\Converter\languages\es\convertir\ogg\7z-a-ogg\index.html","True","41","0"
"es","C:\Users\Sipka\Desktop\Converter\languages\es\convertir\ogg\aac-a-ogg\index.html","True","41","0"
"es","C:\Users\Sipka\Desktop\Converter\languages\es\convertir\ogg\aiff-a-ogg\index.html","True","41","0"
"es","C:\Users\Sipka\Desktop\Converter\languages\es\convertir\ogg\bmp-a-ogg\index.html","True","41","0"
"es","C:\Users\Sipka\Desktop\Converter\languages\es\convertir\ogg\csv-a-ogg\index.html","True","41","0"
"es","C:\Users\Sipka\Desktop\Converter\languages\es\convertir\ogg\docx-a-ogg\index.html","True","41","0"
"es","C:\Users\Sipka\Desktop\Converter\languages\es\convertir\ogg\flac-a-ogg\index.html","True","41","0"
"es","C:\Users\Sipka\Desktop\Converter\languages\es\convertir\ogg\gif-a-ogg\index.html","True","41","0"
"es","C:\Users\Sipka\Desktop\Converter\languages\es\convertir\ogg\html-a-ogg\index.html","True","41","0"
"es","C:\Users\Sipka\Desktop\Converter\languages\es\convertir\ogg\jpeg-a-ogg\index.html","True","41","0"
"es","C:\Users\Sipka\Desktop\Converter\languages\es\convertir\ogg\jpg-a-ogg\index.html","True","41","0"
"es","C:\Users\Sipka\Desktop\Converter\languages\es\convertir\ogg\json-a-ogg\index.html","True","41","0"
"es","C:\Users\Sipka\Desktop\Converter\languages\es\convertir\ogg\jsonl-a-ogg\index.html","True","41","0"
"es","C:\Users\Sipka\Desktop\Converter\languages\es\convertir\ogg\m4a-a-ogg\index.html","True","41","0"
"es","C:\Users\Sipka\Desktop\Converter\languages\es\convertir\ogg\m4v-a-ogg\index.html","True","41","0"
"es","C:\Users\Sipka\Desktop\Converter\languages\es\convertir\ogg\md-a-ogg\index.html","True","41","0"
"es","C:\Users\Sipka\Desktop\Converter\languages\es\convertir\ogg\mkv-a-ogg\index.html","True","41","0"
"es","C:\Users\Sipka\Desktop\Converter\languages\es\convertir\ogg\mov-a-ogg\index.html","True","41","0"
"es","C:\Users\Sipka\Desktop\Converter\languages\es\convertir\ogg\mp3-a-ogg\index.html","True","41","0"
"es","C:\Users\Sipka\Desktop\Converter\languages\es\convertir\ogg\mp4-a-ogg\index.html","True","41","0"
"es","C:\Users\Sipka\Desktop\Converter\languages\es\convertir\ogg\opus-a-ogg\index.html","True","41","0"
"es","C:\Users\Sipka\Desktop\Converter\languages\es\convertir\ogg\pdf-a-ogg\index.html","True","41","0"
"es","C:\Users\Sipka\Desktop\Converter\languages\es\convertir\ogg\png-a-ogg\index.html","True","41","0"
"es","C:\Users\Sipka\Desktop\Converter\languages\es\convertir\ogg\pptx-a-ogg\index.html","True","41","0"
"es","C:\Users\Sipka\Desktop\Converter\languages\es\convertir\ogg\rar-a-ogg\index.html","True","41","0"
"es","C:\Users\Sipka\Desktop\Converter\languages\es\convertir\ogg\rtf-a-ogg\index.html","True","41","0"
"es","C:\Users\Sipka\Desktop\Converter\languages\es\convertir\ogg\svg-a-ogg\index.html","True","41","0"
"es","C:\Users\Sipka\Desktop\Converter\languages\es\convertir\ogg\tar-a-ogg\index.html","True","41","0"
"es","C:\Users\Sipka\Desktop\Converter\languages\es\convertir\ogg\tar.bz2-a-ogg\index.html","True","41","0"
"es","C:\Users\Sipka\Desktop\Converter\languages\es\convertir\ogg\tar.gz-a-ogg\index.html","True","41","0"
"es","C:\Users\Sipka\Desktop\Converter\languages\es\convertir\ogg\tar.xz-a-ogg\index.html","True","41","0"
"es","C:\Users\Sipka\Desktop\Converter\languages\es\convertir\ogg\tbz-a-ogg\index.html","True","41","0"
"es","C:\Users\Sipka\Desktop\Converter\languages\es\convertir\ogg\tgz-a-ogg\index.html","True","41","0"
"es","C:\Users\Sipka\Desktop\Converter\languages\es\convertir\ogg\tiff-a-ogg\index.html","True","41","0"
"es","C:\Users\Sipka\Desktop\Converter\languages\es\convertir\ogg\tsv-a-ogg\index.html","True","41","0"
"es","C:\Users\Sipka\Desktop\Converter\languages\es\convertir\ogg\txt-a-ogg\index.html","True","41","0"
"es","C:\Users\Sipka\Desktop\Converter\languages\es\convertir\ogg\txz-a-ogg\index.html","True","41","0"
"es","C:\Users\Sipka\Desktop\Converter\languages\es\convertir\ogg\wav-a-ogg\index.html","True","41","0"
"es","C:\Users\Sipka\Desktop\Converter\languages\es\convertir\ogg\webm-a-ogg\index.html","True","41","0"
"es","C:\Users\Sipka\Desktop\Converter\languages\es\convertir\ogg\webp-a-ogg\index.html","True","41","0"
"es","C:\Users\Sipka\Desktop\Converter\languages\es\convertir\ogg\xlsx-a-ogg\index.html","True","41","0"
"es","C:\Users\Sipka\Desktop\Converter\languages\es\convertir\ogg\zip-a-ogg\index.html","True","41","0"
"es","C:\Users\Sipka\Desktop\Converter\languages\es\convertir\opus\7z-a-opus\index.html","True","41","0"
"es","C:\Users\Sipka\Desktop\Converter\languages\es\convertir\opus\aac-a-opus\index.html","True","41","0"
"es","C:\Users\Sipka\Desktop\Converter\languages\es\convertir\opus\aiff-a-opus\index.html","True","41","0"
"es","C:\Users\Sipka\Desktop\Converter\languages\es\convertir\opus\bmp-a-opus\index.html","True","41","0"
"es","C:\Users\Sipka\Desktop\Converter\languages\es\convertir\opus\csv-a-opus\index.html","True","41","0"
"es","C:\Users\Sipka\Desktop\Converter\languages\es\convertir\opus\docx-a-opus\index.html","True","41","0"
"es","C:\Users\Sipka\Desktop\Converter\languages\es\convertir\opus\flac-a-opus\index.html","True","41","0"
"es","C:\Users\Sipka\Desktop\Converter\languages\es\convertir\opus\gif-a-opus\index.html","True","41","0"
"es","C:\Users\Sipka\Desktop\Converter\languages\es\convertir\opus\html-a-opus\index.html","True","41","0"
"es","C:\Users\Sipka\Desktop\Converter\languages\es\convertir\opus\jpeg-a-opus\index.html","True","41","0"
"es","C:\Users\Sipka\Desktop\Converter\languages\es\convertir\opus\jpg-a-opus\index.html","True","41","0"
"es","C:\Users\Sipka\Desktop\Converter\languages\es\convertir\opus\json-a-opus\index.html","True","41","0"
"es","C:\Users\Sipka\Desktop\Converter\languages\es\convertir\opus\jsonl-a-opus\index.html","True","41","0"
"es","C:\Users\Sipka\Desktop\Converter\languages\es\convertir\opus\m4a-a-opus\index.html","True","41","0"
"es","C:\Users\Sipka\Desktop\Converter\languages\es\convertir\opus\m4v-a-opus\index.html","True","41","0"
"es","C:\Users\Sipka\Desktop\Converter\languages\es\convertir\opus\md-a-opus\index.html","True","41","0"
"es","C:\Users\Sipka\Desktop\Converter\languages\es\convertir\opus\mkv-a-opus\index.html","True","41","0"
"es","C:\Users\Sipka\Desktop\Converter\languages\es\convertir\opus\mov-a-opus\index.html","True","41","0"
"es","C:\Users\Sipka\Desktop\Converter\languages\es\convertir\opus\mp3-a-opus\index.html","True","41","0"
"es","C:\Users\Sipka\Desktop\Converter\languages\es\convertir\opus\mp4-a-opus\index.html","True","41","0"
"es","C:\Users\Sipka\Desktop\Converter\languages\es\convertir\opus\ogg-a-opus\index.html","True","41","0"
"es","C:\Users\Sipka\Desktop\Converter\languages\es\convertir\opus\pdf-a-opus\index.html","True","41","0"
"es","C:\Users\Sipka\Desktop\Converter\languages\es\convertir\opus\png-a-opus\index.html","True","41","0"
"es","C:\Users\Sipka\Desktop\Converter\languages\es\convertir\opus\pptx-a-opus\index.html","True","41","0"
"es","C:\Users\Sipka\Desktop\Converter\languages\es\convertir\opus\rar-a-opus\index.html","True","41","0"
"es","C:\Users\Sipka\Desktop\Converter\languages\es\convertir\opus\rtf-a-opus\index.html","True","41","0"
"es","C:\Users\Sipka\Desktop\Converter\languages\es\convertir\opus\svg-a-opus\index.html","True","41","0"
"es","C:\Users\Sipka\Desktop\Converter\languages\es\convertir\opus\tar-a-opus\index.html","True","41","0"
"es","C:\Users\Sipka\Desktop\Converter\languages\es\convertir\opus\tar.bz2-a-opus\index.html","True","41","0"
"es","C:\Users\Sipka\Desktop\Converter\languages\es\convertir\opus\tar.gz-a-opus\index.html","True","41","0"
"es","C:\Users\Sipka\Desktop\Converter\languages\es\convertir\opus\tar.xz-a-opus\index.html","True","41","0"
"es","C:\Users\Sipka\Desktop\Converter\languages\es\convertir\opus\tbz-a-opus\index.html","True","41","0"
"es","C:\Users\Sipka\Desktop\Converter\languages\es\convertir\opus\tgz-a-opus\index.html","True","41","0"
"es","C:\Users\Sipka\Desktop\Converter\languages\es\convertir\opus\tiff-a-opus\index.html","True","41","0"
"es","C:\Users\Sipka\Desktop\Converter\languages\es\convertir\opus\tsv-a-opus\index.html","True","41","0"
"es","C:\Users\Sipka\Desktop\Converter\languages\es\convertir\opus\txt-a-opus\index.html","True","41","0"
"es","C:\Users\Sipka\Desktop\Converter\languages\es\convertir\opus\txz-a-opus\index.html","True","41","0"
"es","C:\Users\Sipka\Desktop\Converter\languages\es\convertir\opus\wav-a-opus\index.html","True","41","0"
"es","C:\Users\Sipka\Desktop\Converter\languages\es\convertir\opus\webm-a-opus\index.html","True","41","0"
"es","C:\Users\Sipka\Desktop\Converter\languages\es\convertir\opus\webp-a-opus\index.html","True","41","0"
"es","C:\Users\Sipka\Desktop\Converter\languages\es\convertir\opus\xlsx-a-opus\index.html","True","41","0"
"es","C:\Users\Sipka\Desktop\Converter\languages\es\convertir\opus\zip-a-opus\index.html","True","41","0"
"es","C:\Users\Sipka\Desktop\Converter\languages\es\convertir\pdf\7z-a-pdf\index.html","True","41","0"
"es","C:\Users\Sipka\Desktop\Converter\languages\es\convertir\pdf\aac-a-pdf\index.html","True","41","0"
"es","C:\Users\Sipka\Desktop\Converter\languages\es\convertir\pdf\aiff-a-pdf\index.html","True","41","0"
"es","C:\Users\Sipka\Desktop\Converter\languages\es\convertir\pdf\bmp-a-pdf\index.html","True","41","0"
"es","C:\Users\Sipka\Desktop\Converter\languages\es\convertir\pdf\csv-a-pdf\index.html","True","41","0"
"es","C:\Users\Sipka\Desktop\Converter\languages\es\convertir\pdf\docx-a-pdf\index.html","True","41","0"
"es","C:\Users\Sipka\Desktop\Converter\languages\es\convertir\pdf\flac-a-pdf\index.html","True","41","0"
"es","C:\Users\Sipka\Desktop\Converter\languages\es\convertir\pdf\gif-a-pdf\index.html","True","41","0"
"es","C:\Users\Sipka\Desktop\Converter\languages\es\convertir\pdf\html-a-pdf\index.html","True","41","0"
"es","C:\Users\Sipka\Desktop\Converter\languages\es\convertir\pdf\jpeg-a-pdf\index.html","True","41","0"
"es","C:\Users\Sipka\Desktop\Converter\languages\es\convertir\pdf\jpg-a-pdf\index.html","True","41","0"
"es","C:\Users\Sipka\Desktop\Converter\languages\es\convertir\pdf\json-a-pdf\index.html","True","41","0"
"es","C:\Users\Sipka\Desktop\Converter\languages\es\convertir\pdf\jsonl-a-pdf\index.html","True","41","0"
"es","C:\Users\Sipka\Desktop\Converter\languages\es\convertir\pdf\m4a-a-pdf\index.html","True","41","0"
"es","C:\Users\Sipka\Desktop\Converter\languages\es\convertir\pdf\m4v-a-pdf\index.html","True","41","0"
"es","C:\Users\Sipka\Desktop\Converter\languages\es\convertir\pdf\md-a-pdf\index.html","True","41","0"
"es","C:\Users\Sipka\Desktop\Converter\languages\es\convertir\pdf\mkv-a-pdf\index.html","True","41","0"
"es","C:\Users\Sipka\Desktop\Converter\languages\es\convertir\pdf\mov-a-pdf\index.html","True","41","0"
"es","C:\Users\Sipka\Desktop\Converter\languages\es\convertir\pdf\mp3-a-pdf\index.html","True","41","0"
"es","C:\Users\Sipka\Desktop\Converter\languages\es\convertir\pdf\mp4-a-pdf\index.html","True","41","0"
"es","C:\Users\Sipka\Desktop\Converter\languages\es\convertir\pdf\ogg-a-pdf\index.html","True","41","0"
"es","C:\Users\Sipka\Desktop\Converter\languages\es\convertir\pdf\opus-a-pdf\index.html","True","41","0"
"es","C:\Users\Sipka\Desktop\Converter\languages\es\convertir\pdf\png-a-pdf\index.html","True","41","0"
"es","C:\Users\Sipka\Desktop\Converter\languages\es\convertir\pdf\pptx-a-pdf\index.html","True","41","0"
"es","C:\Users\Sipka\Desktop\Converter\languages\es\convertir\pdf\rar-a-pdf\index.html","True","41","0"
"es","C:\Users\Sipka\Desktop\Converter\languages\es\convertir\pdf\rtf-a-pdf\index.html","True","41","0"
"es","C:\Users\Sipka\Desktop\Converter\languages\es\convertir\pdf\svg-a-pdf\index.html","True","41","0"
"es","C:\Users\Sipka\Desktop\Converter\languages\es\convertir\pdf\tar-a-pdf\index.html","True","41","0"
"es","C:\Users\Sipka\Desktop\Converter\languages\es\convertir\pdf\tar.bz2-a-pdf\index.html","True","41","0"
"es","C:\Users\Sipka\Desktop\Converter\languages\es\convertir\pdf\tar.gz-a-pdf\index.html","True","41","0"
"es","C:\Users\Sipka\Desktop\Converter\languages\es\convertir\pdf\tar.xz-a-pdf\index.html","True","41","0"
"es","C:\Users\Sipka\Desktop\Converter\languages\es\convertir\pdf\tbz-a-pdf\index.html","True","41","0"
"es","C:\Users\Sipka\Desktop\Converter\languages\es\convertir\pdf\tgz-a-pdf\index.html","True","41","0"
"es","C:\Users\Sipka\Desktop\Converter\languages\es\convertir\pdf\tiff-a-pdf\index.html","True","41","0"
"es","C:\Users\Sipka\Desktop\Converter\languages\es\convertir\pdf\tsv-a-pdf\index.html","True","41","0"
"es","C:\Users\Sipka\Desktop\Converter\languages\es\convertir\pdf\txt-a-pdf\index.html","True","41","0"
"es","C:\Users\Sipka\Desktop\Converter\languages\es\convertir\pdf\txz-a-pdf\index.html","True","41","0"
"es","C:\Users\Sipka\Desktop\Converter\languages\es\convertir\pdf\wav-a-pdf\index.html","True","41","0"
"es","C:\Users\Sipka\Desktop\Converter\languages\es\convertir\pdf\webm-a-pdf\index.html","True","41","0"
"es","C:\Users\Sipka\Desktop\Converter\languages\es\convertir\pdf\webp-a-pdf\index.html","True","41","0"
"es","C:\Users\Sipka\Desktop\Converter\languages\es\convertir\pdf\xlsx-a-pdf\index.html","True","41","0"
"es","C:\Users\Sipka\Desktop\Converter\languages\es\convertir\pdf\zip-a-pdf\index.html","True","41","0"
"es","C:\Users\Sipka\Desktop\Converter\languages\es\convertir\png\7z-a-png\index.html","True","41","0"
"es","C:\Users\Sipka\Desktop\Converter\languages\es\convertir\png\aac-a-png\index.html","True","41","0"
"es","C:\Users\Sipka\Desktop\Converter\languages\es\convertir\png\aiff-a-png\index.html","True","41","0"
"es","C:\Users\Sipka\Desktop\Converter\languages\es\convertir\png\bmp-a-png\index.html","True","41","0"
"es","C:\Users\Sipka\Desktop\Converter\languages\es\convertir\png\csv-a-png\index.html","True","41","0"
"es","C:\Users\Sipka\Desktop\Converter\languages\es\convertir\png\docx-a-png\index.html","True","41","0"
"es","C:\Users\Sipka\Desktop\Converter\languages\es\convertir\png\flac-a-png\index.html","True","41","0"
"es","C:\Users\Sipka\Desktop\Converter\languages\es\convertir\png\gif-a-png\index.html","True","41","0"
"es","C:\Users\Sipka\Desktop\Converter\languages\es\convertir\png\html-a-png\index.html","True","41","0"
"es","C:\Users\Sipka\Desktop\Converter\languages\es\convertir\png\jpeg-a-png\index.html","True","41","0"
"es","C:\Users\Sipka\Desktop\Converter\languages\es\convertir\png\jpg-a-png\index.html","True","41","0"
"es","C:\Users\Sipka\Desktop\Converter\languages\es\convertir\png\json-a-png\index.html","True","41","0"
"es","C:\Users\Sipka\Desktop\Converter\languages\es\convertir\png\jsonl-a-png\index.html","True","41","0"
"es","C:\Users\Sipka\Desktop\Converter\languages\es\convertir\png\m4a-a-png\index.html","True","41","0"
"es","C:\Users\Sipka\Desktop\Converter\languages\es\convertir\png\m4v-a-png\index.html","True","41","0"
"es","C:\Users\Sipka\Desktop\Converter\languages\es\convertir\png\md-a-png\index.html","True","41","0"
"es","C:\Users\Sipka\Desktop\Converter\languages\es\convertir\png\mkv-a-png\index.html","True","41","0"
"es","C:\Users\Sipka\Desktop\Converter\languages\es\convertir\png\mov-a-png\index.html","True","41","0"
"es","C:\Users\Sipka\Desktop\Converter\languages\es\convertir\png\mp3-a-png\index.html","True","41","0"
"es","C:\Users\Sipka\Desktop\Converter\languages\es\convertir\png\mp4-a-png\index.html","True","41","0"
"es","C:\Users\Sipka\Desktop\Converter\languages\es\convertir\png\ogg-a-png\index.html","True","41","0"
"es","C:\Users\Sipka\Desktop\Converter\languages\es\convertir\png\opus-a-png\index.html","True","41","0"
"es","C:\Users\Sipka\Desktop\Converter\languages\es\convertir\png\pdf-a-png\index.html","True","41","0"
"es","C:\Users\Sipka\Desktop\Converter\languages\es\convertir\png\pptx-a-png\index.html","True","41","0"
"es","C:\Users\Sipka\Desktop\Converter\languages\es\convertir\png\rar-a-png\index.html","True","41","0"
"es","C:\Users\Sipka\Desktop\Converter\languages\es\convertir\png\rtf-a-png\index.html","True","41","0"
"es","C:\Users\Sipka\Desktop\Converter\languages\es\convertir\png\svg-a-png\index.html","True","41","0"
"es","C:\Users\Sipka\Desktop\Converter\languages\es\convertir\png\tar-a-png\index.html","True","41","0"
"es","C:\Users\Sipka\Desktop\Converter\languages\es\convertir\png\tar.bz2-a-png\index.html","True","41","0"
"es","C:\Users\Sipka\Desktop\Converter\languages\es\convertir\png\tar.gz-a-png\index.html","True","41","0"
"es","C:\Users\Sipka\Desktop\Converter\languages\es\convertir\png\tar.xz-a-png\index.html","True","41","0"
"es","C:\Users\Sipka\Desktop\Converter\languages\es\convertir\png\tbz-a-png\index.html","True","41","0"
"es","C:\Users\Sipka\Desktop\Converter\languages\es\convertir\png\tgz-a-png\index.html","True","41","0"
"es","C:\Users\Sipka\Desktop\Converter\languages\es\convertir\png\tiff-a-png\index.html","True","41","0"
"es","C:\Users\Sipka\Desktop\Converter\languages\es\convertir\png\tsv-a-png\index.html","True","41","0"
"es","C:\Users\Sipka\Desktop\Converter\languages\es\convertir\png\txt-a-png\index.html","True","41","0"
"es","C:\Users\Sipka\Desktop\Converter\languages\es\convertir\png\txz-a-png\index.html","True","41","0"
"es","C:\Users\Sipka\Desktop\Converter\languages\es\convertir\png\wav-a-png\index.html","True","41","0"
"es","C:\Users\Sipka\Desktop\Converter\languages\es\convertir\png\webm-a-png\index.html","True","41","0"
"es","C:\Users\Sipka\Desktop\Converter\languages\es\convertir\png\webp-a-png\index.html","True","41","0"
"es","C:\Users\Sipka\Desktop\Converter\languages\es\convertir\png\xlsx-a-png\index.html","True","41","0"
"es","C:\Users\Sipka\Desktop\Converter\languages\es\convertir\png\zip-a-png\index.html","True","41","0"
"es","C:\Users\Sipka\Desktop\Converter\languages\es\convertir\pptx\7z-a-pptx\index.html","True","41","0"
"es","C:\Users\Sipka\Desktop\Converter\languages\es\convertir\pptx\aac-a-pptx\index.html","True","41","0"
"es","C:\Users\Sipka\Desktop\Converter\languages\es\convertir\pptx\aiff-a-pptx\index.html","True","41","0"
"es","C:\Users\Sipka\Desktop\Converter\languages\es\convertir\pptx\bmp-a-pptx\index.html","True","41","0"
"es","C:\Users\Sipka\Desktop\Converter\languages\es\convertir\pptx\csv-a-pptx\index.html","True","41","0"
"es","C:\Users\Sipka\Desktop\Converter\languages\es\convertir\pptx\docx-a-pptx\index.html","True","41","0"
"es","C:\Users\Sipka\Desktop\Converter\languages\es\convertir\pptx\flac-a-pptx\index.html","True","41","0"
"es","C:\Users\Sipka\Desktop\Converter\languages\es\convertir\pptx\gif-a-pptx\index.html","True","41","0"
"es","C:\Users\Sipka\Desktop\Converter\languages\es\convertir\pptx\html-a-pptx\index.html","True","41","0"
"es","C:\Users\Sipka\Desktop\Converter\languages\es\convertir\pptx\jpeg-a-pptx\index.html","True","41","0"
"es","C:\Users\Sipka\Desktop\Converter\languages\es\convertir\pptx\jpg-a-pptx\index.html","True","41","0"
"es","C:\Users\Sipka\Desktop\Converter\languages\es\convertir\pptx\json-a-pptx\index.html","True","41","0"
"es","C:\Users\Sipka\Desktop\Converter\languages\es\convertir\pptx\jsonl-a-pptx\index.html","True","41","0"
"es","C:\Users\Sipka\Desktop\Converter\languages\es\convertir\pptx\m4a-a-pptx\index.html","True","41","0"
"es","C:\Users\Sipka\Desktop\Converter\languages\es\convertir\pptx\m4v-a-pptx\index.html","True","41","0"
"es","C:\Users\Sipka\Desktop\Converter\languages\es\convertir\pptx\md-a-pptx\index.html","True","41","0"
"es","C:\Users\Sipka\Desktop\Converter\languages\es\convertir\pptx\mkv-a-pptx\index.html","True","41","0"
"es","C:\Users\Sipka\Desktop\Converter\languages\es\convertir\pptx\mov-a-pptx\index.html","True","41","0"
"es","C:\Users\Sipka\Desktop\Converter\languages\es\convertir\pptx\mp3-a-pptx\index.html","True","41","0"
"es","C:\Users\Sipka\Desktop\Converter\languages\es\convertir\pptx\mp4-a-pptx\index.html","True","41","0"
"es","C:\Users\Sipka\Desktop\Converter\languages\es\convertir\pptx\ogg-a-pptx\index.html","True","41","0"
"es","C:\Users\Sipka\Desktop\Converter\languages\es\convertir\pptx\opus-a-pptx\index.html","True","41","0"
"es","C:\Users\Sipka\Desktop\Converter\languages\es\convertir\pptx\pdf-a-pptx\index.html","True","41","0"
"es","C:\Users\Sipka\Desktop\Converter\languages\es\convertir\pptx\png-a-pptx\index.html","True","41","0"
"es","C:\Users\Sipka\Desktop\Converter\languages\es\convertir\pptx\rar-a-pptx\index.html","True","41","0"
"es","C:\Users\Sipka\Desktop\Converter\languages\es\convertir\pptx\rtf-a-pptx\index.html","True","41","0"
"es","C:\Users\Sipka\Desktop\Converter\languages\es\convertir\pptx\svg-a-pptx\index.html","True","41","0"
"es","C:\Users\Sipka\Desktop\Converter\languages\es\convertir\pptx\tar-a-pptx\index.html","True","41","0"
"es","C:\Users\Sipka\Desktop\Converter\languages\es\convertir\pptx\tar.bz2-a-pptx\index.html","True","41","0"
"es","C:\Users\Sipka\Desktop\Converter\languages\es\convertir\pptx\tar.gz-a-pptx\index.html","True","41","0"
"es","C:\Users\Sipka\Desktop\Converter\languages\es\convertir\pptx\tar.xz-a-pptx\index.html","True","41","0"
"es","C:\Users\Sipka\Desktop\Converter\languages\es\convertir\pptx\tbz-a-pptx\index.html","True","41","0"
"es","C:\Users\Sipka\Desktop\Converter\languages\es\convertir\pptx\tgz-a-pptx\index.html","True","41","0"
"es","C:\Users\Sipka\Desktop\Converter\languages\es\convertir\pptx\tiff-a-pptx\index.html","True","41","0"
"es","C:\Users\Sipka\Desktop\Converter\languages\es\convertir\pptx\tsv-a-pptx\index.html","True","41","0"
"es","C:\Users\Sipka\Desktop\Converter\languages\es\convertir\pptx\txt-a-pptx\index.html","True","41","0"
"es","C:\Users\Sipka\Desktop\Converter\languages\es\convertir\pptx\txz-a-pptx\index.html","True","41","0"
"es","C:\Users\Sipka\Desktop\Converter\languages\es\convertir\pptx\wav-a-pptx\index.html","True","41","0"
"es","C:\Users\Sipka\Desktop\Converter\languages\es\convertir\pptx\webm-a-pptx\index.html","True","41","0"
"es","C:\Users\Sipka\Desktop\Converter\languages\es\convertir\pptx\webp-a-pptx\index.html","True","41","0"
"es","C:\Users\Sipka\Desktop\Converter\languages\es\convertir\pptx\xlsx-a-pptx\index.html","True","41","0"
"es","C:\Users\Sipka\Desktop\Converter\languages\es\convertir\pptx\zip-a-pptx\index.html","True","41","0"
"es","C:\Users\Sipka\Desktop\Converter\languages\es\convertir\rar\7z-a-rar\index.html","True","41","0"
"es","C:\Users\Sipka\Desktop\Converter\languages\es\convertir\rar\aac-a-rar\index.html","True","41","0"
"es","C:\Users\Sipka\Desktop\Converter\languages\es\convertir\rar\aiff-a-rar\index.html","True","41","0"
"es","C:\Users\Sipka\Desktop\Converter\languages\es\convertir\rar\bmp-a-rar\index.html","True","41","0"
"es","C:\Users\Sipka\Desktop\Converter\languages\es\convertir\rar\csv-a-rar\index.html","True","41","0"
"es","C:\Users\Sipka\Desktop\Converter\languages\es\convertir\rar\docx-a-rar\index.html","True","41","0"
"es","C:\Users\Sipka\Desktop\Converter\languages\es\convertir\rar\flac-a-rar\index.html","True","41","0"
"es","C:\Users\Sipka\Desktop\Converter\languages\es\convertir\rar\gif-a-rar\index.html","True","41","0"
"es","C:\Users\Sipka\Desktop\Converter\languages\es\convertir\rar\html-a-rar\index.html","True","41","0"
"es","C:\Users\Sipka\Desktop\Converter\languages\es\convertir\rar\jpeg-a-rar\index.html","True","41","0"
"es","C:\Users\Sipka\Desktop\Converter\languages\es\convertir\rar\jpg-a-rar\index.html","True","41","0"
"es","C:\Users\Sipka\Desktop\Converter\languages\es\convertir\rar\json-a-rar\index.html","True","41","0"
"es","C:\Users\Sipka\Desktop\Converter\languages\es\convertir\rar\jsonl-a-rar\index.html","True","41","0"
"es","C:\Users\Sipka\Desktop\Converter\languages\es\convertir\rar\m4a-a-rar\index.html","True","41","0"
"es","C:\Users\Sipka\Desktop\Converter\languages\es\convertir\rar\m4v-a-rar\index.html","True","41","0"
"es","C:\Users\Sipka\Desktop\Converter\languages\es\convertir\rar\md-a-rar\index.html","True","41","0"
"es","C:\Users\Sipka\Desktop\Converter\languages\es\convertir\rar\mkv-a-rar\index.html","True","41","0"
"es","C:\Users\Sipka\Desktop\Converter\languages\es\convertir\rar\mov-a-rar\index.html","True","41","0"
"es","C:\Users\Sipka\Desktop\Converter\languages\es\convertir\rar\mp3-a-rar\index.html","True","41","0"
"es","C:\Users\Sipka\Desktop\Converter\languages\es\convertir\rar\mp4-a-rar\index.html","True","41","0"
"es","C:\Users\Sipka\Desktop\Converter\languages\es\convertir\rar\ogg-a-rar\index.html","True","41","0"
"es","C:\Users\Sipka\Desktop\Converter\languages\es\convertir\rar\opus-a-rar\index.html","True","41","0"
"es","C:\Users\Sipka\Desktop\Converter\languages\es\convertir\rar\pdf-a-rar\index.html","True","41","0"
"es","C:\Users\Sipka\Desktop\Converter\languages\es\convertir\rar\png-a-rar\index.html","True","41","0"
"es","C:\Users\Sipka\Desktop\Converter\languages\es\convertir\rar\pptx-a-rar\index.html","True","41","0"
"es","C:\Users\Sipka\Desktop\Converter\languages\es\convertir\rar\rtf-a-rar\index.html","True","41","0"
"es","C:\Users\Sipka\Desktop\Converter\languages\es\convertir\rar\svg-a-rar\index.html","True","41","0"
"es","C:\Users\Sipka\Desktop\Converter\languages\es\convertir\rar\tar-a-rar\index.html","True","41","0"
"es","C:\Users\Sipka\Desktop\Converter\languages\es\convertir\rar\tar.bz2-a-rar\index.html","True","41","0"
"es","C:\Users\Sipka\Desktop\Converter\languages\es\convertir\rar\tar.gz-a-rar\index.html","True","41","0"
"es","C:\Users\Sipka\Desktop\Converter\languages\es\convertir\rar\tar.xz-a-rar\index.html","True","41","0"
"es","C:\Users\Sipka\Desktop\Converter\languages\es\convertir\rar\tbz-a-rar\index.html","True","41","0"
"es","C:\Users\Sipka\Desktop\Converter\languages\es\convertir\rar\tgz-a-rar\index.html","True","41","0"
"es","C:\Users\Sipka\Desktop\Converter\languages\es\convertir\rar\tiff-a-rar\index.html","True","41","0"
"es","C:\Users\Sipka\Desktop\Converter\languages\es\convertir\rar\tsv-a-rar\index.html","True","41","0"
"es","C:\Users\Sipka\Desktop\Converter\languages\es\convertir\rar\txt-a-rar\index.html","True","41","0"
"es","C:\Users\Sipka\Desktop\Converter\languages\es\convertir\rar\txz-a-rar\index.html","True","41","0"
"es","C:\Users\Sipka\Desktop\Converter\languages\es\convertir\rar\wav-a-rar\index.html","True","41","0"
"es","C:\Users\Sipka\Desktop\Converter\languages\es\convertir\rar\webm-a-rar\index.html","True","41","0"
"es","C:\Users\Sipka\Desktop\Converter\languages\es\convertir\rar\webp-a-rar\index.html","True","41","0"
"es","C:\Users\Sipka\Desktop\Converter\languages\es\convertir\rar\xlsx-a-rar\index.html","True","41","0"
"es","C:\Users\Sipka\Desktop\Converter\languages\es\convertir\rar\zip-a-rar\index.html","True","41","0"
"es","C:\Users\Sipka\Desktop\Converter\languages\es\convertir\rtf\7z-a-rtf\index.html","True","41","0"
"es","C:\Users\Sipka\Desktop\Converter\languages\es\convertir\rtf\aac-a-rtf\index.html","True","41","0"
"es","C:\Users\Sipka\Desktop\Converter\languages\es\convertir\rtf\aiff-a-rtf\index.html","True","41","0"
"es","C:\Users\Sipka\Desktop\Converter\languages\es\convertir\rtf\bmp-a-rtf\index.html","True","41","0"
"es","C:\Users\Sipka\Desktop\Converter\languages\es\convertir\rtf\csv-a-rtf\index.html","True","41","0"
"es","C:\Users\Sipka\Desktop\Converter\languages\es\convertir\rtf\docx-a-rtf\index.html","True","41","0"
"es","C:\Users\Sipka\Desktop\Converter\languages\es\convertir\rtf\flac-a-rtf\index.html","True","41","0"
"es","C:\Users\Sipka\Desktop\Converter\languages\es\convertir\rtf\gif-a-rtf\index.html","True","41","0"
"es","C:\Users\Sipka\Desktop\Converter\languages\es\convertir\rtf\html-a-rtf\index.html","True","41","0"
"es","C:\Users\Sipka\Desktop\Converter\languages\es\convertir\rtf\jpeg-a-rtf\index.html","True","41","0"
"es","C:\Users\Sipka\Desktop\Converter\languages\es\convertir\rtf\jpg-a-rtf\index.html","True","41","0"
"es","C:\Users\Sipka\Desktop\Converter\languages\es\convertir\rtf\json-a-rtf\index.html","True","41","0"
"es","C:\Users\Sipka\Desktop\Converter\languages\es\convertir\rtf\jsonl-a-rtf\index.html","True","41","0"
"es","C:\Users\Sipka\Desktop\Converter\languages\es\convertir\rtf\m4a-a-rtf\index.html","True","41","0"
"es","C:\Users\Sipka\Desktop\Converter\languages\es\convertir\rtf\m4v-a-rtf\index.html","True","41","0"
"es","C:\Users\Sipka\Desktop\Converter\languages\es\convertir\rtf\md-a-rtf\index.html","True","41","0"
"es","C:\Users\Sipka\Desktop\Converter\languages\es\convertir\rtf\mkv-a-rtf\index.html","True","41","0"
"es","C:\Users\Sipka\Desktop\Converter\languages\es\convertir\rtf\mov-a-rtf\index.html","True","41","0"
"es","C:\Users\Sipka\Desktop\Converter\languages\es\convertir\rtf\mp3-a-rtf\index.html","True","41","0"
"es","C:\Users\Sipka\Desktop\Converter\languages\es\convertir\rtf\mp4-a-rtf\index.html","True","41","0"
"es","C:\Users\Sipka\Desktop\Converter\languages\es\convertir\rtf\ogg-a-rtf\index.html","True","41","0"
"es","C:\Users\Sipka\Desktop\Converter\languages\es\convertir\rtf\opus-a-rtf\index.html","True","41","0"
"es","C:\Users\Sipka\Desktop\Converter\languages\es\convertir\rtf\pdf-a-rtf\index.html","True","41","0"
"es","C:\Users\Sipka\Desktop\Converter\languages\es\convertir\rtf\png-a-rtf\index.html","True","41","0"
"es","C:\Users\Sipka\Desktop\Converter\languages\es\convertir\rtf\pptx-a-rtf\index.html","True","41","0"
"es","C:\Users\Sipka\Desktop\Converter\languages\es\convertir\rtf\rar-a-rtf\index.html","True","41","0"
"es","C:\Users\Sipka\Desktop\Converter\languages\es\convertir\rtf\svg-a-rtf\index.html","True","41","0"
"es","C:\Users\Sipka\Desktop\Converter\languages\es\convertir\rtf\tar-a-rtf\index.html","True","41","0"
"es","C:\Users\Sipka\Desktop\Converter\languages\es\convertir\rtf\tar.bz2-a-rtf\index.html","True","41","0"
"es","C:\Users\Sipka\Desktop\Converter\languages\es\convertir\rtf\tar.gz-a-rtf\index.html","True","41","0"
"es","C:\Users\Sipka\Desktop\Converter\languages\es\convertir\rtf\tar.xz-a-rtf\index.html","True","41","0"
"es","C:\Users\Sipka\Desktop\Converter\languages\es\convertir\rtf\tbz-a-rtf\index.html","True","41","0"
"es","C:\Users\Sipka\Desktop\Converter\languages\es\convertir\rtf\tgz-a-rtf\index.html","True","41","0"
"es","C:\Users\Sipka\Desktop\Converter\languages\es\convertir\rtf\tiff-a-rtf\index.html","True","41","0"
"es","C:\Users\Sipka\Desktop\Converter\languages\es\convertir\rtf\tsv-a-rtf\index.html","True","41","0"
"es","C:\Users\Sipka\Desktop\Converter\languages\es\convertir\rtf\txt-a-rtf\index.html","True","41","0"
"es","C:\Users\Sipka\Desktop\Converter\languages\es\convertir\rtf\txz-a-rtf\index.html","True","41","0"
"es","C:\Users\Sipka\Desktop\Converter\languages\es\convertir\rtf\wav-a-rtf\index.html","True","41","0"
"es","C:\Users\Sipka\Desktop\Converter\languages\es\convertir\rtf\webm-a-rtf\index.html","True","41","0"
"es","C:\Users\Sipka\Desktop\Converter\languages\es\convertir\rtf\webp-a-rtf\index.html","True","41","0"
"es","C:\Users\Sipka\Desktop\Converter\languages\es\convertir\rtf\xlsx-a-rtf\index.html","True","41","0"
"es","C:\Users\Sipka\Desktop\Converter\languages\es\convertir\rtf\zip-a-rtf\index.html","True","41","0"
"es","C:\Users\Sipka\Desktop\Converter\languages\es\convertir\svg\7z-a-svg\index.html","True","41","0"
"es","C:\Users\Sipka\Desktop\Converter\languages\es\convertir\svg\aac-a-svg\index.html","True","41","0"
"es","C:\Users\Sipka\Desktop\Converter\languages\es\convertir\svg\aiff-a-svg\index.html","True","41","0"
"es","C:\Users\Sipka\Desktop\Converter\languages\es\convertir\svg\bmp-a-svg\index.html","True","41","0"
"es","C:\Users\Sipka\Desktop\Converter\languages\es\convertir\svg\csv-a-svg\index.html","True","41","0"
"es","C:\Users\Sipka\Desktop\Converter\languages\es\convertir\svg\docx-a-svg\index.html","True","41","0"
"es","C:\Users\Sipka\Desktop\Converter\languages\es\convertir\svg\flac-a-svg\index.html","True","41","0"
"es","C:\Users\Sipka\Desktop\Converter\languages\es\convertir\svg\gif-a-svg\index.html","True","41","0"
"es","C:\Users\Sipka\Desktop\Converter\languages\es\convertir\svg\html-a-svg\index.html","True","41","0"
"es","C:\Users\Sipka\Desktop\Converter\languages\es\convertir\svg\jpeg-a-svg\index.html","True","41","0"
"es","C:\Users\Sipka\Desktop\Converter\languages\es\convertir\svg\jpg-a-svg\index.html","True","41","0"
"es","C:\Users\Sipka\Desktop\Converter\languages\es\convertir\svg\json-a-svg\index.html","True","41","0"
"es","C:\Users\Sipka\Desktop\Converter\languages\es\convertir\svg\jsonl-a-svg\index.html","True","41","0"
"es","C:\Users\Sipka\Desktop\Converter\languages\es\convertir\svg\m4a-a-svg\index.html","True","41","0"
"es","C:\Users\Sipka\Desktop\Converter\languages\es\convertir\svg\m4v-a-svg\index.html","True","41","0"
"es","C:\Users\Sipka\Desktop\Converter\languages\es\convertir\svg\md-a-svg\index.html","True","41","0"
"es","C:\Users\Sipka\Desktop\Converter\languages\es\convertir\svg\mkv-a-svg\index.html","True","41","0"
"es","C:\Users\Sipka\Desktop\Converter\languages\es\convertir\svg\mov-a-svg\index.html","True","41","0"
"es","C:\Users\Sipka\Desktop\Converter\languages\es\convertir\svg\mp3-a-svg\index.html","True","41","0"
"es","C:\Users\Sipka\Desktop\Converter\languages\es\convertir\svg\mp4-a-svg\index.html","True","41","0"
"es","C:\Users\Sipka\Desktop\Converter\languages\es\convertir\svg\ogg-a-svg\index.html","True","41","0"
"es","C:\Users\Sipka\Desktop\Converter\languages\es\convertir\svg\opus-a-svg\index.html","True","41","0"
"es","C:\Users\Sipka\Desktop\Converter\languages\es\convertir\svg\pdf-a-svg\index.html","True","41","0"
"es","C:\Users\Sipka\Desktop\Converter\languages\es\convertir\svg\png-a-svg\index.html","True","41","0"
"es","C:\Users\Sipka\Desktop\Converter\languages\es\convertir\svg\pptx-a-svg\index.html","True","41","0"
"es","C:\Users\Sipka\Desktop\Converter\languages\es\convertir\svg\rar-a-svg\index.html","True","41","0"
"es","C:\Users\Sipka\Desktop\Converter\languages\es\convertir\svg\rtf-a-svg\index.html","True","41","0"
"es","C:\Users\Sipka\Desktop\Converter\languages\es\convertir\svg\tar-a-svg\index.html","True","41","0"
"es","C:\Users\Sipka\Desktop\Converter\languages\es\convertir\svg\tar.bz2-a-svg\index.html","True","41","0"
"es","C:\Users\Sipka\Desktop\Converter\languages\es\convertir\svg\tar.gz-a-svg\index.html","True","41","0"
"es","C:\Users\Sipka\Desktop\Converter\languages\es\convertir\svg\tar.xz-a-svg\index.html","True","41","0"
"es","C:\Users\Sipka\Desktop\Converter\languages\es\convertir\svg\tbz-a-svg\index.html","True","41","0"
"es","C:\Users\Sipka\Desktop\Converter\languages\es\convertir\svg\tgz-a-svg\index.html","True","41","0"
"es","C:\Users\Sipka\Desktop\Converter\languages\es\convertir\svg\tiff-a-svg\index.html","True","41","0"
"es","C:\Users\Sipka\Desktop\Converter\languages\es\convertir\svg\tsv-a-svg\index.html","True","41","0"
"es","C:\Users\Sipka\Desktop\Converter\languages\es\convertir\svg\txt-a-svg\index.html","True","41","0"
"es","C:\Users\Sipka\Desktop\Converter\languages\es\convertir\svg\txz-a-svg\index.html","True","41","0"
"es","C:\Users\Sipka\Desktop\Converter\languages\es\convertir\svg\wav-a-svg\index.html","True","41","0"
"es","C:\Users\Sipka\Desktop\Converter\languages\es\convertir\svg\webm-a-svg\index.html","True","41","0"
"es","C:\Users\Sipka\Desktop\Converter\languages\es\convertir\svg\webp-a-svg\index.html","True","41","0"
"es","C:\Users\Sipka\Desktop\Converter\languages\es\convertir\svg\xlsx-a-svg\index.html","True","41","0"
"es","C:\Users\Sipka\Desktop\Converter\languages\es\convertir\svg\zip-a-svg\index.html","True","41","0"
"es","C:\Users\Sipka\Desktop\Converter\languages\es\convertir\tar\7z-a-tar\index.html","True","41","0"
"es","C:\Users\Sipka\Desktop\Converter\languages\es\convertir\tar\aac-a-tar\index.html","True","41","0"
"es","C:\Users\Sipka\Desktop\Converter\languages\es\convertir\tar\aiff-a-tar\index.html","True","41","0"
"es","C:\Users\Sipka\Desktop\Converter\languages\es\convertir\tar\bmp-a-tar\index.html","True","41","0"
"es","C:\Users\Sipka\Desktop\Converter\languages\es\convertir\tar\csv-a-tar\index.html","True","41","0"
"es","C:\Users\Sipka\Desktop\Converter\languages\es\convertir\tar\docx-a-tar\index.html","True","41","0"
"es","C:\Users\Sipka\Desktop\Converter\languages\es\convertir\tar\flac-a-tar\index.html","True","41","0"
"es","C:\Users\Sipka\Desktop\Converter\languages\es\convertir\tar\gif-a-tar\index.html","True","41","0"
"es","C:\Users\Sipka\Desktop\Converter\languages\es\convertir\tar\html-a-tar\index.html","True","41","0"
"es","C:\Users\Sipka\Desktop\Converter\languages\es\convertir\tar\jpeg-a-tar\index.html","True","41","0"
"es","C:\Users\Sipka\Desktop\Converter\languages\es\convertir\tar\jpg-a-tar\index.html","True","41","0"
"es","C:\Users\Sipka\Desktop\Converter\languages\es\convertir\tar\json-a-tar\index.html","True","41","0"
"es","C:\Users\Sipka\Desktop\Converter\languages\es\convertir\tar\jsonl-a-tar\index.html","True","41","0"
"es","C:\Users\Sipka\Desktop\Converter\languages\es\convertir\tar\m4a-a-tar\index.html","True","41","0"
"es","C:\Users\Sipka\Desktop\Converter\languages\es\convertir\tar\m4v-a-tar\index.html","True","41","0"
"es","C:\Users\Sipka\Desktop\Converter\languages\es\convertir\tar\md-a-tar\index.html","True","41","0"
"es","C:\Users\Sipka\Desktop\Converter\languages\es\convertir\tar\mkv-a-tar\index.html","True","41","0"
"es","C:\Users\Sipka\Desktop\Converter\languages\es\convertir\tar\mov-a-tar\index.html","True","41","0"
"es","C:\Users\Sipka\Desktop\Converter\languages\es\convertir\tar\mp3-a-tar\index.html","True","41","0"
"es","C:\Users\Sipka\Desktop\Converter\languages\es\convertir\tar\mp4-a-tar\index.html","True","41","0"
"es","C:\Users\Sipka\Desktop\Converter\languages\es\convertir\tar\ogg-a-tar\index.html","True","41","0"
"es","C:\Users\Sipka\Desktop\Converter\languages\es\convertir\tar\opus-a-tar\index.html","True","41","0"
"es","C:\Users\Sipka\Desktop\Converter\languages\es\convertir\tar\pdf-a-tar\index.html","True","41","0"
"es","C:\Users\Sipka\Desktop\Converter\languages\es\convertir\tar\png-a-tar\index.html","True","41","0"
"es","C:\Users\Sipka\Desktop\Converter\languages\es\convertir\tar\pptx-a-tar\index.html","True","41","0"
"es","C:\Users\Sipka\Desktop\Converter\languages\es\convertir\tar\rar-a-tar\index.html","True","41","0"
"es","C:\Users\Sipka\Desktop\Converter\languages\es\convertir\tar\rtf-a-tar\index.html","True","41","0"
"es","C:\Users\Sipka\Desktop\Converter\languages\es\convertir\tar\svg-a-tar\index.html","True","41","0"
"es","C:\Users\Sipka\Desktop\Converter\languages\es\convertir\tar\tar.bz2-a-tar\index.html","True","41","0"
"es","C:\Users\Sipka\Desktop\Converter\languages\es\convertir\tar\tar.gz-a-tar\index.html","True","41","0"
"es","C:\Users\Sipka\Desktop\Converter\languages\es\convertir\tar\tar.xz-a-tar\index.html","True","41","0"
"es","C:\Users\Sipka\Desktop\Converter\languages\es\convertir\tar\tbz-a-tar\index.html","True","41","0"
"es","C:\Users\Sipka\Desktop\Converter\languages\es\convertir\tar\tgz-a-tar\index.html","True","41","0"
"es","C:\Users\Sipka\Desktop\Converter\languages\es\convertir\tar\tiff-a-tar\index.html","True","41","0"
"es","C:\Users\Sipka\Desktop\Converter\languages\es\convertir\tar\tsv-a-tar\index.html","True","41","0"
"es","C:\Users\Sipka\Desktop\Converter\languages\es\convertir\tar\txt-a-tar\index.html","True","41","0"
"es","C:\Users\Sipka\Desktop\Converter\languages\es\convertir\tar\txz-a-tar\index.html","True","41","0"
"es","C:\Users\Sipka\Desktop\Converter\languages\es\convertir\tar\wav-a-tar\index.html","True","41","0"
"es","C:\Users\Sipka\Desktop\Converter\languages\es\convertir\tar\webm-a-tar\index.html","True","41","0"
"es","C:\Users\Sipka\Desktop\Converter\languages\es\convertir\tar\webp-a-tar\index.html","True","41","0"
"es","C:\Users\Sipka\Desktop\Converter\languages\es\convertir\tar\xlsx-a-tar\index.html","True","41","0"
"es","C:\Users\Sipka\Desktop\Converter\languages\es\convertir\tar\zip-a-tar\index.html","True","41","0"
"es","C:\Users\Sipka\Desktop\Converter\languages\es\convertir\tar.bz2\7z-a-tar.bz2\index.html","True","41","0"
"es","C:\Users\Sipka\Desktop\Converter\languages\es\convertir\tar.bz2\aac-a-tar.bz2\index.html","True","41","0"
"es","C:\Users\Sipka\Desktop\Converter\languages\es\convertir\tar.bz2\aiff-a-tar.bz2\index.html","True","41","0"
"es","C:\Users\Sipka\Desktop\Converter\languages\es\convertir\tar.bz2\bmp-a-tar.bz2\index.html","True","41","0"
"es","C:\Users\Sipka\Desktop\Converter\languages\es\convertir\tar.bz2\csv-a-tar.bz2\index.html","True","41","0"
"es","C:\Users\Sipka\Desktop\Converter\languages\es\convertir\tar.bz2\docx-a-tar.bz2\index.html","True","41","0"
"es","C:\Users\Sipka\Desktop\Converter\languages\es\convertir\tar.bz2\flac-a-tar.bz2\index.html","True","41","0"
"es","C:\Users\Sipka\Desktop\Converter\languages\es\convertir\tar.bz2\gif-a-tar.bz2\index.html","True","41","0"
"es","C:\Users\Sipka\Desktop\Converter\languages\es\convertir\tar.bz2\html-a-tar.bz2\index.html","True","41","0"
"es","C:\Users\Sipka\Desktop\Converter\languages\es\convertir\tar.bz2\jpeg-a-tar.bz2\index.html","True","41","0"
"es","C:\Users\Sipka\Desktop\Converter\languages\es\convertir\tar.bz2\jpg-a-tar.bz2\index.html","True","41","0"
"es","C:\Users\Sipka\Desktop\Converter\languages\es\convertir\tar.bz2\json-a-tar.bz2\index.html","True","41","0"
"es","C:\Users\Sipka\Desktop\Converter\languages\es\convertir\tar.bz2\jsonl-a-tar.bz2\index.html","True","41","0"
"es","C:\Users\Sipka\Desktop\Converter\languages\es\convertir\tar.bz2\m4a-a-tar.bz2\index.html","True","41","0"
"es","C:\Users\Sipka\Desktop\Converter\languages\es\convertir\tar.bz2\m4v-a-tar.bz2\index.html","True","41","0"
"es","C:\Users\Sipka\Desktop\Converter\languages\es\convertir\tar.bz2\md-a-tar.bz2\index.html","True","41","0"
"es","C:\Users\Sipka\Desktop\Converter\languages\es\convertir\tar.bz2\mkv-a-tar.bz2\index.html","True","41","0"
"es","C:\Users\Sipka\Desktop\Converter\languages\es\convertir\tar.bz2\mov-a-tar.bz2\index.html","True","41","0"
"es","C:\Users\Sipka\Desktop\Converter\languages\es\convertir\tar.bz2\mp3-a-tar.bz2\index.html","True","41","0"
"es","C:\Users\Sipka\Desktop\Converter\languages\es\convertir\tar.bz2\mp4-a-tar.bz2\index.html","True","41","0"
"es","C:\Users\Sipka\Desktop\Converter\languages\es\convertir\tar.bz2\ogg-a-tar.bz2\index.html","True","41","0"
"es","C:\Users\Sipka\Desktop\Converter\languages\es\convertir\tar.bz2\opus-a-tar.bz2\index.html","True","41","0"
"es","C:\Users\Sipka\Desktop\Converter\languages\es\convertir\tar.bz2\pdf-a-tar.bz2\index.html","True","41","0"
"es","C:\Users\Sipka\Desktop\Converter\languages\es\convertir\tar.bz2\png-a-tar.bz2\index.html","True","41","0"
"es","C:\Users\Sipka\Desktop\Converter\languages\es\convertir\tar.bz2\pptx-a-tar.bz2\index.html","True","41","0"
"es","C:\Users\Sipka\Desktop\Converter\languages\es\convertir\tar.bz2\rar-a-tar.bz2\index.html","True","41","0"
"es","C:\Users\Sipka\Desktop\Converter\languages\es\convertir\tar.bz2\rtf-a-tar.bz2\index.html","True","41","0"
"es","C:\Users\Sipka\Desktop\Converter\languages\es\convertir\tar.bz2\svg-a-tar.bz2\index.html","True","41","0"
"es","C:\Users\Sipka\Desktop\Converter\languages\es\convertir\tar.bz2\tar-a-tar.bz2\index.html","True","41","0"
"es","C:\Users\Sipka\Desktop\Converter\languages\es\convertir\tar.bz2\tar.gz-a-tar.bz2\index.html","True","41","0"
"es","C:\Users\Sipka\Desktop\Converter\languages\es\convertir\tar.bz2\tar.xz-a-tar.bz2\index.html","True","41","0"
"es","C:\Users\Sipka\Desktop\Converter\languages\es\convertir\tar.bz2\tbz-a-tar.bz2\index.html","True","41","0"
"es","C:\Users\Sipka\Desktop\Converter\languages\es\convertir\tar.bz2\tgz-a-tar.bz2\index.html","True","41","0"
"es","C:\Users\Sipka\Desktop\Converter\languages\es\convertir\tar.bz2\tiff-a-tar.bz2\index.html","True","41","0"
"es","C:\Users\Sipka\Desktop\Converter\languages\es\convertir\tar.bz2\tsv-a-tar.bz2\index.html","True","41","0"
"es","C:\Users\Sipka\Desktop\Converter\languages\es\convertir\tar.bz2\txt-a-tar.bz2\index.html","True","41","0"
"es","C:\Users\Sipka\Desktop\Converter\languages\es\convertir\tar.bz2\txz-a-tar.bz2\index.html","True","41","0"
"es","C:\Users\Sipka\Desktop\Converter\languages\es\convertir\tar.bz2\wav-a-tar.bz2\index.html","True","41","0"
"es","C:\Users\Sipka\Desktop\Converter\languages\es\convertir\tar.bz2\webm-a-tar.bz2\index.html","True","41","0"
"es","C:\Users\Sipka\Desktop\Converter\languages\es\convertir\tar.bz2\webp-a-tar.bz2\index.html","True","41","0"
"es","C:\Users\Sipka\Desktop\Converter\languages\es\convertir\tar.bz2\xlsx-a-tar.bz2\index.html","True","41","0"
"es","C:\Users\Sipka\Desktop\Converter\languages\es\convertir\tar.bz2\zip-a-tar.bz2\index.html","True","41","0"
"es","C:\Users\Sipka\Desktop\Converter\languages\es\convertir\tar.gz\7z-a-tar.gz\index.html","True","41","0"
"es","C:\Users\Sipka\Desktop\Converter\languages\es\convertir\tar.gz\aac-a-tar.gz\index.html","True","41","0"
"es","C:\Users\Sipka\Desktop\Converter\languages\es\convertir\tar.gz\aiff-a-tar.gz\index.html","True","41","0"
"es","C:\Users\Sipka\Desktop\Converter\languages\es\convertir\tar.gz\bmp-a-tar.gz\index.html","True","41","0"
"es","C:\Users\Sipka\Desktop\Converter\languages\es\convertir\tar.gz\csv-a-tar.gz\index.html","True","41","0"
"es","C:\Users\Sipka\Desktop\Converter\languages\es\convertir\tar.gz\docx-a-tar.gz\index.html","True","41","0"
"es","C:\Users\Sipka\Desktop\Converter\languages\es\convertir\tar.gz\flac-a-tar.gz\index.html","True","41","0"
"es","C:\Users\Sipka\Desktop\Converter\languages\es\convertir\tar.gz\gif-a-tar.gz\index.html","True","41","0"
"es","C:\Users\Sipka\Desktop\Converter\languages\es\convertir\tar.gz\html-a-tar.gz\index.html","True","41","0"
"es","C:\Users\Sipka\Desktop\Converter\languages\es\convertir\tar.gz\jpeg-a-tar.gz\index.html","True","41","0"
"es","C:\Users\Sipka\Desktop\Converter\languages\es\convertir\tar.gz\jpg-a-tar.gz\index.html","True","41","0"
"es","C:\Users\Sipka\Desktop\Converter\languages\es\convertir\tar.gz\json-a-tar.gz\index.html","True","41","0"
"es","C:\Users\Sipka\Desktop\Converter\languages\es\convertir\tar.gz\jsonl-a-tar.gz\index.html","True","41","0"
"es","C:\Users\Sipka\Desktop\Converter\languages\es\convertir\tar.gz\m4a-a-tar.gz\index.html","True","41","0"
"es","C:\Users\Sipka\Desktop\Converter\languages\es\convertir\tar.gz\m4v-a-tar.gz\index.html","True","41","0"
"es","C:\Users\Sipka\Desktop\Converter\languages\es\convertir\tar.gz\md-a-tar.gz\index.html","True","41","0"
"es","C:\Users\Sipka\Desktop\Converter\languages\es\convertir\tar.gz\mkv-a-tar.gz\index.html","True","41","0"
"es","C:\Users\Sipka\Desktop\Converter\languages\es\convertir\tar.gz\mov-a-tar.gz\index.html","True","41","0"
"es","C:\Users\Sipka\Desktop\Converter\languages\es\convertir\tar.gz\mp3-a-tar.gz\index.html","True","41","0"
"es","C:\Users\Sipka\Desktop\Converter\languages\es\convertir\tar.gz\mp4-a-tar.gz\index.html","True","41","0"
"es","C:\Users\Sipka\Desktop\Converter\languages\es\convertir\tar.gz\ogg-a-tar.gz\index.html","True","41","0"
"es","C:\Users\Sipka\Desktop\Converter\languages\es\convertir\tar.gz\opus-a-tar.gz\index.html","True","41","0"
"es","C:\Users\Sipka\Desktop\Converter\languages\es\convertir\tar.gz\pdf-a-tar.gz\index.html","True","41","0"
"es","C:\Users\Sipka\Desktop\Converter\languages\es\convertir\tar.gz\png-a-tar.gz\index.html","True","41","0"
"es","C:\Users\Sipka\Desktop\Converter\languages\es\convertir\tar.gz\pptx-a-tar.gz\index.html","True","41","0"
"es","C:\Users\Sipka\Desktop\Converter\languages\es\convertir\tar.gz\rar-a-tar.gz\index.html","True","41","0"
"es","C:\Users\Sipka\Desktop\Converter\languages\es\convertir\tar.gz\rtf-a-tar.gz\index.html","True","41","0"
"es","C:\Users\Sipka\Desktop\Converter\languages\es\convertir\tar.gz\svg-a-tar.gz\index.html","True","41","0"
"es","C:\Users\Sipka\Desktop\Converter\languages\es\convertir\tar.gz\tar-a-tar.gz\index.html","True","41","0"
"es","C:\Users\Sipka\Desktop\Converter\languages\es\convertir\tar.gz\tar.bz2-a-tar.gz\index.html","True","41","0"
"es","C:\Users\Sipka\Desktop\Converter\languages\es\convertir\tar.gz\tar.xz-a-tar.gz\index.html","True","41","0"
"es","C:\Users\Sipka\Desktop\Converter\languages\es\convertir\tar.gz\tbz-a-tar.gz\index.html","True","41","0"
"es","C:\Users\Sipka\Desktop\Converter\languages\es\convertir\tar.gz\tgz-a-tar.gz\index.html","True","41","0"
"es","C:\Users\Sipka\Desktop\Converter\languages\es\convertir\tar.gz\tiff-a-tar.gz\index.html","True","41","0"
"es","C:\Users\Sipka\Desktop\Converter\languages\es\convertir\tar.gz\tsv-a-tar.gz\index.html","True","41","0"
"es","C:\Users\Sipka\Desktop\Converter\languages\es\convertir\tar.gz\txt-a-tar.gz\index.html","True","41","0"
"es","C:\Users\Sipka\Desktop\Converter\languages\es\convertir\tar.gz\txz-a-tar.gz\index.html","True","41","0"
"es","C:\Users\Sipka\Desktop\Converter\languages\es\convertir\tar.gz\wav-a-tar.gz\index.html","True","41","0"
"es","C:\Users\Sipka\Desktop\Converter\languages\es\convertir\tar.gz\webm-a-tar.gz\index.html","True","41","0"
"es","C:\Users\Sipka\Desktop\Converter\languages\es\convertir\tar.gz\webp-a-tar.gz\index.html","True","41","0"
"es","C:\Users\Sipka\Desktop\Converter\languages\es\convertir\tar.gz\xlsx-a-tar.gz\index.html","True","41","0"
"es","C:\Users\Sipka\Desktop\Converter\languages\es\convertir\tar.gz\zip-a-tar.gz\index.html","True","41","0"
"es","C:\Users\Sipka\Desktop\Converter\languages\es\convertir\tar.xz\7z-a-tar.xz\index.html","True","41","0"
"es","C:\Users\Sipka\Desktop\Converter\languages\es\convertir\tar.xz\aac-a-tar.xz\index.html","True","41","0"
"es","C:\Users\Sipka\Desktop\Converter\languages\es\convertir\tar.xz\aiff-a-tar.xz\index.html","True","41","0"
"es","C:\Users\Sipka\Desktop\Converter\languages\es\convertir\tar.xz\bmp-a-tar.xz\index.html","True","41","0"
"es","C:\Users\Sipka\Desktop\Converter\languages\es\convertir\tar.xz\csv-a-tar.xz\index.html","True","41","0"
"es","C:\Users\Sipka\Desktop\Converter\languages\es\convertir\tar.xz\docx-a-tar.xz\index.html","True","41","0"
"es","C:\Users\Sipka\Desktop\Converter\languages\es\convertir\tar.xz\flac-a-tar.xz\index.html","True","41","0"
"es","C:\Users\Sipka\Desktop\Converter\languages\es\convertir\tar.xz\gif-a-tar.xz\index.html","True","41","0"
"es","C:\Users\Sipka\Desktop\Converter\languages\es\convertir\tar.xz\html-a-tar.xz\index.html","True","41","0"
"es","C:\Users\Sipka\Desktop\Converter\languages\es\convertir\tar.xz\jpeg-a-tar.xz\index.html","True","41","0"
"es","C:\Users\Sipka\Desktop\Converter\languages\es\convertir\tar.xz\jpg-a-tar.xz\index.html","True","41","0"
"es","C:\Users\Sipka\Desktop\Converter\languages\es\convertir\tar.xz\json-a-tar.xz\index.html","True","41","0"
"es","C:\Users\Sipka\Desktop\Converter\languages\es\convertir\tar.xz\jsonl-a-tar.xz\index.html","True","41","0"
"es","C:\Users\Sipka\Desktop\Converter\languages\es\convertir\tar.xz\m4a-a-tar.xz\index.html","True","41","0"
"es","C:\Users\Sipka\Desktop\Converter\languages\es\convertir\tar.xz\m4v-a-tar.xz\index.html","True","41","0"
"es","C:\Users\Sipka\Desktop\Converter\languages\es\convertir\tar.xz\md-a-tar.xz\index.html","True","41","0"
"es","C:\Users\Sipka\Desktop\Converter\languages\es\convertir\tar.xz\mkv-a-tar.xz\index.html","True","41","0"
"es","C:\Users\Sipka\Desktop\Converter\languages\es\convertir\tar.xz\mov-a-tar.xz\index.html","True","41","0"
"es","C:\Users\Sipka\Desktop\Converter\languages\es\convertir\tar.xz\mp3-a-tar.xz\index.html","True","41","0"
"es","C:\Users\Sipka\Desktop\Converter\languages\es\convertir\tar.xz\mp4-a-tar.xz\index.html","True","41","0"
"es","C:\Users\Sipka\Desktop\Converter\languages\es\convertir\tar.xz\ogg-a-tar.xz\index.html","True","41","0"
"es","C:\Users\Sipka\Desktop\Converter\languages\es\convertir\tar.xz\opus-a-tar.xz\index.html","True","41","0"
"es","C:\Users\Sipka\Desktop\Converter\languages\es\convertir\tar.xz\pdf-a-tar.xz\index.html","True","41","0"
"es","C:\Users\Sipka\Desktop\Converter\languages\es\convertir\tar.xz\png-a-tar.xz\index.html","True","41","0"
"es","C:\Users\Sipka\Desktop\Converter\languages\es\convertir\tar.xz\pptx-a-tar.xz\index.html","True","41","0"
"es","C:\Users\Sipka\Desktop\Converter\languages\es\convertir\tar.xz\rar-a-tar.xz\index.html","True","41","0"
"es","C:\Users\Sipka\Desktop\Converter\languages\es\convertir\tar.xz\rtf-a-tar.xz\index.html","True","41","0"
"es","C:\Users\Sipka\Desktop\Converter\languages\es\convertir\tar.xz\svg-a-tar.xz\index.html","True","41","0"
"es","C:\Users\Sipka\Desktop\Converter\languages\es\convertir\tar.xz\tar-a-tar.xz\index.html","True","41","0"
"es","C:\Users\Sipka\Desktop\Converter\languages\es\convertir\tar.xz\tar.bz2-a-tar.xz\index.html","True","41","0"
"es","C:\Users\Sipka\Desktop\Converter\languages\es\convertir\tar.xz\tar.gz-a-tar.xz\index.html","True","41","0"
"es","C:\Users\Sipka\Desktop\Converter\languages\es\convertir\tar.xz\tbz-a-tar.xz\index.html","True","41","0"
"es","C:\Users\Sipka\Desktop\Converter\languages\es\convertir\tar.xz\tgz-a-tar.xz\index.html","True","41","0"
"es","C:\Users\Sipka\Desktop\Converter\languages\es\convertir\tar.xz\tiff-a-tar.xz\index.html","True","41","0"
"es","C:\Users\Sipka\Desktop\Converter\languages\es\convertir\tar.xz\tsv-a-tar.xz\index.html","True","41","0"
"es","C:\Users\Sipka\Desktop\Converter\languages\es\convertir\tar.xz\txt-a-tar.xz\index.html","True","41","0"
"es","C:\Users\Sipka\Desktop\Converter\languages\es\convertir\tar.xz\txz-a-tar.xz\index.html","True","41","0"
"es","C:\Users\Sipka\Desktop\Converter\languages\es\convertir\tar.xz\wav-a-tar.xz\index.html","True","41","0"
"es","C:\Users\Sipka\Desktop\Converter\languages\es\convertir\tar.xz\webm-a-tar.xz\index.html","True","41","0"
"es","C:\Users\Sipka\Desktop\Converter\languages\es\convertir\tar.xz\webp-a-tar.xz\index.html","True","41","0"
"es","C:\Users\Sipka\Desktop\Converter\languages\es\convertir\tar.xz\xlsx-a-tar.xz\index.html","True","41","0"
"es","C:\Users\Sipka\Desktop\Converter\languages\es\convertir\tar.xz\zip-a-tar.xz\index.html","True","41","0"
"es","C:\Users\Sipka\Desktop\Converter\languages\es\convertir\tbz\7z-a-tbz\index.html","True","41","0"
"es","C:\Users\Sipka\Desktop\Converter\languages\es\convertir\tbz\aac-a-tbz\index.html","True","41","0"
"es","C:\Users\Sipka\Desktop\Converter\languages\es\convertir\tbz\aiff-a-tbz\index.html","True","41","0"
"es","C:\Users\Sipka\Desktop\Converter\languages\es\convertir\tbz\bmp-a-tbz\index.html","True","41","0"
"es","C:\Users\Sipka\Desktop\Converter\languages\es\convertir\tbz\csv-a-tbz\index.html","True","41","0"
"es","C:\Users\Sipka\Desktop\Converter\languages\es\convertir\tbz\docx-a-tbz\index.html","True","41","0"
"es","C:\Users\Sipka\Desktop\Converter\languages\es\convertir\tbz\flac-a-tbz\index.html","True","41","0"
"es","C:\Users\Sipka\Desktop\Converter\languages\es\convertir\tbz\gif-a-tbz\index.html","True","41","0"
"es","C:\Users\Sipka\Desktop\Converter\languages\es\convertir\tbz\html-a-tbz\index.html","True","41","0"
"es","C:\Users\Sipka\Desktop\Converter\languages\es\convertir\tbz\jpeg-a-tbz\index.html","True","41","0"
"es","C:\Users\Sipka\Desktop\Converter\languages\es\convertir\tbz\jpg-a-tbz\index.html","True","41","0"
"es","C:\Users\Sipka\Desktop\Converter\languages\es\convertir\tbz\json-a-tbz\index.html","True","41","0"
"es","C:\Users\Sipka\Desktop\Converter\languages\es\convertir\tbz\jsonl-a-tbz\index.html","True","41","0"
"es","C:\Users\Sipka\Desktop\Converter\languages\es\convertir\tbz\m4a-a-tbz\index.html","True","41","0"
"es","C:\Users\Sipka\Desktop\Converter\languages\es\convertir\tbz\m4v-a-tbz\index.html","True","41","0"
"es","C:\Users\Sipka\Desktop\Converter\languages\es\convertir\tbz\md-a-tbz\index.html","True","41","0"
"es","C:\Users\Sipka\Desktop\Converter\languages\es\convertir\tbz\mkv-a-tbz\index.html","True","41","0"
"es","C:\Users\Sipka\Desktop\Converter\languages\es\convertir\tbz\mov-a-tbz\index.html","True","41","0"
"es","C:\Users\Sipka\Desktop\Converter\languages\es\convertir\tbz\mp3-a-tbz\index.html","True","41","0"
"es","C:\Users\Sipka\Desktop\Converter\languages\es\convertir\tbz\mp4-a-tbz\index.html","True","41","0"
"es","C:\Users\Sipka\Desktop\Converter\languages\es\convertir\tbz\ogg-a-tbz\index.html","True","41","0"
"es","C:\Users\Sipka\Desktop\Converter\languages\es\convertir\tbz\opus-a-tbz\index.html","True","41","0"
"es","C:\Users\Sipka\Desktop\Converter\languages\es\convertir\tbz\pdf-a-tbz\index.html","True","41","0"
"es","C:\Users\Sipka\Desktop\Converter\languages\es\convertir\tbz\png-a-tbz\index.html","True","41","0"
"es","C:\Users\Sipka\Desktop\Converter\languages\es\convertir\tbz\pptx-a-tbz\index.html","True","41","0"
"es","C:\Users\Sipka\Desktop\Converter\languages\es\convertir\tbz\rar-a-tbz\index.html","True","41","0"
"es","C:\Users\Sipka\Desktop\Converter\languages\es\convertir\tbz\rtf-a-tbz\index.html","True","41","0"
"es","C:\Users\Sipka\Desktop\Converter\languages\es\convertir\tbz\svg-a-tbz\index.html","True","41","0"
"es","C:\Users\Sipka\Desktop\Converter\languages\es\convertir\tbz\tar-a-tbz\index.html","True","41","0"
"es","C:\Users\Sipka\Desktop\Converter\languages\es\convertir\tbz\tar.bz2-a-tbz\index.html","True","41","0"
"es","C:\Users\Sipka\Desktop\Converter\languages\es\convertir\tbz\tar.gz-a-tbz\index.html","True","41","0"
"es","C:\Users\Sipka\Desktop\Converter\languages\es\convertir\tbz\tar.xz-a-tbz\index.html","True","41","0"
"es","C:\Users\Sipka\Desktop\Converter\languages\es\convertir\tbz\tgz-a-tbz\index.html","True","41","0"
"es","C:\Users\Sipka\Desktop\Converter\languages\es\convertir\tbz\tiff-a-tbz\index.html","True","41","0"
"es","C:\Users\Sipka\Desktop\Converter\languages\es\convertir\tbz\tsv-a-tbz\index.html","True","41","0"
"es","C:\Users\Sipka\Desktop\Converter\languages\es\convertir\tbz\txt-a-tbz\index.html","True","41","0"
"es","C:\Users\Sipka\Desktop\Converter\languages\es\convertir\tbz\txz-a-tbz\index.html","True","41","0"
"es","C:\Users\Sipka\Desktop\Converter\languages\es\convertir\tbz\wav-a-tbz\index.html","True","41","0"
"es","C:\Users\Sipka\Desktop\Converter\languages\es\convertir\tbz\webm-a-tbz\index.html","True","41","0"
"es","C:\Users\Sipka\Desktop\Converter\languages\es\convertir\tbz\webp-a-tbz\index.html","True","41","0"
"es","C:\Users\Sipka\Desktop\Converter\languages\es\convertir\tbz\xlsx-a-tbz\index.html","True","41","0"
"es","C:\Users\Sipka\Desktop\Converter\languages\es\convertir\tbz\zip-a-tbz\index.html","True","41","0"
"es","C:\Users\Sipka\Desktop\Converter\languages\es\convertir\tgz\7z-a-tgz\index.html","True","41","0"
"es","C:\Users\Sipka\Desktop\Converter\languages\es\convertir\tgz\aac-a-tgz\index.html","True","41","0"
"es","C:\Users\Sipka\Desktop\Converter\languages\es\convertir\tgz\aiff-a-tgz\index.html","True","41","0"
"es","C:\Users\Sipka\Desktop\Converter\languages\es\convertir\tgz\bmp-a-tgz\index.html","True","41","0"
"es","C:\Users\Sipka\Desktop\Converter\languages\es\convertir\tgz\csv-a-tgz\index.html","True","41","0"
"es","C:\Users\Sipka\Desktop\Converter\languages\es\convertir\tgz\docx-a-tgz\index.html","True","41","0"
"es","C:\Users\Sipka\Desktop\Converter\languages\es\convertir\tgz\flac-a-tgz\index.html","True","41","0"
"es","C:\Users\Sipka\Desktop\Converter\languages\es\convertir\tgz\gif-a-tgz\index.html","True","41","0"
"es","C:\Users\Sipka\Desktop\Converter\languages\es\convertir\tgz\html-a-tgz\index.html","True","41","0"
"es","C:\Users\Sipka\Desktop\Converter\languages\es\convertir\tgz\jpeg-a-tgz\index.html","True","41","0"
"es","C:\Users\Sipka\Desktop\Converter\languages\es\convertir\tgz\jpg-a-tgz\index.html","True","41","0"
"es","C:\Users\Sipka\Desktop\Converter\languages\es\convertir\tgz\json-a-tgz\index.html","True","41","0"
"es","C:\Users\Sipka\Desktop\Converter\languages\es\convertir\tgz\jsonl-a-tgz\index.html","True","41","0"
"es","C:\Users\Sipka\Desktop\Converter\languages\es\convertir\tgz\m4a-a-tgz\index.html","True","41","0"
"es","C:\Users\Sipka\Desktop\Converter\languages\es\convertir\tgz\m4v-a-tgz\index.html","True","41","0"
"es","C:\Users\Sipka\Desktop\Converter\languages\es\convertir\tgz\md-a-tgz\index.html","True","41","0"
"es","C:\Users\Sipka\Desktop\Converter\languages\es\convertir\tgz\mkv-a-tgz\index.html","True","41","0"
"es","C:\Users\Sipka\Desktop\Converter\languages\es\convertir\tgz\mov-a-tgz\index.html","True","41","0"
"es","C:\Users\Sipka\Desktop\Converter\languages\es\convertir\tgz\mp3-a-tgz\index.html","True","41","0"
"es","C:\Users\Sipka\Desktop\Converter\languages\es\convertir\tgz\mp4-a-tgz\index.html","True","41","0"
"es","C:\Users\Sipka\Desktop\Converter\languages\es\convertir\tgz\ogg-a-tgz\index.html","True","41","0"
"es","C:\Users\Sipka\Desktop\Converter\languages\es\convertir\tgz\opus-a-tgz\index.html","True","41","0"
"es","C:\Users\Sipka\Desktop\Converter\languages\es\convertir\tgz\pdf-a-tgz\index.html","True","41","0"
"es","C:\Users\Sipka\Desktop\Converter\languages\es\convertir\tgz\png-a-tgz\index.html","True","41","0"
"es","C:\Users\Sipka\Desktop\Converter\languages\es\convertir\tgz\pptx-a-tgz\index.html","True","41","0"
"es","C:\Users\Sipka\Desktop\Converter\languages\es\convertir\tgz\rar-a-tgz\index.html","True","41","0"
"es","C:\Users\Sipka\Desktop\Converter\languages\es\convertir\tgz\rtf-a-tgz\index.html","True","41","0"
"es","C:\Users\Sipka\Desktop\Converter\languages\es\convertir\tgz\svg-a-tgz\index.html","True","41","0"
"es","C:\Users\Sipka\Desktop\Converter\languages\es\convertir\tgz\tar-a-tgz\index.html","True","41","0"
"es","C:\Users\Sipka\Desktop\Converter\languages\es\convertir\tgz\tar.bz2-a-tgz\index.html","True","41","0"
"es","C:\Users\Sipka\Desktop\Converter\languages\es\convertir\tgz\tar.gz-a-tgz\index.html","True","41","0"
"es","C:\Users\Sipka\Desktop\Converter\languages\es\convertir\tgz\tar.xz-a-tgz\index.html","True","41","0"
"es","C:\Users\Sipka\Desktop\Converter\languages\es\convertir\tgz\tbz-a-tgz\index.html","True","41","0"
"es","C:\Users\Sipka\Desktop\Converter\languages\es\convertir\tgz\tiff-a-tgz\index.html","True","41","0"
"es","C:\Users\Sipka\Desktop\Converter\languages\es\convertir\tgz\tsv-a-tgz\index.html","True","41","0"
"es","C:\Users\Sipka\Desktop\Converter\languages\es\convertir\tgz\txt-a-tgz\index.html","True","41","0"
"es","C:\Users\Sipka\Desktop\Converter\languages\es\convertir\tgz\txz-a-tgz\index.html","True","41","0"
"es","C:\Users\Sipka\Desktop\Converter\languages\es\convertir\tgz\wav-a-tgz\index.html","True","41","0"
"es","C:\Users\Sipka\Desktop\Converter\languages\es\convertir\tgz\webm-a-tgz\index.html","True","41","0"
"es","C:\Users\Sipka\Desktop\Converter\languages\es\convertir\tgz\webp-a-tgz\index.html","True","41","0"
"es","C:\Users\Sipka\Desktop\Converter\languages\es\convertir\tgz\xlsx-a-tgz\index.html","True","41","0"
"es","C:\Users\Sipka\Desktop\Converter\languages\es\convertir\tgz\zip-a-tgz\index.html","True","41","0"
"es","C:\Users\Sipka\Desktop\Converter\languages\es\convertir\tiff\7z-a-tiff\index.html","True","41","0"
"es","C:\Users\Sipka\Desktop\Converter\languages\es\convertir\tiff\aac-a-tiff\index.html","True","41","0"
"es","C:\Users\Sipka\Desktop\Converter\languages\es\convertir\tiff\aiff-a-tiff\index.html","True","41","0"
"es","C:\Users\Sipka\Desktop\Converter\languages\es\convertir\tiff\bmp-a-tiff\index.html","True","41","0"
"es","C:\Users\Sipka\Desktop\Converter\languages\es\convertir\tiff\csv-a-tiff\index.html","True","41","0"
"es","C:\Users\Sipka\Desktop\Converter\languages\es\convertir\tiff\docx-a-tiff\index.html","True","41","0"
"es","C:\Users\Sipka\Desktop\Converter\languages\es\convertir\tiff\flac-a-tiff\index.html","True","41","0"
"es","C:\Users\Sipka\Desktop\Converter\languages\es\convertir\tiff\gif-a-tiff\index.html","True","41","0"
"es","C:\Users\Sipka\Desktop\Converter\languages\es\convertir\tiff\html-a-tiff\index.html","True","41","0"
"es","C:\Users\Sipka\Desktop\Converter\languages\es\convertir\tiff\jpeg-a-tiff\index.html","True","41","0"
"es","C:\Users\Sipka\Desktop\Converter\languages\es\convertir\tiff\jpg-a-tiff\index.html","True","41","0"
"es","C:\Users\Sipka\Desktop\Converter\languages\es\convertir\tiff\json-a-tiff\index.html","True","41","0"
"es","C:\Users\Sipka\Desktop\Converter\languages\es\convertir\tiff\jsonl-a-tiff\index.html","True","41","0"
"es","C:\Users\Sipka\Desktop\Converter\languages\es\convertir\tiff\m4a-a-tiff\index.html","True","41","0"
"es","C:\Users\Sipka\Desktop\Converter\languages\es\convertir\tiff\m4v-a-tiff\index.html","True","41","0"
"es","C:\Users\Sipka\Desktop\Converter\languages\es\convertir\tiff\md-a-tiff\index.html","True","41","0"
"es","C:\Users\Sipka\Desktop\Converter\languages\es\convertir\tiff\mkv-a-tiff\index.html","True","41","0"
"es","C:\Users\Sipka\Desktop\Converter\languages\es\convertir\tiff\mov-a-tiff\index.html","True","41","0"
"es","C:\Users\Sipka\Desktop\Converter\languages\es\convertir\tiff\mp3-a-tiff\index.html","True","41","0"
"es","C:\Users\Sipka\Desktop\Converter\languages\es\convertir\tiff\mp4-a-tiff\index.html","True","41","0"
"es","C:\Users\Sipka\Desktop\Converter\languages\es\convertir\tiff\ogg-a-tiff\index.html","True","41","0"
"es","C:\Users\Sipka\Desktop\Converter\languages\es\convertir\tiff\opus-a-tiff\index.html","True","41","0"
"es","C:\Users\Sipka\Desktop\Converter\languages\es\convertir\tiff\pdf-a-tiff\index.html","True","41","0"
"es","C:\Users\Sipka\Desktop\Converter\languages\es\convertir\tiff\png-a-tiff\index.html","True","41","0"
"es","C:\Users\Sipka\Desktop\Converter\languages\es\convertir\tiff\pptx-a-tiff\index.html","True","41","0"
"es","C:\Users\Sipka\Desktop\Converter\languages\es\convertir\tiff\rar-a-tiff\index.html","True","41","0"
"es","C:\Users\Sipka\Desktop\Converter\languages\es\convertir\tiff\rtf-a-tiff\index.html","True","41","0"
"es","C:\Users\Sipka\Desktop\Converter\languages\es\convertir\tiff\svg-a-tiff\index.html","True","41","0"
"es","C:\Users\Sipka\Desktop\Converter\languages\es\convertir\tiff\tar-a-tiff\index.html","True","41","0"
"es","C:\Users\Sipka\Desktop\Converter\languages\es\convertir\tiff\tar.bz2-a-tiff\index.html","True","41","0"
"es","C:\Users\Sipka\Desktop\Converter\languages\es\convertir\tiff\tar.gz-a-tiff\index.html","True","41","0"
"es","C:\Users\Sipka\Desktop\Converter\languages\es\convertir\tiff\tar.xz-a-tiff\index.html","True","41","0"
"es","C:\Users\Sipka\Desktop\Converter\languages\es\convertir\tiff\tbz-a-tiff\index.html","True","41","0"
"es","C:\Users\Sipka\Desktop\Converter\languages\es\convertir\tiff\tgz-a-tiff\index.html","True","41","0"
"es","C:\Users\Sipka\Desktop\Converter\languages\es\convertir\tiff\tsv-a-tiff\index.html","True","41","0"
"es","C:\Users\Sipka\Desktop\Converter\languages\es\convertir\tiff\txt-a-tiff\index.html","True","41","0"
"es","C:\Users\Sipka\Desktop\Converter\languages\es\convertir\tiff\txz-a-tiff\index.html","True","41","0"
"es","C:\Users\Sipka\Desktop\Converter\languages\es\convertir\tiff\wav-a-tiff\index.html","True","41","0"
"es","C:\Users\Sipka\Desktop\Converter\languages\es\convertir\tiff\webm-a-tiff\index.html","True","41","0"
"es","C:\Users\Sipka\Desktop\Converter\languages\es\convertir\tiff\webp-a-tiff\index.html","True","41","0"
"es","C:\Users\Sipka\Desktop\Converter\languages\es\convertir\tiff\xlsx-a-tiff\index.html","True","41","0"
"es","C:\Users\Sipka\Desktop\Converter\languages\es\convertir\tiff\zip-a-tiff\index.html","True","41","0"
"es","C:\Users\Sipka\Desktop\Converter\languages\es\convertir\tsv\7z-a-tsv\index.html","True","41","0"
"es","C:\Users\Sipka\Desktop\Converter\languages\es\convertir\tsv\aac-a-tsv\index.html","True","41","0"
"es","C:\Users\Sipka\Desktop\Converter\languages\es\convertir\tsv\aiff-a-tsv\index.html","True","41","0"
"es","C:\Users\Sipka\Desktop\Converter\languages\es\convertir\tsv\bmp-a-tsv\index.html","True","41","0"
"es","C:\Users\Sipka\Desktop\Converter\languages\es\convertir\tsv\csv-a-tsv\index.html","True","41","0"
"es","C:\Users\Sipka\Desktop\Converter\languages\es\convertir\tsv\docx-a-tsv\index.html","True","41","0"
"es","C:\Users\Sipka\Desktop\Converter\languages\es\convertir\tsv\flac-a-tsv\index.html","True","41","0"
"es","C:\Users\Sipka\Desktop\Converter\languages\es\convertir\tsv\gif-a-tsv\index.html","True","41","0"
"es","C:\Users\Sipka\Desktop\Converter\languages\es\convertir\tsv\html-a-tsv\index.html","True","41","0"
"es","C:\Users\Sipka\Desktop\Converter\languages\es\convertir\tsv\jpeg-a-tsv\index.html","True","41","0"
"es","C:\Users\Sipka\Desktop\Converter\languages\es\convertir\tsv\jpg-a-tsv\index.html","True","41","0"
"es","C:\Users\Sipka\Desktop\Converter\languages\es\convertir\tsv\json-a-tsv\index.html","True","41","0"
"es","C:\Users\Sipka\Desktop\Converter\languages\es\convertir\tsv\jsonl-a-tsv\index.html","True","41","0"
"es","C:\Users\Sipka\Desktop\Converter\languages\es\convertir\tsv\m4a-a-tsv\index.html","True","41","0"
"es","C:\Users\Sipka\Desktop\Converter\languages\es\convertir\tsv\m4v-a-tsv\index.html","True","41","0"
"es","C:\Users\Sipka\Desktop\Converter\languages\es\convertir\tsv\md-a-tsv\index.html","True","41","0"
"es","C:\Users\Sipka\Desktop\Converter\languages\es\convertir\tsv\mkv-a-tsv\index.html","True","41","0"
"es","C:\Users\Sipka\Desktop\Converter\languages\es\convertir\tsv\mov-a-tsv\index.html","True","41","0"
"es","C:\Users\Sipka\Desktop\Converter\languages\es\convertir\tsv\mp3-a-tsv\index.html","True","41","0"
"es","C:\Users\Sipka\Desktop\Converter\languages\es\convertir\tsv\mp4-a-tsv\index.html","True","41","0"
"es","C:\Users\Sipka\Desktop\Converter\languages\es\convertir\tsv\ogg-a-tsv\index.html","True","41","0"
"es","C:\Users\Sipka\Desktop\Converter\languages\es\convertir\tsv\opus-a-tsv\index.html","True","41","0"
"es","C:\Users\Sipka\Desktop\Converter\languages\es\convertir\tsv\pdf-a-tsv\index.html","True","41","0"
"es","C:\Users\Sipka\Desktop\Converter\languages\es\convertir\tsv\png-a-tsv\index.html","True","41","0"
"es","C:\Users\Sipka\Desktop\Converter\languages\es\convertir\tsv\pptx-a-tsv\index.html","True","41","0"
"es","C:\Users\Sipka\Desktop\Converter\languages\es\convertir\tsv\rar-a-tsv\index.html","True","41","0"
"es","C:\Users\Sipka\Desktop\Converter\languages\es\convertir\tsv\rtf-a-tsv\index.html","True","41","0"
"es","C:\Users\Sipka\Desktop\Converter\languages\es\convertir\tsv\svg-a-tsv\index.html","True","41","0"
"es","C:\Users\Sipka\Desktop\Converter\languages\es\convertir\tsv\tar-a-tsv\index.html","True","41","0"
"es","C:\Users\Sipka\Desktop\Converter\languages\es\convertir\tsv\tar.bz2-a-tsv\index.html","True","41","0"
"es","C:\Users\Sipka\Desktop\Converter\languages\es\convertir\tsv\tar.gz-a-tsv\index.html","True","41","0"
"es","C:\Users\Sipka\Desktop\Converter\languages\es\convertir\tsv\tar.xz-a-tsv\index.html","True","41","0"
"es","C:\Users\Sipka\Desktop\Converter\languages\es\convertir\tsv\tbz-a-tsv\index.html","True","41","0"
"es","C:\Users\Sipka\Desktop\Converter\languages\es\convertir\tsv\tgz-a-tsv\index.html","True","41","0"
"es","C:\Users\Sipka\Desktop\Converter\languages\es\convertir\tsv\tiff-a-tsv\index.html","True","41","0"
"es","C:\Users\Sipka\Desktop\Converter\languages\es\convertir\tsv\txt-a-tsv\index.html","True","41","0"
"es","C:\Users\Sipka\Desktop\Converter\languages\es\convertir\tsv\txz-a-tsv\index.html","True","41","0"
"es","C:\Users\Sipka\Desktop\Converter\languages\es\convertir\tsv\wav-a-tsv\index.html","True","41","0"
"es","C:\Users\Sipka\Desktop\Converter\languages\es\convertir\tsv\webm-a-tsv\index.html","True","41","0"
"es","C:\Users\Sipka\Desktop\Converter\languages\es\convertir\tsv\webp-a-tsv\index.html","True","41","0"
"es","C:\Users\Sipka\Desktop\Converter\languages\es\convertir\tsv\xlsx-a-tsv\index.html","True","41","0"
"es","C:\Users\Sipka\Desktop\Converter\languages\es\convertir\tsv\zip-a-tsv\index.html","True","41","0"
"es","C:\Users\Sipka\Desktop\Converter\languages\es\convertir\txt\7z-a-txt\index.html","True","41","0"
"es","C:\Users\Sipka\Desktop\Converter\languages\es\convertir\txt\aac-a-txt\index.html","True","41","0"
"es","C:\Users\Sipka\Desktop\Converter\languages\es\convertir\txt\aiff-a-txt\index.html","True","41","0"
"es","C:\Users\Sipka\Desktop\Converter\languages\es\convertir\txt\bmp-a-txt\index.html","True","41","0"
"es","C:\Users\Sipka\Desktop\Converter\languages\es\convertir\txt\csv-a-txt\index.html","True","41","0"
"es","C:\Users\Sipka\Desktop\Converter\languages\es\convertir\txt\docx-a-txt\index.html","True","41","0"
"es","C:\Users\Sipka\Desktop\Converter\languages\es\convertir\txt\flac-a-txt\index.html","True","41","0"
"es","C:\Users\Sipka\Desktop\Converter\languages\es\convertir\txt\gif-a-txt\index.html","True","41","0"
"es","C:\Users\Sipka\Desktop\Converter\languages\es\convertir\txt\html-a-txt\index.html","True","41","0"
"es","C:\Users\Sipka\Desktop\Converter\languages\es\convertir\txt\jpeg-a-txt\index.html","True","41","0"
"es","C:\Users\Sipka\Desktop\Converter\languages\es\convertir\txt\jpg-a-txt\index.html","True","41","0"
"es","C:\Users\Sipka\Desktop\Converter\languages\es\convertir\txt\json-a-txt\index.html","True","41","0"
"es","C:\Users\Sipka\Desktop\Converter\languages\es\convertir\txt\jsonl-a-txt\index.html","True","41","0"
"es","C:\Users\Sipka\Desktop\Converter\languages\es\convertir\txt\m4a-a-txt\index.html","True","41","0"
"es","C:\Users\Sipka\Desktop\Converter\languages\es\convertir\txt\m4v-a-txt\index.html","True","41","0"
"es","C:\Users\Sipka\Desktop\Converter\languages\es\convertir\txt\md-a-txt\index.html","True","41","0"
"es","C:\Users\Sipka\Desktop\Converter\languages\es\convertir\txt\mkv-a-txt\index.html","True","41","0"
"es","C:\Users\Sipka\Desktop\Converter\languages\es\convertir\txt\mov-a-txt\index.html","True","41","0"
"es","C:\Users\Sipka\Desktop\Converter\languages\es\convertir\txt\mp3-a-txt\index.html","True","41","0"
"es","C:\Users\Sipka\Desktop\Converter\languages\es\convertir\txt\mp4-a-txt\index.html","True","41","0"
"es","C:\Users\Sipka\Desktop\Converter\languages\es\convertir\txt\ogg-a-txt\index.html","True","41","0"
"es","C:\Users\Sipka\Desktop\Converter\languages\es\convertir\txt\opus-a-txt\index.html","True","41","0"
"es","C:\Users\Sipka\Desktop\Converter\languages\es\convertir\txt\pdf-a-txt\index.html","True","41","0"
"es","C:\Users\Sipka\Desktop\Converter\languages\es\convertir\txt\png-a-txt\index.html","True","41","0"
"es","C:\Users\Sipka\Desktop\Converter\languages\es\convertir\txt\pptx-a-txt\index.html","True","41","0"
"es","C:\Users\Sipka\Desktop\Converter\languages\es\convertir\txt\rar-a-txt\index.html","True","41","0"
"es","C:\Users\Sipka\Desktop\Converter\languages\es\convertir\txt\rtf-a-txt\index.html","True","41","0"
"es","C:\Users\Sipka\Desktop\Converter\languages\es\convertir\txt\svg-a-txt\index.html","True","41","0"
"es","C:\Users\Sipka\Desktop\Converter\languages\es\convertir\txt\tar-a-txt\index.html","True","41","0"
"es","C:\Users\Sipka\Desktop\Converter\languages\es\convertir\txt\tar.bz2-a-txt\index.html","True","41","0"
"es","C:\Users\Sipka\Desktop\Converter\languages\es\convertir\txt\tar.gz-a-txt\index.html","True","41","0"
"es","C:\Users\Sipka\Desktop\Converter\languages\es\convertir\txt\tar.xz-a-txt\index.html","True","41","0"
"es","C:\Users\Sipka\Desktop\Converter\languages\es\convertir\txt\tbz-a-txt\index.html","True","41","0"
"es","C:\Users\Sipka\Desktop\Converter\languages\es\convertir\txt\tgz-a-txt\index.html","True","41","0"
"es","C:\Users\Sipka\Desktop\Converter\languages\es\convertir\txt\tiff-a-txt\index.html","True","41","0"
"es","C:\Users\Sipka\Desktop\Converter\languages\es\convertir\txt\tsv-a-txt\index.html","True","41","0"
"es","C:\Users\Sipka\Desktop\Converter\languages\es\convertir\txt\txz-a-txt\index.html","True","41","0"
"es","C:\Users\Sipka\Desktop\Converter\languages\es\convertir\txt\wav-a-txt\index.html","True","41","0"
"es","C:\Users\Sipka\Desktop\Converter\languages\es\convertir\txt\webm-a-txt\index.html","True","41","0"
"es","C:\Users\Sipka\Desktop\Converter\languages\es\convertir\txt\webp-a-txt\index.html","True","41","0"
"es","C:\Users\Sipka\Desktop\Converter\languages\es\convertir\txt\xlsx-a-txt\index.html","True","41","0"
"es","C:\Users\Sipka\Desktop\Converter\languages\es\convertir\txt\zip-a-txt\index.html","True","41","0"
"es","C:\Users\Sipka\Desktop\Converter\languages\es\convertir\txz\7z-a-txz\index.html","True","41","0"
"es","C:\Users\Sipka\Desktop\Converter\languages\es\convertir\txz\aac-a-txz\index.html","True","41","0"
"es","C:\Users\Sipka\Desktop\Converter\languages\es\convertir\txz\aiff-a-txz\index.html","True","41","0"
"es","C:\Users\Sipka\Desktop\Converter\languages\es\convertir\txz\bmp-a-txz\index.html","True","41","0"
"es","C:\Users\Sipka\Desktop\Converter\languages\es\convertir\txz\csv-a-txz\index.html","True","41","0"
"es","C:\Users\Sipka\Desktop\Converter\languages\es\convertir\txz\docx-a-txz\index.html","True","41","0"
"es","C:\Users\Sipka\Desktop\Converter\languages\es\convertir\txz\flac-a-txz\index.html","True","41","0"
"es","C:\Users\Sipka\Desktop\Converter\languages\es\convertir\txz\gif-a-txz\index.html","True","41","0"
"es","C:\Users\Sipka\Desktop\Converter\languages\es\convertir\txz\html-a-txz\index.html","True","41","0"
"es","C:\Users\Sipka\Desktop\Converter\languages\es\convertir\txz\jpeg-a-txz\index.html","True","41","0"
"es","C:\Users\Sipka\Desktop\Converter\languages\es\convertir\txz\jpg-a-txz\index.html","True","41","0"
"es","C:\Users\Sipka\Desktop\Converter\languages\es\convertir\txz\json-a-txz\index.html","True","41","0"
"es","C:\Users\Sipka\Desktop\Converter\languages\es\convertir\txz\jsonl-a-txz\index.html","True","41","0"
"es","C:\Users\Sipka\Desktop\Converter\languages\es\convertir\txz\m4a-a-txz\index.html","True","41","0"
"es","C:\Users\Sipka\Desktop\Converter\languages\es\convertir\txz\m4v-a-txz\index.html","True","41","0"
"es","C:\Users\Sipka\Desktop\Converter\languages\es\convertir\txz\md-a-txz\index.html","True","41","0"
"es","C:\Users\Sipka\Desktop\Converter\languages\es\convertir\txz\mkv-a-txz\index.html","True","41","0"
"es","C:\Users\Sipka\Desktop\Converter\languages\es\convertir\txz\mov-a-txz\index.html","True","41","0"
"es","C:\Users\Sipka\Desktop\Converter\languages\es\convertir\txz\mp3-a-txz\index.html","True","41","0"
"es","C:\Users\Sipka\Desktop\Converter\languages\es\convertir\txz\mp4-a-txz\index.html","True","41","0"
"es","C:\Users\Sipka\Desktop\Converter\languages\es\convertir\txz\ogg-a-txz\index.html","True","41","0"
"es","C:\Users\Sipka\Desktop\Converter\languages\es\convertir\txz\opus-a-txz\index.html","True","41","0"
"es","C:\Users\Sipka\Desktop\Converter\languages\es\convertir\txz\pdf-a-txz\index.html","True","41","0"
"es","C:\Users\Sipka\Desktop\Converter\languages\es\convertir\txz\png-a-txz\index.html","True","41","0"
"es","C:\Users\Sipka\Desktop\Converter\languages\es\convertir\txz\pptx-a-txz\index.html","True","41","0"
"es","C:\Users\Sipka\Desktop\Converter\languages\es\convertir\txz\rar-a-txz\index.html","True","41","0"
"es","C:\Users\Sipka\Desktop\Converter\languages\es\convertir\txz\rtf-a-txz\index.html","True","41","0"
"es","C:\Users\Sipka\Desktop\Converter\languages\es\convertir\txz\svg-a-txz\index.html","True","41","0"
"es","C:\Users\Sipka\Desktop\Converter\languages\es\convertir\txz\tar-a-txz\index.html","True","41","0"
"es","C:\Users\Sipka\Desktop\Converter\languages\es\convertir\txz\tar.bz2-a-txz\index.html","True","41","0"
"es","C:\Users\Sipka\Desktop\Converter\languages\es\convertir\txz\tar.gz-a-txz\index.html","True","41","0"
"es","C:\Users\Sipka\Desktop\Converter\languages\es\convertir\txz\tar.xz-a-txz\index.html","True","41","0"
"es","C:\Users\Sipka\Desktop\Converter\languages\es\convertir\txz\tbz-a-txz\index.html","True","41","0"
"es","C:\Users\Sipka\Desktop\Converter\languages\es\convertir\txz\tgz-a-txz\index.html","True","41","0"
"es","C:\Users\Sipka\Desktop\Converter\languages\es\convertir\txz\tiff-a-txz\index.html","True","41","0"
"es","C:\Users\Sipka\Desktop\Converter\languages\es\convertir\txz\tsv-a-txz\index.html","True","41","0"
"es","C:\Users\Sipka\Desktop\Converter\languages\es\convertir\txz\txt-a-txz\index.html","True","41","0"
"es","C:\Users\Sipka\Desktop\Converter\languages\es\convertir\txz\wav-a-txz\index.html","True","41","0"
"es","C:\Users\Sipka\Desktop\Converter\languages\es\convertir\txz\webm-a-txz\index.html","True","41","0"
"es","C:\Users\Sipka\Desktop\Converter\languages\es\convertir\txz\webp-a-txz\index.html","True","41","0"
"es","C:\Users\Sipka\Desktop\Converter\languages\es\convertir\txz\xlsx-a-txz\index.html","True","41","0"
"es","C:\Users\Sipka\Desktop\Converter\languages\es\convertir\txz\zip-a-txz\index.html","True","41","0"
"es","C:\Users\Sipka\Desktop\Converter\languages\es\convertir\wav\7z-a-wav\index.html","True","41","0"
"es","C:\Users\Sipka\Desktop\Converter\languages\es\convertir\wav\aac-a-wav\index.html","True","41","0"
"es","C:\Users\Sipka\Desktop\Converter\languages\es\convertir\wav\aiff-a-wav\index.html","True","41","0"
"es","C:\Users\Sipka\Desktop\Converter\languages\es\convertir\wav\bmp-a-wav\index.html","True","41","0"
"es","C:\Users\Sipka\Desktop\Converter\languages\es\convertir\wav\csv-a-wav\index.html","True","41","0"
"es","C:\Users\Sipka\Desktop\Converter\languages\es\convertir\wav\docx-a-wav\index.html","True","41","0"
"es","C:\Users\Sipka\Desktop\Converter\languages\es\convertir\wav\flac-a-wav\index.html","True","41","0"
"es","C:\Users\Sipka\Desktop\Converter\languages\es\convertir\wav\gif-a-wav\index.html","True","41","0"
"es","C:\Users\Sipka\Desktop\Converter\languages\es\convertir\wav\html-a-wav\index.html","True","41","0"
"es","C:\Users\Sipka\Desktop\Converter\languages\es\convertir\wav\jpeg-a-wav\index.html","True","41","0"
"es","C:\Users\Sipka\Desktop\Converter\languages\es\convertir\wav\jpg-a-wav\index.html","True","41","0"
"es","C:\Users\Sipka\Desktop\Converter\languages\es\convertir\wav\json-a-wav\index.html","True","41","0"
"es","C:\Users\Sipka\Desktop\Converter\languages\es\convertir\wav\jsonl-a-wav\index.html","True","41","0"
"es","C:\Users\Sipka\Desktop\Converter\languages\es\convertir\wav\m4a-a-wav\index.html","True","41","0"
"es","C:\Users\Sipka\Desktop\Converter\languages\es\convertir\wav\m4v-a-wav\index.html","True","41","0"
"es","C:\Users\Sipka\Desktop\Converter\languages\es\convertir\wav\md-a-wav\index.html","True","41","0"
"es","C:\Users\Sipka\Desktop\Converter\languages\es\convertir\wav\mkv-a-wav\index.html","True","41","0"
"es","C:\Users\Sipka\Desktop\Converter\languages\es\convertir\wav\mov-a-wav\index.html","True","41","0"
"es","C:\Users\Sipka\Desktop\Converter\languages\es\convertir\wav\mp3-a-wav\index.html","True","41","0"
"es","C:\Users\Sipka\Desktop\Converter\languages\es\convertir\wav\mp4-a-wav\index.html","True","41","0"
"es","C:\Users\Sipka\Desktop\Converter\languages\es\convertir\wav\ogg-a-wav\index.html","True","41","0"
"es","C:\Users\Sipka\Desktop\Converter\languages\es\convertir\wav\opus-a-wav\index.html","True","41","0"
"es","C:\Users\Sipka\Desktop\Converter\languages\es\convertir\wav\pdf-a-wav\index.html","True","41","0"
"es","C:\Users\Sipka\Desktop\Converter\languages\es\convertir\wav\png-a-wav\index.html","True","41","0"
"es","C:\Users\Sipka\Desktop\Converter\languages\es\convertir\wav\pptx-a-wav\index.html","True","41","0"
"es","C:\Users\Sipka\Desktop\Converter\languages\es\convertir\wav\rar-a-wav\index.html","True","41","0"
"es","C:\Users\Sipka\Desktop\Converter\languages\es\convertir\wav\rtf-a-wav\index.html","True","41","0"
"es","C:\Users\Sipka\Desktop\Converter\languages\es\convertir\wav\svg-a-wav\index.html","True","41","0"
"es","C:\Users\Sipka\Desktop\Converter\languages\es\convertir\wav\tar-a-wav\index.html","True","41","0"
"es","C:\Users\Sipka\Desktop\Converter\languages\es\convertir\wav\tar.bz2-a-wav\index.html","True","41","0"
"es","C:\Users\Sipka\Desktop\Converter\languages\es\convertir\wav\tar.gz-a-wav\index.html","True","41","0"
"es","C:\Users\Sipka\Desktop\Converter\languages\es\convertir\wav\tar.xz-a-wav\index.html","True","41","0"
"es","C:\Users\Sipka\Desktop\Converter\languages\es\convertir\wav\tbz-a-wav\index.html","True","41","0"
"es","C:\Users\Sipka\Desktop\Converter\languages\es\convertir\wav\tgz-a-wav\index.html","True","41","0"
"es","C:\Users\Sipka\Desktop\Converter\languages\es\convertir\wav\tiff-a-wav\index.html","True","41","0"
"es","C:\Users\Sipka\Desktop\Converter\languages\es\convertir\wav\tsv-a-wav\index.html","True","41","0"
"es","C:\Users\Sipka\Desktop\Converter\languages\es\convertir\wav\txt-a-wav\index.html","True","41","0"
"es","C:\Users\Sipka\Desktop\Converter\languages\es\convertir\wav\txz-a-wav\index.html","True","41","0"
"es","C:\Users\Sipka\Desktop\Converter\languages\es\convertir\wav\webm-a-wav\index.html","True","41","0"
"es","C:\Users\Sipka\Desktop\Converter\languages\es\convertir\wav\webp-a-wav\index.html","True","41","0"
"es","C:\Users\Sipka\Desktop\Converter\languages\es\convertir\wav\xlsx-a-wav\index.html","True","41","0"
"es","C:\Users\Sipka\Desktop\Converter\languages\es\convertir\wav\zip-a-wav\index.html","True","41","0"
"es","C:\Users\Sipka\Desktop\Converter\languages\es\convertir\webm\7z-a-webm\index.html","True","41","0"
"es","C:\Users\Sipka\Desktop\Converter\languages\es\convertir\webm\aac-a-webm\index.html","True","41","0"
"es","C:\Users\Sipka\Desktop\Converter\languages\es\convertir\webm\aiff-a-webm\index.html","True","41","0"
"es","C:\Users\Sipka\Desktop\Converter\languages\es\convertir\webm\bmp-a-webm\index.html","True","41","0"
"es","C:\Users\Sipka\Desktop\Converter\languages\es\convertir\webm\csv-a-webm\index.html","True","41","0"
"es","C:\Users\Sipka\Desktop\Converter\languages\es\convertir\webm\docx-a-webm\index.html","True","41","0"
"es","C:\Users\Sipka\Desktop\Converter\languages\es\convertir\webm\flac-a-webm\index.html","True","41","0"
"es","C:\Users\Sipka\Desktop\Converter\languages\es\convertir\webm\gif-a-webm\index.html","True","41","0"
"es","C:\Users\Sipka\Desktop\Converter\languages\es\convertir\webm\html-a-webm\index.html","True","41","0"
"es","C:\Users\Sipka\Desktop\Converter\languages\es\convertir\webm\jpeg-a-webm\index.html","True","41","0"
"es","C:\Users\Sipka\Desktop\Converter\languages\es\convertir\webm\jpg-a-webm\index.html","True","41","0"
"es","C:\Users\Sipka\Desktop\Converter\languages\es\convertir\webm\json-a-webm\index.html","True","41","0"
"es","C:\Users\Sipka\Desktop\Converter\languages\es\convertir\webm\jsonl-a-webm\index.html","True","41","0"
"es","C:\Users\Sipka\Desktop\Converter\languages\es\convertir\webm\m4a-a-webm\index.html","True","41","0"
"es","C:\Users\Sipka\Desktop\Converter\languages\es\convertir\webm\m4v-a-webm\index.html","True","41","0"
"es","C:\Users\Sipka\Desktop\Converter\languages\es\convertir\webm\md-a-webm\index.html","True","41","0"
"es","C:\Users\Sipka\Desktop\Converter\languages\es\convertir\webm\mkv-a-webm\index.html","True","41","0"
"es","C:\Users\Sipka\Desktop\Converter\languages\es\convertir\webm\mov-a-webm\index.html","True","41","0"
"es","C:\Users\Sipka\Desktop\Converter\languages\es\convertir\webm\mp3-a-webm\index.html","True","41","0"
"es","C:\Users\Sipka\Desktop\Converter\languages\es\convertir\webm\mp4-a-webm\index.html","True","41","0"
"es","C:\Users\Sipka\Desktop\Converter\languages\es\convertir\webm\ogg-a-webm\index.html","True","41","0"
"es","C:\Users\Sipka\Desktop\Converter\languages\es\convertir\webm\opus-a-webm\index.html","True","41","0"
"es","C:\Users\Sipka\Desktop\Converter\languages\es\convertir\webm\pdf-a-webm\index.html","True","41","0"
"es","C:\Users\Sipka\Desktop\Converter\languages\es\convertir\webm\png-a-webm\index.html","True","41","0"
"es","C:\Users\Sipka\Desktop\Converter\languages\es\convertir\webm\pptx-a-webm\index.html","True","41","0"
"es","C:\Users\Sipka\Desktop\Converter\languages\es\convertir\webm\rar-a-webm\index.html","True","41","0"
"es","C:\Users\Sipka\Desktop\Converter\languages\es\convertir\webm\rtf-a-webm\index.html","True","41","0"
"es","C:\Users\Sipka\Desktop\Converter\languages\es\convertir\webm\svg-a-webm\index.html","True","41","0"
"es","C:\Users\Sipka\Desktop\Converter\languages\es\convertir\webm\tar-a-webm\index.html","True","41","0"
"es","C:\Users\Sipka\Desktop\Converter\languages\es\convertir\webm\tar.bz2-a-webm\index.html","True","41","0"
"es","C:\Users\Sipka\Desktop\Converter\languages\es\convertir\webm\tar.gz-a-webm\index.html","True","41","0"
"es","C:\Users\Sipka\Desktop\Converter\languages\es\convertir\webm\tar.xz-a-webm\index.html","True","41","0"
"es","C:\Users\Sipka\Desktop\Converter\languages\es\convertir\webm\tbz-a-webm\index.html","True","41","0"
"es","C:\Users\Sipka\Desktop\Converter\languages\es\convertir\webm\tgz-a-webm\index.html","True","41","0"
"es","C:\Users\Sipka\Desktop\Converter\languages\es\convertir\webm\tiff-a-webm\index.html","True","41","0"
"es","C:\Users\Sipka\Desktop\Converter\languages\es\convertir\webm\tsv-a-webm\index.html","True","41","0"
"es","C:\Users\Sipka\Desktop\Converter\languages\es\convertir\webm\txt-a-webm\index.html","True","41","0"
"es","C:\Users\Sipka\Desktop\Converter\languages\es\convertir\webm\txz-a-webm\index.html","True","41","0"
"es","C:\Users\Sipka\Desktop\Converter\languages\es\convertir\webm\wav-a-webm\index.html","True","41","0"
"es","C:\Users\Sipka\Desktop\Converter\languages\es\convertir\webm\webp-a-webm\index.html","True","41","0"
"es","C:\Users\Sipka\Desktop\Converter\languages\es\convertir\webm\xlsx-a-webm\index.html","True","41","0"
"es","C:\Users\Sipka\Desktop\Converter\languages\es\convertir\webm\zip-a-webm\index.html","True","41","0"
"es","C:\Users\Sipka\Desktop\Converter\languages\es\convertir\webp\7z-a-webp\index.html","True","41","0"
"es","C:\Users\Sipka\Desktop\Converter\languages\es\convertir\webp\aac-a-webp\index.html","True","41","0"
"es","C:\Users\Sipka\Desktop\Converter\languages\es\convertir\webp\aiff-a-webp\index.html","True","41","0"
"es","C:\Users\Sipka\Desktop\Converter\languages\es\convertir\webp\bmp-a-webp\index.html","True","41","0"
"es","C:\Users\Sipka\Desktop\Converter\languages\es\convertir\webp\csv-a-webp\index.html","True","41","0"
"es","C:\Users\Sipka\Desktop\Converter\languages\es\convertir\webp\docx-a-webp\index.html","True","41","0"
"es","C:\Users\Sipka\Desktop\Converter\languages\es\convertir\webp\flac-a-webp\index.html","True","41","0"
"es","C:\Users\Sipka\Desktop\Converter\languages\es\convertir\webp\gif-a-webp\index.html","True","41","0"
"es","C:\Users\Sipka\Desktop\Converter\languages\es\convertir\webp\html-a-webp\index.html","True","41","0"
"es","C:\Users\Sipka\Desktop\Converter\languages\es\convertir\webp\jpeg-a-webp\index.html","True","41","0"
"es","C:\Users\Sipka\Desktop\Converter\languages\es\convertir\webp\jpg-a-webp\index.html","True","41","0"
"es","C:\Users\Sipka\Desktop\Converter\languages\es\convertir\webp\json-a-webp\index.html","True","41","0"
"es","C:\Users\Sipka\Desktop\Converter\languages\es\convertir\webp\jsonl-a-webp\index.html","True","41","0"
"es","C:\Users\Sipka\Desktop\Converter\languages\es\convertir\webp\m4a-a-webp\index.html","True","41","0"
"es","C:\Users\Sipka\Desktop\Converter\languages\es\convertir\webp\m4v-a-webp\index.html","True","41","0"
"es","C:\Users\Sipka\Desktop\Converter\languages\es\convertir\webp\md-a-webp\index.html","True","41","0"
"es","C:\Users\Sipka\Desktop\Converter\languages\es\convertir\webp\mkv-a-webp\index.html","True","41","0"
"es","C:\Users\Sipka\Desktop\Converter\languages\es\convertir\webp\mov-a-webp\index.html","True","41","0"
"es","C:\Users\Sipka\Desktop\Converter\languages\es\convertir\webp\mp3-a-webp\index.html","True","41","0"
"es","C:\Users\Sipka\Desktop\Converter\languages\es\convertir\webp\mp4-a-webp\index.html","True","41","0"
"es","C:\Users\Sipka\Desktop\Converter\languages\es\convertir\webp\ogg-a-webp\index.html","True","41","0"
"es","C:\Users\Sipka\Desktop\Converter\languages\es\convertir\webp\opus-a-webp\index.html","True","41","0"
"es","C:\Users\Sipka\Desktop\Converter\languages\es\convertir\webp\pdf-a-webp\index.html","True","41","0"
"es","C:\Users\Sipka\Desktop\Converter\languages\es\convertir\webp\png-a-webp\index.html","True","41","0"
"es","C:\Users\Sipka\Desktop\Converter\languages\es\convertir\webp\pptx-a-webp\index.html","True","41","0"
"es","C:\Users\Sipka\Desktop\Converter\languages\es\convertir\webp\rar-a-webp\index.html","True","41","0"
"es","C:\Users\Sipka\Desktop\Converter\languages\es\convertir\webp\rtf-a-webp\index.html","True","41","0"
"es","C:\Users\Sipka\Desktop\Converter\languages\es\convertir\webp\svg-a-webp\index.html","True","41","0"
"es","C:\Users\Sipka\Desktop\Converter\languages\es\convertir\webp\tar-a-webp\index.html","True","41","0"
"es","C:\Users\Sipka\Desktop\Converter\languages\es\convertir\webp\tar.bz2-a-webp\index.html","True","41","0"
"es","C:\Users\Sipka\Desktop\Converter\languages\es\convertir\webp\tar.gz-a-webp\index.html","True","41","0"
"es","C:\Users\Sipka\Desktop\Converter\languages\es\convertir\webp\tar.xz-a-webp\index.html","True","41","0"
"es","C:\Users\Sipka\Desktop\Converter\languages\es\convertir\webp\tbz-a-webp\index.html","True","41","0"
"es","C:\Users\Sipka\Desktop\Converter\languages\es\convertir\webp\tgz-a-webp\index.html","True","41","0"
"es","C:\Users\Sipka\Desktop\Converter\languages\es\convertir\webp\tiff-a-webp\index.html","True","41","0"
"es","C:\Users\Sipka\Desktop\Converter\languages\es\convertir\webp\tsv-a-webp\index.html","True","41","0"
"es","C:\Users\Sipka\Desktop\Converter\languages\es\convertir\webp\txt-a-webp\index.html","True","41","0"
"es","C:\Users\Sipka\Desktop\Converter\languages\es\convertir\webp\txz-a-webp\index.html","True","41","0"
"es","C:\Users\Sipka\Desktop\Converter\languages\es\convertir\webp\wav-a-webp\index.html","True","41","0"
"es","C:\Users\Sipka\Desktop\Converter\languages\es\convertir\webp\webm-a-webp\index.html","True","41","0"
"es","C:\Users\Sipka\Desktop\Converter\languages\es\convertir\webp\xlsx-a-webp\index.html","True","41","0"
"es","C:\Users\Sipka\Desktop\Converter\languages\es\convertir\webp\zip-a-webp\index.html","True","41","0"
"es","C:\Users\Sipka\Desktop\Converter\languages\es\convertir\xlsx\7z-a-xlsx\index.html","True","41","0"
"es","C:\Users\Sipka\Desktop\Converter\languages\es\convertir\xlsx\aac-a-xlsx\index.html","True","41","0"
"es","C:\Users\Sipka\Desktop\Converter\languages\es\convertir\xlsx\aiff-a-xlsx\index.html","True","41","0"
"es","C:\Users\Sipka\Desktop\Converter\languages\es\convertir\xlsx\bmp-a-xlsx\index.html","True","41","0"
"es","C:\Users\Sipka\Desktop\Converter\languages\es\convertir\xlsx\csv-a-xlsx\index.html","True","41","0"
"es","C:\Users\Sipka\Desktop\Converter\languages\es\convertir\xlsx\docx-a-xlsx\index.html","True","41","0"
"es","C:\Users\Sipka\Desktop\Converter\languages\es\convertir\xlsx\flac-a-xlsx\index.html","True","41","0"
"es","C:\Users\Sipka\Desktop\Converter\languages\es\convertir\xlsx\gif-a-xlsx\index.html","True","41","0"
"es","C:\Users\Sipka\Desktop\Converter\languages\es\convertir\xlsx\html-a-xlsx\index.html","True","41","0"
"es","C:\Users\Sipka\Desktop\Converter\languages\es\convertir\xlsx\jpeg-a-xlsx\index.html","True","41","0"
"es","C:\Users\Sipka\Desktop\Converter\languages\es\convertir\xlsx\jpg-a-xlsx\index.html","True","41","0"
"es","C:\Users\Sipka\Desktop\Converter\languages\es\convertir\xlsx\json-a-xlsx\index.html","True","41","0"
"es","C:\Users\Sipka\Desktop\Converter\languages\es\convertir\xlsx\jsonl-a-xlsx\index.html","True","41","0"
"es","C:\Users\Sipka\Desktop\Converter\languages\es\convertir\xlsx\m4a-a-xlsx\index.html","True","41","0"
"es","C:\Users\Sipka\Desktop\Converter\languages\es\convertir\xlsx\m4v-a-xlsx\index.html","True","41","0"
"es","C:\Users\Sipka\Desktop\Converter\languages\es\convertir\xlsx\md-a-xlsx\index.html","True","41","0"
"es","C:\Users\Sipka\Desktop\Converter\languages\es\convertir\xlsx\mkv-a-xlsx\index.html","True","41","0"
"es","C:\Users\Sipka\Desktop\Converter\languages\es\convertir\xlsx\mov-a-xlsx\index.html","True","41","0"
"es","C:\Users\Sipka\Desktop\Converter\languages\es\convertir\xlsx\mp3-a-xlsx\index.html","True","41","0"
"es","C:\Users\Sipka\Desktop\Converter\languages\es\convertir\xlsx\mp4-a-xlsx\index.html","True","41","0"
"es","C:\Users\Sipka\Desktop\Converter\languages\es\convertir\xlsx\ogg-a-xlsx\index.html","True","41","0"
"es","C:\Users\Sipka\Desktop\Converter\languages\es\convertir\xlsx\opus-a-xlsx\index.html","True","41","0"
"es","C:\Users\Sipka\Desktop\Converter\languages\es\convertir\xlsx\pdf-a-xlsx\index.html","True","41","0"
"es","C:\Users\Sipka\Desktop\Converter\languages\es\convertir\xlsx\png-a-xlsx\index.html","True","41","0"
"es","C:\Users\Sipka\Desktop\Converter\languages\es\convertir\xlsx\pptx-a-xlsx\index.html","True","41","0"
"es","C:\Users\Sipka\Desktop\Converter\languages\es\convertir\xlsx\rar-a-xlsx\index.html","True","41","0"
"es","C:\Users\Sipka\Desktop\Converter\languages\es\convertir\xlsx\rtf-a-xlsx\index.html","True","41","0"
"es","C:\Users\Sipka\Desktop\Converter\languages\es\convertir\xlsx\svg-a-xlsx\index.html","True","41","0"
"es","C:\Users\Sipka\Desktop\Converter\languages\es\convertir\xlsx\tar-a-xlsx\index.html","True","41","0"
"es","C:\Users\Sipka\Desktop\Converter\languages\es\convertir\xlsx\tar.bz2-a-xlsx\index.html","True","41","0"
"es","C:\Users\Sipka\Desktop\Converter\languages\es\convertir\xlsx\tar.gz-a-xlsx\index.html","True","41","0"
"es","C:\Users\Sipka\Desktop\Converter\languages\es\convertir\xlsx\tar.xz-a-xlsx\index.html","True","41","0"
"es","C:\Users\Sipka\Desktop\Converter\languages\es\convertir\xlsx\tbz-a-xlsx\index.html","True","41","0"
"es","C:\Users\Sipka\Desktop\Converter\languages\es\convertir\xlsx\tgz-a-xlsx\index.html","True","41","0"
"es","C:\Users\Sipka\Desktop\Converter\languages\es\convertir\xlsx\tiff-a-xlsx\index.html","True","41","0"
"es","C:\Users\Sipka\Desktop\Converter\languages\es\convertir\xlsx\tsv-a-xlsx\index.html","True","41","0"
"es","C:\Users\Sipka\Desktop\Converter\languages\es\convertir\xlsx\txt-a-xlsx\index.html","True","41","0"
"es","C:\Users\Sipka\Desktop\Converter\languages\es\convertir\xlsx\txz-a-xlsx\index.html","True","41","0"
"es","C:\Users\Sipka\Desktop\Converter\languages\es\convertir\xlsx\wav-a-xlsx\index.html","True","41","0"
"es","C:\Users\Sipka\Desktop\Converter\languages\es\convertir\xlsx\webm-a-xlsx\index.html","True","41","0"
"es","C:\Users\Sipka\Desktop\Converter\languages\es\convertir\xlsx\webp-a-xlsx\index.html","True","41","0"
"es","C:\Users\Sipka\Desktop\Converter\languages\es\convertir\xlsx\zip-a-xlsx\index.html","True","41","0"
"es","C:\Users\Sipka\Desktop\Converter\languages\es\convertir\zip\7z-a-zip\index.html","True","41","0"
"es","C:\Users\Sipka\Desktop\Converter\languages\es\convertir\zip\aac-a-zip\index.html","True","41","0"
"es","C:\Users\Sipka\Desktop\Converter\languages\es\convertir\zip\aiff-a-zip\index.html","True","41","0"
"es","C:\Users\Sipka\Desktop\Converter\languages\es\convertir\zip\bmp-a-zip\index.html","True","41","0"
"es","C:\Users\Sipka\Desktop\Converter\languages\es\convertir\zip\csv-a-zip\index.html","True","41","0"
"es","C:\Users\Sipka\Desktop\Converter\languages\es\convertir\zip\docx-a-zip\index.html","True","41","0"
"es","C:\Users\Sipka\Desktop\Converter\languages\es\convertir\zip\flac-a-zip\index.html","True","41","0"
"es","C:\Users\Sipka\Desktop\Converter\languages\es\convertir\zip\gif-a-zip\index.html","True","41","0"
"es","C:\Users\Sipka\Desktop\Converter\languages\es\convertir\zip\html-a-zip\index.html","True","41","0"
"es","C:\Users\Sipka\Desktop\Converter\languages\es\convertir\zip\jpeg-a-zip\index.html","True","41","0"
"es","C:\Users\Sipka\Desktop\Converter\languages\es\convertir\zip\jpg-a-zip\index.html","True","41","0"
"es","C:\Users\Sipka\Desktop\Converter\languages\es\convertir\zip\json-a-zip\index.html","True","41","0"
"es","C:\Users\Sipka\Desktop\Converter\languages\es\convertir\zip\jsonl-a-zip\index.html","True","41","0"
"es","C:\Users\Sipka\Desktop\Converter\languages\es\convertir\zip\m4a-a-zip\index.html","True","41","0"
"es","C:\Users\Sipka\Desktop\Converter\languages\es\convertir\zip\m4v-a-zip\index.html","True","41","0"
"es","C:\Users\Sipka\Desktop\Converter\languages\es\convertir\zip\md-a-zip\index.html","True","41","0"
"es","C:\Users\Sipka\Desktop\Converter\languages\es\convertir\zip\mkv-a-zip\index.html","True","41","0"
"es","C:\Users\Sipka\Desktop\Converter\languages\es\convertir\zip\mov-a-zip\index.html","True","41","0"
"es","C:\Users\Sipka\Desktop\Converter\languages\es\convertir\zip\mp3-a-zip\index.html","True","41","0"
"es","C:\Users\Sipka\Desktop\Converter\languages\es\convertir\zip\mp4-a-zip\index.html","True","41","0"
"es","C:\Users\Sipka\Desktop\Converter\languages\es\convertir\zip\ogg-a-zip\index.html","True","41","0"
"es","C:\Users\Sipka\Desktop\Converter\languages\es\convertir\zip\opus-a-zip\index.html","True","41","0"
"es","C:\Users\Sipka\Desktop\Converter\languages\es\convertir\zip\pdf-a-zip\index.html","True","41","0"
"es","C:\Users\Sipka\Desktop\Converter\languages\es\convertir\zip\png-a-zip\index.html","True","41","0"
"es","C:\Users\Sipka\Desktop\Converter\languages\es\convertir\zip\pptx-a-zip\index.html","True","41","0"
"es","C:\Users\Sipka\Desktop\Converter\languages\es\convertir\zip\rar-a-zip\index.html","True","41","0"
"es","C:\Users\Sipka\Desktop\Converter\languages\es\convertir\zip\rtf-a-zip\index.html","True","41","0"
"es","C:\Users\Sipka\Desktop\Converter\languages\es\convertir\zip\svg-a-zip\index.html","True","41","0"
"es","C:\Users\Sipka\Desktop\Converter\languages\es\convertir\zip\tar-a-zip\index.html","True","41","0"
"es","C:\Users\Sipka\Desktop\Converter\languages\es\convertir\zip\tar.bz2-a-zip\index.html","True","41","0"
"es","C:\Users\Sipka\Desktop\Converter\languages\es\convertir\zip\tar.gz-a-zip\index.html","True","41","0"
"es","C:\Users\Sipka\Desktop\Converter\languages\es\convertir\zip\tar.xz-a-zip\index.html","True","41","0"
"es","C:\Users\Sipka\Desktop\Converter\languages\es\convertir\zip\tbz-a-zip\index.html","True","41","0"
"es","C:\Users\Sipka\Desktop\Converter\languages\es\convertir\zip\tgz-a-zip\index.html","True","41","0"
"es","C:\Users\Sipka\Desktop\Converter\languages\es\convertir\zip\tiff-a-zip\index.html","True","41","0"
"es","C:\Users\Sipka\Desktop\Converter\languages\es\convertir\zip\tsv-a-zip\index.html","True","41","0"
"es","C:\Users\Sipka\Desktop\Converter\languages\es\convertir\zip\txt-a-zip\index.html","True","41","0"
"es","C:\Users\Sipka\Desktop\Converter\languages\es\convertir\zip\txz-a-zip\index.html","True","41","0"
"es","C:\Users\Sipka\Desktop\Converter\languages\es\convertir\zip\wav-a-zip\index.html","True","41","0"
"es","C:\Users\Sipka\Desktop\Converter\languages\es\convertir\zip\webm-a-zip\index.html","True","41","0"
"es","C:\Users\Sipka\Desktop\Converter\languages\es\convertir\zip\webp-a-zip\index.html","True","41","0"
"es","C:\Users\Sipka\Desktop\Converter\languages\es\convertir\zip\xlsx-a-zip\index.html","True","41","0"
"fr","C:\Users\Sipka\Desktop\Converter\languages\fr\convertir\7z\aac-en-7z\index.html","True","41","0"
"fr","C:\Users\Sipka\Desktop\Converter\languages\fr\convertir\7z\aiff-en-7z\index.html","True","41","0"
"fr","C:\Users\Sipka\Desktop\Converter\languages\fr\convertir\7z\bmp-en-7z\index.html","True","41","0"
"fr","C:\Users\Sipka\Desktop\Converter\languages\fr\convertir\7z\csv-en-7z\index.html","True","41","0"
"fr","C:\Users\Sipka\Desktop\Converter\languages\fr\convertir\7z\docx-en-7z\index.html","True","41","0"
"fr","C:\Users\Sipka\Desktop\Converter\languages\fr\convertir\7z\flac-en-7z\index.html","True","41","0"
"fr","C:\Users\Sipka\Desktop\Converter\languages\fr\convertir\7z\gif-en-7z\index.html","True","41","0"
"fr","C:\Users\Sipka\Desktop\Converter\languages\fr\convertir\7z\html-en-7z\index.html","True","41","0"
"fr","C:\Users\Sipka\Desktop\Converter\languages\fr\convertir\7z\jpeg-en-7z\index.html","True","41","0"
"fr","C:\Users\Sipka\Desktop\Converter\languages\fr\convertir\7z\jpg-en-7z\index.html","True","41","0"
"fr","C:\Users\Sipka\Desktop\Converter\languages\fr\convertir\7z\json-en-7z\index.html","True","41","0"
"fr","C:\Users\Sipka\Desktop\Converter\languages\fr\convertir\7z\jsonl-en-7z\index.html","True","41","0"
"fr","C:\Users\Sipka\Desktop\Converter\languages\fr\convertir\7z\m4a-en-7z\index.html","True","41","0"
"fr","C:\Users\Sipka\Desktop\Converter\languages\fr\convertir\7z\m4v-en-7z\index.html","True","41","0"
"fr","C:\Users\Sipka\Desktop\Converter\languages\fr\convertir\7z\md-en-7z\index.html","True","41","0"
"fr","C:\Users\Sipka\Desktop\Converter\languages\fr\convertir\7z\mkv-en-7z\index.html","True","41","0"
"fr","C:\Users\Sipka\Desktop\Converter\languages\fr\convertir\7z\mov-en-7z\index.html","True","41","0"
"fr","C:\Users\Sipka\Desktop\Converter\languages\fr\convertir\7z\mp3-en-7z\index.html","True","41","0"
"fr","C:\Users\Sipka\Desktop\Converter\languages\fr\convertir\7z\mp4-en-7z\index.html","True","41","0"
"fr","C:\Users\Sipka\Desktop\Converter\languages\fr\convertir\7z\ogg-en-7z\index.html","True","41","0"
"fr","C:\Users\Sipka\Desktop\Converter\languages\fr\convertir\7z\opus-en-7z\index.html","True","41","0"
"fr","C:\Users\Sipka\Desktop\Converter\languages\fr\convertir\7z\pdf-en-7z\index.html","True","41","0"
"fr","C:\Users\Sipka\Desktop\Converter\languages\fr\convertir\7z\png-en-7z\index.html","True","41","0"
"fr","C:\Users\Sipka\Desktop\Converter\languages\fr\convertir\7z\pptx-en-7z\index.html","True","41","0"
"fr","C:\Users\Sipka\Desktop\Converter\languages\fr\convertir\7z\rar-en-7z\index.html","True","41","0"
"fr","C:\Users\Sipka\Desktop\Converter\languages\fr\convertir\7z\rtf-en-7z\index.html","True","41","0"
"fr","C:\Users\Sipka\Desktop\Converter\languages\fr\convertir\7z\svg-en-7z\index.html","True","41","0"
"fr","C:\Users\Sipka\Desktop\Converter\languages\fr\convertir\7z\tar-en-7z\index.html","True","41","0"
"fr","C:\Users\Sipka\Desktop\Converter\languages\fr\convertir\7z\tar.bz2-en-7z\index.html","True","41","0"
"fr","C:\Users\Sipka\Desktop\Converter\languages\fr\convertir\7z\tar.gz-en-7z\index.html","True","41","0"
"fr","C:\Users\Sipka\Desktop\Converter\languages\fr\convertir\7z\tar.xz-en-7z\index.html","True","41","0"
"fr","C:\Users\Sipka\Desktop\Converter\languages\fr\convertir\7z\tbz-en-7z\index.html","True","41","0"
"fr","C:\Users\Sipka\Desktop\Converter\languages\fr\convertir\7z\tgz-en-7z\index.html","True","41","0"
"fr","C:\Users\Sipka\Desktop\Converter\languages\fr\convertir\7z\tiff-en-7z\index.html","True","41","0"
"fr","C:\Users\Sipka\Desktop\Converter\languages\fr\convertir\7z\tsv-en-7z\index.html","True","41","0"
"fr","C:\Users\Sipka\Desktop\Converter\languages\fr\convertir\7z\txt-en-7z\index.html","True","41","0"
"fr","C:\Users\Sipka\Desktop\Converter\languages\fr\convertir\7z\txz-en-7z\index.html","True","41","0"
"fr","C:\Users\Sipka\Desktop\Converter\languages\fr\convertir\7z\wav-en-7z\index.html","True","41","0"
"fr","C:\Users\Sipka\Desktop\Converter\languages\fr\convertir\7z\webm-en-7z\index.html","True","41","0"
"fr","C:\Users\Sipka\Desktop\Converter\languages\fr\convertir\7z\webp-en-7z\index.html","True","41","0"
"fr","C:\Users\Sipka\Desktop\Converter\languages\fr\convertir\7z\xlsx-en-7z\index.html","True","41","0"
"fr","C:\Users\Sipka\Desktop\Converter\languages\fr\convertir\7z\zip-en-7z\index.html","True","41","0"
"fr","C:\Users\Sipka\Desktop\Converter\languages\fr\convertir\aac\7z-en-aac\index.html","True","41","0"
"fr","C:\Users\Sipka\Desktop\Converter\languages\fr\convertir\aac\aiff-en-aac\index.html","True","41","0"
"fr","C:\Users\Sipka\Desktop\Converter\languages\fr\convertir\aac\bmp-en-aac\index.html","True","41","0"
"fr","C:\Users\Sipka\Desktop\Converter\languages\fr\convertir\aac\csv-en-aac\index.html","True","41","0"
"fr","C:\Users\Sipka\Desktop\Converter\languages\fr\convertir\aac\docx-en-aac\index.html","True","41","0"
"fr","C:\Users\Sipka\Desktop\Converter\languages\fr\convertir\aac\flac-en-aac\index.html","True","41","0"
"fr","C:\Users\Sipka\Desktop\Converter\languages\fr\convertir\aac\gif-en-aac\index.html","True","41","0"
"fr","C:\Users\Sipka\Desktop\Converter\languages\fr\convertir\aac\html-en-aac\index.html","True","41","0"
"fr","C:\Users\Sipka\Desktop\Converter\languages\fr\convertir\aac\jpeg-en-aac\index.html","True","41","0"
"fr","C:\Users\Sipka\Desktop\Converter\languages\fr\convertir\aac\jpg-en-aac\index.html","True","41","0"
"fr","C:\Users\Sipka\Desktop\Converter\languages\fr\convertir\aac\json-en-aac\index.html","True","41","0"
"fr","C:\Users\Sipka\Desktop\Converter\languages\fr\convertir\aac\jsonl-en-aac\index.html","True","41","0"
"fr","C:\Users\Sipka\Desktop\Converter\languages\fr\convertir\aac\m4a-en-aac\index.html","True","41","0"
"fr","C:\Users\Sipka\Desktop\Converter\languages\fr\convertir\aac\m4v-en-aac\index.html","True","41","0"
"fr","C:\Users\Sipka\Desktop\Converter\languages\fr\convertir\aac\md-en-aac\index.html","True","41","0"
"fr","C:\Users\Sipka\Desktop\Converter\languages\fr\convertir\aac\mkv-en-aac\index.html","True","41","0"
"fr","C:\Users\Sipka\Desktop\Converter\languages\fr\convertir\aac\mov-en-aac\index.html","True","41","0"
"fr","C:\Users\Sipka\Desktop\Converter\languages\fr\convertir\aac\mp3-en-aac\index.html","True","41","0"
"fr","C:\Users\Sipka\Desktop\Converter\languages\fr\convertir\aac\mp4-en-aac\index.html","True","41","0"
"fr","C:\Users\Sipka\Desktop\Converter\languages\fr\convertir\aac\ogg-en-aac\index.html","True","41","0"
"fr","C:\Users\Sipka\Desktop\Converter\languages\fr\convertir\aac\opus-en-aac\index.html","True","41","0"
"fr","C:\Users\Sipka\Desktop\Converter\languages\fr\convertir\aac\pdf-en-aac\index.html","True","41","0"
"fr","C:\Users\Sipka\Desktop\Converter\languages\fr\convertir\aac\png-en-aac\index.html","True","41","0"
"fr","C:\Users\Sipka\Desktop\Converter\languages\fr\convertir\aac\pptx-en-aac\index.html","True","41","0"
"fr","C:\Users\Sipka\Desktop\Converter\languages\fr\convertir\aac\rar-en-aac\index.html","True","41","0"
"fr","C:\Users\Sipka\Desktop\Converter\languages\fr\convertir\aac\rtf-en-aac\index.html","True","41","0"
"fr","C:\Users\Sipka\Desktop\Converter\languages\fr\convertir\aac\svg-en-aac\index.html","True","41","0"
"fr","C:\Users\Sipka\Desktop\Converter\languages\fr\convertir\aac\tar-en-aac\index.html","True","41","0"
"fr","C:\Users\Sipka\Desktop\Converter\languages\fr\convertir\aac\tar.bz2-en-aac\index.html","True","41","0"
"fr","C:\Users\Sipka\Desktop\Converter\languages\fr\convertir\aac\tar.gz-en-aac\index.html","True","41","0"
"fr","C:\Users\Sipka\Desktop\Converter\languages\fr\convertir\aac\tar.xz-en-aac\index.html","True","41","0"
"fr","C:\Users\Sipka\Desktop\Converter\languages\fr\convertir\aac\tbz-en-aac\index.html","True","41","0"
"fr","C:\Users\Sipka\Desktop\Converter\languages\fr\convertir\aac\tgz-en-aac\index.html","True","41","0"
"fr","C:\Users\Sipka\Desktop\Converter\languages\fr\convertir\aac\tiff-en-aac\index.html","True","41","0"
"fr","C:\Users\Sipka\Desktop\Converter\languages\fr\convertir\aac\tsv-en-aac\index.html","True","41","0"
"fr","C:\Users\Sipka\Desktop\Converter\languages\fr\convertir\aac\txt-en-aac\index.html","True","41","0"
"fr","C:\Users\Sipka\Desktop\Converter\languages\fr\convertir\aac\txz-en-aac\index.html","True","41","0"
"fr","C:\Users\Sipka\Desktop\Converter\languages\fr\convertir\aac\wav-en-aac\index.html","True","41","0"
"fr","C:\Users\Sipka\Desktop\Converter\languages\fr\convertir\aac\webm-en-aac\index.html","True","41","0"
"fr","C:\Users\Sipka\Desktop\Converter\languages\fr\convertir\aac\webp-en-aac\index.html","True","41","0"
"fr","C:\Users\Sipka\Desktop\Converter\languages\fr\convertir\aac\xlsx-en-aac\index.html","True","41","0"
"fr","C:\Users\Sipka\Desktop\Converter\languages\fr\convertir\aac\zip-en-aac\index.html","True","41","0"
"fr","C:\Users\Sipka\Desktop\Converter\languages\fr\convertir\aiff\7z-en-aiff\index.html","True","41","0"
"fr","C:\Users\Sipka\Desktop\Converter\languages\fr\convertir\aiff\aac-en-aiff\index.html","True","41","0"
"fr","C:\Users\Sipka\Desktop\Converter\languages\fr\convertir\aiff\bmp-en-aiff\index.html","True","41","0"
"fr","C:\Users\Sipka\Desktop\Converter\languages\fr\convertir\aiff\csv-en-aiff\index.html","True","41","0"
"fr","C:\Users\Sipka\Desktop\Converter\languages\fr\convertir\aiff\docx-en-aiff\index.html","True","41","0"
"fr","C:\Users\Sipka\Desktop\Converter\languages\fr\convertir\aiff\flac-en-aiff\index.html","True","41","0"
"fr","C:\Users\Sipka\Desktop\Converter\languages\fr\convertir\aiff\gif-en-aiff\index.html","True","41","0"
"fr","C:\Users\Sipka\Desktop\Converter\languages\fr\convertir\aiff\html-en-aiff\index.html","True","41","0"
"fr","C:\Users\Sipka\Desktop\Converter\languages\fr\convertir\aiff\jpeg-en-aiff\index.html","True","41","0"
"fr","C:\Users\Sipka\Desktop\Converter\languages\fr\convertir\aiff\jpg-en-aiff\index.html","True","41","0"
"fr","C:\Users\Sipka\Desktop\Converter\languages\fr\convertir\aiff\json-en-aiff\index.html","True","41","0"
"fr","C:\Users\Sipka\Desktop\Converter\languages\fr\convertir\aiff\jsonl-en-aiff\index.html","True","41","0"
"fr","C:\Users\Sipka\Desktop\Converter\languages\fr\convertir\aiff\m4a-en-aiff\index.html","True","41","0"
"fr","C:\Users\Sipka\Desktop\Converter\languages\fr\convertir\aiff\m4v-en-aiff\index.html","True","41","0"
"fr","C:\Users\Sipka\Desktop\Converter\languages\fr\convertir\aiff\md-en-aiff\index.html","True","41","0"
"fr","C:\Users\Sipka\Desktop\Converter\languages\fr\convertir\aiff\mkv-en-aiff\index.html","True","41","0"
"fr","C:\Users\Sipka\Desktop\Converter\languages\fr\convertir\aiff\mov-en-aiff\index.html","True","41","0"
"fr","C:\Users\Sipka\Desktop\Converter\languages\fr\convertir\aiff\mp3-en-aiff\index.html","True","41","0"
"fr","C:\Users\Sipka\Desktop\Converter\languages\fr\convertir\aiff\mp4-en-aiff\index.html","True","41","0"
"fr","C:\Users\Sipka\Desktop\Converter\languages\fr\convertir\aiff\ogg-en-aiff\index.html","True","41","0"
"fr","C:\Users\Sipka\Desktop\Converter\languages\fr\convertir\aiff\opus-en-aiff\index.html","True","41","0"
"fr","C:\Users\Sipka\Desktop\Converter\languages\fr\convertir\aiff\pdf-en-aiff\index.html","True","41","0"
"fr","C:\Users\Sipka\Desktop\Converter\languages\fr\convertir\aiff\png-en-aiff\index.html","True","41","0"
"fr","C:\Users\Sipka\Desktop\Converter\languages\fr\convertir\aiff\pptx-en-aiff\index.html","True","41","0"
"fr","C:\Users\Sipka\Desktop\Converter\languages\fr\convertir\aiff\rar-en-aiff\index.html","True","41","0"
"fr","C:\Users\Sipka\Desktop\Converter\languages\fr\convertir\aiff\rtf-en-aiff\index.html","True","41","0"
"fr","C:\Users\Sipka\Desktop\Converter\languages\fr\convertir\aiff\svg-en-aiff\index.html","True","41","0"
"fr","C:\Users\Sipka\Desktop\Converter\languages\fr\convertir\aiff\tar-en-aiff\index.html","True","41","0"
"fr","C:\Users\Sipka\Desktop\Converter\languages\fr\convertir\aiff\tar.bz2-en-aiff\index.html","True","41","0"
"fr","C:\Users\Sipka\Desktop\Converter\languages\fr\convertir\aiff\tar.gz-en-aiff\index.html","True","41","0"
"fr","C:\Users\Sipka\Desktop\Converter\languages\fr\convertir\aiff\tar.xz-en-aiff\index.html","True","41","0"
"fr","C:\Users\Sipka\Desktop\Converter\languages\fr\convertir\aiff\tbz-en-aiff\index.html","True","41","0"
"fr","C:\Users\Sipka\Desktop\Converter\languages\fr\convertir\aiff\tgz-en-aiff\index.html","True","41","0"
"fr","C:\Users\Sipka\Desktop\Converter\languages\fr\convertir\aiff\tiff-en-aiff\index.html","True","41","0"
"fr","C:\Users\Sipka\Desktop\Converter\languages\fr\convertir\aiff\tsv-en-aiff\index.html","True","41","0"
"fr","C:\Users\Sipka\Desktop\Converter\languages\fr\convertir\aiff\txt-en-aiff\index.html","True","41","0"
"fr","C:\Users\Sipka\Desktop\Converter\languages\fr\convertir\aiff\txz-en-aiff\index.html","True","41","0"
"fr","C:\Users\Sipka\Desktop\Converter\languages\fr\convertir\aiff\wav-en-aiff\index.html","True","41","0"
"fr","C:\Users\Sipka\Desktop\Converter\languages\fr\convertir\aiff\webm-en-aiff\index.html","True","41","0"
"fr","C:\Users\Sipka\Desktop\Converter\languages\fr\convertir\aiff\webp-en-aiff\index.html","True","41","0"
"fr","C:\Users\Sipka\Desktop\Converter\languages\fr\convertir\aiff\xlsx-en-aiff\index.html","True","41","0"
"fr","C:\Users\Sipka\Desktop\Converter\languages\fr\convertir\aiff\zip-en-aiff\index.html","True","41","0"
"fr","C:\Users\Sipka\Desktop\Converter\languages\fr\convertir\bmp\7z-en-bmp\index.html","True","41","0"
"fr","C:\Users\Sipka\Desktop\Converter\languages\fr\convertir\bmp\aac-en-bmp\index.html","True","41","0"
"fr","C:\Users\Sipka\Desktop\Converter\languages\fr\convertir\bmp\aiff-en-bmp\index.html","True","41","0"
"fr","C:\Users\Sipka\Desktop\Converter\languages\fr\convertir\bmp\csv-en-bmp\index.html","True","41","0"
"fr","C:\Users\Sipka\Desktop\Converter\languages\fr\convertir\bmp\docx-en-bmp\index.html","True","41","0"
"fr","C:\Users\Sipka\Desktop\Converter\languages\fr\convertir\bmp\flac-en-bmp\index.html","True","41","0"
"fr","C:\Users\Sipka\Desktop\Converter\languages\fr\convertir\bmp\gif-en-bmp\index.html","True","41","0"
"fr","C:\Users\Sipka\Desktop\Converter\languages\fr\convertir\bmp\html-en-bmp\index.html","True","41","0"
"fr","C:\Users\Sipka\Desktop\Converter\languages\fr\convertir\bmp\jpeg-en-bmp\index.html","True","41","0"
"fr","C:\Users\Sipka\Desktop\Converter\languages\fr\convertir\bmp\jpg-en-bmp\index.html","True","41","0"
"fr","C:\Users\Sipka\Desktop\Converter\languages\fr\convertir\bmp\json-en-bmp\index.html","True","41","0"
"fr","C:\Users\Sipka\Desktop\Converter\languages\fr\convertir\bmp\jsonl-en-bmp\index.html","True","41","0"
"fr","C:\Users\Sipka\Desktop\Converter\languages\fr\convertir\bmp\m4a-en-bmp\index.html","True","41","0"
"fr","C:\Users\Sipka\Desktop\Converter\languages\fr\convertir\bmp\m4v-en-bmp\index.html","True","41","0"
"fr","C:\Users\Sipka\Desktop\Converter\languages\fr\convertir\bmp\md-en-bmp\index.html","True","41","0"
"fr","C:\Users\Sipka\Desktop\Converter\languages\fr\convertir\bmp\mkv-en-bmp\index.html","True","41","0"
"fr","C:\Users\Sipka\Desktop\Converter\languages\fr\convertir\bmp\mov-en-bmp\index.html","True","41","0"
"fr","C:\Users\Sipka\Desktop\Converter\languages\fr\convertir\bmp\mp3-en-bmp\index.html","True","41","0"
"fr","C:\Users\Sipka\Desktop\Converter\languages\fr\convertir\bmp\mp4-en-bmp\index.html","True","41","0"
"fr","C:\Users\Sipka\Desktop\Converter\languages\fr\convertir\bmp\ogg-en-bmp\index.html","True","41","0"
"fr","C:\Users\Sipka\Desktop\Converter\languages\fr\convertir\bmp\opus-en-bmp\index.html","True","41","0"
"fr","C:\Users\Sipka\Desktop\Converter\languages\fr\convertir\bmp\pdf-en-bmp\index.html","True","41","0"
"fr","C:\Users\Sipka\Desktop\Converter\languages\fr\convertir\bmp\png-en-bmp\index.html","True","41","0"
"fr","C:\Users\Sipka\Desktop\Converter\languages\fr\convertir\bmp\pptx-en-bmp\index.html","True","41","0"
"fr","C:\Users\Sipka\Desktop\Converter\languages\fr\convertir\bmp\rar-en-bmp\index.html","True","41","0"
"fr","C:\Users\Sipka\Desktop\Converter\languages\fr\convertir\bmp\rtf-en-bmp\index.html","True","41","0"
"fr","C:\Users\Sipka\Desktop\Converter\languages\fr\convertir\bmp\svg-en-bmp\index.html","True","41","0"
"fr","C:\Users\Sipka\Desktop\Converter\languages\fr\convertir\bmp\tar-en-bmp\index.html","True","41","0"
"fr","C:\Users\Sipka\Desktop\Converter\languages\fr\convertir\bmp\tar.bz2-en-bmp\index.html","True","41","0"
"fr","C:\Users\Sipka\Desktop\Converter\languages\fr\convertir\bmp\tar.gz-en-bmp\index.html","True","41","0"
"fr","C:\Users\Sipka\Desktop\Converter\languages\fr\convertir\bmp\tar.xz-en-bmp\index.html","True","41","0"
"fr","C:\Users\Sipka\Desktop\Converter\languages\fr\convertir\bmp\tbz-en-bmp\index.html","True","41","0"
"fr","C:\Users\Sipka\Desktop\Converter\languages\fr\convertir\bmp\tgz-en-bmp\index.html","True","41","0"
"fr","C:\Users\Sipka\Desktop\Converter\languages\fr\convertir\bmp\tiff-en-bmp\index.html","True","41","0"
"fr","C:\Users\Sipka\Desktop\Converter\languages\fr\convertir\bmp\tsv-en-bmp\index.html","True","41","0"
"fr","C:\Users\Sipka\Desktop\Converter\languages\fr\convertir\bmp\txt-en-bmp\index.html","True","41","0"
"fr","C:\Users\Sipka\Desktop\Converter\languages\fr\convertir\bmp\txz-en-bmp\index.html","True","41","0"
"fr","C:\Users\Sipka\Desktop\Converter\languages\fr\convertir\bmp\wav-en-bmp\index.html","True","41","0"
"fr","C:\Users\Sipka\Desktop\Converter\languages\fr\convertir\bmp\webm-en-bmp\index.html","True","41","0"
"fr","C:\Users\Sipka\Desktop\Converter\languages\fr\convertir\bmp\webp-en-bmp\index.html","True","41","0"
"fr","C:\Users\Sipka\Desktop\Converter\languages\fr\convertir\bmp\xlsx-en-bmp\index.html","True","41","0"
"fr","C:\Users\Sipka\Desktop\Converter\languages\fr\convertir\bmp\zip-en-bmp\index.html","True","41","0"
"fr","C:\Users\Sipka\Desktop\Converter\languages\fr\convertir\csv\7z-en-csv\index.html","True","41","0"
"fr","C:\Users\Sipka\Desktop\Converter\languages\fr\convertir\csv\aac-en-csv\index.html","True","41","0"
"fr","C:\Users\Sipka\Desktop\Converter\languages\fr\convertir\csv\aiff-en-csv\index.html","True","41","0"
"fr","C:\Users\Sipka\Desktop\Converter\languages\fr\convertir\csv\bmp-en-csv\index.html","True","41","0"
"fr","C:\Users\Sipka\Desktop\Converter\languages\fr\convertir\csv\docx-en-csv\index.html","True","41","0"
"fr","C:\Users\Sipka\Desktop\Converter\languages\fr\convertir\csv\flac-en-csv\index.html","True","41","0"
"fr","C:\Users\Sipka\Desktop\Converter\languages\fr\convertir\csv\gif-en-csv\index.html","True","41","0"
"fr","C:\Users\Sipka\Desktop\Converter\languages\fr\convertir\csv\html-en-csv\index.html","True","41","0"
"fr","C:\Users\Sipka\Desktop\Converter\languages\fr\convertir\csv\jpeg-en-csv\index.html","True","41","0"
"fr","C:\Users\Sipka\Desktop\Converter\languages\fr\convertir\csv\jpg-en-csv\index.html","True","41","0"
"fr","C:\Users\Sipka\Desktop\Converter\languages\fr\convertir\csv\json-en-csv\index.html","True","41","0"
"fr","C:\Users\Sipka\Desktop\Converter\languages\fr\convertir\csv\jsonl-en-csv\index.html","True","41","0"
"fr","C:\Users\Sipka\Desktop\Converter\languages\fr\convertir\csv\m4a-en-csv\index.html","True","41","0"
"fr","C:\Users\Sipka\Desktop\Converter\languages\fr\convertir\csv\m4v-en-csv\index.html","True","41","0"
"fr","C:\Users\Sipka\Desktop\Converter\languages\fr\convertir\csv\md-en-csv\index.html","True","41","0"
"fr","C:\Users\Sipka\Desktop\Converter\languages\fr\convertir\csv\mkv-en-csv\index.html","True","41","0"
"fr","C:\Users\Sipka\Desktop\Converter\languages\fr\convertir\csv\mov-en-csv\index.html","True","41","0"
"fr","C:\Users\Sipka\Desktop\Converter\languages\fr\convertir\csv\mp3-en-csv\index.html","True","41","0"
"fr","C:\Users\Sipka\Desktop\Converter\languages\fr\convertir\csv\mp4-en-csv\index.html","True","41","0"
"fr","C:\Users\Sipka\Desktop\Converter\languages\fr\convertir\csv\ogg-en-csv\index.html","True","41","0"
"fr","C:\Users\Sipka\Desktop\Converter\languages\fr\convertir\csv\opus-en-csv\index.html","True","41","0"
"fr","C:\Users\Sipka\Desktop\Converter\languages\fr\convertir\csv\pdf-en-csv\index.html","True","41","0"
"fr","C:\Users\Sipka\Desktop\Converter\languages\fr\convertir\csv\png-en-csv\index.html","True","41","0"
"fr","C:\Users\Sipka\Desktop\Converter\languages\fr\convertir\csv\pptx-en-csv\index.html","True","41","0"
"fr","C:\Users\Sipka\Desktop\Converter\languages\fr\convertir\csv\rar-en-csv\index.html","True","41","0"
"fr","C:\Users\Sipka\Desktop\Converter\languages\fr\convertir\csv\rtf-en-csv\index.html","True","41","0"
"fr","C:\Users\Sipka\Desktop\Converter\languages\fr\convertir\csv\svg-en-csv\index.html","True","41","0"
"fr","C:\Users\Sipka\Desktop\Converter\languages\fr\convertir\csv\tar-en-csv\index.html","True","41","0"
"fr","C:\Users\Sipka\Desktop\Converter\languages\fr\convertir\csv\tar.bz2-en-csv\index.html","True","41","0"
"fr","C:\Users\Sipka\Desktop\Converter\languages\fr\convertir\csv\tar.gz-en-csv\index.html","True","41","0"
"fr","C:\Users\Sipka\Desktop\Converter\languages\fr\convertir\csv\tar.xz-en-csv\index.html","True","41","0"
"fr","C:\Users\Sipka\Desktop\Converter\languages\fr\convertir\csv\tbz-en-csv\index.html","True","41","0"
"fr","C:\Users\Sipka\Desktop\Converter\languages\fr\convertir\csv\tgz-en-csv\index.html","True","41","0"
"fr","C:\Users\Sipka\Desktop\Converter\languages\fr\convertir\csv\tiff-en-csv\index.html","True","41","0"
"fr","C:\Users\Sipka\Desktop\Converter\languages\fr\convertir\csv\tsv-en-csv\index.html","True","41","0"
"fr","C:\Users\Sipka\Desktop\Converter\languages\fr\convertir\csv\txt-en-csv\index.html","True","41","0"
"fr","C:\Users\Sipka\Desktop\Converter\languages\fr\convertir\csv\txz-en-csv\index.html","True","41","0"
"fr","C:\Users\Sipka\Desktop\Converter\languages\fr\convertir\csv\wav-en-csv\index.html","True","41","0"
"fr","C:\Users\Sipka\Desktop\Converter\languages\fr\convertir\csv\webm-en-csv\index.html","True","41","0"
"fr","C:\Users\Sipka\Desktop\Converter\languages\fr\convertir\csv\webp-en-csv\index.html","True","41","0"
"fr","C:\Users\Sipka\Desktop\Converter\languages\fr\convertir\csv\xlsx-en-csv\index.html","True","41","0"
"fr","C:\Users\Sipka\Desktop\Converter\languages\fr\convertir\csv\zip-en-csv\index.html","True","41","0"
"fr","C:\Users\Sipka\Desktop\Converter\languages\fr\convertir\docx\7z-en-docx\index.html","True","41","0"
"fr","C:\Users\Sipka\Desktop\Converter\languages\fr\convertir\docx\aac-en-docx\index.html","True","41","0"
"fr","C:\Users\Sipka\Desktop\Converter\languages\fr\convertir\docx\aiff-en-docx\index.html","True","41","0"
"fr","C:\Users\Sipka\Desktop\Converter\languages\fr\convertir\docx\bmp-en-docx\index.html","True","41","0"
"fr","C:\Users\Sipka\Desktop\Converter\languages\fr\convertir\docx\csv-en-docx\index.html","True","41","0"
"fr","C:\Users\Sipka\Desktop\Converter\languages\fr\convertir\docx\flac-en-docx\index.html","True","41","0"
"fr","C:\Users\Sipka\Desktop\Converter\languages\fr\convertir\docx\gif-en-docx\index.html","True","41","0"
"fr","C:\Users\Sipka\Desktop\Converter\languages\fr\convertir\docx\html-en-docx\index.html","True","41","0"
"fr","C:\Users\Sipka\Desktop\Converter\languages\fr\convertir\docx\jpeg-en-docx\index.html","True","41","0"
"fr","C:\Users\Sipka\Desktop\Converter\languages\fr\convertir\docx\jpg-en-docx\index.html","True","41","0"
"fr","C:\Users\Sipka\Desktop\Converter\languages\fr\convertir\docx\json-en-docx\index.html","True","41","0"
"fr","C:\Users\Sipka\Desktop\Converter\languages\fr\convertir\docx\jsonl-en-docx\index.html","True","41","0"
"fr","C:\Users\Sipka\Desktop\Converter\languages\fr\convertir\docx\m4a-en-docx\index.html","True","41","0"
"fr","C:\Users\Sipka\Desktop\Converter\languages\fr\convertir\docx\m4v-en-docx\index.html","True","41","0"
"fr","C:\Users\Sipka\Desktop\Converter\languages\fr\convertir\docx\md-en-docx\index.html","True","41","0"
"fr","C:\Users\Sipka\Desktop\Converter\languages\fr\convertir\docx\mkv-en-docx\index.html","True","41","0"
"fr","C:\Users\Sipka\Desktop\Converter\languages\fr\convertir\docx\mov-en-docx\index.html","True","41","0"
"fr","C:\Users\Sipka\Desktop\Converter\languages\fr\convertir\docx\mp3-en-docx\index.html","True","41","0"
"fr","C:\Users\Sipka\Desktop\Converter\languages\fr\convertir\docx\mp4-en-docx\index.html","True","41","0"
"fr","C:\Users\Sipka\Desktop\Converter\languages\fr\convertir\docx\ogg-en-docx\index.html","True","41","0"
"fr","C:\Users\Sipka\Desktop\Converter\languages\fr\convertir\docx\opus-en-docx\index.html","True","41","0"
"fr","C:\Users\Sipka\Desktop\Converter\languages\fr\convertir\docx\pdf-en-docx\index.html","True","41","0"
"fr","C:\Users\Sipka\Desktop\Converter\languages\fr\convertir\docx\png-en-docx\index.html","True","41","0"
"fr","C:\Users\Sipka\Desktop\Converter\languages\fr\convertir\docx\pptx-en-docx\index.html","True","41","0"
"fr","C:\Users\Sipka\Desktop\Converter\languages\fr\convertir\docx\rar-en-docx\index.html","True","41","0"
"fr","C:\Users\Sipka\Desktop\Converter\languages\fr\convertir\docx\rtf-en-docx\index.html","True","41","0"
"fr","C:\Users\Sipka\Desktop\Converter\languages\fr\convertir\docx\svg-en-docx\index.html","True","41","0"
"fr","C:\Users\Sipka\Desktop\Converter\languages\fr\convertir\docx\tar-en-docx\index.html","True","41","0"
"fr","C:\Users\Sipka\Desktop\Converter\languages\fr\convertir\docx\tar.bz2-en-docx\index.html","True","41","0"
"fr","C:\Users\Sipka\Desktop\Converter\languages\fr\convertir\docx\tar.gz-en-docx\index.html","True","41","0"
"fr","C:\Users\Sipka\Desktop\Converter\languages\fr\convertir\docx\tar.xz-en-docx\index.html","True","41","0"
"fr","C:\Users\Sipka\Desktop\Converter\languages\fr\convertir\docx\tbz-en-docx\index.html","True","41","0"
"fr","C:\Users\Sipka\Desktop\Converter\languages\fr\convertir\docx\tgz-en-docx\index.html","True","41","0"
"fr","C:\Users\Sipka\Desktop\Converter\languages\fr\convertir\docx\tiff-en-docx\index.html","True","41","0"
"fr","C:\Users\Sipka\Desktop\Converter\languages\fr\convertir\docx\tsv-en-docx\index.html","True","41","0"
"fr","C:\Users\Sipka\Desktop\Converter\languages\fr\convertir\docx\txt-en-docx\index.html","True","41","0"
"fr","C:\Users\Sipka\Desktop\Converter\languages\fr\convertir\docx\txz-en-docx\index.html","True","41","0"
"fr","C:\Users\Sipka\Desktop\Converter\languages\fr\convertir\docx\wav-en-docx\index.html","True","41","0"
"fr","C:\Users\Sipka\Desktop\Converter\languages\fr\convertir\docx\webm-en-docx\index.html","True","41","0"
"fr","C:\Users\Sipka\Desktop\Converter\languages\fr\convertir\docx\webp-en-docx\index.html","True","41","0"
"fr","C:\Users\Sipka\Desktop\Converter\languages\fr\convertir\docx\xlsx-en-docx\index.html","True","41","0"
"fr","C:\Users\Sipka\Desktop\Converter\languages\fr\convertir\docx\zip-en-docx\index.html","True","41","0"
"fr","C:\Users\Sipka\Desktop\Converter\languages\fr\convertir\flac\7z-en-flac\index.html","True","41","0"
"fr","C:\Users\Sipka\Desktop\Converter\languages\fr\convertir\flac\aac-en-flac\index.html","True","41","0"
"fr","C:\Users\Sipka\Desktop\Converter\languages\fr\convertir\flac\aiff-en-flac\index.html","True","41","0"
"fr","C:\Users\Sipka\Desktop\Converter\languages\fr\convertir\flac\bmp-en-flac\index.html","True","41","0"
"fr","C:\Users\Sipka\Desktop\Converter\languages\fr\convertir\flac\csv-en-flac\index.html","True","41","0"
"fr","C:\Users\Sipka\Desktop\Converter\languages\fr\convertir\flac\docx-en-flac\index.html","True","41","0"
"fr","C:\Users\Sipka\Desktop\Converter\languages\fr\convertir\flac\gif-en-flac\index.html","True","41","0"
"fr","C:\Users\Sipka\Desktop\Converter\languages\fr\convertir\flac\html-en-flac\index.html","True","41","0"
"fr","C:\Users\Sipka\Desktop\Converter\languages\fr\convertir\flac\jpeg-en-flac\index.html","True","41","0"
"fr","C:\Users\Sipka\Desktop\Converter\languages\fr\convertir\flac\jpg-en-flac\index.html","True","41","0"
"fr","C:\Users\Sipka\Desktop\Converter\languages\fr\convertir\flac\json-en-flac\index.html","True","41","0"
"fr","C:\Users\Sipka\Desktop\Converter\languages\fr\convertir\flac\jsonl-en-flac\index.html","True","41","0"
"fr","C:\Users\Sipka\Desktop\Converter\languages\fr\convertir\flac\m4a-en-flac\index.html","True","41","0"
"fr","C:\Users\Sipka\Desktop\Converter\languages\fr\convertir\flac\m4v-en-flac\index.html","True","41","0"
"fr","C:\Users\Sipka\Desktop\Converter\languages\fr\convertir\flac\md-en-flac\index.html","True","41","0"
"fr","C:\Users\Sipka\Desktop\Converter\languages\fr\convertir\flac\mkv-en-flac\index.html","True","41","0"
"fr","C:\Users\Sipka\Desktop\Converter\languages\fr\convertir\flac\mov-en-flac\index.html","True","41","0"
"fr","C:\Users\Sipka\Desktop\Converter\languages\fr\convertir\flac\mp3-en-flac\index.html","True","41","0"
"fr","C:\Users\Sipka\Desktop\Converter\languages\fr\convertir\flac\mp4-en-flac\index.html","True","41","0"
"fr","C:\Users\Sipka\Desktop\Converter\languages\fr\convertir\flac\ogg-en-flac\index.html","True","41","0"
"fr","C:\Users\Sipka\Desktop\Converter\languages\fr\convertir\flac\opus-en-flac\index.html","True","41","0"
"fr","C:\Users\Sipka\Desktop\Converter\languages\fr\convertir\flac\pdf-en-flac\index.html","True","41","0"
"fr","C:\Users\Sipka\Desktop\Converter\languages\fr\convertir\flac\png-en-flac\index.html","True","41","0"
"fr","C:\Users\Sipka\Desktop\Converter\languages\fr\convertir\flac\pptx-en-flac\index.html","True","41","0"
"fr","C:\Users\Sipka\Desktop\Converter\languages\fr\convertir\flac\rar-en-flac\index.html","True","41","0"
"fr","C:\Users\Sipka\Desktop\Converter\languages\fr\convertir\flac\rtf-en-flac\index.html","True","41","0"
"fr","C:\Users\Sipka\Desktop\Converter\languages\fr\convertir\flac\svg-en-flac\index.html","True","41","0"
"fr","C:\Users\Sipka\Desktop\Converter\languages\fr\convertir\flac\tar-en-flac\index.html","True","41","0"
"fr","C:\Users\Sipka\Desktop\Converter\languages\fr\convertir\flac\tar.bz2-en-flac\index.html","True","41","0"
"fr","C:\Users\Sipka\Desktop\Converter\languages\fr\convertir\flac\tar.gz-en-flac\index.html","True","41","0"
"fr","C:\Users\Sipka\Desktop\Converter\languages\fr\convertir\flac\tar.xz-en-flac\index.html","True","41","0"
"fr","C:\Users\Sipka\Desktop\Converter\languages\fr\convertir\flac\tbz-en-flac\index.html","True","41","0"
"fr","C:\Users\Sipka\Desktop\Converter\languages\fr\convertir\flac\tgz-en-flac\index.html","True","41","0"
"fr","C:\Users\Sipka\Desktop\Converter\languages\fr\convertir\flac\tiff-en-flac\index.html","True","41","0"
"fr","C:\Users\Sipka\Desktop\Converter\languages\fr\convertir\flac\tsv-en-flac\index.html","True","41","0"
"fr","C:\Users\Sipka\Desktop\Converter\languages\fr\convertir\flac\txt-en-flac\index.html","True","41","0"
"fr","C:\Users\Sipka\Desktop\Converter\languages\fr\convertir\flac\txz-en-flac\index.html","True","41","0"
"fr","C:\Users\Sipka\Desktop\Converter\languages\fr\convertir\flac\wav-en-flac\index.html","True","41","0"
"fr","C:\Users\Sipka\Desktop\Converter\languages\fr\convertir\flac\webm-en-flac\index.html","True","41","0"
"fr","C:\Users\Sipka\Desktop\Converter\languages\fr\convertir\flac\webp-en-flac\index.html","True","41","0"
"fr","C:\Users\Sipka\Desktop\Converter\languages\fr\convertir\flac\xlsx-en-flac\index.html","True","41","0"
"fr","C:\Users\Sipka\Desktop\Converter\languages\fr\convertir\flac\zip-en-flac\index.html","True","41","0"
"fr","C:\Users\Sipka\Desktop\Converter\languages\fr\convertir\gif\7z-en-gif\index.html","True","41","0"
"fr","C:\Users\Sipka\Desktop\Converter\languages\fr\convertir\gif\aac-en-gif\index.html","True","41","0"
"fr","C:\Users\Sipka\Desktop\Converter\languages\fr\convertir\gif\aiff-en-gif\index.html","True","41","0"
"fr","C:\Users\Sipka\Desktop\Converter\languages\fr\convertir\gif\bmp-en-gif\index.html","True","41","0"
"fr","C:\Users\Sipka\Desktop\Converter\languages\fr\convertir\gif\csv-en-gif\index.html","True","41","0"
"fr","C:\Users\Sipka\Desktop\Converter\languages\fr\convertir\gif\docx-en-gif\index.html","True","41","0"
"fr","C:\Users\Sipka\Desktop\Converter\languages\fr\convertir\gif\flac-en-gif\index.html","True","41","0"
"fr","C:\Users\Sipka\Desktop\Converter\languages\fr\convertir\gif\html-en-gif\index.html","True","41","0"
"fr","C:\Users\Sipka\Desktop\Converter\languages\fr\convertir\gif\jpeg-en-gif\index.html","True","41","0"
"fr","C:\Users\Sipka\Desktop\Converter\languages\fr\convertir\gif\jpg-en-gif\index.html","True","41","0"
"fr","C:\Users\Sipka\Desktop\Converter\languages\fr\convertir\gif\json-en-gif\index.html","True","41","0"
"fr","C:\Users\Sipka\Desktop\Converter\languages\fr\convertir\gif\jsonl-en-gif\index.html","True","41","0"
"fr","C:\Users\Sipka\Desktop\Converter\languages\fr\convertir\gif\m4a-en-gif\index.html","True","41","0"
"fr","C:\Users\Sipka\Desktop\Converter\languages\fr\convertir\gif\m4v-en-gif\index.html","True","41","0"
"fr","C:\Users\Sipka\Desktop\Converter\languages\fr\convertir\gif\md-en-gif\index.html","True","41","0"
"fr","C:\Users\Sipka\Desktop\Converter\languages\fr\convertir\gif\mkv-en-gif\index.html","True","41","0"
"fr","C:\Users\Sipka\Desktop\Converter\languages\fr\convertir\gif\mov-en-gif\index.html","True","41","0"
"fr","C:\Users\Sipka\Desktop\Converter\languages\fr\convertir\gif\mp3-en-gif\index.html","True","41","0"
"fr","C:\Users\Sipka\Desktop\Converter\languages\fr\convertir\gif\mp4-en-gif\index.html","True","41","0"
"fr","C:\Users\Sipka\Desktop\Converter\languages\fr\convertir\gif\ogg-en-gif\index.html","True","41","0"
"fr","C:\Users\Sipka\Desktop\Converter\languages\fr\convertir\gif\opus-en-gif\index.html","True","41","0"
"fr","C:\Users\Sipka\Desktop\Converter\languages\fr\convertir\gif\pdf-en-gif\index.html","True","41","0"
"fr","C:\Users\Sipka\Desktop\Converter\languages\fr\convertir\gif\png-en-gif\index.html","True","41","0"
"fr","C:\Users\Sipka\Desktop\Converter\languages\fr\convertir\gif\pptx-en-gif\index.html","True","41","0"
"fr","C:\Users\Sipka\Desktop\Converter\languages\fr\convertir\gif\rar-en-gif\index.html","True","41","0"
"fr","C:\Users\Sipka\Desktop\Converter\languages\fr\convertir\gif\rtf-en-gif\index.html","True","41","0"
"fr","C:\Users\Sipka\Desktop\Converter\languages\fr\convertir\gif\svg-en-gif\index.html","True","41","0"
"fr","C:\Users\Sipka\Desktop\Converter\languages\fr\convertir\gif\tar-en-gif\index.html","True","41","0"
"fr","C:\Users\Sipka\Desktop\Converter\languages\fr\convertir\gif\tar.bz2-en-gif\index.html","True","41","0"
"fr","C:\Users\Sipka\Desktop\Converter\languages\fr\convertir\gif\tar.gz-en-gif\index.html","True","41","0"
"fr","C:\Users\Sipka\Desktop\Converter\languages\fr\convertir\gif\tar.xz-en-gif\index.html","True","41","0"
"fr","C:\Users\Sipka\Desktop\Converter\languages\fr\convertir\gif\tbz-en-gif\index.html","True","41","0"
"fr","C:\Users\Sipka\Desktop\Converter\languages\fr\convertir\gif\tgz-en-gif\index.html","True","41","0"
"fr","C:\Users\Sipka\Desktop\Converter\languages\fr\convertir\gif\tiff-en-gif\index.html","True","41","0"
"fr","C:\Users\Sipka\Desktop\Converter\languages\fr\convertir\gif\tsv-en-gif\index.html","True","41","0"
"fr","C:\Users\Sipka\Desktop\Converter\languages\fr\convertir\gif\txt-en-gif\index.html","True","41","0"
"fr","C:\Users\Sipka\Desktop\Converter\languages\fr\convertir\gif\txz-en-gif\index.html","True","41","0"
"fr","C:\Users\Sipka\Desktop\Converter\languages\fr\convertir\gif\wav-en-gif\index.html","True","41","0"
"fr","C:\Users\Sipka\Desktop\Converter\languages\fr\convertir\gif\webm-en-gif\index.html","True","41","0"
"fr","C:\Users\Sipka\Desktop\Converter\languages\fr\convertir\gif\webp-en-gif\index.html","True","41","0"
"fr","C:\Users\Sipka\Desktop\Converter\languages\fr\convertir\gif\xlsx-en-gif\index.html","True","41","0"
"fr","C:\Users\Sipka\Desktop\Converter\languages\fr\convertir\gif\zip-en-gif\index.html","True","41","0"
"fr","C:\Users\Sipka\Desktop\Converter\languages\fr\convertir\html\7z-en-html\index.html","True","41","0"
"fr","C:\Users\Sipka\Desktop\Converter\languages\fr\convertir\html\aac-en-html\index.html","True","41","0"
"fr","C:\Users\Sipka\Desktop\Converter\languages\fr\convertir\html\aiff-en-html\index.html","True","41","0"
"fr","C:\Users\Sipka\Desktop\Converter\languages\fr\convertir\html\bmp-en-html\index.html","True","41","0"
"fr","C:\Users\Sipka\Desktop\Converter\languages\fr\convertir\html\csv-en-html\index.html","True","41","0"
"fr","C:\Users\Sipka\Desktop\Converter\languages\fr\convertir\html\docx-en-html\index.html","True","41","0"
"fr","C:\Users\Sipka\Desktop\Converter\languages\fr\convertir\html\flac-en-html\index.html","True","41","0"
"fr","C:\Users\Sipka\Desktop\Converter\languages\fr\convertir\html\gif-en-html\index.html","True","41","0"
"fr","C:\Users\Sipka\Desktop\Converter\languages\fr\convertir\html\jpeg-en-html\index.html","True","41","0"
"fr","C:\Users\Sipka\Desktop\Converter\languages\fr\convertir\html\jpg-en-html\index.html","True","41","0"
"fr","C:\Users\Sipka\Desktop\Converter\languages\fr\convertir\html\json-en-html\index.html","True","41","0"
"fr","C:\Users\Sipka\Desktop\Converter\languages\fr\convertir\html\jsonl-en-html\index.html","True","41","0"
"fr","C:\Users\Sipka\Desktop\Converter\languages\fr\convertir\html\m4a-en-html\index.html","True","41","0"
"fr","C:\Users\Sipka\Desktop\Converter\languages\fr\convertir\html\m4v-en-html\index.html","True","41","0"
"fr","C:\Users\Sipka\Desktop\Converter\languages\fr\convertir\html\md-en-html\index.html","True","41","0"
"fr","C:\Users\Sipka\Desktop\Converter\languages\fr\convertir\html\mkv-en-html\index.html","True","41","0"
"fr","C:\Users\Sipka\Desktop\Converter\languages\fr\convertir\html\mov-en-html\index.html","True","41","0"
"fr","C:\Users\Sipka\Desktop\Converter\languages\fr\convertir\html\mp3-en-html\index.html","True","41","0"
"fr","C:\Users\Sipka\Desktop\Converter\languages\fr\convertir\html\mp4-en-html\index.html","True","41","0"
"fr","C:\Users\Sipka\Desktop\Converter\languages\fr\convertir\html\ogg-en-html\index.html","True","41","0"
"fr","C:\Users\Sipka\Desktop\Converter\languages\fr\convertir\html\opus-en-html\index.html","True","41","0"
"fr","C:\Users\Sipka\Desktop\Converter\languages\fr\convertir\html\pdf-en-html\index.html","True","41","0"
"fr","C:\Users\Sipka\Desktop\Converter\languages\fr\convertir\html\png-en-html\index.html","True","41","0"
"fr","C:\Users\Sipka\Desktop\Converter\languages\fr\convertir\html\pptx-en-html\index.html","True","41","0"
"fr","C:\Users\Sipka\Desktop\Converter\languages\fr\convertir\html\rar-en-html\index.html","True","41","0"
"fr","C:\Users\Sipka\Desktop\Converter\languages\fr\convertir\html\rtf-en-html\index.html","True","41","0"
"fr","C:\Users\Sipka\Desktop\Converter\languages\fr\convertir\html\svg-en-html\index.html","True","41","0"
"fr","C:\Users\Sipka\Desktop\Converter\languages\fr\convertir\html\tar-en-html\index.html","True","41","0"
"fr","C:\Users\Sipka\Desktop\Converter\languages\fr\convertir\html\tar.bz2-en-html\index.html","True","41","0"
"fr","C:\Users\Sipka\Desktop\Converter\languages\fr\convertir\html\tar.gz-en-html\index.html","True","41","0"
"fr","C:\Users\Sipka\Desktop\Converter\languages\fr\convertir\html\tar.xz-en-html\index.html","True","41","0"
"fr","C:\Users\Sipka\Desktop\Converter\languages\fr\convertir\html\tbz-en-html\index.html","True","41","0"
"fr","C:\Users\Sipka\Desktop\Converter\languages\fr\convertir\html\tgz-en-html\index.html","True","41","0"
"fr","C:\Users\Sipka\Desktop\Converter\languages\fr\convertir\html\tiff-en-html\index.html","True","41","0"
"fr","C:\Users\Sipka\Desktop\Converter\languages\fr\convertir\html\tsv-en-html\index.html","True","41","0"
"fr","C:\Users\Sipka\Desktop\Converter\languages\fr\convertir\html\txt-en-html\index.html","True","41","0"
"fr","C:\Users\Sipka\Desktop\Converter\languages\fr\convertir\html\txz-en-html\index.html","True","41","0"
"fr","C:\Users\Sipka\Desktop\Converter\languages\fr\convertir\html\wav-en-html\index.html","True","41","0"
"fr","C:\Users\Sipka\Desktop\Converter\languages\fr\convertir\html\webm-en-html\index.html","True","41","0"
"fr","C:\Users\Sipka\Desktop\Converter\languages\fr\convertir\html\webp-en-html\index.html","True","41","0"
"fr","C:\Users\Sipka\Desktop\Converter\languages\fr\convertir\html\xlsx-en-html\index.html","True","41","0"
"fr","C:\Users\Sipka\Desktop\Converter\languages\fr\convertir\html\zip-en-html\index.html","True","41","0"
"fr","C:\Users\Sipka\Desktop\Converter\languages\fr\convertir\jpeg\7z-en-jpeg\index.html","True","41","0"
"fr","C:\Users\Sipka\Desktop\Converter\languages\fr\convertir\jpeg\aac-en-jpeg\index.html","True","41","0"
"fr","C:\Users\Sipka\Desktop\Converter\languages\fr\convertir\jpeg\aiff-en-jpeg\index.html","True","41","0"
"fr","C:\Users\Sipka\Desktop\Converter\languages\fr\convertir\jpeg\bmp-en-jpeg\index.html","True","41","0"
"fr","C:\Users\Sipka\Desktop\Converter\languages\fr\convertir\jpeg\csv-en-jpeg\index.html","True","41","0"
"fr","C:\Users\Sipka\Desktop\Converter\languages\fr\convertir\jpeg\docx-en-jpeg\index.html","True","41","0"
"fr","C:\Users\Sipka\Desktop\Converter\languages\fr\convertir\jpeg\flac-en-jpeg\index.html","True","41","0"
"fr","C:\Users\Sipka\Desktop\Converter\languages\fr\convertir\jpeg\gif-en-jpeg\index.html","True","41","0"
"fr","C:\Users\Sipka\Desktop\Converter\languages\fr\convertir\jpeg\html-en-jpeg\index.html","True","41","0"
"fr","C:\Users\Sipka\Desktop\Converter\languages\fr\convertir\jpeg\jpg-en-jpeg\index.html","True","41","0"
"fr","C:\Users\Sipka\Desktop\Converter\languages\fr\convertir\jpeg\json-en-jpeg\index.html","True","41","0"
"fr","C:\Users\Sipka\Desktop\Converter\languages\fr\convertir\jpeg\jsonl-en-jpeg\index.html","True","41","0"
"fr","C:\Users\Sipka\Desktop\Converter\languages\fr\convertir\jpeg\m4a-en-jpeg\index.html","True","41","0"
"fr","C:\Users\Sipka\Desktop\Converter\languages\fr\convertir\jpeg\m4v-en-jpeg\index.html","True","41","0"
"fr","C:\Users\Sipka\Desktop\Converter\languages\fr\convertir\jpeg\md-en-jpeg\index.html","True","41","0"
"fr","C:\Users\Sipka\Desktop\Converter\languages\fr\convertir\jpeg\mkv-en-jpeg\index.html","True","41","0"
"fr","C:\Users\Sipka\Desktop\Converter\languages\fr\convertir\jpeg\mov-en-jpeg\index.html","True","41","0"
"fr","C:\Users\Sipka\Desktop\Converter\languages\fr\convertir\jpeg\mp3-en-jpeg\index.html","True","41","0"
"fr","C:\Users\Sipka\Desktop\Converter\languages\fr\convertir\jpeg\mp4-en-jpeg\index.html","True","41","0"
"fr","C:\Users\Sipka\Desktop\Converter\languages\fr\convertir\jpeg\ogg-en-jpeg\index.html","True","41","0"
"fr","C:\Users\Sipka\Desktop\Converter\languages\fr\convertir\jpeg\opus-en-jpeg\index.html","True","41","0"
"fr","C:\Users\Sipka\Desktop\Converter\languages\fr\convertir\jpeg\pdf-en-jpeg\index.html","True","41","0"
"fr","C:\Users\Sipka\Desktop\Converter\languages\fr\convertir\jpeg\png-en-jpeg\index.html","True","41","0"
"fr","C:\Users\Sipka\Desktop\Converter\languages\fr\convertir\jpeg\pptx-en-jpeg\index.html","True","41","0"
"fr","C:\Users\Sipka\Desktop\Converter\languages\fr\convertir\jpeg\rar-en-jpeg\index.html","True","41","0"
"fr","C:\Users\Sipka\Desktop\Converter\languages\fr\convertir\jpeg\rtf-en-jpeg\index.html","True","41","0"
"fr","C:\Users\Sipka\Desktop\Converter\languages\fr\convertir\jpeg\svg-en-jpeg\index.html","True","41","0"
"fr","C:\Users\Sipka\Desktop\Converter\languages\fr\convertir\jpeg\tar-en-jpeg\index.html","True","41","0"
"fr","C:\Users\Sipka\Desktop\Converter\languages\fr\convertir\jpeg\tar.bz2-en-jpeg\index.html","True","41","0"
"fr","C:\Users\Sipka\Desktop\Converter\languages\fr\convertir\jpeg\tar.gz-en-jpeg\index.html","True","41","0"
"fr","C:\Users\Sipka\Desktop\Converter\languages\fr\convertir\jpeg\tar.xz-en-jpeg\index.html","True","41","0"
"fr","C:\Users\Sipka\Desktop\Converter\languages\fr\convertir\jpeg\tbz-en-jpeg\index.html","True","41","0"
"fr","C:\Users\Sipka\Desktop\Converter\languages\fr\convertir\jpeg\tgz-en-jpeg\index.html","True","41","0"
"fr","C:\Users\Sipka\Desktop\Converter\languages\fr\convertir\jpeg\tiff-en-jpeg\index.html","True","41","0"
"fr","C:\Users\Sipka\Desktop\Converter\languages\fr\convertir\jpeg\tsv-en-jpeg\index.html","True","41","0"
"fr","C:\Users\Sipka\Desktop\Converter\languages\fr\convertir\jpeg\txt-en-jpeg\index.html","True","41","0"
"fr","C:\Users\Sipka\Desktop\Converter\languages\fr\convertir\jpeg\txz-en-jpeg\index.html","True","41","0"
"fr","C:\Users\Sipka\Desktop\Converter\languages\fr\convertir\jpeg\wav-en-jpeg\index.html","True","41","0"
"fr","C:\Users\Sipka\Desktop\Converter\languages\fr\convertir\jpeg\webm-en-jpeg\index.html","True","41","0"
"fr","C:\Users\Sipka\Desktop\Converter\languages\fr\convertir\jpeg\webp-en-jpeg\index.html","True","41","0"
"fr","C:\Users\Sipka\Desktop\Converter\languages\fr\convertir\jpeg\xlsx-en-jpeg\index.html","True","41","0"
"fr","C:\Users\Sipka\Desktop\Converter\languages\fr\convertir\jpeg\zip-en-jpeg\index.html","True","41","0"
"fr","C:\Users\Sipka\Desktop\Converter\languages\fr\convertir\jpg\7z-en-jpg\index.html","True","41","0"
"fr","C:\Users\Sipka\Desktop\Converter\languages\fr\convertir\jpg\aac-en-jpg\index.html","True","41","0"
"fr","C:\Users\Sipka\Desktop\Converter\languages\fr\convertir\jpg\aiff-en-jpg\index.html","True","41","0"
"fr","C:\Users\Sipka\Desktop\Converter\languages\fr\convertir\jpg\bmp-en-jpg\index.html","True","41","0"
"fr","C:\Users\Sipka\Desktop\Converter\languages\fr\convertir\jpg\csv-en-jpg\index.html","True","41","0"
"fr","C:\Users\Sipka\Desktop\Converter\languages\fr\convertir\jpg\docx-en-jpg\index.html","True","41","0"
"fr","C:\Users\Sipka\Desktop\Converter\languages\fr\convertir\jpg\flac-en-jpg\index.html","True","41","0"
"fr","C:\Users\Sipka\Desktop\Converter\languages\fr\convertir\jpg\gif-en-jpg\index.html","True","41","0"
"fr","C:\Users\Sipka\Desktop\Converter\languages\fr\convertir\jpg\html-en-jpg\index.html","True","41","0"
"fr","C:\Users\Sipka\Desktop\Converter\languages\fr\convertir\jpg\jpeg-en-jpg\index.html","True","41","0"
"fr","C:\Users\Sipka\Desktop\Converter\languages\fr\convertir\jpg\json-en-jpg\index.html","True","41","0"
"fr","C:\Users\Sipka\Desktop\Converter\languages\fr\convertir\jpg\jsonl-en-jpg\index.html","True","41","0"
"fr","C:\Users\Sipka\Desktop\Converter\languages\fr\convertir\jpg\m4a-en-jpg\index.html","True","41","0"
"fr","C:\Users\Sipka\Desktop\Converter\languages\fr\convertir\jpg\m4v-en-jpg\index.html","True","41","0"
"fr","C:\Users\Sipka\Desktop\Converter\languages\fr\convertir\jpg\md-en-jpg\index.html","True","41","0"
"fr","C:\Users\Sipka\Desktop\Converter\languages\fr\convertir\jpg\mkv-en-jpg\index.html","True","41","0"
"fr","C:\Users\Sipka\Desktop\Converter\languages\fr\convertir\jpg\mov-en-jpg\index.html","True","41","0"
"fr","C:\Users\Sipka\Desktop\Converter\languages\fr\convertir\jpg\mp3-en-jpg\index.html","True","41","0"
"fr","C:\Users\Sipka\Desktop\Converter\languages\fr\convertir\jpg\mp4-en-jpg\index.html","True","41","0"
"fr","C:\Users\Sipka\Desktop\Converter\languages\fr\convertir\jpg\ogg-en-jpg\index.html","True","41","0"
"fr","C:\Users\Sipka\Desktop\Converter\languages\fr\convertir\jpg\opus-en-jpg\index.html","True","41","0"
"fr","C:\Users\Sipka\Desktop\Converter\languages\fr\convertir\jpg\pdf-en-jpg\index.html","True","41","0"
"fr","C:\Users\Sipka\Desktop\Converter\languages\fr\convertir\jpg\png-en-jpg\index.html","True","41","0"
"fr","C:\Users\Sipka\Desktop\Converter\languages\fr\convertir\jpg\pptx-en-jpg\index.html","True","41","0"
"fr","C:\Users\Sipka\Desktop\Converter\languages\fr\convertir\jpg\rar-en-jpg\index.html","True","41","0"
"fr","C:\Users\Sipka\Desktop\Converter\languages\fr\convertir\jpg\rtf-en-jpg\index.html","True","41","0"
"fr","C:\Users\Sipka\Desktop\Converter\languages\fr\convertir\jpg\svg-en-jpg\index.html","True","41","0"
"fr","C:\Users\Sipka\Desktop\Converter\languages\fr\convertir\jpg\tar-en-jpg\index.html","True","41","0"
"fr","C:\Users\Sipka\Desktop\Converter\languages\fr\convertir\jpg\tar.bz2-en-jpg\index.html","True","41","0"
"fr","C:\Users\Sipka\Desktop\Converter\languages\fr\convertir\jpg\tar.gz-en-jpg\index.html","True","41","0"
"fr","C:\Users\Sipka\Desktop\Converter\languages\fr\convertir\jpg\tar.xz-en-jpg\index.html","True","41","0"
"fr","C:\Users\Sipka\Desktop\Converter\languages\fr\convertir\jpg\tbz-en-jpg\index.html","True","41","0"
"fr","C:\Users\Sipka\Desktop\Converter\languages\fr\convertir\jpg\tgz-en-jpg\index.html","True","41","0"
"fr","C:\Users\Sipka\Desktop\Converter\languages\fr\convertir\jpg\tiff-en-jpg\index.html","True","41","0"
"fr","C:\Users\Sipka\Desktop\Converter\languages\fr\convertir\jpg\tsv-en-jpg\index.html","True","41","0"
"fr","C:\Users\Sipka\Desktop\Converter\languages\fr\convertir\jpg\txt-en-jpg\index.html","True","41","0"
"fr","C:\Users\Sipka\Desktop\Converter\languages\fr\convertir\jpg\txz-en-jpg\index.html","True","41","0"
"fr","C:\Users\Sipka\Desktop\Converter\languages\fr\convertir\jpg\wav-en-jpg\index.html","True","41","0"
"fr","C:\Users\Sipka\Desktop\Converter\languages\fr\convertir\jpg\webm-en-jpg\index.html","True","41","0"
"fr","C:\Users\Sipka\Desktop\Converter\languages\fr\convertir\jpg\webp-en-jpg\index.html","True","41","0"
"fr","C:\Users\Sipka\Desktop\Converter\languages\fr\convertir\jpg\xlsx-en-jpg\index.html","True","41","0"
"fr","C:\Users\Sipka\Desktop\Converter\languages\fr\convertir\jpg\zip-en-jpg\index.html","True","41","0"
"fr","C:\Users\Sipka\Desktop\Converter\languages\fr\convertir\json\7z-en-json\index.html","True","41","0"
"fr","C:\Users\Sipka\Desktop\Converter\languages\fr\convertir\json\aac-en-json\index.html","True","41","0"
"fr","C:\Users\Sipka\Desktop\Converter\languages\fr\convertir\json\aiff-en-json\index.html","True","41","0"
"fr","C:\Users\Sipka\Desktop\Converter\languages\fr\convertir\json\bmp-en-json\index.html","True","41","0"
"fr","C:\Users\Sipka\Desktop\Converter\languages\fr\convertir\json\csv-en-json\index.html","True","41","0"
"fr","C:\Users\Sipka\Desktop\Converter\languages\fr\convertir\json\docx-en-json\index.html","True","41","0"
"fr","C:\Users\Sipka\Desktop\Converter\languages\fr\convertir\json\flac-en-json\index.html","True","41","0"
"fr","C:\Users\Sipka\Desktop\Converter\languages\fr\convertir\json\gif-en-json\index.html","True","41","0"
"fr","C:\Users\Sipka\Desktop\Converter\languages\fr\convertir\json\html-en-json\index.html","True","41","0"
"fr","C:\Users\Sipka\Desktop\Converter\languages\fr\convertir\json\jpeg-en-json\index.html","True","41","0"
"fr","C:\Users\Sipka\Desktop\Converter\languages\fr\convertir\json\jpg-en-json\index.html","True","41","0"
"fr","C:\Users\Sipka\Desktop\Converter\languages\fr\convertir\json\jsonl-en-json\index.html","True","41","0"
"fr","C:\Users\Sipka\Desktop\Converter\languages\fr\convertir\json\m4a-en-json\index.html","True","41","0"
"fr","C:\Users\Sipka\Desktop\Converter\languages\fr\convertir\json\m4v-en-json\index.html","True","41","0"
"fr","C:\Users\Sipka\Desktop\Converter\languages\fr\convertir\json\md-en-json\index.html","True","41","0"
"fr","C:\Users\Sipka\Desktop\Converter\languages\fr\convertir\json\mkv-en-json\index.html","True","41","0"
"fr","C:\Users\Sipka\Desktop\Converter\languages\fr\convertir\json\mov-en-json\index.html","True","41","0"
"fr","C:\Users\Sipka\Desktop\Converter\languages\fr\convertir\json\mp3-en-json\index.html","True","41","0"
"fr","C:\Users\Sipka\Desktop\Converter\languages\fr\convertir\json\mp4-en-json\index.html","True","41","0"
"fr","C:\Users\Sipka\Desktop\Converter\languages\fr\convertir\json\ogg-en-json\index.html","True","41","0"
"fr","C:\Users\Sipka\Desktop\Converter\languages\fr\convertir\json\opus-en-json\index.html","True","41","0"
"fr","C:\Users\Sipka\Desktop\Converter\languages\fr\convertir\json\pdf-en-json\index.html","True","41","0"
"fr","C:\Users\Sipka\Desktop\Converter\languages\fr\convertir\json\png-en-json\index.html","True","41","0"
"fr","C:\Users\Sipka\Desktop\Converter\languages\fr\convertir\json\pptx-en-json\index.html","True","41","0"
"fr","C:\Users\Sipka\Desktop\Converter\languages\fr\convertir\json\rar-en-json\index.html","True","41","0"
"fr","C:\Users\Sipka\Desktop\Converter\languages\fr\convertir\json\rtf-en-json\index.html","True","41","0"
"fr","C:\Users\Sipka\Desktop\Converter\languages\fr\convertir\json\svg-en-json\index.html","True","41","0"
"fr","C:\Users\Sipka\Desktop\Converter\languages\fr\convertir\json\tar-en-json\index.html","True","41","0"
"fr","C:\Users\Sipka\Desktop\Converter\languages\fr\convertir\json\tar.bz2-en-json\index.html","True","41","0"
"fr","C:\Users\Sipka\Desktop\Converter\languages\fr\convertir\json\tar.gz-en-json\index.html","True","41","0"
"fr","C:\Users\Sipka\Desktop\Converter\languages\fr\convertir\json\tar.xz-en-json\index.html","True","41","0"
"fr","C:\Users\Sipka\Desktop\Converter\languages\fr\convertir\json\tbz-en-json\index.html","True","41","0"
"fr","C:\Users\Sipka\Desktop\Converter\languages\fr\convertir\json\tgz-en-json\index.html","True","41","0"
"fr","C:\Users\Sipka\Desktop\Converter\languages\fr\convertir\json\tiff-en-json\index.html","True","41","0"
"fr","C:\Users\Sipka\Desktop\Converter\languages\fr\convertir\json\tsv-en-json\index.html","True","41","0"
"fr","C:\Users\Sipka\Desktop\Converter\languages\fr\convertir\json\txt-en-json\index.html","True","41","0"
"fr","C:\Users\Sipka\Desktop\Converter\languages\fr\convertir\json\txz-en-json\index.html","True","41","0"
"fr","C:\Users\Sipka\Desktop\Converter\languages\fr\convertir\json\wav-en-json\index.html","True","41","0"
"fr","C:\Users\Sipka\Desktop\Converter\languages\fr\convertir\json\webm-en-json\index.html","True","41","0"
"fr","C:\Users\Sipka\Desktop\Converter\languages\fr\convertir\json\webp-en-json\index.html","True","41","0"
"fr","C:\Users\Sipka\Desktop\Converter\languages\fr\convertir\json\xlsx-en-json\index.html","True","41","0"
"fr","C:\Users\Sipka\Desktop\Converter\languages\fr\convertir\json\zip-en-json\index.html","True","41","0"
"fr","C:\Users\Sipka\Desktop\Converter\languages\fr\convertir\jsonl\7z-en-jsonl\index.html","True","41","0"
"fr","C:\Users\Sipka\Desktop\Converter\languages\fr\convertir\jsonl\aac-en-jsonl\index.html","True","41","0"
"fr","C:\Users\Sipka\Desktop\Converter\languages\fr\convertir\jsonl\aiff-en-jsonl\index.html","True","41","0"
"fr","C:\Users\Sipka\Desktop\Converter\languages\fr\convertir\jsonl\bmp-en-jsonl\index.html","True","41","0"
"fr","C:\Users\Sipka\Desktop\Converter\languages\fr\convertir\jsonl\csv-en-jsonl\index.html","True","41","0"
"fr","C:\Users\Sipka\Desktop\Converter\languages\fr\convertir\jsonl\docx-en-jsonl\index.html","True","41","0"
"fr","C:\Users\Sipka\Desktop\Converter\languages\fr\convertir\jsonl\flac-en-jsonl\index.html","True","41","0"
"fr","C:\Users\Sipka\Desktop\Converter\languages\fr\convertir\jsonl\gif-en-jsonl\index.html","True","41","0"
"fr","C:\Users\Sipka\Desktop\Converter\languages\fr\convertir\jsonl\html-en-jsonl\index.html","True","41","0"
"fr","C:\Users\Sipka\Desktop\Converter\languages\fr\convertir\jsonl\jpeg-en-jsonl\index.html","True","41","0"
"fr","C:\Users\Sipka\Desktop\Converter\languages\fr\convertir\jsonl\jpg-en-jsonl\index.html","True","41","0"
"fr","C:\Users\Sipka\Desktop\Converter\languages\fr\convertir\jsonl\json-en-jsonl\index.html","True","41","0"
"fr","C:\Users\Sipka\Desktop\Converter\languages\fr\convertir\jsonl\m4a-en-jsonl\index.html","True","41","0"
"fr","C:\Users\Sipka\Desktop\Converter\languages\fr\convertir\jsonl\m4v-en-jsonl\index.html","True","41","0"
"fr","C:\Users\Sipka\Desktop\Converter\languages\fr\convertir\jsonl\md-en-jsonl\index.html","True","41","0"
"fr","C:\Users\Sipka\Desktop\Converter\languages\fr\convertir\jsonl\mkv-en-jsonl\index.html","True","41","0"
"fr","C:\Users\Sipka\Desktop\Converter\languages\fr\convertir\jsonl\mov-en-jsonl\index.html","True","41","0"
"fr","C:\Users\Sipka\Desktop\Converter\languages\fr\convertir\jsonl\mp3-en-jsonl\index.html","True","41","0"
"fr","C:\Users\Sipka\Desktop\Converter\languages\fr\convertir\jsonl\mp4-en-jsonl\index.html","True","41","0"
"fr","C:\Users\Sipka\Desktop\Converter\languages\fr\convertir\jsonl\ogg-en-jsonl\index.html","True","41","0"
"fr","C:\Users\Sipka\Desktop\Converter\languages\fr\convertir\jsonl\opus-en-jsonl\index.html","True","41","0"
"fr","C:\Users\Sipka\Desktop\Converter\languages\fr\convertir\jsonl\pdf-en-jsonl\index.html","True","41","0"
"fr","C:\Users\Sipka\Desktop\Converter\languages\fr\convertir\jsonl\png-en-jsonl\index.html","True","41","0"
"fr","C:\Users\Sipka\Desktop\Converter\languages\fr\convertir\jsonl\pptx-en-jsonl\index.html","True","41","0"
"fr","C:\Users\Sipka\Desktop\Converter\languages\fr\convertir\jsonl\rar-en-jsonl\index.html","True","41","0"
"fr","C:\Users\Sipka\Desktop\Converter\languages\fr\convertir\jsonl\rtf-en-jsonl\index.html","True","41","0"
"fr","C:\Users\Sipka\Desktop\Converter\languages\fr\convertir\jsonl\svg-en-jsonl\index.html","True","41","0"
"fr","C:\Users\Sipka\Desktop\Converter\languages\fr\convertir\jsonl\tar-en-jsonl\index.html","True","41","0"
"fr","C:\Users\Sipka\Desktop\Converter\languages\fr\convertir\jsonl\tar.bz2-en-jsonl\index.html","True","41","0"
"fr","C:\Users\Sipka\Desktop\Converter\languages\fr\convertir\jsonl\tar.gz-en-jsonl\index.html","True","41","0"
"fr","C:\Users\Sipka\Desktop\Converter\languages\fr\convertir\jsonl\tar.xz-en-jsonl\index.html","True","41","0"
"fr","C:\Users\Sipka\Desktop\Converter\languages\fr\convertir\jsonl\tbz-en-jsonl\index.html","True","41","0"
"fr","C:\Users\Sipka\Desktop\Converter\languages\fr\convertir\jsonl\tgz-en-jsonl\index.html","True","41","0"
"fr","C:\Users\Sipka\Desktop\Converter\languages\fr\convertir\jsonl\tiff-en-jsonl\index.html","True","41","0"
"fr","C:\Users\Sipka\Desktop\Converter\languages\fr\convertir\jsonl\tsv-en-jsonl\index.html","True","41","0"
"fr","C:\Users\Sipka\Desktop\Converter\languages\fr\convertir\jsonl\txt-en-jsonl\index.html","True","41","0"
"fr","C:\Users\Sipka\Desktop\Converter\languages\fr\convertir\jsonl\txz-en-jsonl\index.html","True","41","0"
"fr","C:\Users\Sipka\Desktop\Converter\languages\fr\convertir\jsonl\wav-en-jsonl\index.html","True","41","0"
"fr","C:\Users\Sipka\Desktop\Converter\languages\fr\convertir\jsonl\webm-en-jsonl\index.html","True","41","0"
"fr","C:\Users\Sipka\Desktop\Converter\languages\fr\convertir\jsonl\webp-en-jsonl\index.html","True","41","0"
"fr","C:\Users\Sipka\Desktop\Converter\languages\fr\convertir\jsonl\xlsx-en-jsonl\index.html","True","41","0"
"fr","C:\Users\Sipka\Desktop\Converter\languages\fr\convertir\jsonl\zip-en-jsonl\index.html","True","41","0"
"fr","C:\Users\Sipka\Desktop\Converter\languages\fr\convertir\m4a\7z-en-m4a\index.html","True","41","0"
"fr","C:\Users\Sipka\Desktop\Converter\languages\fr\convertir\m4a\aac-en-m4a\index.html","True","41","0"
"fr","C:\Users\Sipka\Desktop\Converter\languages\fr\convertir\m4a\aiff-en-m4a\index.html","True","41","0"
"fr","C:\Users\Sipka\Desktop\Converter\languages\fr\convertir\m4a\bmp-en-m4a\index.html","True","41","0"
"fr","C:\Users\Sipka\Desktop\Converter\languages\fr\convertir\m4a\csv-en-m4a\index.html","True","41","0"
"fr","C:\Users\Sipka\Desktop\Converter\languages\fr\convertir\m4a\docx-en-m4a\index.html","True","41","0"
"fr","C:\Users\Sipka\Desktop\Converter\languages\fr\convertir\m4a\flac-en-m4a\index.html","True","41","0"
"fr","C:\Users\Sipka\Desktop\Converter\languages\fr\convertir\m4a\gif-en-m4a\index.html","True","41","0"
"fr","C:\Users\Sipka\Desktop\Converter\languages\fr\convertir\m4a\html-en-m4a\index.html","True","41","0"
"fr","C:\Users\Sipka\Desktop\Converter\languages\fr\convertir\m4a\jpeg-en-m4a\index.html","True","41","0"
"fr","C:\Users\Sipka\Desktop\Converter\languages\fr\convertir\m4a\jpg-en-m4a\index.html","True","41","0"
"fr","C:\Users\Sipka\Desktop\Converter\languages\fr\convertir\m4a\json-en-m4a\index.html","True","41","0"
"fr","C:\Users\Sipka\Desktop\Converter\languages\fr\convertir\m4a\jsonl-en-m4a\index.html","True","41","0"
"fr","C:\Users\Sipka\Desktop\Converter\languages\fr\convertir\m4a\m4v-en-m4a\index.html","True","41","0"
"fr","C:\Users\Sipka\Desktop\Converter\languages\fr\convertir\m4a\md-en-m4a\index.html","True","41","0"
"fr","C:\Users\Sipka\Desktop\Converter\languages\fr\convertir\m4a\mkv-en-m4a\index.html","True","41","0"
"fr","C:\Users\Sipka\Desktop\Converter\languages\fr\convertir\m4a\mov-en-m4a\index.html","True","41","0"
"fr","C:\Users\Sipka\Desktop\Converter\languages\fr\convertir\m4a\mp3-en-m4a\index.html","True","41","0"
"fr","C:\Users\Sipka\Desktop\Converter\languages\fr\convertir\m4a\mp4-en-m4a\index.html","True","41","0"
"fr","C:\Users\Sipka\Desktop\Converter\languages\fr\convertir\m4a\ogg-en-m4a\index.html","True","41","0"
"fr","C:\Users\Sipka\Desktop\Converter\languages\fr\convertir\m4a\opus-en-m4a\index.html","True","41","0"
"fr","C:\Users\Sipka\Desktop\Converter\languages\fr\convertir\m4a\pdf-en-m4a\index.html","True","41","0"
"fr","C:\Users\Sipka\Desktop\Converter\languages\fr\convertir\m4a\png-en-m4a\index.html","True","41","0"
"fr","C:\Users\Sipka\Desktop\Converter\languages\fr\convertir\m4a\pptx-en-m4a\index.html","True","41","0"
"fr","C:\Users\Sipka\Desktop\Converter\languages\fr\convertir\m4a\rar-en-m4a\index.html","True","41","0"
"fr","C:\Users\Sipka\Desktop\Converter\languages\fr\convertir\m4a\rtf-en-m4a\index.html","True","41","0"
"fr","C:\Users\Sipka\Desktop\Converter\languages\fr\convertir\m4a\svg-en-m4a\index.html","True","41","0"
"fr","C:\Users\Sipka\Desktop\Converter\languages\fr\convertir\m4a\tar-en-m4a\index.html","True","41","0"
"fr","C:\Users\Sipka\Desktop\Converter\languages\fr\convertir\m4a\tar.bz2-en-m4a\index.html","True","41","0"
"fr","C:\Users\Sipka\Desktop\Converter\languages\fr\convertir\m4a\tar.gz-en-m4a\index.html","True","41","0"
"fr","C:\Users\Sipka\Desktop\Converter\languages\fr\convertir\m4a\tar.xz-en-m4a\index.html","True","41","0"
"fr","C:\Users\Sipka\Desktop\Converter\languages\fr\convertir\m4a\tbz-en-m4a\index.html","True","41","0"
"fr","C:\Users\Sipka\Desktop\Converter\languages\fr\convertir\m4a\tgz-en-m4a\index.html","True","41","0"
"fr","C:\Users\Sipka\Desktop\Converter\languages\fr\convertir\m4a\tiff-en-m4a\index.html","True","41","0"
"fr","C:\Users\Sipka\Desktop\Converter\languages\fr\convertir\m4a\tsv-en-m4a\index.html","True","41","0"
"fr","C:\Users\Sipka\Desktop\Converter\languages\fr\convertir\m4a\txt-en-m4a\index.html","True","41","0"
"fr","C:\Users\Sipka\Desktop\Converter\languages\fr\convertir\m4a\txz-en-m4a\index.html","True","41","0"
"fr","C:\Users\Sipka\Desktop\Converter\languages\fr\convertir\m4a\wav-en-m4a\index.html","True","41","0"
"fr","C:\Users\Sipka\Desktop\Converter\languages\fr\convertir\m4a\webm-en-m4a\index.html","True","41","0"
"fr","C:\Users\Sipka\Desktop\Converter\languages\fr\convertir\m4a\webp-en-m4a\index.html","True","41","0"
"fr","C:\Users\Sipka\Desktop\Converter\languages\fr\convertir\m4a\xlsx-en-m4a\index.html","True","41","0"
"fr","C:\Users\Sipka\Desktop\Converter\languages\fr\convertir\m4a\zip-en-m4a\index.html","True","41","0"
"fr","C:\Users\Sipka\Desktop\Converter\languages\fr\convertir\m4v\7z-en-m4v\index.html","True","41","0"
"fr","C:\Users\Sipka\Desktop\Converter\languages\fr\convertir\m4v\aac-en-m4v\index.html","True","41","0"
"fr","C:\Users\Sipka\Desktop\Converter\languages\fr\convertir\m4v\aiff-en-m4v\index.html","True","41","0"
"fr","C:\Users\Sipka\Desktop\Converter\languages\fr\convertir\m4v\bmp-en-m4v\index.html","True","41","0"
"fr","C:\Users\Sipka\Desktop\Converter\languages\fr\convertir\m4v\csv-en-m4v\index.html","True","41","0"
"fr","C:\Users\Sipka\Desktop\Converter\languages\fr\convertir\m4v\docx-en-m4v\index.html","True","41","0"
"fr","C:\Users\Sipka\Desktop\Converter\languages\fr\convertir\m4v\flac-en-m4v\index.html","True","41","0"
"fr","C:\Users\Sipka\Desktop\Converter\languages\fr\convertir\m4v\gif-en-m4v\index.html","True","41","0"
"fr","C:\Users\Sipka\Desktop\Converter\languages\fr\convertir\m4v\html-en-m4v\index.html","True","41","0"
"fr","C:\Users\Sipka\Desktop\Converter\languages\fr\convertir\m4v\jpeg-en-m4v\index.html","True","41","0"
"fr","C:\Users\Sipka\Desktop\Converter\languages\fr\convertir\m4v\jpg-en-m4v\index.html","True","41","0"
"fr","C:\Users\Sipka\Desktop\Converter\languages\fr\convertir\m4v\json-en-m4v\index.html","True","41","0"
"fr","C:\Users\Sipka\Desktop\Converter\languages\fr\convertir\m4v\jsonl-en-m4v\index.html","True","41","0"
"fr","C:\Users\Sipka\Desktop\Converter\languages\fr\convertir\m4v\m4a-en-m4v\index.html","True","41","0"
"fr","C:\Users\Sipka\Desktop\Converter\languages\fr\convertir\m4v\md-en-m4v\index.html","True","41","0"
"fr","C:\Users\Sipka\Desktop\Converter\languages\fr\convertir\m4v\mkv-en-m4v\index.html","True","41","0"
"fr","C:\Users\Sipka\Desktop\Converter\languages\fr\convertir\m4v\mov-en-m4v\index.html","True","41","0"
"fr","C:\Users\Sipka\Desktop\Converter\languages\fr\convertir\m4v\mp3-en-m4v\index.html","True","41","0"
"fr","C:\Users\Sipka\Desktop\Converter\languages\fr\convertir\m4v\mp4-en-m4v\index.html","True","41","0"
"fr","C:\Users\Sipka\Desktop\Converter\languages\fr\convertir\m4v\ogg-en-m4v\index.html","True","41","0"
"fr","C:\Users\Sipka\Desktop\Converter\languages\fr\convertir\m4v\opus-en-m4v\index.html","True","41","0"
"fr","C:\Users\Sipka\Desktop\Converter\languages\fr\convertir\m4v\pdf-en-m4v\index.html","True","41","0"
"fr","C:\Users\Sipka\Desktop\Converter\languages\fr\convertir\m4v\png-en-m4v\index.html","True","41","0"
"fr","C:\Users\Sipka\Desktop\Converter\languages\fr\convertir\m4v\pptx-en-m4v\index.html","True","41","0"
"fr","C:\Users\Sipka\Desktop\Converter\languages\fr\convertir\m4v\rar-en-m4v\index.html","True","41","0"
"fr","C:\Users\Sipka\Desktop\Converter\languages\fr\convertir\m4v\rtf-en-m4v\index.html","True","41","0"
"fr","C:\Users\Sipka\Desktop\Converter\languages\fr\convertir\m4v\svg-en-m4v\index.html","True","41","0"
"fr","C:\Users\Sipka\Desktop\Converter\languages\fr\convertir\m4v\tar-en-m4v\index.html","True","41","0"
"fr","C:\Users\Sipka\Desktop\Converter\languages\fr\convertir\m4v\tar.bz2-en-m4v\index.html","True","41","0"
"fr","C:\Users\Sipka\Desktop\Converter\languages\fr\convertir\m4v\tar.gz-en-m4v\index.html","True","41","0"
"fr","C:\Users\Sipka\Desktop\Converter\languages\fr\convertir\m4v\tar.xz-en-m4v\index.html","True","41","0"
"fr","C:\Users\Sipka\Desktop\Converter\languages\fr\convertir\m4v\tbz-en-m4v\index.html","True","41","0"
"fr","C:\Users\Sipka\Desktop\Converter\languages\fr\convertir\m4v\tgz-en-m4v\index.html","True","41","0"
"fr","C:\Users\Sipka\Desktop\Converter\languages\fr\convertir\m4v\tiff-en-m4v\index.html","True","41","0"
"fr","C:\Users\Sipka\Desktop\Converter\languages\fr\convertir\m4v\tsv-en-m4v\index.html","True","41","0"
"fr","C:\Users\Sipka\Desktop\Converter\languages\fr\convertir\m4v\txt-en-m4v\index.html","True","41","0"
"fr","C:\Users\Sipka\Desktop\Converter\languages\fr\convertir\m4v\txz-en-m4v\index.html","True","41","0"
"fr","C:\Users\Sipka\Desktop\Converter\languages\fr\convertir\m4v\wav-en-m4v\index.html","True","41","0"
"fr","C:\Users\Sipka\Desktop\Converter\languages\fr\convertir\m4v\webm-en-m4v\index.html","True","41","0"
"fr","C:\Users\Sipka\Desktop\Converter\languages\fr\convertir\m4v\webp-en-m4v\index.html","True","41","0"
"fr","C:\Users\Sipka\Desktop\Converter\languages\fr\convertir\m4v\xlsx-en-m4v\index.html","True","41","0"
"fr","C:\Users\Sipka\Desktop\Converter\languages\fr\convertir\m4v\zip-en-m4v\index.html","True","41","0"
"fr","C:\Users\Sipka\Desktop\Converter\languages\fr\convertir\md\7z-en-md\index.html","True","41","0"
"fr","C:\Users\Sipka\Desktop\Converter\languages\fr\convertir\md\aac-en-md\index.html","True","41","0"
"fr","C:\Users\Sipka\Desktop\Converter\languages\fr\convertir\md\aiff-en-md\index.html","True","41","0"
"fr","C:\Users\Sipka\Desktop\Converter\languages\fr\convertir\md\bmp-en-md\index.html","True","41","0"
"fr","C:\Users\Sipka\Desktop\Converter\languages\fr\convertir\md\csv-en-md\index.html","True","41","0"
"fr","C:\Users\Sipka\Desktop\Converter\languages\fr\convertir\md\docx-en-md\index.html","True","41","0"
"fr","C:\Users\Sipka\Desktop\Converter\languages\fr\convertir\md\flac-en-md\index.html","True","41","0"
"fr","C:\Users\Sipka\Desktop\Converter\languages\fr\convertir\md\gif-en-md\index.html","True","41","0"
"fr","C:\Users\Sipka\Desktop\Converter\languages\fr\convertir\md\html-en-md\index.html","True","41","0"
"fr","C:\Users\Sipka\Desktop\Converter\languages\fr\convertir\md\jpeg-en-md\index.html","True","41","0"
"fr","C:\Users\Sipka\Desktop\Converter\languages\fr\convertir\md\jpg-en-md\index.html","True","41","0"
"fr","C:\Users\Sipka\Desktop\Converter\languages\fr\convertir\md\json-en-md\index.html","True","41","0"
"fr","C:\Users\Sipka\Desktop\Converter\languages\fr\convertir\md\jsonl-en-md\index.html","True","41","0"
"fr","C:\Users\Sipka\Desktop\Converter\languages\fr\convertir\md\m4a-en-md\index.html","True","41","0"
"fr","C:\Users\Sipka\Desktop\Converter\languages\fr\convertir\md\m4v-en-md\index.html","True","41","0"
"fr","C:\Users\Sipka\Desktop\Converter\languages\fr\convertir\md\mkv-en-md\index.html","True","41","0"
"fr","C:\Users\Sipka\Desktop\Converter\languages\fr\convertir\md\mov-en-md\index.html","True","41","0"
"fr","C:\Users\Sipka\Desktop\Converter\languages\fr\convertir\md\mp3-en-md\index.html","True","41","0"
"fr","C:\Users\Sipka\Desktop\Converter\languages\fr\convertir\md\mp4-en-md\index.html","True","41","0"
"fr","C:\Users\Sipka\Desktop\Converter\languages\fr\convertir\md\ogg-en-md\index.html","True","41","0"
"fr","C:\Users\Sipka\Desktop\Converter\languages\fr\convertir\md\opus-en-md\index.html","True","41","0"
"fr","C:\Users\Sipka\Desktop\Converter\languages\fr\convertir\md\pdf-en-md\index.html","True","41","0"
"fr","C:\Users\Sipka\Desktop\Converter\languages\fr\convertir\md\png-en-md\index.html","True","41","0"
"fr","C:\Users\Sipka\Desktop\Converter\languages\fr\convertir\md\pptx-en-md\index.html","True","41","0"
"fr","C:\Users\Sipka\Desktop\Converter\languages\fr\convertir\md\rar-en-md\index.html","True","41","0"
"fr","C:\Users\Sipka\Desktop\Converter\languages\fr\convertir\md\rtf-en-md\index.html","True","41","0"
"fr","C:\Users\Sipka\Desktop\Converter\languages\fr\convertir\md\svg-en-md\index.html","True","41","0"
"fr","C:\Users\Sipka\Desktop\Converter\languages\fr\convertir\md\tar-en-md\index.html","True","41","0"
"fr","C:\Users\Sipka\Desktop\Converter\languages\fr\convertir\md\tar.bz2-en-md\index.html","True","41","0"
"fr","C:\Users\Sipka\Desktop\Converter\languages\fr\convertir\md\tar.gz-en-md\index.html","True","41","0"
"fr","C:\Users\Sipka\Desktop\Converter\languages\fr\convertir\md\tar.xz-en-md\index.html","True","41","0"
"fr","C:\Users\Sipka\Desktop\Converter\languages\fr\convertir\md\tbz-en-md\index.html","True","41","0"
"fr","C:\Users\Sipka\Desktop\Converter\languages\fr\convertir\md\tgz-en-md\index.html","True","41","0"
"fr","C:\Users\Sipka\Desktop\Converter\languages\fr\convertir\md\tiff-en-md\index.html","True","41","0"
"fr","C:\Users\Sipka\Desktop\Converter\languages\fr\convertir\md\tsv-en-md\index.html","True","41","0"
"fr","C:\Users\Sipka\Desktop\Converter\languages\fr\convertir\md\txt-en-md\index.html","True","41","0"
"fr","C:\Users\Sipka\Desktop\Converter\languages\fr\convertir\md\txz-en-md\index.html","True","41","0"
"fr","C:\Users\Sipka\Desktop\Converter\languages\fr\convertir\md\wav-en-md\index.html","True","41","0"
"fr","C:\Users\Sipka\Desktop\Converter\languages\fr\convertir\md\webm-en-md\index.html","True","41","0"
"fr","C:\Users\Sipka\Desktop\Converter\languages\fr\convertir\md\webp-en-md\index.html","True","41","0"
"fr","C:\Users\Sipka\Desktop\Converter\languages\fr\convertir\md\xlsx-en-md\index.html","True","41","0"
"fr","C:\Users\Sipka\Desktop\Converter\languages\fr\convertir\md\zip-en-md\index.html","True","41","0"
"fr","C:\Users\Sipka\Desktop\Converter\languages\fr\convertir\mkv\7z-en-mkv\index.html","True","41","0"
"fr","C:\Users\Sipka\Desktop\Converter\languages\fr\convertir\mkv\aac-en-mkv\index.html","True","41","0"
"fr","C:\Users\Sipka\Desktop\Converter\languages\fr\convertir\mkv\aiff-en-mkv\index.html","True","41","0"
"fr","C:\Users\Sipka\Desktop\Converter\languages\fr\convertir\mkv\bmp-en-mkv\index.html","True","41","0"
"fr","C:\Users\Sipka\Desktop\Converter\languages\fr\convertir\mkv\csv-en-mkv\index.html","True","41","0"
"fr","C:\Users\Sipka\Desktop\Converter\languages\fr\convertir\mkv\docx-en-mkv\index.html","True","41","0"
"fr","C:\Users\Sipka\Desktop\Converter\languages\fr\convertir\mkv\flac-en-mkv\index.html","True","41","0"
"fr","C:\Users\Sipka\Desktop\Converter\languages\fr\convertir\mkv\gif-en-mkv\index.html","True","41","0"
"fr","C:\Users\Sipka\Desktop\Converter\languages\fr\convertir\mkv\html-en-mkv\index.html","True","41","0"
"fr","C:\Users\Sipka\Desktop\Converter\languages\fr\convertir\mkv\jpeg-en-mkv\index.html","True","41","0"
"fr","C:\Users\Sipka\Desktop\Converter\languages\fr\convertir\mkv\jpg-en-mkv\index.html","True","41","0"
"fr","C:\Users\Sipka\Desktop\Converter\languages\fr\convertir\mkv\json-en-mkv\index.html","True","41","0"
"fr","C:\Users\Sipka\Desktop\Converter\languages\fr\convertir\mkv\jsonl-en-mkv\index.html","True","41","0"
"fr","C:\Users\Sipka\Desktop\Converter\languages\fr\convertir\mkv\m4a-en-mkv\index.html","True","41","0"
"fr","C:\Users\Sipka\Desktop\Converter\languages\fr\convertir\mkv\m4v-en-mkv\index.html","True","41","0"
"fr","C:\Users\Sipka\Desktop\Converter\languages\fr\convertir\mkv\md-en-mkv\index.html","True","41","0"
"fr","C:\Users\Sipka\Desktop\Converter\languages\fr\convertir\mkv\mov-en-mkv\index.html","True","41","0"
"fr","C:\Users\Sipka\Desktop\Converter\languages\fr\convertir\mkv\mp3-en-mkv\index.html","True","41","0"
"fr","C:\Users\Sipka\Desktop\Converter\languages\fr\convertir\mkv\mp4-en-mkv\index.html","True","41","0"
"fr","C:\Users\Sipka\Desktop\Converter\languages\fr\convertir\mkv\ogg-en-mkv\index.html","True","41","0"
"fr","C:\Users\Sipka\Desktop\Converter\languages\fr\convertir\mkv\opus-en-mkv\index.html","True","41","0"
"fr","C:\Users\Sipka\Desktop\Converter\languages\fr\convertir\mkv\pdf-en-mkv\index.html","True","41","0"
"fr","C:\Users\Sipka\Desktop\Converter\languages\fr\convertir\mkv\png-en-mkv\index.html","True","41","0"
"fr","C:\Users\Sipka\Desktop\Converter\languages\fr\convertir\mkv\pptx-en-mkv\index.html","True","41","0"
"fr","C:\Users\Sipka\Desktop\Converter\languages\fr\convertir\mkv\rar-en-mkv\index.html","True","41","0"
"fr","C:\Users\Sipka\Desktop\Converter\languages\fr\convertir\mkv\rtf-en-mkv\index.html","True","41","0"
"fr","C:\Users\Sipka\Desktop\Converter\languages\fr\convertir\mkv\svg-en-mkv\index.html","True","41","0"
"fr","C:\Users\Sipka\Desktop\Converter\languages\fr\convertir\mkv\tar-en-mkv\index.html","True","41","0"
"fr","C:\Users\Sipka\Desktop\Converter\languages\fr\convertir\mkv\tar.bz2-en-mkv\index.html","True","41","0"
"fr","C:\Users\Sipka\Desktop\Converter\languages\fr\convertir\mkv\tar.gz-en-mkv\index.html","True","41","0"
"fr","C:\Users\Sipka\Desktop\Converter\languages\fr\convertir\mkv\tar.xz-en-mkv\index.html","True","41","0"
"fr","C:\Users\Sipka\Desktop\Converter\languages\fr\convertir\mkv\tbz-en-mkv\index.html","True","41","0"
"fr","C:\Users\Sipka\Desktop\Converter\languages\fr\convertir\mkv\tgz-en-mkv\index.html","True","41","0"
"fr","C:\Users\Sipka\Desktop\Converter\languages\fr\convertir\mkv\tiff-en-mkv\index.html","True","41","0"
"fr","C:\Users\Sipka\Desktop\Converter\languages\fr\convertir\mkv\tsv-en-mkv\index.html","True","41","0"
"fr","C:\Users\Sipka\Desktop\Converter\languages\fr\convertir\mkv\txt-en-mkv\index.html","True","41","0"
"fr","C:\Users\Sipka\Desktop\Converter\languages\fr\convertir\mkv\txz-en-mkv\index.html","True","41","0"
"fr","C:\Users\Sipka\Desktop\Converter\languages\fr\convertir\mkv\wav-en-mkv\index.html","True","41","0"
"fr","C:\Users\Sipka\Desktop\Converter\languages\fr\convertir\mkv\webm-en-mkv\index.html","True","41","0"
"fr","C:\Users\Sipka\Desktop\Converter\languages\fr\convertir\mkv\webp-en-mkv\index.html","True","41","0"
"fr","C:\Users\Sipka\Desktop\Converter\languages\fr\convertir\mkv\xlsx-en-mkv\index.html","True","41","0"
"fr","C:\Users\Sipka\Desktop\Converter\languages\fr\convertir\mkv\zip-en-mkv\index.html","True","41","0"
"fr","C:\Users\Sipka\Desktop\Converter\languages\fr\convertir\mov\7z-en-mov\index.html","True","41","0"
"fr","C:\Users\Sipka\Desktop\Converter\languages\fr\convertir\mov\aac-en-mov\index.html","True","41","0"
"fr","C:\Users\Sipka\Desktop\Converter\languages\fr\convertir\mov\aiff-en-mov\index.html","True","41","0"
"fr","C:\Users\Sipka\Desktop\Converter\languages\fr\convertir\mov\bmp-en-mov\index.html","True","41","0"
"fr","C:\Users\Sipka\Desktop\Converter\languages\fr\convertir\mov\csv-en-mov\index.html","True","41","0"
"fr","C:\Users\Sipka\Desktop\Converter\languages\fr\convertir\mov\docx-en-mov\index.html","True","41","0"
"fr","C:\Users\Sipka\Desktop\Converter\languages\fr\convertir\mov\flac-en-mov\index.html","True","41","0"
"fr","C:\Users\Sipka\Desktop\Converter\languages\fr\convertir\mov\gif-en-mov\index.html","True","41","0"
"fr","C:\Users\Sipka\Desktop\Converter\languages\fr\convertir\mov\html-en-mov\index.html","True","41","0"
"fr","C:\Users\Sipka\Desktop\Converter\languages\fr\convertir\mov\jpeg-en-mov\index.html","True","41","0"
"fr","C:\Users\Sipka\Desktop\Converter\languages\fr\convertir\mov\jpg-en-mov\index.html","True","41","0"
"fr","C:\Users\Sipka\Desktop\Converter\languages\fr\convertir\mov\json-en-mov\index.html","True","41","0"
"fr","C:\Users\Sipka\Desktop\Converter\languages\fr\convertir\mov\jsonl-en-mov\index.html","True","41","0"
"fr","C:\Users\Sipka\Desktop\Converter\languages\fr\convertir\mov\m4a-en-mov\index.html","True","41","0"
"fr","C:\Users\Sipka\Desktop\Converter\languages\fr\convertir\mov\m4v-en-mov\index.html","True","41","0"
"fr","C:\Users\Sipka\Desktop\Converter\languages\fr\convertir\mov\md-en-mov\index.html","True","41","0"
"fr","C:\Users\Sipka\Desktop\Converter\languages\fr\convertir\mov\mkv-en-mov\index.html","True","41","0"
"fr","C:\Users\Sipka\Desktop\Converter\languages\fr\convertir\mov\mp3-en-mov\index.html","True","41","0"
"fr","C:\Users\Sipka\Desktop\Converter\languages\fr\convertir\mov\mp4-en-mov\index.html","True","41","0"
"fr","C:\Users\Sipka\Desktop\Converter\languages\fr\convertir\mov\ogg-en-mov\index.html","True","41","0"
"fr","C:\Users\Sipka\Desktop\Converter\languages\fr\convertir\mov\opus-en-mov\index.html","True","41","0"
"fr","C:\Users\Sipka\Desktop\Converter\languages\fr\convertir\mov\pdf-en-mov\index.html","True","41","0"
"fr","C:\Users\Sipka\Desktop\Converter\languages\fr\convertir\mov\png-en-mov\index.html","True","41","0"
"fr","C:\Users\Sipka\Desktop\Converter\languages\fr\convertir\mov\pptx-en-mov\index.html","True","41","0"
"fr","C:\Users\Sipka\Desktop\Converter\languages\fr\convertir\mov\rar-en-mov\index.html","True","41","0"
"fr","C:\Users\Sipka\Desktop\Converter\languages\fr\convertir\mov\rtf-en-mov\index.html","True","41","0"
"fr","C:\Users\Sipka\Desktop\Converter\languages\fr\convertir\mov\svg-en-mov\index.html","True","41","0"
"fr","C:\Users\Sipka\Desktop\Converter\languages\fr\convertir\mov\tar-en-mov\index.html","True","41","0"
"fr","C:\Users\Sipka\Desktop\Converter\languages\fr\convertir\mov\tar.bz2-en-mov\index.html","True","41","0"
"fr","C:\Users\Sipka\Desktop\Converter\languages\fr\convertir\mov\tar.gz-en-mov\index.html","True","41","0"
"fr","C:\Users\Sipka\Desktop\Converter\languages\fr\convertir\mov\tar.xz-en-mov\index.html","True","41","0"
"fr","C:\Users\Sipka\Desktop\Converter\languages\fr\convertir\mov\tbz-en-mov\index.html","True","41","0"
"fr","C:\Users\Sipka\Desktop\Converter\languages\fr\convertir\mov\tgz-en-mov\index.html","True","41","0"
"fr","C:\Users\Sipka\Desktop\Converter\languages\fr\convertir\mov\tiff-en-mov\index.html","True","41","0"
"fr","C:\Users\Sipka\Desktop\Converter\languages\fr\convertir\mov\tsv-en-mov\index.html","True","41","0"
"fr","C:\Users\Sipka\Desktop\Converter\languages\fr\convertir\mov\txt-en-mov\index.html","True","41","0"
"fr","C:\Users\Sipka\Desktop\Converter\languages\fr\convertir\mov\txz-en-mov\index.html","True","41","0"
"fr","C:\Users\Sipka\Desktop\Converter\languages\fr\convertir\mov\wav-en-mov\index.html","True","41","0"
"fr","C:\Users\Sipka\Desktop\Converter\languages\fr\convertir\mov\webm-en-mov\index.html","True","41","0"
"fr","C:\Users\Sipka\Desktop\Converter\languages\fr\convertir\mov\webp-en-mov\index.html","True","41","0"
"fr","C:\Users\Sipka\Desktop\Converter\languages\fr\convertir\mov\xlsx-en-mov\index.html","True","41","0"
"fr","C:\Users\Sipka\Desktop\Converter\languages\fr\convertir\mov\zip-en-mov\index.html","True","41","0"
"fr","C:\Users\Sipka\Desktop\Converter\languages\fr\convertir\mp3\7z-en-mp3\index.html","True","41","0"
"fr","C:\Users\Sipka\Desktop\Converter\languages\fr\convertir\mp3\aac-en-mp3\index.html","True","41","0"
"fr","C:\Users\Sipka\Desktop\Converter\languages\fr\convertir\mp3\aiff-en-mp3\index.html","True","41","0"
"fr","C:\Users\Sipka\Desktop\Converter\languages\fr\convertir\mp3\bmp-en-mp3\index.html","True","41","0"
"fr","C:\Users\Sipka\Desktop\Converter\languages\fr\convertir\mp3\csv-en-mp3\index.html","True","41","0"
"fr","C:\Users\Sipka\Desktop\Converter\languages\fr\convertir\mp3\docx-en-mp3\index.html","True","41","0"
"fr","C:\Users\Sipka\Desktop\Converter\languages\fr\convertir\mp3\flac-en-mp3\index.html","True","41","0"
"fr","C:\Users\Sipka\Desktop\Converter\languages\fr\convertir\mp3\gif-en-mp3\index.html","True","41","0"
"fr","C:\Users\Sipka\Desktop\Converter\languages\fr\convertir\mp3\html-en-mp3\index.html","True","41","0"
"fr","C:\Users\Sipka\Desktop\Converter\languages\fr\convertir\mp3\jpeg-en-mp3\index.html","True","41","0"
"fr","C:\Users\Sipka\Desktop\Converter\languages\fr\convertir\mp3\jpg-en-mp3\index.html","True","41","0"
"fr","C:\Users\Sipka\Desktop\Converter\languages\fr\convertir\mp3\json-en-mp3\index.html","True","41","0"
"fr","C:\Users\Sipka\Desktop\Converter\languages\fr\convertir\mp3\jsonl-en-mp3\index.html","True","41","0"
"fr","C:\Users\Sipka\Desktop\Converter\languages\fr\convertir\mp3\m4a-en-mp3\index.html","True","41","0"
"fr","C:\Users\Sipka\Desktop\Converter\languages\fr\convertir\mp3\m4v-en-mp3\index.html","True","41","0"
"fr","C:\Users\Sipka\Desktop\Converter\languages\fr\convertir\mp3\md-en-mp3\index.html","True","41","0"
"fr","C:\Users\Sipka\Desktop\Converter\languages\fr\convertir\mp3\mkv-en-mp3\index.html","True","41","0"
"fr","C:\Users\Sipka\Desktop\Converter\languages\fr\convertir\mp3\mov-en-mp3\index.html","True","41","0"
"fr","C:\Users\Sipka\Desktop\Converter\languages\fr\convertir\mp3\mp4-en-mp3\index.html","True","41","0"
"fr","C:\Users\Sipka\Desktop\Converter\languages\fr\convertir\mp3\ogg-en-mp3\index.html","True","41","0"
"fr","C:\Users\Sipka\Desktop\Converter\languages\fr\convertir\mp3\opus-en-mp3\index.html","True","41","0"
"fr","C:\Users\Sipka\Desktop\Converter\languages\fr\convertir\mp3\pdf-en-mp3\index.html","True","41","0"
"fr","C:\Users\Sipka\Desktop\Converter\languages\fr\convertir\mp3\png-en-mp3\index.html","True","41","0"
"fr","C:\Users\Sipka\Desktop\Converter\languages\fr\convertir\mp3\pptx-en-mp3\index.html","True","41","0"
"fr","C:\Users\Sipka\Desktop\Converter\languages\fr\convertir\mp3\rar-en-mp3\index.html","True","41","0"
"fr","C:\Users\Sipka\Desktop\Converter\languages\fr\convertir\mp3\rtf-en-mp3\index.html","True","41","0"
"fr","C:\Users\Sipka\Desktop\Converter\languages\fr\convertir\mp3\svg-en-mp3\index.html","True","41","0"
"fr","C:\Users\Sipka\Desktop\Converter\languages\fr\convertir\mp3\tar-en-mp3\index.html","True","41","0"
"fr","C:\Users\Sipka\Desktop\Converter\languages\fr\convertir\mp3\tar.bz2-en-mp3\index.html","True","41","0"
"fr","C:\Users\Sipka\Desktop\Converter\languages\fr\convertir\mp3\tar.gz-en-mp3\index.html","True","41","0"
"fr","C:\Users\Sipka\Desktop\Converter\languages\fr\convertir\mp3\tar.xz-en-mp3\index.html","True","41","0"
"fr","C:\Users\Sipka\Desktop\Converter\languages\fr\convertir\mp3\tbz-en-mp3\index.html","True","41","0"
"fr","C:\Users\Sipka\Desktop\Converter\languages\fr\convertir\mp3\tgz-en-mp3\index.html","True","41","0"
"fr","C:\Users\Sipka\Desktop\Converter\languages\fr\convertir\mp3\tiff-en-mp3\index.html","True","41","0"
"fr","C:\Users\Sipka\Desktop\Converter\languages\fr\convertir\mp3\tsv-en-mp3\index.html","True","41","0"
"fr","C:\Users\Sipka\Desktop\Converter\languages\fr\convertir\mp3\txt-en-mp3\index.html","True","41","0"
"fr","C:\Users\Sipka\Desktop\Converter\languages\fr\convertir\mp3\txz-en-mp3\index.html","True","41","0"
"fr","C:\Users\Sipka\Desktop\Converter\languages\fr\convertir\mp3\wav-en-mp3\index.html","True","41","0"
"fr","C:\Users\Sipka\Desktop\Converter\languages\fr\convertir\mp3\webm-en-mp3\index.html","True","41","0"
"fr","C:\Users\Sipka\Desktop\Converter\languages\fr\convertir\mp3\webp-en-mp3\index.html","True","41","0"
"fr","C:\Users\Sipka\Desktop\Converter\languages\fr\convertir\mp3\xlsx-en-mp3\index.html","True","41","0"
"fr","C:\Users\Sipka\Desktop\Converter\languages\fr\convertir\mp3\zip-en-mp3\index.html","True","41","0"
"fr","C:\Users\Sipka\Desktop\Converter\languages\fr\convertir\mp4\7z-en-mp4\index.html","True","41","0"
"fr","C:\Users\Sipka\Desktop\Converter\languages\fr\convertir\mp4\aac-en-mp4\index.html","True","41","0"
"fr","C:\Users\Sipka\Desktop\Converter\languages\fr\convertir\mp4\aiff-en-mp4\index.html","True","41","0"
"fr","C:\Users\Sipka\Desktop\Converter\languages\fr\convertir\mp4\bmp-en-mp4\index.html","True","41","0"
"fr","C:\Users\Sipka\Desktop\Converter\languages\fr\convertir\mp4\csv-en-mp4\index.html","True","41","0"
"fr","C:\Users\Sipka\Desktop\Converter\languages\fr\convertir\mp4\docx-en-mp4\index.html","True","41","0"
"fr","C:\Users\Sipka\Desktop\Converter\languages\fr\convertir\mp4\flac-en-mp4\index.html","True","41","0"
"fr","C:\Users\Sipka\Desktop\Converter\languages\fr\convertir\mp4\gif-en-mp4\index.html","True","41","0"
"fr","C:\Users\Sipka\Desktop\Converter\languages\fr\convertir\mp4\html-en-mp4\index.html","True","41","0"
"fr","C:\Users\Sipka\Desktop\Converter\languages\fr\convertir\mp4\jpeg-en-mp4\index.html","True","41","0"
"fr","C:\Users\Sipka\Desktop\Converter\languages\fr\convertir\mp4\jpg-en-mp4\index.html","True","41","0"
"fr","C:\Users\Sipka\Desktop\Converter\languages\fr\convertir\mp4\json-en-mp4\index.html","True","41","0"
"fr","C:\Users\Sipka\Desktop\Converter\languages\fr\convertir\mp4\jsonl-en-mp4\index.html","True","41","0"
"fr","C:\Users\Sipka\Desktop\Converter\languages\fr\convertir\mp4\m4a-en-mp4\index.html","True","41","0"
"fr","C:\Users\Sipka\Desktop\Converter\languages\fr\convertir\mp4\m4v-en-mp4\index.html","True","41","0"
"fr","C:\Users\Sipka\Desktop\Converter\languages\fr\convertir\mp4\md-en-mp4\index.html","True","41","0"
"fr","C:\Users\Sipka\Desktop\Converter\languages\fr\convertir\mp4\mkv-en-mp4\index.html","True","41","0"
"fr","C:\Users\Sipka\Desktop\Converter\languages\fr\convertir\mp4\mov-en-mp4\index.html","True","41","0"
"fr","C:\Users\Sipka\Desktop\Converter\languages\fr\convertir\mp4\mp3-en-mp4\index.html","True","41","0"
"fr","C:\Users\Sipka\Desktop\Converter\languages\fr\convertir\mp4\ogg-en-mp4\index.html","True","41","0"
"fr","C:\Users\Sipka\Desktop\Converter\languages\fr\convertir\mp4\opus-en-mp4\index.html","True","41","0"
"fr","C:\Users\Sipka\Desktop\Converter\languages\fr\convertir\mp4\pdf-en-mp4\index.html","True","41","0"
"fr","C:\Users\Sipka\Desktop\Converter\languages\fr\convertir\mp4\png-en-mp4\index.html","True","41","0"
"fr","C:\Users\Sipka\Desktop\Converter\languages\fr\convertir\mp4\pptx-en-mp4\index.html","True","41","0"
"fr","C:\Users\Sipka\Desktop\Converter\languages\fr\convertir\mp4\rar-en-mp4\index.html","True","41","0"
"fr","C:\Users\Sipka\Desktop\Converter\languages\fr\convertir\mp4\rtf-en-mp4\index.html","True","41","0"
"fr","C:\Users\Sipka\Desktop\Converter\languages\fr\convertir\mp4\svg-en-mp4\index.html","True","41","0"
"fr","C:\Users\Sipka\Desktop\Converter\languages\fr\convertir\mp4\tar-en-mp4\index.html","True","41","0"
"fr","C:\Users\Sipka\Desktop\Converter\languages\fr\convertir\mp4\tar.bz2-en-mp4\index.html","True","41","0"
"fr","C:\Users\Sipka\Desktop\Converter\languages\fr\convertir\mp4\tar.gz-en-mp4\index.html","True","41","0"
"fr","C:\Users\Sipka\Desktop\Converter\languages\fr\convertir\mp4\tar.xz-en-mp4\index.html","True","41","0"
"fr","C:\Users\Sipka\Desktop\Converter\languages\fr\convertir\mp4\tbz-en-mp4\index.html","True","41","0"
"fr","C:\Users\Sipka\Desktop\Converter\languages\fr\convertir\mp4\tgz-en-mp4\index.html","True","41","0"
"fr","C:\Users\Sipka\Desktop\Converter\languages\fr\convertir\mp4\tiff-en-mp4\index.html","True","41","0"
"fr","C:\Users\Sipka\Desktop\Converter\languages\fr\convertir\mp4\tsv-en-mp4\index.html","True","41","0"
"fr","C:\Users\Sipka\Desktop\Converter\languages\fr\convertir\mp4\txt-en-mp4\index.html","True","41","0"
"fr","C:\Users\Sipka\Desktop\Converter\languages\fr\convertir\mp4\txz-en-mp4\index.html","True","41","0"
"fr","C:\Users\Sipka\Desktop\Converter\languages\fr\convertir\mp4\wav-en-mp4\index.html","True","41","0"
"fr","C:\Users\Sipka\Desktop\Converter\languages\fr\convertir\mp4\webm-en-mp4\index.html","True","41","0"
"fr","C:\Users\Sipka\Desktop\Converter\languages\fr\convertir\mp4\webp-en-mp4\index.html","True","41","0"
"fr","C:\Users\Sipka\Desktop\Converter\languages\fr\convertir\mp4\xlsx-en-mp4\index.html","True","41","0"
"fr","C:\Users\Sipka\Desktop\Converter\languages\fr\convertir\mp4\zip-en-mp4\index.html","True","41","0"
"fr","C:\Users\Sipka\Desktop\Converter\languages\fr\convertir\ogg\7z-en-ogg\index.html","True","41","0"
"fr","C:\Users\Sipka\Desktop\Converter\languages\fr\convertir\ogg\aac-en-ogg\index.html","True","41","0"
"fr","C:\Users\Sipka\Desktop\Converter\languages\fr\convertir\ogg\aiff-en-ogg\index.html","True","41","0"
"fr","C:\Users\Sipka\Desktop\Converter\languages\fr\convertir\ogg\bmp-en-ogg\index.html","True","41","0"
"fr","C:\Users\Sipka\Desktop\Converter\languages\fr\convertir\ogg\csv-en-ogg\index.html","True","41","0"
"fr","C:\Users\Sipka\Desktop\Converter\languages\fr\convertir\ogg\docx-en-ogg\index.html","True","41","0"
"fr","C:\Users\Sipka\Desktop\Converter\languages\fr\convertir\ogg\flac-en-ogg\index.html","True","41","0"
"fr","C:\Users\Sipka\Desktop\Converter\languages\fr\convertir\ogg\gif-en-ogg\index.html","True","41","0"
"fr","C:\Users\Sipka\Desktop\Converter\languages\fr\convertir\ogg\html-en-ogg\index.html","True","41","0"
"fr","C:\Users\Sipka\Desktop\Converter\languages\fr\convertir\ogg\jpeg-en-ogg\index.html","True","41","0"
"fr","C:\Users\Sipka\Desktop\Converter\languages\fr\convertir\ogg\jpg-en-ogg\index.html","True","41","0"
"fr","C:\Users\Sipka\Desktop\Converter\languages\fr\convertir\ogg\json-en-ogg\index.html","True","41","0"
"fr","C:\Users\Sipka\Desktop\Converter\languages\fr\convertir\ogg\jsonl-en-ogg\index.html","True","41","0"
"fr","C:\Users\Sipka\Desktop\Converter\languages\fr\convertir\ogg\m4a-en-ogg\index.html","True","41","0"
"fr","C:\Users\Sipka\Desktop\Converter\languages\fr\convertir\ogg\m4v-en-ogg\index.html","True","41","0"
"fr","C:\Users\Sipka\Desktop\Converter\languages\fr\convertir\ogg\md-en-ogg\index.html","True","41","0"
"fr","C:\Users\Sipka\Desktop\Converter\languages\fr\convertir\ogg\mkv-en-ogg\index.html","True","41","0"
"fr","C:\Users\Sipka\Desktop\Converter\languages\fr\convertir\ogg\mov-en-ogg\index.html","True","41","0"
"fr","C:\Users\Sipka\Desktop\Converter\languages\fr\convertir\ogg\mp3-en-ogg\index.html","True","41","0"
"fr","C:\Users\Sipka\Desktop\Converter\languages\fr\convertir\ogg\mp4-en-ogg\index.html","True","41","0"
"fr","C:\Users\Sipka\Desktop\Converter\languages\fr\convertir\ogg\opus-en-ogg\index.html","True","41","0"
"fr","C:\Users\Sipka\Desktop\Converter\languages\fr\convertir\ogg\pdf-en-ogg\index.html","True","41","0"
"fr","C:\Users\Sipka\Desktop\Converter\languages\fr\convertir\ogg\png-en-ogg\index.html","True","41","0"
"fr","C:\Users\Sipka\Desktop\Converter\languages\fr\convertir\ogg\pptx-en-ogg\index.html","True","41","0"
"fr","C:\Users\Sipka\Desktop\Converter\languages\fr\convertir\ogg\rar-en-ogg\index.html","True","41","0"
"fr","C:\Users\Sipka\Desktop\Converter\languages\fr\convertir\ogg\rtf-en-ogg\index.html","True","41","0"
"fr","C:\Users\Sipka\Desktop\Converter\languages\fr\convertir\ogg\svg-en-ogg\index.html","True","41","0"
"fr","C:\Users\Sipka\Desktop\Converter\languages\fr\convertir\ogg\tar-en-ogg\index.html","True","41","0"
"fr","C:\Users\Sipka\Desktop\Converter\languages\fr\convertir\ogg\tar.bz2-en-ogg\index.html","True","41","0"
"fr","C:\Users\Sipka\Desktop\Converter\languages\fr\convertir\ogg\tar.gz-en-ogg\index.html","True","41","0"
"fr","C:\Users\Sipka\Desktop\Converter\languages\fr\convertir\ogg\tar.xz-en-ogg\index.html","True","41","0"
"fr","C:\Users\Sipka\Desktop\Converter\languages\fr\convertir\ogg\tbz-en-ogg\index.html","True","41","0"
"fr","C:\Users\Sipka\Desktop\Converter\languages\fr\convertir\ogg\tgz-en-ogg\index.html","True","41","0"
"fr","C:\Users\Sipka\Desktop\Converter\languages\fr\convertir\ogg\tiff-en-ogg\index.html","True","41","0"
"fr","C:\Users\Sipka\Desktop\Converter\languages\fr\convertir\ogg\tsv-en-ogg\index.html","True","41","0"
"fr","C:\Users\Sipka\Desktop\Converter\languages\fr\convertir\ogg\txt-en-ogg\index.html","True","41","0"
"fr","C:\Users\Sipka\Desktop\Converter\languages\fr\convertir\ogg\txz-en-ogg\index.html","True","41","0"
"fr","C:\Users\Sipka\Desktop\Converter\languages\fr\convertir\ogg\wav-en-ogg\index.html","True","41","0"
"fr","C:\Users\Sipka\Desktop\Converter\languages\fr\convertir\ogg\webm-en-ogg\index.html","True","41","0"
"fr","C:\Users\Sipka\Desktop\Converter\languages\fr\convertir\ogg\webp-en-ogg\index.html","True","41","0"
"fr","C:\Users\Sipka\Desktop\Converter\languages\fr\convertir\ogg\xlsx-en-ogg\index.html","True","41","0"
"fr","C:\Users\Sipka\Desktop\Converter\languages\fr\convertir\ogg\zip-en-ogg\index.html","True","41","0"
"fr","C:\Users\Sipka\Desktop\Converter\languages\fr\convertir\opus\7z-en-opus\index.html","True","41","0"
"fr","C:\Users\Sipka\Desktop\Converter\languages\fr\convertir\opus\aac-en-opus\index.html","True","41","0"
"fr","C:\Users\Sipka\Desktop\Converter\languages\fr\convertir\opus\aiff-en-opus\index.html","True","41","0"
"fr","C:\Users\Sipka\Desktop\Converter\languages\fr\convertir\opus\bmp-en-opus\index.html","True","41","0"
"fr","C:\Users\Sipka\Desktop\Converter\languages\fr\convertir\opus\csv-en-opus\index.html","True","41","0"
"fr","C:\Users\Sipka\Desktop\Converter\languages\fr\convertir\opus\docx-en-opus\index.html","True","41","0"
"fr","C:\Users\Sipka\Desktop\Converter\languages\fr\convertir\opus\flac-en-opus\index.html","True","41","0"
"fr","C:\Users\Sipka\Desktop\Converter\languages\fr\convertir\opus\gif-en-opus\index.html","True","41","0"
"fr","C:\Users\Sipka\Desktop\Converter\languages\fr\convertir\opus\html-en-opus\index.html","True","41","0"
"fr","C:\Users\Sipka\Desktop\Converter\languages\fr\convertir\opus\jpeg-en-opus\index.html","True","41","0"
"fr","C:\Users\Sipka\Desktop\Converter\languages\fr\convertir\opus\jpg-en-opus\index.html","True","41","0"
"fr","C:\Users\Sipka\Desktop\Converter\languages\fr\convertir\opus\json-en-opus\index.html","True","41","0"
"fr","C:\Users\Sipka\Desktop\Converter\languages\fr\convertir\opus\jsonl-en-opus\index.html","True","41","0"
"fr","C:\Users\Sipka\Desktop\Converter\languages\fr\convertir\opus\m4a-en-opus\index.html","True","41","0"
"fr","C:\Users\Sipka\Desktop\Converter\languages\fr\convertir\opus\m4v-en-opus\index.html","True","41","0"
"fr","C:\Users\Sipka\Desktop\Converter\languages\fr\convertir\opus\md-en-opus\index.html","True","41","0"
"fr","C:\Users\Sipka\Desktop\Converter\languages\fr\convertir\opus\mkv-en-opus\index.html","True","41","0"
"fr","C:\Users\Sipka\Desktop\Converter\languages\fr\convertir\opus\mov-en-opus\index.html","True","41","0"
"fr","C:\Users\Sipka\Desktop\Converter\languages\fr\convertir\opus\mp3-en-opus\index.html","True","41","0"
"fr","C:\Users\Sipka\Desktop\Converter\languages\fr\convertir\opus\mp4-en-opus\index.html","True","41","0"
"fr","C:\Users\Sipka\Desktop\Converter\languages\fr\convertir\opus\ogg-en-opus\index.html","True","41","0"
"fr","C:\Users\Sipka\Desktop\Converter\languages\fr\convertir\opus\pdf-en-opus\index.html","True","41","0"
"fr","C:\Users\Sipka\Desktop\Converter\languages\fr\convertir\opus\png-en-opus\index.html","True","41","0"
"fr","C:\Users\Sipka\Desktop\Converter\languages\fr\convertir\opus\pptx-en-opus\index.html","True","41","0"
"fr","C:\Users\Sipka\Desktop\Converter\languages\fr\convertir\opus\rar-en-opus\index.html","True","41","0"
"fr","C:\Users\Sipka\Desktop\Converter\languages\fr\convertir\opus\rtf-en-opus\index.html","True","41","0"
"fr","C:\Users\Sipka\Desktop\Converter\languages\fr\convertir\opus\svg-en-opus\index.html","True","41","0"
"fr","C:\Users\Sipka\Desktop\Converter\languages\fr\convertir\opus\tar-en-opus\index.html","True","41","0"
"fr","C:\Users\Sipka\Desktop\Converter\languages\fr\convertir\opus\tar.bz2-en-opus\index.html","True","41","0"
"fr","C:\Users\Sipka\Desktop\Converter\languages\fr\convertir\opus\tar.gz-en-opus\index.html","True","41","0"
"fr","C:\Users\Sipka\Desktop\Converter\languages\fr\convertir\opus\tar.xz-en-opus\index.html","True","41","0"
"fr","C:\Users\Sipka\Desktop\Converter\languages\fr\convertir\opus\tbz-en-opus\index.html","True","41","0"
"fr","C:\Users\Sipka\Desktop\Converter\languages\fr\convertir\opus\tgz-en-opus\index.html","True","41","0"
"fr","C:\Users\Sipka\Desktop\Converter\languages\fr\convertir\opus\tiff-en-opus\index.html","True","41","0"
"fr","C:\Users\Sipka\Desktop\Converter\languages\fr\convertir\opus\tsv-en-opus\index.html","True","41","0"
"fr","C:\Users\Sipka\Desktop\Converter\languages\fr\convertir\opus\txt-en-opus\index.html","True","41","0"
"fr","C:\Users\Sipka\Desktop\Converter\languages\fr\convertir\opus\txz-en-opus\index.html","True","41","0"
"fr","C:\Users\Sipka\Desktop\Converter\languages\fr\convertir\opus\wav-en-opus\index.html","True","41","0"
"fr","C:\Users\Sipka\Desktop\Converter\languages\fr\convertir\opus\webm-en-opus\index.html","True","41","0"
"fr","C:\Users\Sipka\Desktop\Converter\languages\fr\convertir\opus\webp-en-opus\index.html","True","41","0"
"fr","C:\Users\Sipka\Desktop\Converter\languages\fr\convertir\opus\xlsx-en-opus\index.html","True","41","0"
"fr","C:\Users\Sipka\Desktop\Converter\languages\fr\convertir\opus\zip-en-opus\index.html","True","41","0"
"fr","C:\Users\Sipka\Desktop\Converter\languages\fr\convertir\pdf\7z-en-pdf\index.html","True","41","0"
"fr","C:\Users\Sipka\Desktop\Converter\languages\fr\convertir\pdf\aac-en-pdf\index.html","True","41","0"
"fr","C:\Users\Sipka\Desktop\Converter\languages\fr\convertir\pdf\aiff-en-pdf\index.html","True","41","0"
"fr","C:\Users\Sipka\Desktop\Converter\languages\fr\convertir\pdf\bmp-en-pdf\index.html","True","41","0"
"fr","C:\Users\Sipka\Desktop\Converter\languages\fr\convertir\pdf\csv-en-pdf\index.html","True","41","0"
"fr","C:\Users\Sipka\Desktop\Converter\languages\fr\convertir\pdf\docx-en-pdf\index.html","True","41","0"
"fr","C:\Users\Sipka\Desktop\Converter\languages\fr\convertir\pdf\flac-en-pdf\index.html","True","41","0"
"fr","C:\Users\Sipka\Desktop\Converter\languages\fr\convertir\pdf\gif-en-pdf\index.html","True","41","0"
"fr","C:\Users\Sipka\Desktop\Converter\languages\fr\convertir\pdf\html-en-pdf\index.html","True","41","0"
"fr","C:\Users\Sipka\Desktop\Converter\languages\fr\convertir\pdf\jpeg-en-pdf\index.html","True","41","0"
"fr","C:\Users\Sipka\Desktop\Converter\languages\fr\convertir\pdf\jpg-en-pdf\index.html","True","41","0"
"fr","C:\Users\Sipka\Desktop\Converter\languages\fr\convertir\pdf\json-en-pdf\index.html","True","41","0"
"fr","C:\Users\Sipka\Desktop\Converter\languages\fr\convertir\pdf\jsonl-en-pdf\index.html","True","41","0"
"fr","C:\Users\Sipka\Desktop\Converter\languages\fr\convertir\pdf\m4a-en-pdf\index.html","True","41","0"
"fr","C:\Users\Sipka\Desktop\Converter\languages\fr\convertir\pdf\m4v-en-pdf\index.html","True","41","0"
"fr","C:\Users\Sipka\Desktop\Converter\languages\fr\convertir\pdf\md-en-pdf\index.html","True","41","0"
"fr","C:\Users\Sipka\Desktop\Converter\languages\fr\convertir\pdf\mkv-en-pdf\index.html","True","41","0"
"fr","C:\Users\Sipka\Desktop\Converter\languages\fr\convertir\pdf\mov-en-pdf\index.html","True","41","0"
"fr","C:\Users\Sipka\Desktop\Converter\languages\fr\convertir\pdf\mp3-en-pdf\index.html","True","41","0"
"fr","C:\Users\Sipka\Desktop\Converter\languages\fr\convertir\pdf\mp4-en-pdf\index.html","True","41","0"
"fr","C:\Users\Sipka\Desktop\Converter\languages\fr\convertir\pdf\ogg-en-pdf\index.html","True","41","0"
"fr","C:\Users\Sipka\Desktop\Converter\languages\fr\convertir\pdf\opus-en-pdf\index.html","True","41","0"
"fr","C:\Users\Sipka\Desktop\Converter\languages\fr\convertir\pdf\png-en-pdf\index.html","True","41","0"
"fr","C:\Users\Sipka\Desktop\Converter\languages\fr\convertir\pdf\pptx-en-pdf\index.html","True","41","0"
"fr","C:\Users\Sipka\Desktop\Converter\languages\fr\convertir\pdf\rar-en-pdf\index.html","True","41","0"
"fr","C:\Users\Sipka\Desktop\Converter\languages\fr\convertir\pdf\rtf-en-pdf\index.html","True","41","0"
"fr","C:\Users\Sipka\Desktop\Converter\languages\fr\convertir\pdf\svg-en-pdf\index.html","True","41","0"
"fr","C:\Users\Sipka\Desktop\Converter\languages\fr\convertir\pdf\tar-en-pdf\index.html","True","41","0"
"fr","C:\Users\Sipka\Desktop\Converter\languages\fr\convertir\pdf\tar.bz2-en-pdf\index.html","True","41","0"
"fr","C:\Users\Sipka\Desktop\Converter\languages\fr\convertir\pdf\tar.gz-en-pdf\index.html","True","41","0"
"fr","C:\Users\Sipka\Desktop\Converter\languages\fr\convertir\pdf\tar.xz-en-pdf\index.html","True","41","0"
"fr","C:\Users\Sipka\Desktop\Converter\languages\fr\convertir\pdf\tbz-en-pdf\index.html","True","41","0"
"fr","C:\Users\Sipka\Desktop\Converter\languages\fr\convertir\pdf\tgz-en-pdf\index.html","True","41","0"
"fr","C:\Users\Sipka\Desktop\Converter\languages\fr\convertir\pdf\tiff-en-pdf\index.html","True","41","0"
"fr","C:\Users\Sipka\Desktop\Converter\languages\fr\convertir\pdf\tsv-en-pdf\index.html","True","41","0"
"fr","C:\Users\Sipka\Desktop\Converter\languages\fr\convertir\pdf\txt-en-pdf\index.html","True","41","0"
"fr","C:\Users\Sipka\Desktop\Converter\languages\fr\convertir\pdf\txz-en-pdf\index.html","True","41","0"
"fr","C:\Users\Sipka\Desktop\Converter\languages\fr\convertir\pdf\wav-en-pdf\index.html","True","41","0"
"fr","C:\Users\Sipka\Desktop\Converter\languages\fr\convertir\pdf\webm-en-pdf\index.html","True","41","0"
"fr","C:\Users\Sipka\Desktop\Converter\languages\fr\convertir\pdf\webp-en-pdf\index.html","True","41","0"
"fr","C:\Users\Sipka\Desktop\Converter\languages\fr\convertir\pdf\xlsx-en-pdf\index.html","True","41","0"
"fr","C:\Users\Sipka\Desktop\Converter\languages\fr\convertir\pdf\zip-en-pdf\index.html","True","41","0"
"fr","C:\Users\Sipka\Desktop\Converter\languages\fr\convertir\png\7z-en-png\index.html","True","41","0"
"fr","C:\Users\Sipka\Desktop\Converter\languages\fr\convertir\png\aac-en-png\index.html","True","41","0"
"fr","C:\Users\Sipka\Desktop\Converter\languages\fr\convertir\png\aiff-en-png\index.html","True","41","0"
"fr","C:\Users\Sipka\Desktop\Converter\languages\fr\convertir\png\bmp-en-png\index.html","True","41","0"
"fr","C:\Users\Sipka\Desktop\Converter\languages\fr\convertir\png\csv-en-png\index.html","True","41","0"
"fr","C:\Users\Sipka\Desktop\Converter\languages\fr\convertir\png\docx-en-png\index.html","True","41","0"
"fr","C:\Users\Sipka\Desktop\Converter\languages\fr\convertir\png\flac-en-png\index.html","True","41","0"
"fr","C:\Users\Sipka\Desktop\Converter\languages\fr\convertir\png\gif-en-png\index.html","True","41","0"
"fr","C:\Users\Sipka\Desktop\Converter\languages\fr\convertir\png\html-en-png\index.html","True","41","0"
"fr","C:\Users\Sipka\Desktop\Converter\languages\fr\convertir\png\jpeg-en-png\index.html","True","41","0"
"fr","C:\Users\Sipka\Desktop\Converter\languages\fr\convertir\png\jpg-en-png\index.html","True","41","0"
"fr","C:\Users\Sipka\Desktop\Converter\languages\fr\convertir\png\json-en-png\index.html","True","41","0"
"fr","C:\Users\Sipka\Desktop\Converter\languages\fr\convertir\png\jsonl-en-png\index.html","True","41","0"
"fr","C:\Users\Sipka\Desktop\Converter\languages\fr\convertir\png\m4a-en-png\index.html","True","41","0"
"fr","C:\Users\Sipka\Desktop\Converter\languages\fr\convertir\png\m4v-en-png\index.html","True","41","0"
"fr","C:\Users\Sipka\Desktop\Converter\languages\fr\convertir\png\md-en-png\index.html","True","41","0"
"fr","C:\Users\Sipka\Desktop\Converter\languages\fr\convertir\png\mkv-en-png\index.html","True","41","0"
"fr","C:\Users\Sipka\Desktop\Converter\languages\fr\convertir\png\mov-en-png\index.html","True","41","0"
"fr","C:\Users\Sipka\Desktop\Converter\languages\fr\convertir\png\mp3-en-png\index.html","True","41","0"
"fr","C:\Users\Sipka\Desktop\Converter\languages\fr\convertir\png\mp4-en-png\index.html","True","41","0"
"fr","C:\Users\Sipka\Desktop\Converter\languages\fr\convertir\png\ogg-en-png\index.html","True","41","0"
"fr","C:\Users\Sipka\Desktop\Converter\languages\fr\convertir\png\opus-en-png\index.html","True","41","0"
"fr","C:\Users\Sipka\Desktop\Converter\languages\fr\convertir\png\pdf-en-png\index.html","True","41","0"
"fr","C:\Users\Sipka\Desktop\Converter\languages\fr\convertir\png\pptx-en-png\index.html","True","41","0"
"fr","C:\Users\Sipka\Desktop\Converter\languages\fr\convertir\png\rar-en-png\index.html","True","41","0"
"fr","C:\Users\Sipka\Desktop\Converter\languages\fr\convertir\png\rtf-en-png\index.html","True","41","0"
"fr","C:\Users\Sipka\Desktop\Converter\languages\fr\convertir\png\svg-en-png\index.html","True","41","0"
"fr","C:\Users\Sipka\Desktop\Converter\languages\fr\convertir\png\tar-en-png\index.html","True","41","0"
"fr","C:\Users\Sipka\Desktop\Converter\languages\fr\convertir\png\tar.bz2-en-png\index.html","True","41","0"
"fr","C:\Users\Sipka\Desktop\Converter\languages\fr\convertir\png\tar.gz-en-png\index.html","True","41","0"
"fr","C:\Users\Sipka\Desktop\Converter\languages\fr\convertir\png\tar.xz-en-png\index.html","True","41","0"
"fr","C:\Users\Sipka\Desktop\Converter\languages\fr\convertir\png\tbz-en-png\index.html","True","41","0"
"fr","C:\Users\Sipka\Desktop\Converter\languages\fr\convertir\png\tgz-en-png\index.html","True","41","0"
"fr","C:\Users\Sipka\Desktop\Converter\languages\fr\convertir\png\tiff-en-png\index.html","True","41","0"
"fr","C:\Users\Sipka\Desktop\Converter\languages\fr\convertir\png\tsv-en-png\index.html","True","41","0"
"fr","C:\Users\Sipka\Desktop\Converter\languages\fr\convertir\png\txt-en-png\index.html","True","41","0"
"fr","C:\Users\Sipka\Desktop\Converter\languages\fr\convertir\png\txz-en-png\index.html","True","41","0"
"fr","C:\Users\Sipka\Desktop\Converter\languages\fr\convertir\png\wav-en-png\index.html","True","41","0"
"fr","C:\Users\Sipka\Desktop\Converter\languages\fr\convertir\png\webm-en-png\index.html","True","41","0"
"fr","C:\Users\Sipka\Desktop\Converter\languages\fr\convertir\png\webp-en-png\index.html","True","41","0"
"fr","C:\Users\Sipka\Desktop\Converter\languages\fr\convertir\png\xlsx-en-png\index.html","True","41","0"
"fr","C:\Users\Sipka\Desktop\Converter\languages\fr\convertir\png\zip-en-png\index.html","True","41","0"
"fr","C:\Users\Sipka\Desktop\Converter\languages\fr\convertir\pptx\7z-en-pptx\index.html","True","41","0"
"fr","C:\Users\Sipka\Desktop\Converter\languages\fr\convertir\pptx\aac-en-pptx\index.html","True","41","0"
"fr","C:\Users\Sipka\Desktop\Converter\languages\fr\convertir\pptx\aiff-en-pptx\index.html","True","41","0"
"fr","C:\Users\Sipka\Desktop\Converter\languages\fr\convertir\pptx\bmp-en-pptx\index.html","True","41","0"
"fr","C:\Users\Sipka\Desktop\Converter\languages\fr\convertir\pptx\csv-en-pptx\index.html","True","41","0"
"fr","C:\Users\Sipka\Desktop\Converter\languages\fr\convertir\pptx\docx-en-pptx\index.html","True","41","0"
"fr","C:\Users\Sipka\Desktop\Converter\languages\fr\convertir\pptx\flac-en-pptx\index.html","True","41","0"
"fr","C:\Users\Sipka\Desktop\Converter\languages\fr\convertir\pptx\gif-en-pptx\index.html","True","41","0"
"fr","C:\Users\Sipka\Desktop\Converter\languages\fr\convertir\pptx\html-en-pptx\index.html","True","41","0"
"fr","C:\Users\Sipka\Desktop\Converter\languages\fr\convertir\pptx\jpeg-en-pptx\index.html","True","41","0"
"fr","C:\Users\Sipka\Desktop\Converter\languages\fr\convertir\pptx\jpg-en-pptx\index.html","True","41","0"
"fr","C:\Users\Sipka\Desktop\Converter\languages\fr\convertir\pptx\json-en-pptx\index.html","True","41","0"
"fr","C:\Users\Sipka\Desktop\Converter\languages\fr\convertir\pptx\jsonl-en-pptx\index.html","True","41","0"
"fr","C:\Users\Sipka\Desktop\Converter\languages\fr\convertir\pptx\m4a-en-pptx\index.html","True","41","0"
"fr","C:\Users\Sipka\Desktop\Converter\languages\fr\convertir\pptx\m4v-en-pptx\index.html","True","41","0"
"fr","C:\Users\Sipka\Desktop\Converter\languages\fr\convertir\pptx\md-en-pptx\index.html","True","41","0"
"fr","C:\Users\Sipka\Desktop\Converter\languages\fr\convertir\pptx\mkv-en-pptx\index.html","True","41","0"
"fr","C:\Users\Sipka\Desktop\Converter\languages\fr\convertir\pptx\mov-en-pptx\index.html","True","41","0"
"fr","C:\Users\Sipka\Desktop\Converter\languages\fr\convertir\pptx\mp3-en-pptx\index.html","True","41","0"
"fr","C:\Users\Sipka\Desktop\Converter\languages\fr\convertir\pptx\mp4-en-pptx\index.html","True","41","0"
"fr","C:\Users\Sipka\Desktop\Converter\languages\fr\convertir\pptx\ogg-en-pptx\index.html","True","41","0"
"fr","C:\Users\Sipka\Desktop\Converter\languages\fr\convertir\pptx\opus-en-pptx\index.html","True","41","0"
"fr","C:\Users\Sipka\Desktop\Converter\languages\fr\convertir\pptx\pdf-en-pptx\index.html","True","41","0"
"fr","C:\Users\Sipka\Desktop\Converter\languages\fr\convertir\pptx\png-en-pptx\index.html","True","41","0"
"fr","C:\Users\Sipka\Desktop\Converter\languages\fr\convertir\pptx\rar-en-pptx\index.html","True","41","0"
"fr","C:\Users\Sipka\Desktop\Converter\languages\fr\convertir\pptx\rtf-en-pptx\index.html","True","41","0"
"fr","C:\Users\Sipka\Desktop\Converter\languages\fr\convertir\pptx\svg-en-pptx\index.html","True","41","0"
"fr","C:\Users\Sipka\Desktop\Converter\languages\fr\convertir\pptx\tar-en-pptx\index.html","True","41","0"
"fr","C:\Users\Sipka\Desktop\Converter\languages\fr\convertir\pptx\tar.bz2-en-pptx\index.html","True","41","0"
"fr","C:\Users\Sipka\Desktop\Converter\languages\fr\convertir\pptx\tar.gz-en-pptx\index.html","True","41","0"
"fr","C:\Users\Sipka\Desktop\Converter\languages\fr\convertir\pptx\tar.xz-en-pptx\index.html","True","41","0"
"fr","C:\Users\Sipka\Desktop\Converter\languages\fr\convertir\pptx\tbz-en-pptx\index.html","True","41","0"
"fr","C:\Users\Sipka\Desktop\Converter\languages\fr\convertir\pptx\tgz-en-pptx\index.html","True","41","0"
"fr","C:\Users\Sipka\Desktop\Converter\languages\fr\convertir\pptx\tiff-en-pptx\index.html","True","41","0"
"fr","C:\Users\Sipka\Desktop\Converter\languages\fr\convertir\pptx\tsv-en-pptx\index.html","True","41","0"
"fr","C:\Users\Sipka\Desktop\Converter\languages\fr\convertir\pptx\txt-en-pptx\index.html","True","41","0"
"fr","C:\Users\Sipka\Desktop\Converter\languages\fr\convertir\pptx\txz-en-pptx\index.html","True","41","0"
"fr","C:\Users\Sipka\Desktop\Converter\languages\fr\convertir\pptx\wav-en-pptx\index.html","True","41","0"
"fr","C:\Users\Sipka\Desktop\Converter\languages\fr\convertir\pptx\webm-en-pptx\index.html","True","41","0"
"fr","C:\Users\Sipka\Desktop\Converter\languages\fr\convertir\pptx\webp-en-pptx\index.html","True","41","0"
"fr","C:\Users\Sipka\Desktop\Converter\languages\fr\convertir\pptx\xlsx-en-pptx\index.html","True","41","0"
"fr","C:\Users\Sipka\Desktop\Converter\languages\fr\convertir\pptx\zip-en-pptx\index.html","True","41","0"
"fr","C:\Users\Sipka\Desktop\Converter\languages\fr\convertir\rar\7z-en-rar\index.html","True","41","0"
"fr","C:\Users\Sipka\Desktop\Converter\languages\fr\convertir\rar\aac-en-rar\index.html","True","41","0"
"fr","C:\Users\Sipka\Desktop\Converter\languages\fr\convertir\rar\aiff-en-rar\index.html","True","41","0"
"fr","C:\Users\Sipka\Desktop\Converter\languages\fr\convertir\rar\bmp-en-rar\index.html","True","41","0"
"fr","C:\Users\Sipka\Desktop\Converter\languages\fr\convertir\rar\csv-en-rar\index.html","True","41","0"
"fr","C:\Users\Sipka\Desktop\Converter\languages\fr\convertir\rar\docx-en-rar\index.html","True","41","0"
"fr","C:\Users\Sipka\Desktop\Converter\languages\fr\convertir\rar\flac-en-rar\index.html","True","41","0"
"fr","C:\Users\Sipka\Desktop\Converter\languages\fr\convertir\rar\gif-en-rar\index.html","True","41","0"
"fr","C:\Users\Sipka\Desktop\Converter\languages\fr\convertir\rar\html-en-rar\index.html","True","41","0"
"fr","C:\Users\Sipka\Desktop\Converter\languages\fr\convertir\rar\jpeg-en-rar\index.html","True","41","0"
"fr","C:\Users\Sipka\Desktop\Converter\languages\fr\convertir\rar\jpg-en-rar\index.html","True","41","0"
"fr","C:\Users\Sipka\Desktop\Converter\languages\fr\convertir\rar\json-en-rar\index.html","True","41","0"
"fr","C:\Users\Sipka\Desktop\Converter\languages\fr\convertir\rar\jsonl-en-rar\index.html","True","41","0"
"fr","C:\Users\Sipka\Desktop\Converter\languages\fr\convertir\rar\m4a-en-rar\index.html","True","41","0"
"fr","C:\Users\Sipka\Desktop\Converter\languages\fr\convertir\rar\m4v-en-rar\index.html","True","41","0"
"fr","C:\Users\Sipka\Desktop\Converter\languages\fr\convertir\rar\md-en-rar\index.html","True","41","0"
"fr","C:\Users\Sipka\Desktop\Converter\languages\fr\convertir\rar\mkv-en-rar\index.html","True","41","0"
"fr","C:\Users\Sipka\Desktop\Converter\languages\fr\convertir\rar\mov-en-rar\index.html","True","41","0"
"fr","C:\Users\Sipka\Desktop\Converter\languages\fr\convertir\rar\mp3-en-rar\index.html","True","41","0"
"fr","C:\Users\Sipka\Desktop\Converter\languages\fr\convertir\rar\mp4-en-rar\index.html","True","41","0"
"fr","C:\Users\Sipka\Desktop\Converter\languages\fr\convertir\rar\ogg-en-rar\index.html","True","41","0"
"fr","C:\Users\Sipka\Desktop\Converter\languages\fr\convertir\rar\opus-en-rar\index.html","True","41","0"
"fr","C:\Users\Sipka\Desktop\Converter\languages\fr\convertir\rar\pdf-en-rar\index.html","True","41","0"
"fr","C:\Users\Sipka\Desktop\Converter\languages\fr\convertir\rar\png-en-rar\index.html","True","41","0"
"fr","C:\Users\Sipka\Desktop\Converter\languages\fr\convertir\rar\pptx-en-rar\index.html","True","41","0"
"fr","C:\Users\Sipka\Desktop\Converter\languages\fr\convertir\rar\rtf-en-rar\index.html","True","41","0"
"fr","C:\Users\Sipka\Desktop\Converter\languages\fr\convertir\rar\svg-en-rar\index.html","True","41","0"
"fr","C:\Users\Sipka\Desktop\Converter\languages\fr\convertir\rar\tar-en-rar\index.html","True","41","0"
"fr","C:\Users\Sipka\Desktop\Converter\languages\fr\convertir\rar\tar.bz2-en-rar\index.html","True","41","0"
"fr","C:\Users\Sipka\Desktop\Converter\languages\fr\convertir\rar\tar.gz-en-rar\index.html","True","41","0"
"fr","C:\Users\Sipka\Desktop\Converter\languages\fr\convertir\rar\tar.xz-en-rar\index.html","True","41","0"
"fr","C:\Users\Sipka\Desktop\Converter\languages\fr\convertir\rar\tbz-en-rar\index.html","True","41","0"
"fr","C:\Users\Sipka\Desktop\Converter\languages\fr\convertir\rar\tgz-en-rar\index.html","True","41","0"
"fr","C:\Users\Sipka\Desktop\Converter\languages\fr\convertir\rar\tiff-en-rar\index.html","True","41","0"
"fr","C:\Users\Sipka\Desktop\Converter\languages\fr\convertir\rar\tsv-en-rar\index.html","True","41","0"
"fr","C:\Users\Sipka\Desktop\Converter\languages\fr\convertir\rar\txt-en-rar\index.html","True","41","0"
"fr","C:\Users\Sipka\Desktop\Converter\languages\fr\convertir\rar\txz-en-rar\index.html","True","41","0"
"fr","C:\Users\Sipka\Desktop\Converter\languages\fr\convertir\rar\wav-en-rar\index.html","True","41","0"
"fr","C:\Users\Sipka\Desktop\Converter\languages\fr\convertir\rar\webm-en-rar\index.html","True","41","0"
"fr","C:\Users\Sipka\Desktop\Converter\languages\fr\convertir\rar\webp-en-rar\index.html","True","41","0"
"fr","C:\Users\Sipka\Desktop\Converter\languages\fr\convertir\rar\xlsx-en-rar\index.html","True","41","0"
"fr","C:\Users\Sipka\Desktop\Converter\languages\fr\convertir\rar\zip-en-rar\index.html","True","41","0"
"fr","C:\Users\Sipka\Desktop\Converter\languages\fr\convertir\rtf\7z-en-rtf\index.html","True","41","0"
"fr","C:\Users\Sipka\Desktop\Converter\languages\fr\convertir\rtf\aac-en-rtf\index.html","True","41","0"
"fr","C:\Users\Sipka\Desktop\Converter\languages\fr\convertir\rtf\aiff-en-rtf\index.html","True","41","0"
"fr","C:\Users\Sipka\Desktop\Converter\languages\fr\convertir\rtf\bmp-en-rtf\index.html","True","41","0"
"fr","C:\Users\Sipka\Desktop\Converter\languages\fr\convertir\rtf\csv-en-rtf\index.html","True","41","0"
"fr","C:\Users\Sipka\Desktop\Converter\languages\fr\convertir\rtf\docx-en-rtf\index.html","True","41","0"
"fr","C:\Users\Sipka\Desktop\Converter\languages\fr\convertir\rtf\flac-en-rtf\index.html","True","41","0"
"fr","C:\Users\Sipka\Desktop\Converter\languages\fr\convertir\rtf\gif-en-rtf\index.html","True","41","0"
"fr","C:\Users\Sipka\Desktop\Converter\languages\fr\convertir\rtf\html-en-rtf\index.html","True","41","0"
"fr","C:\Users\Sipka\Desktop\Converter\languages\fr\convertir\rtf\jpeg-en-rtf\index.html","True","41","0"
"fr","C:\Users\Sipka\Desktop\Converter\languages\fr\convertir\rtf\jpg-en-rtf\index.html","True","41","0"
"fr","C:\Users\Sipka\Desktop\Converter\languages\fr\convertir\rtf\json-en-rtf\index.html","True","41","0"
"fr","C:\Users\Sipka\Desktop\Converter\languages\fr\convertir\rtf\jsonl-en-rtf\index.html","True","41","0"
"fr","C:\Users\Sipka\Desktop\Converter\languages\fr\convertir\rtf\m4a-en-rtf\index.html","True","41","0"
"fr","C:\Users\Sipka\Desktop\Converter\languages\fr\convertir\rtf\m4v-en-rtf\index.html","True","41","0"
"fr","C:\Users\Sipka\Desktop\Converter\languages\fr\convertir\rtf\md-en-rtf\index.html","True","41","0"
"fr","C:\Users\Sipka\Desktop\Converter\languages\fr\convertir\rtf\mkv-en-rtf\index.html","True","41","0"
"fr","C:\Users\Sipka\Desktop\Converter\languages\fr\convertir\rtf\mov-en-rtf\index.html","True","41","0"
"fr","C:\Users\Sipka\Desktop\Converter\languages\fr\convertir\rtf\mp3-en-rtf\index.html","True","41","0"
"fr","C:\Users\Sipka\Desktop\Converter\languages\fr\convertir\rtf\mp4-en-rtf\index.html","True","41","0"
"fr","C:\Users\Sipka\Desktop\Converter\languages\fr\convertir\rtf\ogg-en-rtf\index.html","True","41","0"
"fr","C:\Users\Sipka\Desktop\Converter\languages\fr\convertir\rtf\opus-en-rtf\index.html","True","41","0"
"fr","C:\Users\Sipka\Desktop\Converter\languages\fr\convertir\rtf\pdf-en-rtf\index.html","True","41","0"
"fr","C:\Users\Sipka\Desktop\Converter\languages\fr\convertir\rtf\png-en-rtf\index.html","True","41","0"
"fr","C:\Users\Sipka\Desktop\Converter\languages\fr\convertir\rtf\pptx-en-rtf\index.html","True","41","0"
"fr","C:\Users\Sipka\Desktop\Converter\languages\fr\convertir\rtf\rar-en-rtf\index.html","True","41","0"
"fr","C:\Users\Sipka\Desktop\Converter\languages\fr\convertir\rtf\svg-en-rtf\index.html","True","41","0"
"fr","C:\Users\Sipka\Desktop\Converter\languages\fr\convertir\rtf\tar-en-rtf\index.html","True","41","0"
"fr","C:\Users\Sipka\Desktop\Converter\languages\fr\convertir\rtf\tar.bz2-en-rtf\index.html","True","41","0"
"fr","C:\Users\Sipka\Desktop\Converter\languages\fr\convertir\rtf\tar.gz-en-rtf\index.html","True","41","0"
"fr","C:\Users\Sipka\Desktop\Converter\languages\fr\convertir\rtf\tar.xz-en-rtf\index.html","True","41","0"
"fr","C:\Users\Sipka\Desktop\Converter\languages\fr\convertir\rtf\tbz-en-rtf\index.html","True","41","0"
"fr","C:\Users\Sipka\Desktop\Converter\languages\fr\convertir\rtf\tgz-en-rtf\index.html","True","41","0"
"fr","C:\Users\Sipka\Desktop\Converter\languages\fr\convertir\rtf\tiff-en-rtf\index.html","True","41","0"
"fr","C:\Users\Sipka\Desktop\Converter\languages\fr\convertir\rtf\tsv-en-rtf\index.html","True","41","0"
"fr","C:\Users\Sipka\Desktop\Converter\languages\fr\convertir\rtf\txt-en-rtf\index.html","True","41","0"
"fr","C:\Users\Sipka\Desktop\Converter\languages\fr\convertir\rtf\txz-en-rtf\index.html","True","41","0"
"fr","C:\Users\Sipka\Desktop\Converter\languages\fr\convertir\rtf\wav-en-rtf\index.html","True","41","0"
"fr","C:\Users\Sipka\Desktop\Converter\languages\fr\convertir\rtf\webm-en-rtf\index.html","True","41","0"
"fr","C:\Users\Sipka\Desktop\Converter\languages\fr\convertir\rtf\webp-en-rtf\index.html","True","41","0"
"fr","C:\Users\Sipka\Desktop\Converter\languages\fr\convertir\rtf\xlsx-en-rtf\index.html","True","41","0"
"fr","C:\Users\Sipka\Desktop\Converter\languages\fr\convertir\rtf\zip-en-rtf\index.html","True","41","0"
"fr","C:\Users\Sipka\Desktop\Converter\languages\fr\convertir\svg\7z-en-svg\index.html","True","41","0"
"fr","C:\Users\Sipka\Desktop\Converter\languages\fr\convertir\svg\aac-en-svg\index.html","True","41","0"
"fr","C:\Users\Sipka\Desktop\Converter\languages\fr\convertir\svg\aiff-en-svg\index.html","True","41","0"
"fr","C:\Users\Sipka\Desktop\Converter\languages\fr\convertir\svg\bmp-en-svg\index.html","True","41","0"
"fr","C:\Users\Sipka\Desktop\Converter\languages\fr\convertir\svg\csv-en-svg\index.html","True","41","0"
"fr","C:\Users\Sipka\Desktop\Converter\languages\fr\convertir\svg\docx-en-svg\index.html","True","41","0"
"fr","C:\Users\Sipka\Desktop\Converter\languages\fr\convertir\svg\flac-en-svg\index.html","True","41","0"
"fr","C:\Users\Sipka\Desktop\Converter\languages\fr\convertir\svg\gif-en-svg\index.html","True","41","0"
"fr","C:\Users\Sipka\Desktop\Converter\languages\fr\convertir\svg\html-en-svg\index.html","True","41","0"
"fr","C:\Users\Sipka\Desktop\Converter\languages\fr\convertir\svg\jpeg-en-svg\index.html","True","41","0"
"fr","C:\Users\Sipka\Desktop\Converter\languages\fr\convertir\svg\jpg-en-svg\index.html","True","41","0"
"fr","C:\Users\Sipka\Desktop\Converter\languages\fr\convertir\svg\json-en-svg\index.html","True","41","0"
"fr","C:\Users\Sipka\Desktop\Converter\languages\fr\convertir\svg\jsonl-en-svg\index.html","True","41","0"
"fr","C:\Users\Sipka\Desktop\Converter\languages\fr\convertir\svg\m4a-en-svg\index.html","True","41","0"
"fr","C:\Users\Sipka\Desktop\Converter\languages\fr\convertir\svg\m4v-en-svg\index.html","True","41","0"
"fr","C:\Users\Sipka\Desktop\Converter\languages\fr\convertir\svg\md-en-svg\index.html","True","41","0"
"fr","C:\Users\Sipka\Desktop\Converter\languages\fr\convertir\svg\mkv-en-svg\index.html","True","41","0"
"fr","C:\Users\Sipka\Desktop\Converter\languages\fr\convertir\svg\mov-en-svg\index.html","True","41","0"
"fr","C:\Users\Sipka\Desktop\Converter\languages\fr\convertir\svg\mp3-en-svg\index.html","True","41","0"
"fr","C:\Users\Sipka\Desktop\Converter\languages\fr\convertir\svg\mp4-en-svg\index.html","True","41","0"
"fr","C:\Users\Sipka\Desktop\Converter\languages\fr\convertir\svg\ogg-en-svg\index.html","True","41","0"
"fr","C:\Users\Sipka\Desktop\Converter\languages\fr\convertir\svg\opus-en-svg\index.html","True","41","0"
"fr","C:\Users\Sipka\Desktop\Converter\languages\fr\convertir\svg\pdf-en-svg\index.html","True","41","0"
"fr","C:\Users\Sipka\Desktop\Converter\languages\fr\convertir\svg\png-en-svg\index.html","True","41","0"
"fr","C:\Users\Sipka\Desktop\Converter\languages\fr\convertir\svg\pptx-en-svg\index.html","True","41","0"
"fr","C:\Users\Sipka\Desktop\Converter\languages\fr\convertir\svg\rar-en-svg\index.html","True","41","0"
"fr","C:\Users\Sipka\Desktop\Converter\languages\fr\convertir\svg\rtf-en-svg\index.html","True","41","0"
"fr","C:\Users\Sipka\Desktop\Converter\languages\fr\convertir\svg\tar-en-svg\index.html","True","41","0"
"fr","C:\Users\Sipka\Desktop\Converter\languages\fr\convertir\svg\tar.bz2-en-svg\index.html","True","41","0"
"fr","C:\Users\Sipka\Desktop\Converter\languages\fr\convertir\svg\tar.gz-en-svg\index.html","True","41","0"
"fr","C:\Users\Sipka\Desktop\Converter\languages\fr\convertir\svg\tar.xz-en-svg\index.html","True","41","0"
"fr","C:\Users\Sipka\Desktop\Converter\languages\fr\convertir\svg\tbz-en-svg\index.html","True","41","0"
"fr","C:\Users\Sipka\Desktop\Converter\languages\fr\convertir\svg\tgz-en-svg\index.html","True","41","0"
"fr","C:\Users\Sipka\Desktop\Converter\languages\fr\convertir\svg\tiff-en-svg\index.html","True","41","0"
"fr","C:\Users\Sipka\Desktop\Converter\languages\fr\convertir\svg\tsv-en-svg\index.html","True","41","0"
"fr","C:\Users\Sipka\Desktop\Converter\languages\fr\convertir\svg\txt-en-svg\index.html","True","41","0"
"fr","C:\Users\Sipka\Desktop\Converter\languages\fr\convertir\svg\txz-en-svg\index.html","True","41","0"
"fr","C:\Users\Sipka\Desktop\Converter\languages\fr\convertir\svg\wav-en-svg\index.html","True","41","0"
"fr","C:\Users\Sipka\Desktop\Converter\languages\fr\convertir\svg\webm-en-svg\index.html","True","41","0"
"fr","C:\Users\Sipka\Desktop\Converter\languages\fr\convertir\svg\webp-en-svg\index.html","True","41","0"
"fr","C:\Users\Sipka\Desktop\Converter\languages\fr\convertir\svg\xlsx-en-svg\index.html","True","41","0"
"fr","C:\Users\Sipka\Desktop\Converter\languages\fr\convertir\svg\zip-en-svg\index.html","True","41","0"
"fr","C:\Users\Sipka\Desktop\Converter\languages\fr\convertir\tar\7z-en-tar\index.html","True","41","0"
"fr","C:\Users\Sipka\Desktop\Converter\languages\fr\convertir\tar\aac-en-tar\index.html","True","41","0"
"fr","C:\Users\Sipka\Desktop\Converter\languages\fr\convertir\tar\aiff-en-tar\index.html","True","41","0"
"fr","C:\Users\Sipka\Desktop\Converter\languages\fr\convertir\tar\bmp-en-tar\index.html","True","41","0"
"fr","C:\Users\Sipka\Desktop\Converter\languages\fr\convertir\tar\csv-en-tar\index.html","True","41","0"
"fr","C:\Users\Sipka\Desktop\Converter\languages\fr\convertir\tar\docx-en-tar\index.html","True","41","0"
"fr","C:\Users\Sipka\Desktop\Converter\languages\fr\convertir\tar\flac-en-tar\index.html","True","41","0"
"fr","C:\Users\Sipka\Desktop\Converter\languages\fr\convertir\tar\gif-en-tar\index.html","True","41","0"
"fr","C:\Users\Sipka\Desktop\Converter\languages\fr\convertir\tar\html-en-tar\index.html","True","41","0"
"fr","C:\Users\Sipka\Desktop\Converter\languages\fr\convertir\tar\jpeg-en-tar\index.html","True","41","0"
"fr","C:\Users\Sipka\Desktop\Converter\languages\fr\convertir\tar\jpg-en-tar\index.html","True","41","0"
"fr","C:\Users\Sipka\Desktop\Converter\languages\fr\convertir\tar\json-en-tar\index.html","True","41","0"
"fr","C:\Users\Sipka\Desktop\Converter\languages\fr\convertir\tar\jsonl-en-tar\index.html","True","41","0"
"fr","C:\Users\Sipka\Desktop\Converter\languages\fr\convertir\tar\m4a-en-tar\index.html","True","41","0"
"fr","C:\Users\Sipka\Desktop\Converter\languages\fr\convertir\tar\m4v-en-tar\index.html","True","41","0"
"fr","C:\Users\Sipka\Desktop\Converter\languages\fr\convertir\tar\md-en-tar\index.html","True","41","0"
"fr","C:\Users\Sipka\Desktop\Converter\languages\fr\convertir\tar\mkv-en-tar\index.html","True","41","0"
"fr","C:\Users\Sipka\Desktop\Converter\languages\fr\convertir\tar\mov-en-tar\index.html","True","41","0"
"fr","C:\Users\Sipka\Desktop\Converter\languages\fr\convertir\tar\mp3-en-tar\index.html","True","41","0"
"fr","C:\Users\Sipka\Desktop\Converter\languages\fr\convertir\tar\mp4-en-tar\index.html","True","41","0"
"fr","C:\Users\Sipka\Desktop\Converter\languages\fr\convertir\tar\ogg-en-tar\index.html","True","41","0"
"fr","C:\Users\Sipka\Desktop\Converter\languages\fr\convertir\tar\opus-en-tar\index.html","True","41","0"
"fr","C:\Users\Sipka\Desktop\Converter\languages\fr\convertir\tar\pdf-en-tar\index.html","True","41","0"
"fr","C:\Users\Sipka\Desktop\Converter\languages\fr\convertir\tar\png-en-tar\index.html","True","41","0"
"fr","C:\Users\Sipka\Desktop\Converter\languages\fr\convertir\tar\pptx-en-tar\index.html","True","41","0"
"fr","C:\Users\Sipka\Desktop\Converter\languages\fr\convertir\tar\rar-en-tar\index.html","True","41","0"
"fr","C:\Users\Sipka\Desktop\Converter\languages\fr\convertir\tar\rtf-en-tar\index.html","True","41","0"
"fr","C:\Users\Sipka\Desktop\Converter\languages\fr\convertir\tar\svg-en-tar\index.html","True","41","0"
"fr","C:\Users\Sipka\Desktop\Converter\languages\fr\convertir\tar\tar.bz2-en-tar\index.html","True","41","0"
"fr","C:\Users\Sipka\Desktop\Converter\languages\fr\convertir\tar\tar.gz-en-tar\index.html","True","41","0"
"fr","C:\Users\Sipka\Desktop\Converter\languages\fr\convertir\tar\tar.xz-en-tar\index.html","True","41","0"
"fr","C:\Users\Sipka\Desktop\Converter\languages\fr\convertir\tar\tbz-en-tar\index.html","True","41","0"
"fr","C:\Users\Sipka\Desktop\Converter\languages\fr\convertir\tar\tgz-en-tar\index.html","True","41","0"
"fr","C:\Users\Sipka\Desktop\Converter\languages\fr\convertir\tar\tiff-en-tar\index.html","True","41","0"
"fr","C:\Users\Sipka\Desktop\Converter\languages\fr\convertir\tar\tsv-en-tar\index.html","True","41","0"
"fr","C:\Users\Sipka\Desktop\Converter\languages\fr\convertir\tar\txt-en-tar\index.html","True","41","0"
"fr","C:\Users\Sipka\Desktop\Converter\languages\fr\convertir\tar\txz-en-tar\index.html","True","41","0"
"fr","C:\Users\Sipka\Desktop\Converter\languages\fr\convertir\tar\wav-en-tar\index.html","True","41","0"
"fr","C:\Users\Sipka\Desktop\Converter\languages\fr\convertir\tar\webm-en-tar\index.html","True","41","0"
"fr","C:\Users\Sipka\Desktop\Converter\languages\fr\convertir\tar\webp-en-tar\index.html","True","41","0"
"fr","C:\Users\Sipka\Desktop\Converter\languages\fr\convertir\tar\xlsx-en-tar\index.html","True","41","0"
"fr","C:\Users\Sipka\Desktop\Converter\languages\fr\convertir\tar\zip-en-tar\index.html","True","41","0"
"fr","C:\Users\Sipka\Desktop\Converter\languages\fr\convertir\tar.bz2\7z-en-tar.bz2\index.html","True","41","0"
"fr","C:\Users\Sipka\Desktop\Converter\languages\fr\convertir\tar.bz2\aac-en-tar.bz2\index.html","True","41","0"
"fr","C:\Users\Sipka\Desktop\Converter\languages\fr\convertir\tar.bz2\aiff-en-tar.bz2\index.html","True","41","0"
"fr","C:\Users\Sipka\Desktop\Converter\languages\fr\convertir\tar.bz2\bmp-en-tar.bz2\index.html","True","41","0"
"fr","C:\Users\Sipka\Desktop\Converter\languages\fr\convertir\tar.bz2\csv-en-tar.bz2\index.html","True","41","0"
"fr","C:\Users\Sipka\Desktop\Converter\languages\fr\convertir\tar.bz2\docx-en-tar.bz2\index.html","True","41","0"
"fr","C:\Users\Sipka\Desktop\Converter\languages\fr\convertir\tar.bz2\flac-en-tar.bz2\index.html","True","41","0"
"fr","C:\Users\Sipka\Desktop\Converter\languages\fr\convertir\tar.bz2\gif-en-tar.bz2\index.html","True","41","0"
"fr","C:\Users\Sipka\Desktop\Converter\languages\fr\convertir\tar.bz2\html-en-tar.bz2\index.html","True","41","0"
"fr","C:\Users\Sipka\Desktop\Converter\languages\fr\convertir\tar.bz2\jpeg-en-tar.bz2\index.html","True","41","0"
"fr","C:\Users\Sipka\Desktop\Converter\languages\fr\convertir\tar.bz2\jpg-en-tar.bz2\index.html","True","41","0"
"fr","C:\Users\Sipka\Desktop\Converter\languages\fr\convertir\tar.bz2\json-en-tar.bz2\index.html","True","41","0"
"fr","C:\Users\Sipka\Desktop\Converter\languages\fr\convertir\tar.bz2\jsonl-en-tar.bz2\index.html","True","41","0"
"fr","C:\Users\Sipka\Desktop\Converter\languages\fr\convertir\tar.bz2\m4a-en-tar.bz2\index.html","True","41","0"
"fr","C:\Users\Sipka\Desktop\Converter\languages\fr\convertir\tar.bz2\m4v-en-tar.bz2\index.html","True","41","0"
"fr","C:\Users\Sipka\Desktop\Converter\languages\fr\convertir\tar.bz2\md-en-tar.bz2\index.html","True","41","0"
"fr","C:\Users\Sipka\Desktop\Converter\languages\fr\convertir\tar.bz2\mkv-en-tar.bz2\index.html","True","41","0"
"fr","C:\Users\Sipka\Desktop\Converter\languages\fr\convertir\tar.bz2\mov-en-tar.bz2\index.html","True","41","0"
"fr","C:\Users\Sipka\Desktop\Converter\languages\fr\convertir\tar.bz2\mp3-en-tar.bz2\index.html","True","41","0"
"fr","C:\Users\Sipka\Desktop\Converter\languages\fr\convertir\tar.bz2\mp4-en-tar.bz2\index.html","True","41","0"
"fr","C:\Users\Sipka\Desktop\Converter\languages\fr\convertir\tar.bz2\ogg-en-tar.bz2\index.html","True","41","0"
"fr","C:\Users\Sipka\Desktop\Converter\languages\fr\convertir\tar.bz2\opus-en-tar.bz2\index.html","True","41","0"
"fr","C:\Users\Sipka\Desktop\Converter\languages\fr\convertir\tar.bz2\pdf-en-tar.bz2\index.html","True","41","0"
"fr","C:\Users\Sipka\Desktop\Converter\languages\fr\convertir\tar.bz2\png-en-tar.bz2\index.html","True","41","0"
"fr","C:\Users\Sipka\Desktop\Converter\languages\fr\convertir\tar.bz2\pptx-en-tar.bz2\index.html","True","41","0"
"fr","C:\Users\Sipka\Desktop\Converter\languages\fr\convertir\tar.bz2\rar-en-tar.bz2\index.html","True","41","0"
"fr","C:\Users\Sipka\Desktop\Converter\languages\fr\convertir\tar.bz2\rtf-en-tar.bz2\index.html","True","41","0"
"fr","C:\Users\Sipka\Desktop\Converter\languages\fr\convertir\tar.bz2\svg-en-tar.bz2\index.html","True","41","0"
"fr","C:\Users\Sipka\Desktop\Converter\languages\fr\convertir\tar.bz2\tar-en-tar.bz2\index.html","True","41","0"
"fr","C:\Users\Sipka\Desktop\Converter\languages\fr\convertir\tar.bz2\tar.gz-en-tar.bz2\index.html","True","41","0"
"fr","C:\Users\Sipka\Desktop\Converter\languages\fr\convertir\tar.bz2\tar.xz-en-tar.bz2\index.html","True","41","0"
"fr","C:\Users\Sipka\Desktop\Converter\languages\fr\convertir\tar.bz2\tbz-en-tar.bz2\index.html","True","41","0"
"fr","C:\Users\Sipka\Desktop\Converter\languages\fr\convertir\tar.bz2\tgz-en-tar.bz2\index.html","True","41","0"
"fr","C:\Users\Sipka\Desktop\Converter\languages\fr\convertir\tar.bz2\tiff-en-tar.bz2\index.html","True","41","0"
"fr","C:\Users\Sipka\Desktop\Converter\languages\fr\convertir\tar.bz2\tsv-en-tar.bz2\index.html","True","41","0"
"fr","C:\Users\Sipka\Desktop\Converter\languages\fr\convertir\tar.bz2\txt-en-tar.bz2\index.html","True","41","0"
"fr","C:\Users\Sipka\Desktop\Converter\languages\fr\convertir\tar.bz2\txz-en-tar.bz2\index.html","True","41","0"
"fr","C:\Users\Sipka\Desktop\Converter\languages\fr\convertir\tar.bz2\wav-en-tar.bz2\index.html","True","41","0"
"fr","C:\Users\Sipka\Desktop\Converter\languages\fr\convertir\tar.bz2\webm-en-tar.bz2\index.html","True","41","0"
"fr","C:\Users\Sipka\Desktop\Converter\languages\fr\convertir\tar.bz2\webp-en-tar.bz2\index.html","True","41","0"
"fr","C:\Users\Sipka\Desktop\Converter\languages\fr\convertir\tar.bz2\xlsx-en-tar.bz2\index.html","True","41","0"
"fr","C:\Users\Sipka\Desktop\Converter\languages\fr\convertir\tar.bz2\zip-en-tar.bz2\index.html","True","41","0"
"fr","C:\Users\Sipka\Desktop\Converter\languages\fr\convertir\tar.gz\7z-en-tar.gz\index.html","True","41","0"
"fr","C:\Users\Sipka\Desktop\Converter\languages\fr\convertir\tar.gz\aac-en-tar.gz\index.html","True","41","0"
"fr","C:\Users\Sipka\Desktop\Converter\languages\fr\convertir\tar.gz\aiff-en-tar.gz\index.html","True","41","0"
"fr","C:\Users\Sipka\Desktop\Converter\languages\fr\convertir\tar.gz\bmp-en-tar.gz\index.html","True","41","0"
"fr","C:\Users\Sipka\Desktop\Converter\languages\fr\convertir\tar.gz\csv-en-tar.gz\index.html","True","41","0"
"fr","C:\Users\Sipka\Desktop\Converter\languages\fr\convertir\tar.gz\docx-en-tar.gz\index.html","True","41","0"
"fr","C:\Users\Sipka\Desktop\Converter\languages\fr\convertir\tar.gz\flac-en-tar.gz\index.html","True","41","0"
"fr","C:\Users\Sipka\Desktop\Converter\languages\fr\convertir\tar.gz\gif-en-tar.gz\index.html","True","41","0"
"fr","C:\Users\Sipka\Desktop\Converter\languages\fr\convertir\tar.gz\html-en-tar.gz\index.html","True","41","0"
"fr","C:\Users\Sipka\Desktop\Converter\languages\fr\convertir\tar.gz\jpeg-en-tar.gz\index.html","True","41","0"
"fr","C:\Users\Sipka\Desktop\Converter\languages\fr\convertir\tar.gz\jpg-en-tar.gz\index.html","True","41","0"
"fr","C:\Users\Sipka\Desktop\Converter\languages\fr\convertir\tar.gz\json-en-tar.gz\index.html","True","41","0"
"fr","C:\Users\Sipka\Desktop\Converter\languages\fr\convertir\tar.gz\jsonl-en-tar.gz\index.html","True","41","0"
"fr","C:\Users\Sipka\Desktop\Converter\languages\fr\convertir\tar.gz\m4a-en-tar.gz\index.html","True","41","0"
"fr","C:\Users\Sipka\Desktop\Converter\languages\fr\convertir\tar.gz\m4v-en-tar.gz\index.html","True","41","0"
"fr","C:\Users\Sipka\Desktop\Converter\languages\fr\convertir\tar.gz\md-en-tar.gz\index.html","True","41","0"
"fr","C:\Users\Sipka\Desktop\Converter\languages\fr\convertir\tar.gz\mkv-en-tar.gz\index.html","True","41","0"
"fr","C:\Users\Sipka\Desktop\Converter\languages\fr\convertir\tar.gz\mov-en-tar.gz\index.html","True","41","0"
"fr","C:\Users\Sipka\Desktop\Converter\languages\fr\convertir\tar.gz\mp3-en-tar.gz\index.html","True","41","0"
"fr","C:\Users\Sipka\Desktop\Converter\languages\fr\convertir\tar.gz\mp4-en-tar.gz\index.html","True","41","0"
"fr","C:\Users\Sipka\Desktop\Converter\languages\fr\convertir\tar.gz\ogg-en-tar.gz\index.html","True","41","0"
"fr","C:\Users\Sipka\Desktop\Converter\languages\fr\convertir\tar.gz\opus-en-tar.gz\index.html","True","41","0"
"fr","C:\Users\Sipka\Desktop\Converter\languages\fr\convertir\tar.gz\pdf-en-tar.gz\index.html","True","41","0"
"fr","C:\Users\Sipka\Desktop\Converter\languages\fr\convertir\tar.gz\png-en-tar.gz\index.html","True","41","0"
"fr","C:\Users\Sipka\Desktop\Converter\languages\fr\convertir\tar.gz\pptx-en-tar.gz\index.html","True","41","0"
"fr","C:\Users\Sipka\Desktop\Converter\languages\fr\convertir\tar.gz\rar-en-tar.gz\index.html","True","41","0"
"fr","C:\Users\Sipka\Desktop\Converter\languages\fr\convertir\tar.gz\rtf-en-tar.gz\index.html","True","41","0"
"fr","C:\Users\Sipka\Desktop\Converter\languages\fr\convertir\tar.gz\svg-en-tar.gz\index.html","True","41","0"
"fr","C:\Users\Sipka\Desktop\Converter\languages\fr\convertir\tar.gz\tar-en-tar.gz\index.html","True","41","0"
"fr","C:\Users\Sipka\Desktop\Converter\languages\fr\convertir\tar.gz\tar.bz2-en-tar.gz\index.html","True","41","0"
"fr","C:\Users\Sipka\Desktop\Converter\languages\fr\convertir\tar.gz\tar.xz-en-tar.gz\index.html","True","41","0"
"fr","C:\Users\Sipka\Desktop\Converter\languages\fr\convertir\tar.gz\tbz-en-tar.gz\index.html","True","41","0"
"fr","C:\Users\Sipka\Desktop\Converter\languages\fr\convertir\tar.gz\tgz-en-tar.gz\index.html","True","41","0"
"fr","C:\Users\Sipka\Desktop\Converter\languages\fr\convertir\tar.gz\tiff-en-tar.gz\index.html","True","41","0"
"fr","C:\Users\Sipka\Desktop\Converter\languages\fr\convertir\tar.gz\tsv-en-tar.gz\index.html","True","41","0"
"fr","C:\Users\Sipka\Desktop\Converter\languages\fr\convertir\tar.gz\txt-en-tar.gz\index.html","True","41","0"
"fr","C:\Users\Sipka\Desktop\Converter\languages\fr\convertir\tar.gz\txz-en-tar.gz\index.html","True","41","0"
"fr","C:\Users\Sipka\Desktop\Converter\languages\fr\convertir\tar.gz\wav-en-tar.gz\index.html","True","41","0"
"fr","C:\Users\Sipka\Desktop\Converter\languages\fr\convertir\tar.gz\webm-en-tar.gz\index.html","True","41","0"
"fr","C:\Users\Sipka\Desktop\Converter\languages\fr\convertir\tar.gz\webp-en-tar.gz\index.html","True","41","0"
"fr","C:\Users\Sipka\Desktop\Converter\languages\fr\convertir\tar.gz\xlsx-en-tar.gz\index.html","True","41","0"
"fr","C:\Users\Sipka\Desktop\Converter\languages\fr\convertir\tar.gz\zip-en-tar.gz\index.html","True","41","0"
"fr","C:\Users\Sipka\Desktop\Converter\languages\fr\convertir\tar.xz\7z-en-tar.xz\index.html","True","41","0"
"fr","C:\Users\Sipka\Desktop\Converter\languages\fr\convertir\tar.xz\aac-en-tar.xz\index.html","True","41","0"
"fr","C:\Users\Sipka\Desktop\Converter\languages\fr\convertir\tar.xz\aiff-en-tar.xz\index.html","True","41","0"
"fr","C:\Users\Sipka\Desktop\Converter\languages\fr\convertir\tar.xz\bmp-en-tar.xz\index.html","True","41","0"
"fr","C:\Users\Sipka\Desktop\Converter\languages\fr\convertir\tar.xz\csv-en-tar.xz\index.html","True","41","0"
"fr","C:\Users\Sipka\Desktop\Converter\languages\fr\convertir\tar.xz\docx-en-tar.xz\index.html","True","41","0"
"fr","C:\Users\Sipka\Desktop\Converter\languages\fr\convertir\tar.xz\flac-en-tar.xz\index.html","True","41","0"
"fr","C:\Users\Sipka\Desktop\Converter\languages\fr\convertir\tar.xz\gif-en-tar.xz\index.html","True","41","0"
"fr","C:\Users\Sipka\Desktop\Converter\languages\fr\convertir\tar.xz\html-en-tar.xz\index.html","True","41","0"
"fr","C:\Users\Sipka\Desktop\Converter\languages\fr\convertir\tar.xz\jpeg-en-tar.xz\index.html","True","41","0"
"fr","C:\Users\Sipka\Desktop\Converter\languages\fr\convertir\tar.xz\jpg-en-tar.xz\index.html","True","41","0"
"fr","C:\Users\Sipka\Desktop\Converter\languages\fr\convertir\tar.xz\json-en-tar.xz\index.html","True","41","0"
"fr","C:\Users\Sipka\Desktop\Converter\languages\fr\convertir\tar.xz\jsonl-en-tar.xz\index.html","True","41","0"
"fr","C:\Users\Sipka\Desktop\Converter\languages\fr\convertir\tar.xz\m4a-en-tar.xz\index.html","True","41","0"
"fr","C:\Users\Sipka\Desktop\Converter\languages\fr\convertir\tar.xz\m4v-en-tar.xz\index.html","True","41","0"
"fr","C:\Users\Sipka\Desktop\Converter\languages\fr\convertir\tar.xz\md-en-tar.xz\index.html","True","41","0"
"fr","C:\Users\Sipka\Desktop\Converter\languages\fr\convertir\tar.xz\mkv-en-tar.xz\index.html","True","41","0"
"fr","C:\Users\Sipka\Desktop\Converter\languages\fr\convertir\tar.xz\mov-en-tar.xz\index.html","True","41","0"
"fr","C:\Users\Sipka\Desktop\Converter\languages\fr\convertir\tar.xz\mp3-en-tar.xz\index.html","True","41","0"
"fr","C:\Users\Sipka\Desktop\Converter\languages\fr\convertir\tar.xz\mp4-en-tar.xz\index.html","True","41","0"
"fr","C:\Users\Sipka\Desktop\Converter\languages\fr\convertir\tar.xz\ogg-en-tar.xz\index.html","True","41","0"
"fr","C:\Users\Sipka\Desktop\Converter\languages\fr\convertir\tar.xz\opus-en-tar.xz\index.html","True","41","0"
"fr","C:\Users\Sipka\Desktop\Converter\languages\fr\convertir\tar.xz\pdf-en-tar.xz\index.html","True","41","0"
"fr","C:\Users\Sipka\Desktop\Converter\languages\fr\convertir\tar.xz\png-en-tar.xz\index.html","True","41","0"
"fr","C:\Users\Sipka\Desktop\Converter\languages\fr\convertir\tar.xz\pptx-en-tar.xz\index.html","True","41","0"
"fr","C:\Users\Sipka\Desktop\Converter\languages\fr\convertir\tar.xz\rar-en-tar.xz\index.html","True","41","0"
"fr","C:\Users\Sipka\Desktop\Converter\languages\fr\convertir\tar.xz\rtf-en-tar.xz\index.html","True","41","0"
"fr","C:\Users\Sipka\Desktop\Converter\languages\fr\convertir\tar.xz\svg-en-tar.xz\index.html","True","41","0"
"fr","C:\Users\Sipka\Desktop\Converter\languages\fr\convertir\tar.xz\tar-en-tar.xz\index.html","True","41","0"
"fr","C:\Users\Sipka\Desktop\Converter\languages\fr\convertir\tar.xz\tar.bz2-en-tar.xz\index.html","True","41","0"
"fr","C:\Users\Sipka\Desktop\Converter\languages\fr\convertir\tar.xz\tar.gz-en-tar.xz\index.html","True","41","0"
"fr","C:\Users\Sipka\Desktop\Converter\languages\fr\convertir\tar.xz\tbz-en-tar.xz\index.html","True","41","0"
"fr","C:\Users\Sipka\Desktop\Converter\languages\fr\convertir\tar.xz\tgz-en-tar.xz\index.html","True","41","0"
"fr","C:\Users\Sipka\Desktop\Converter\languages\fr\convertir\tar.xz\tiff-en-tar.xz\index.html","True","41","0"
"fr","C:\Users\Sipka\Desktop\Converter\languages\fr\convertir\tar.xz\tsv-en-tar.xz\index.html","True","41","0"
"fr","C:\Users\Sipka\Desktop\Converter\languages\fr\convertir\tar.xz\txt-en-tar.xz\index.html","True","41","0"
"fr","C:\Users\Sipka\Desktop\Converter\languages\fr\convertir\tar.xz\txz-en-tar.xz\index.html","True","41","0"
"fr","C:\Users\Sipka\Desktop\Converter\languages\fr\convertir\tar.xz\wav-en-tar.xz\index.html","True","41","0"
"fr","C:\Users\Sipka\Desktop\Converter\languages\fr\convertir\tar.xz\webm-en-tar.xz\index.html","True","41","0"
"fr","C:\Users\Sipka\Desktop\Converter\languages\fr\convertir\tar.xz\webp-en-tar.xz\index.html","True","41","0"
"fr","C:\Users\Sipka\Desktop\Converter\languages\fr\convertir\tar.xz\xlsx-en-tar.xz\index.html","True","41","0"
"fr","C:\Users\Sipka\Desktop\Converter\languages\fr\convertir\tar.xz\zip-en-tar.xz\index.html","True","41","0"
"fr","C:\Users\Sipka\Desktop\Converter\languages\fr\convertir\tbz\7z-en-tbz\index.html","True","41","0"
"fr","C:\Users\Sipka\Desktop\Converter\languages\fr\convertir\tbz\aac-en-tbz\index.html","True","41","0"
"fr","C:\Users\Sipka\Desktop\Converter\languages\fr\convertir\tbz\aiff-en-tbz\index.html","True","41","0"
"fr","C:\Users\Sipka\Desktop\Converter\languages\fr\convertir\tbz\bmp-en-tbz\index.html","True","41","0"
"fr","C:\Users\Sipka\Desktop\Converter\languages\fr\convertir\tbz\csv-en-tbz\index.html","True","41","0"
"fr","C:\Users\Sipka\Desktop\Converter\languages\fr\convertir\tbz\docx-en-tbz\index.html","True","41","0"
"fr","C:\Users\Sipka\Desktop\Converter\languages\fr\convertir\tbz\flac-en-tbz\index.html","True","41","0"
"fr","C:\Users\Sipka\Desktop\Converter\languages\fr\convertir\tbz\gif-en-tbz\index.html","True","41","0"
"fr","C:\Users\Sipka\Desktop\Converter\languages\fr\convertir\tbz\html-en-tbz\index.html","True","41","0"
"fr","C:\Users\Sipka\Desktop\Converter\languages\fr\convertir\tbz\jpeg-en-tbz\index.html","True","41","0"
"fr","C:\Users\Sipka\Desktop\Converter\languages\fr\convertir\tbz\jpg-en-tbz\index.html","True","41","0"
"fr","C:\Users\Sipka\Desktop\Converter\languages\fr\convertir\tbz\json-en-tbz\index.html","True","41","0"
"fr","C:\Users\Sipka\Desktop\Converter\languages\fr\convertir\tbz\jsonl-en-tbz\index.html","True","41","0"
"fr","C:\Users\Sipka\Desktop\Converter\languages\fr\convertir\tbz\m4a-en-tbz\index.html","True","41","0"
"fr","C:\Users\Sipka\Desktop\Converter\languages\fr\convertir\tbz\m4v-en-tbz\index.html","True","41","0"
"fr","C:\Users\Sipka\Desktop\Converter\languages\fr\convertir\tbz\md-en-tbz\index.html","True","41","0"
"fr","C:\Users\Sipka\Desktop\Converter\languages\fr\convertir\tbz\mkv-en-tbz\index.html","True","41","0"
"fr","C:\Users\Sipka\Desktop\Converter\languages\fr\convertir\tbz\mov-en-tbz\index.html","True","41","0"
"fr","C:\Users\Sipka\Desktop\Converter\languages\fr\convertir\tbz\mp3-en-tbz\index.html","True","41","0"
"fr","C:\Users\Sipka\Desktop\Converter\languages\fr\convertir\tbz\mp4-en-tbz\index.html","True","41","0"
"fr","C:\Users\Sipka\Desktop\Converter\languages\fr\convertir\tbz\ogg-en-tbz\index.html","True","41","0"
"fr","C:\Users\Sipka\Desktop\Converter\languages\fr\convertir\tbz\opus-en-tbz\index.html","True","41","0"
"fr","C:\Users\Sipka\Desktop\Converter\languages\fr\convertir\tbz\pdf-en-tbz\index.html","True","41","0"
"fr","C:\Users\Sipka\Desktop\Converter\languages\fr\convertir\tbz\png-en-tbz\index.html","True","41","0"
"fr","C:\Users\Sipka\Desktop\Converter\languages\fr\convertir\tbz\pptx-en-tbz\index.html","True","41","0"
"fr","C:\Users\Sipka\Desktop\Converter\languages\fr\convertir\tbz\rar-en-tbz\index.html","True","41","0"
"fr","C:\Users\Sipka\Desktop\Converter\languages\fr\convertir\tbz\rtf-en-tbz\index.html","True","41","0"
"fr","C:\Users\Sipka\Desktop\Converter\languages\fr\convertir\tbz\svg-en-tbz\index.html","True","41","0"
"fr","C:\Users\Sipka\Desktop\Converter\languages\fr\convertir\tbz\tar-en-tbz\index.html","True","41","0"
"fr","C:\Users\Sipka\Desktop\Converter\languages\fr\convertir\tbz\tar.bz2-en-tbz\index.html","True","41","0"
"fr","C:\Users\Sipka\Desktop\Converter\languages\fr\convertir\tbz\tar.gz-en-tbz\index.html","True","41","0"
"fr","C:\Users\Sipka\Desktop\Converter\languages\fr\convertir\tbz\tar.xz-en-tbz\index.html","True","41","0"
"fr","C:\Users\Sipka\Desktop\Converter\languages\fr\convertir\tbz\tgz-en-tbz\index.html","True","41","0"
"fr","C:\Users\Sipka\Desktop\Converter\languages\fr\convertir\tbz\tiff-en-tbz\index.html","True","41","0"
"fr","C:\Users\Sipka\Desktop\Converter\languages\fr\convertir\tbz\tsv-en-tbz\index.html","True","41","0"
"fr","C:\Users\Sipka\Desktop\Converter\languages\fr\convertir\tbz\txt-en-tbz\index.html","True","41","0"
"fr","C:\Users\Sipka\Desktop\Converter\languages\fr\convertir\tbz\txz-en-tbz\index.html","True","41","0"
"fr","C:\Users\Sipka\Desktop\Converter\languages\fr\convertir\tbz\wav-en-tbz\index.html","True","41","0"
"fr","C:\Users\Sipka\Desktop\Converter\languages\fr\convertir\tbz\webm-en-tbz\index.html","True","41","0"
"fr","C:\Users\Sipka\Desktop\Converter\languages\fr\convertir\tbz\webp-en-tbz\index.html","True","41","0"
"fr","C:\Users\Sipka\Desktop\Converter\languages\fr\convertir\tbz\xlsx-en-tbz\index.html","True","41","0"
"fr","C:\Users\Sipka\Desktop\Converter\languages\fr\convertir\tbz\zip-en-tbz\index.html","True","41","0"
"fr","C:\Users\Sipka\Desktop\Converter\languages\fr\convertir\tgz\7z-en-tgz\index.html","True","41","0"
"fr","C:\Users\Sipka\Desktop\Converter\languages\fr\convertir\tgz\aac-en-tgz\index.html","True","41","0"
"fr","C:\Users\Sipka\Desktop\Converter\languages\fr\convertir\tgz\aiff-en-tgz\index.html","True","41","0"
"fr","C:\Users\Sipka\Desktop\Converter\languages\fr\convertir\tgz\bmp-en-tgz\index.html","True","41","0"
"fr","C:\Users\Sipka\Desktop\Converter\languages\fr\convertir\tgz\csv-en-tgz\index.html","True","41","0"
"fr","C:\Users\Sipka\Desktop\Converter\languages\fr\convertir\tgz\docx-en-tgz\index.html","True","41","0"
"fr","C:\Users\Sipka\Desktop\Converter\languages\fr\convertir\tgz\flac-en-tgz\index.html","True","41","0"
"fr","C:\Users\Sipka\Desktop\Converter\languages\fr\convertir\tgz\gif-en-tgz\index.html","True","41","0"
"fr","C:\Users\Sipka\Desktop\Converter\languages\fr\convertir\tgz\html-en-tgz\index.html","True","41","0"
"fr","C:\Users\Sipka\Desktop\Converter\languages\fr\convertir\tgz\jpeg-en-tgz\index.html","True","41","0"
"fr","C:\Users\Sipka\Desktop\Converter\languages\fr\convertir\tgz\jpg-en-tgz\index.html","True","41","0"
"fr","C:\Users\Sipka\Desktop\Converter\languages\fr\convertir\tgz\json-en-tgz\index.html","True","41","0"
"fr","C:\Users\Sipka\Desktop\Converter\languages\fr\convertir\tgz\jsonl-en-tgz\index.html","True","41","0"
"fr","C:\Users\Sipka\Desktop\Converter\languages\fr\convertir\tgz\m4a-en-tgz\index.html","True","41","0"
"fr","C:\Users\Sipka\Desktop\Converter\languages\fr\convertir\tgz\m4v-en-tgz\index.html","True","41","0"
"fr","C:\Users\Sipka\Desktop\Converter\languages\fr\convertir\tgz\md-en-tgz\index.html","True","41","0"
"fr","C:\Users\Sipka\Desktop\Converter\languages\fr\convertir\tgz\mkv-en-tgz\index.html","True","41","0"
"fr","C:\Users\Sipka\Desktop\Converter\languages\fr\convertir\tgz\mov-en-tgz\index.html","True","41","0"
"fr","C:\Users\Sipka\Desktop\Converter\languages\fr\convertir\tgz\mp3-en-tgz\index.html","True","41","0"
"fr","C:\Users\Sipka\Desktop\Converter\languages\fr\convertir\tgz\mp4-en-tgz\index.html","True","41","0"
"fr","C:\Users\Sipka\Desktop\Converter\languages\fr\convertir\tgz\ogg-en-tgz\index.html","True","41","0"
"fr","C:\Users\Sipka\Desktop\Converter\languages\fr\convertir\tgz\opus-en-tgz\index.html","True","41","0"
"fr","C:\Users\Sipka\Desktop\Converter\languages\fr\convertir\tgz\pdf-en-tgz\index.html","True","41","0"
"fr","C:\Users\Sipka\Desktop\Converter\languages\fr\convertir\tgz\png-en-tgz\index.html","True","41","0"
"fr","C:\Users\Sipka\Desktop\Converter\languages\fr\convertir\tgz\pptx-en-tgz\index.html","True","41","0"
"fr","C:\Users\Sipka\Desktop\Converter\languages\fr\convertir\tgz\rar-en-tgz\index.html","True","41","0"
"fr","C:\Users\Sipka\Desktop\Converter\languages\fr\convertir\tgz\rtf-en-tgz\index.html","True","41","0"
"fr","C:\Users\Sipka\Desktop\Converter\languages\fr\convertir\tgz\svg-en-tgz\index.html","True","41","0"
"fr","C:\Users\Sipka\Desktop\Converter\languages\fr\convertir\tgz\tar-en-tgz\index.html","True","41","0"
"fr","C:\Users\Sipka\Desktop\Converter\languages\fr\convertir\tgz\tar.bz2-en-tgz\index.html","True","41","0"
"fr","C:\Users\Sipka\Desktop\Converter\languages\fr\convertir\tgz\tar.gz-en-tgz\index.html","True","41","0"
"fr","C:\Users\Sipka\Desktop\Converter\languages\fr\convertir\tgz\tar.xz-en-tgz\index.html","True","41","0"
"fr","C:\Users\Sipka\Desktop\Converter\languages\fr\convertir\tgz\tbz-en-tgz\index.html","True","41","0"
"fr","C:\Users\Sipka\Desktop\Converter\languages\fr\convertir\tgz\tiff-en-tgz\index.html","True","41","0"
"fr","C:\Users\Sipka\Desktop\Converter\languages\fr\convertir\tgz\tsv-en-tgz\index.html","True","41","0"
"fr","C:\Users\Sipka\Desktop\Converter\languages\fr\convertir\tgz\txt-en-tgz\index.html","True","41","0"
"fr","C:\Users\Sipka\Desktop\Converter\languages\fr\convertir\tgz\txz-en-tgz\index.html","True","41","0"
"fr","C:\Users\Sipka\Desktop\Converter\languages\fr\convertir\tgz\wav-en-tgz\index.html","True","41","0"
"fr","C:\Users\Sipka\Desktop\Converter\languages\fr\convertir\tgz\webm-en-tgz\index.html","True","41","0"
"fr","C:\Users\Sipka\Desktop\Converter\languages\fr\convertir\tgz\webp-en-tgz\index.html","True","41","0"
"fr","C:\Users\Sipka\Desktop\Converter\languages\fr\convertir\tgz\xlsx-en-tgz\index.html","True","41","0"
"fr","C:\Users\Sipka\Desktop\Converter\languages\fr\convertir\tgz\zip-en-tgz\index.html","True","41","0"
"fr","C:\Users\Sipka\Desktop\Converter\languages\fr\convertir\tiff\7z-en-tiff\index.html","True","41","0"
"fr","C:\Users\Sipka\Desktop\Converter\languages\fr\convertir\tiff\aac-en-tiff\index.html","True","41","0"
"fr","C:\Users\Sipka\Desktop\Converter\languages\fr\convertir\tiff\aiff-en-tiff\index.html","True","41","0"
"fr","C:\Users\Sipka\Desktop\Converter\languages\fr\convertir\tiff\bmp-en-tiff\index.html","True","41","0"
"fr","C:\Users\Sipka\Desktop\Converter\languages\fr\convertir\tiff\csv-en-tiff\index.html","True","41","0"
"fr","C:\Users\Sipka\Desktop\Converter\languages\fr\convertir\tiff\docx-en-tiff\index.html","True","41","0"
"fr","C:\Users\Sipka\Desktop\Converter\languages\fr\convertir\tiff\flac-en-tiff\index.html","True","41","0"
"fr","C:\Users\Sipka\Desktop\Converter\languages\fr\convertir\tiff\gif-en-tiff\index.html","True","41","0"
"fr","C:\Users\Sipka\Desktop\Converter\languages\fr\convertir\tiff\html-en-tiff\index.html","True","41","0"
"fr","C:\Users\Sipka\Desktop\Converter\languages\fr\convertir\tiff\jpeg-en-tiff\index.html","True","41","0"
"fr","C:\Users\Sipka\Desktop\Converter\languages\fr\convertir\tiff\jpg-en-tiff\index.html","True","41","0"
"fr","C:\Users\Sipka\Desktop\Converter\languages\fr\convertir\tiff\json-en-tiff\index.html","True","41","0"
"fr","C:\Users\Sipka\Desktop\Converter\languages\fr\convertir\tiff\jsonl-en-tiff\index.html","True","41","0"
"fr","C:\Users\Sipka\Desktop\Converter\languages\fr\convertir\tiff\m4a-en-tiff\index.html","True","41","0"
"fr","C:\Users\Sipka\Desktop\Converter\languages\fr\convertir\tiff\m4v-en-tiff\index.html","True","41","0"
"fr","C:\Users\Sipka\Desktop\Converter\languages\fr\convertir\tiff\md-en-tiff\index.html","True","41","0"
"fr","C:\Users\Sipka\Desktop\Converter\languages\fr\convertir\tiff\mkv-en-tiff\index.html","True","41","0"
"fr","C:\Users\Sipka\Desktop\Converter\languages\fr\convertir\tiff\mov-en-tiff\index.html","True","41","0"
"fr","C:\Users\Sipka\Desktop\Converter\languages\fr\convertir\tiff\mp3-en-tiff\index.html","True","41","0"
"fr","C:\Users\Sipka\Desktop\Converter\languages\fr\convertir\tiff\mp4-en-tiff\index.html","True","41","0"
"fr","C:\Users\Sipka\Desktop\Converter\languages\fr\convertir\tiff\ogg-en-tiff\index.html","True","41","0"
"fr","C:\Users\Sipka\Desktop\Converter\languages\fr\convertir\tiff\opus-en-tiff\index.html","True","41","0"
"fr","C:\Users\Sipka\Desktop\Converter\languages\fr\convertir\tiff\pdf-en-tiff\index.html","True","41","0"
"fr","C:\Users\Sipka\Desktop\Converter\languages\fr\convertir\tiff\png-en-tiff\index.html","True","41","0"
"fr","C:\Users\Sipka\Desktop\Converter\languages\fr\convertir\tiff\pptx-en-tiff\index.html","True","41","0"
"fr","C:\Users\Sipka\Desktop\Converter\languages\fr\convertir\tiff\rar-en-tiff\index.html","True","41","0"
"fr","C:\Users\Sipka\Desktop\Converter\languages\fr\convertir\tiff\rtf-en-tiff\index.html","True","41","0"
"fr","C:\Users\Sipka\Desktop\Converter\languages\fr\convertir\tiff\svg-en-tiff\index.html","True","41","0"
"fr","C:\Users\Sipka\Desktop\Converter\languages\fr\convertir\tiff\tar-en-tiff\index.html","True","41","0"
"fr","C:\Users\Sipka\Desktop\Converter\languages\fr\convertir\tiff\tar.bz2-en-tiff\index.html","True","41","0"
"fr","C:\Users\Sipka\Desktop\Converter\languages\fr\convertir\tiff\tar.gz-en-tiff\index.html","True","41","0"
"fr","C:\Users\Sipka\Desktop\Converter\languages\fr\convertir\tiff\tar.xz-en-tiff\index.html","True","41","0"
"fr","C:\Users\Sipka\Desktop\Converter\languages\fr\convertir\tiff\tbz-en-tiff\index.html","True","41","0"
"fr","C:\Users\Sipka\Desktop\Converter\languages\fr\convertir\tiff\tgz-en-tiff\index.html","True","41","0"
"fr","C:\Users\Sipka\Desktop\Converter\languages\fr\convertir\tiff\tsv-en-tiff\index.html","True","41","0"
"fr","C:\Users\Sipka\Desktop\Converter\languages\fr\convertir\tiff\txt-en-tiff\index.html","True","41","0"
"fr","C:\Users\Sipka\Desktop\Converter\languages\fr\convertir\tiff\txz-en-tiff\index.html","True","41","0"
"fr","C:\Users\Sipka\Desktop\Converter\languages\fr\convertir\tiff\wav-en-tiff\index.html","True","41","0"
"fr","C:\Users\Sipka\Desktop\Converter\languages\fr\convertir\tiff\webm-en-tiff\index.html","True","41","0"
"fr","C:\Users\Sipka\Desktop\Converter\languages\fr\convertir\tiff\webp-en-tiff\index.html","True","41","0"
"fr","C:\Users\Sipka\Desktop\Converter\languages\fr\convertir\tiff\xlsx-en-tiff\index.html","True","41","0"
"fr","C:\Users\Sipka\Desktop\Converter\languages\fr\convertir\tiff\zip-en-tiff\index.html","True","41","0"
"fr","C:\Users\Sipka\Desktop\Converter\languages\fr\convertir\tsv\7z-en-tsv\index.html","True","41","0"
"fr","C:\Users\Sipka\Desktop\Converter\languages\fr\convertir\tsv\aac-en-tsv\index.html","True","41","0"
"fr","C:\Users\Sipka\Desktop\Converter\languages\fr\convertir\tsv\aiff-en-tsv\index.html","True","41","0"
"fr","C:\Users\Sipka\Desktop\Converter\languages\fr\convertir\tsv\bmp-en-tsv\index.html","True","41","0"
"fr","C:\Users\Sipka\Desktop\Converter\languages\fr\convertir\tsv\csv-en-tsv\index.html","True","41","0"
"fr","C:\Users\Sipka\Desktop\Converter\languages\fr\convertir\tsv\docx-en-tsv\index.html","True","41","0"
"fr","C:\Users\Sipka\Desktop\Converter\languages\fr\convertir\tsv\flac-en-tsv\index.html","True","41","0"
"fr","C:\Users\Sipka\Desktop\Converter\languages\fr\convertir\tsv\gif-en-tsv\index.html","True","41","0"
"fr","C:\Users\Sipka\Desktop\Converter\languages\fr\convertir\tsv\html-en-tsv\index.html","True","41","0"
"fr","C:\Users\Sipka\Desktop\Converter\languages\fr\convertir\tsv\jpeg-en-tsv\index.html","True","41","0"
"fr","C:\Users\Sipka\Desktop\Converter\languages\fr\convertir\tsv\jpg-en-tsv\index.html","True","41","0"
"fr","C:\Users\Sipka\Desktop\Converter\languages\fr\convertir\tsv\json-en-tsv\index.html","True","41","0"
"fr","C:\Users\Sipka\Desktop\Converter\languages\fr\convertir\tsv\jsonl-en-tsv\index.html","True","41","0"
"fr","C:\Users\Sipka\Desktop\Converter\languages\fr\convertir\tsv\m4a-en-tsv\index.html","True","41","0"
"fr","C:\Users\Sipka\Desktop\Converter\languages\fr\convertir\tsv\m4v-en-tsv\index.html","True","41","0"
"fr","C:\Users\Sipka\Desktop\Converter\languages\fr\convertir\tsv\md-en-tsv\index.html","True","41","0"
"fr","C:\Users\Sipka\Desktop\Converter\languages\fr\convertir\tsv\mkv-en-tsv\index.html","True","41","0"
"fr","C:\Users\Sipka\Desktop\Converter\languages\fr\convertir\tsv\mov-en-tsv\index.html","True","41","0"
"fr","C:\Users\Sipka\Desktop\Converter\languages\fr\convertir\tsv\mp3-en-tsv\index.html","True","41","0"
"fr","C:\Users\Sipka\Desktop\Converter\languages\fr\convertir\tsv\mp4-en-tsv\index.html","True","41","0"
"fr","C:\Users\Sipka\Desktop\Converter\languages\fr\convertir\tsv\ogg-en-tsv\index.html","True","41","0"
"fr","C:\Users\Sipka\Desktop\Converter\languages\fr\convertir\tsv\opus-en-tsv\index.html","True","41","0"
"fr","C:\Users\Sipka\Desktop\Converter\languages\fr\convertir\tsv\pdf-en-tsv\index.html","True","41","0"
"fr","C:\Users\Sipka\Desktop\Converter\languages\fr\convertir\tsv\png-en-tsv\index.html","True","41","0"
"fr","C:\Users\Sipka\Desktop\Converter\languages\fr\convertir\tsv\pptx-en-tsv\index.html","True","41","0"
"fr","C:\Users\Sipka\Desktop\Converter\languages\fr\convertir\tsv\rar-en-tsv\index.html","True","41","0"
"fr","C:\Users\Sipka\Desktop\Converter\languages\fr\convertir\tsv\rtf-en-tsv\index.html","True","41","0"
"fr","C:\Users\Sipka\Desktop\Converter\languages\fr\convertir\tsv\svg-en-tsv\index.html","True","41","0"
"fr","C:\Users\Sipka\Desktop\Converter\languages\fr\convertir\tsv\tar-en-tsv\index.html","True","41","0"
"fr","C:\Users\Sipka\Desktop\Converter\languages\fr\convertir\tsv\tar.bz2-en-tsv\index.html","True","41","0"
"fr","C:\Users\Sipka\Desktop\Converter\languages\fr\convertir\tsv\tar.gz-en-tsv\index.html","True","41","0"
"fr","C:\Users\Sipka\Desktop\Converter\languages\fr\convertir\tsv\tar.xz-en-tsv\index.html","True","41","0"
"fr","C:\Users\Sipka\Desktop\Converter\languages\fr\convertir\tsv\tbz-en-tsv\index.html","True","41","0"
"fr","C:\Users\Sipka\Desktop\Converter\languages\fr\convertir\tsv\tgz-en-tsv\index.html","True","41","0"
"fr","C:\Users\Sipka\Desktop\Converter\languages\fr\convertir\tsv\tiff-en-tsv\index.html","True","41","0"
"fr","C:\Users\Sipka\Desktop\Converter\languages\fr\convertir\tsv\txt-en-tsv\index.html","True","41","0"
"fr","C:\Users\Sipka\Desktop\Converter\languages\fr\convertir\tsv\txz-en-tsv\index.html","True","41","0"
"fr","C:\Users\Sipka\Desktop\Converter\languages\fr\convertir\tsv\wav-en-tsv\index.html","True","41","0"
"fr","C:\Users\Sipka\Desktop\Converter\languages\fr\convertir\tsv\webm-en-tsv\index.html","True","41","0"
"fr","C:\Users\Sipka\Desktop\Converter\languages\fr\convertir\tsv\webp-en-tsv\index.html","True","41","0"
"fr","C:\Users\Sipka\Desktop\Converter\languages\fr\convertir\tsv\xlsx-en-tsv\index.html","True","41","0"
"fr","C:\Users\Sipka\Desktop\Converter\languages\fr\convertir\tsv\zip-en-tsv\index.html","True","41","0"
"fr","C:\Users\Sipka\Desktop\Converter\languages\fr\convertir\txt\7z-en-txt\index.html","True","41","0"
"fr","C:\Users\Sipka\Desktop\Converter\languages\fr\convertir\txt\aac-en-txt\index.html","True","41","0"
"fr","C:\Users\Sipka\Desktop\Converter\languages\fr\convertir\txt\aiff-en-txt\index.html","True","41","0"
"fr","C:\Users\Sipka\Desktop\Converter\languages\fr\convertir\txt\bmp-en-txt\index.html","True","41","0"
"fr","C:\Users\Sipka\Desktop\Converter\languages\fr\convertir\txt\csv-en-txt\index.html","True","41","0"
"fr","C:\Users\Sipka\Desktop\Converter\languages\fr\convertir\txt\docx-en-txt\index.html","True","41","0"
"fr","C:\Users\Sipka\Desktop\Converter\languages\fr\convertir\txt\flac-en-txt\index.html","True","41","0"
"fr","C:\Users\Sipka\Desktop\Converter\languages\fr\convertir\txt\gif-en-txt\index.html","True","41","0"
"fr","C:\Users\Sipka\Desktop\Converter\languages\fr\convertir\txt\html-en-txt\index.html","True","41","0"
"fr","C:\Users\Sipka\Desktop\Converter\languages\fr\convertir\txt\jpeg-en-txt\index.html","True","41","0"
"fr","C:\Users\Sipka\Desktop\Converter\languages\fr\convertir\txt\jpg-en-txt\index.html","True","41","0"
"fr","C:\Users\Sipka\Desktop\Converter\languages\fr\convertir\txt\json-en-txt\index.html","True","41","0"
"fr","C:\Users\Sipka\Desktop\Converter\languages\fr\convertir\txt\jsonl-en-txt\index.html","True","41","0"
"fr","C:\Users\Sipka\Desktop\Converter\languages\fr\convertir\txt\m4a-en-txt\index.html","True","41","0"
"fr","C:\Users\Sipka\Desktop\Converter\languages\fr\convertir\txt\m4v-en-txt\index.html","True","41","0"
"fr","C:\Users\Sipka\Desktop\Converter\languages\fr\convertir\txt\md-en-txt\index.html","True","41","0"
"fr","C:\Users\Sipka\Desktop\Converter\languages\fr\convertir\txt\mkv-en-txt\index.html","True","41","0"
"fr","C:\Users\Sipka\Desktop\Converter\languages\fr\convertir\txt\mov-en-txt\index.html","True","41","0"
"fr","C:\Users\Sipka\Desktop\Converter\languages\fr\convertir\txt\mp3-en-txt\index.html","True","41","0"
"fr","C:\Users\Sipka\Desktop\Converter\languages\fr\convertir\txt\mp4-en-txt\index.html","True","41","0"
"fr","C:\Users\Sipka\Desktop\Converter\languages\fr\convertir\txt\ogg-en-txt\index.html","True","41","0"
"fr","C:\Users\Sipka\Desktop\Converter\languages\fr\convertir\txt\opus-en-txt\index.html","True","41","0"
"fr","C:\Users\Sipka\Desktop\Converter\languages\fr\convertir\txt\pdf-en-txt\index.html","True","41","0"
"fr","C:\Users\Sipka\Desktop\Converter\languages\fr\convertir\txt\png-en-txt\index.html","True","41","0"
"fr","C:\Users\Sipka\Desktop\Converter\languages\fr\convertir\txt\pptx-en-txt\index.html","True","41","0"
"fr","C:\Users\Sipka\Desktop\Converter\languages\fr\convertir\txt\rar-en-txt\index.html","True","41","0"
"fr","C:\Users\Sipka\Desktop\Converter\languages\fr\convertir\txt\rtf-en-txt\index.html","True","41","0"
"fr","C:\Users\Sipka\Desktop\Converter\languages\fr\convertir\txt\svg-en-txt\index.html","True","41","0"
"fr","C:\Users\Sipka\Desktop\Converter\languages\fr\convertir\txt\tar-en-txt\index.html","True","41","0"
"fr","C:\Users\Sipka\Desktop\Converter\languages\fr\convertir\txt\tar.bz2-en-txt\index.html","True","41","0"
"fr","C:\Users\Sipka\Desktop\Converter\languages\fr\convertir\txt\tar.gz-en-txt\index.html","True","41","0"
"fr","C:\Users\Sipka\Desktop\Converter\languages\fr\convertir\txt\tar.xz-en-txt\index.html","True","41","0"
"fr","C:\Users\Sipka\Desktop\Converter\languages\fr\convertir\txt\tbz-en-txt\index.html","True","41","0"
"fr","C:\Users\Sipka\Desktop\Converter\languages\fr\convertir\txt\tgz-en-txt\index.html","True","41","0"
"fr","C:\Users\Sipka\Desktop\Converter\languages\fr\convertir\txt\tiff-en-txt\index.html","True","41","0"
"fr","C:\Users\Sipka\Desktop\Converter\languages\fr\convertir\txt\tsv-en-txt\index.html","True","41","0"
"fr","C:\Users\Sipka\Desktop\Converter\languages\fr\convertir\txt\txz-en-txt\index.html","True","41","0"
"fr","C:\Users\Sipka\Desktop\Converter\languages\fr\convertir\txt\wav-en-txt\index.html","True","41","0"
"fr","C:\Users\Sipka\Desktop\Converter\languages\fr\convertir\txt\webm-en-txt\index.html","True","41","0"
"fr","C:\Users\Sipka\Desktop\Converter\languages\fr\convertir\txt\webp-en-txt\index.html","True","41","0"
"fr","C:\Users\Sipka\Desktop\Converter\languages\fr\convertir\txt\xlsx-en-txt\index.html","True","41","0"
"fr","C:\Users\Sipka\Desktop\Converter\languages\fr\convertir\txt\zip-en-txt\index.html","True","41","0"
"fr","C:\Users\Sipka\Desktop\Converter\languages\fr\convertir\txz\7z-en-txz\index.html","True","41","0"
"fr","C:\Users\Sipka\Desktop\Converter\languages\fr\convertir\txz\aac-en-txz\index.html","True","41","0"
"fr","C:\Users\Sipka\Desktop\Converter\languages\fr\convertir\txz\aiff-en-txz\index.html","True","41","0"
"fr","C:\Users\Sipka\Desktop\Converter\languages\fr\convertir\txz\bmp-en-txz\index.html","True","41","0"
"fr","C:\Users\Sipka\Desktop\Converter\languages\fr\convertir\txz\csv-en-txz\index.html","True","41","0"
"fr","C:\Users\Sipka\Desktop\Converter\languages\fr\convertir\txz\docx-en-txz\index.html","True","41","0"
"fr","C:\Users\Sipka\Desktop\Converter\languages\fr\convertir\txz\flac-en-txz\index.html","True","41","0"
"fr","C:\Users\Sipka\Desktop\Converter\languages\fr\convertir\txz\gif-en-txz\index.html","True","41","0"
"fr","C:\Users\Sipka\Desktop\Converter\languages\fr\convertir\txz\html-en-txz\index.html","True","41","0"
"fr","C:\Users\Sipka\Desktop\Converter\languages\fr\convertir\txz\jpeg-en-txz\index.html","True","41","0"
"fr","C:\Users\Sipka\Desktop\Converter\languages\fr\convertir\txz\jpg-en-txz\index.html","True","41","0"
"fr","C:\Users\Sipka\Desktop\Converter\languages\fr\convertir\txz\json-en-txz\index.html","True","41","0"
"fr","C:\Users\Sipka\Desktop\Converter\languages\fr\convertir\txz\jsonl-en-txz\index.html","True","41","0"
"fr","C:\Users\Sipka\Desktop\Converter\languages\fr\convertir\txz\m4a-en-txz\index.html","True","41","0"
"fr","C:\Users\Sipka\Desktop\Converter\languages\fr\convertir\txz\m4v-en-txz\index.html","True","41","0"
"fr","C:\Users\Sipka\Desktop\Converter\languages\fr\convertir\txz\md-en-txz\index.html","True","41","0"
"fr","C:\Users\Sipka\Desktop\Converter\languages\fr\convertir\txz\mkv-en-txz\index.html","True","41","0"
"fr","C:\Users\Sipka\Desktop\Converter\languages\fr\convertir\txz\mov-en-txz\index.html","True","41","0"
"fr","C:\Users\Sipka\Desktop\Converter\languages\fr\convertir\txz\mp3-en-txz\index.html","True","41","0"
"fr","C:\Users\Sipka\Desktop\Converter\languages\fr\convertir\txz\mp4-en-txz\index.html","True","41","0"
"fr","C:\Users\Sipka\Desktop\Converter\languages\fr\convertir\txz\ogg-en-txz\index.html","True","41","0"
"fr","C:\Users\Sipka\Desktop\Converter\languages\fr\convertir\txz\opus-en-txz\index.html","True","41","0"
"fr","C:\Users\Sipka\Desktop\Converter\languages\fr\convertir\txz\pdf-en-txz\index.html","True","41","0"
"fr","C:\Users\Sipka\Desktop\Converter\languages\fr\convertir\txz\png-en-txz\index.html","True","41","0"
"fr","C:\Users\Sipka\Desktop\Converter\languages\fr\convertir\txz\pptx-en-txz\index.html","True","41","0"
"fr","C:\Users\Sipka\Desktop\Converter\languages\fr\convertir\txz\rar-en-txz\index.html","True","41","0"
"fr","C:\Users\Sipka\Desktop\Converter\languages\fr\convertir\txz\rtf-en-txz\index.html","True","41","0"
"fr","C:\Users\Sipka\Desktop\Converter\languages\fr\convertir\txz\svg-en-txz\index.html","True","41","0"
"fr","C:\Users\Sipka\Desktop\Converter\languages\fr\convertir\txz\tar-en-txz\index.html","True","41","0"
"fr","C:\Users\Sipka\Desktop\Converter\languages\fr\convertir\txz\tar.bz2-en-txz\index.html","True","41","0"
"fr","C:\Users\Sipka\Desktop\Converter\languages\fr\convertir\txz\tar.gz-en-txz\index.html","True","41","0"
"fr","C:\Users\Sipka\Desktop\Converter\languages\fr\convertir\txz\tar.xz-en-txz\index.html","True","41","0"
"fr","C:\Users\Sipka\Desktop\Converter\languages\fr\convertir\txz\tbz-en-txz\index.html","True","41","0"
"fr","C:\Users\Sipka\Desktop\Converter\languages\fr\convertir\txz\tgz-en-txz\index.html","True","41","0"
"fr","C:\Users\Sipka\Desktop\Converter\languages\fr\convertir\txz\tiff-en-txz\index.html","True","41","0"
"fr","C:\Users\Sipka\Desktop\Converter\languages\fr\convertir\txz\tsv-en-txz\index.html","True","41","0"
"fr","C:\Users\Sipka\Desktop\Converter\languages\fr\convertir\txz\txt-en-txz\index.html","True","41","0"
"fr","C:\Users\Sipka\Desktop\Converter\languages\fr\convertir\txz\wav-en-txz\index.html","True","41","0"
"fr","C:\Users\Sipka\Desktop\Converter\languages\fr\convertir\txz\webm-en-txz\index.html","True","41","0"
"fr","C:\Users\Sipka\Desktop\Converter\languages\fr\convertir\txz\webp-en-txz\index.html","True","41","0"
"fr","C:\Users\Sipka\Desktop\Converter\languages\fr\convertir\txz\xlsx-en-txz\index.html","True","41","0"
"fr","C:\Users\Sipka\Desktop\Converter\languages\fr\convertir\txz\zip-en-txz\index.html","True","41","0"
"fr","C:\Users\Sipka\Desktop\Converter\languages\fr\convertir\wav\7z-en-wav\index.html","True","41","0"
"fr","C:\Users\Sipka\Desktop\Converter\languages\fr\convertir\wav\aac-en-wav\index.html","True","41","0"
"fr","C:\Users\Sipka\Desktop\Converter\languages\fr\convertir\wav\aiff-en-wav\index.html","True","41","0"
"fr","C:\Users\Sipka\Desktop\Converter\languages\fr\convertir\wav\bmp-en-wav\index.html","True","41","0"
"fr","C:\Users\Sipka\Desktop\Converter\languages\fr\convertir\wav\csv-en-wav\index.html","True","41","0"
"fr","C:\Users\Sipka\Desktop\Converter\languages\fr\convertir\wav\docx-en-wav\index.html","True","41","0"
"fr","C:\Users\Sipka\Desktop\Converter\languages\fr\convertir\wav\flac-en-wav\index.html","True","41","0"
"fr","C:\Users\Sipka\Desktop\Converter\languages\fr\convertir\wav\gif-en-wav\index.html","True","41","0"
"fr","C:\Users\Sipka\Desktop\Converter\languages\fr\convertir\wav\html-en-wav\index.html","True","41","0"
"fr","C:\Users\Sipka\Desktop\Converter\languages\fr\convertir\wav\jpeg-en-wav\index.html","True","41","0"
"fr","C:\Users\Sipka\Desktop\Converter\languages\fr\convertir\wav\jpg-en-wav\index.html","True","41","0"
"fr","C:\Users\Sipka\Desktop\Converter\languages\fr\convertir\wav\json-en-wav\index.html","True","41","0"
"fr","C:\Users\Sipka\Desktop\Converter\languages\fr\convertir\wav\jsonl-en-wav\index.html","True","41","0"
"fr","C:\Users\Sipka\Desktop\Converter\languages\fr\convertir\wav\m4a-en-wav\index.html","True","41","0"
"fr","C:\Users\Sipka\Desktop\Converter\languages\fr\convertir\wav\m4v-en-wav\index.html","True","41","0"
"fr","C:\Users\Sipka\Desktop\Converter\languages\fr\convertir\wav\md-en-wav\index.html","True","41","0"
"fr","C:\Users\Sipka\Desktop\Converter\languages\fr\convertir\wav\mkv-en-wav\index.html","True","41","0"
"fr","C:\Users\Sipka\Desktop\Converter\languages\fr\convertir\wav\mov-en-wav\index.html","True","41","0"
"fr","C:\Users\Sipka\Desktop\Converter\languages\fr\convertir\wav\mp3-en-wav\index.html","True","41","0"
"fr","C:\Users\Sipka\Desktop\Converter\languages\fr\convertir\wav\mp4-en-wav\index.html","True","41","0"
"fr","C:\Users\Sipka\Desktop\Converter\languages\fr\convertir\wav\ogg-en-wav\index.html","True","41","0"
"fr","C:\Users\Sipka\Desktop\Converter\languages\fr\convertir\wav\opus-en-wav\index.html","True","41","0"
"fr","C:\Users\Sipka\Desktop\Converter\languages\fr\convertir\wav\pdf-en-wav\index.html","True","41","0"
"fr","C:\Users\Sipka\Desktop\Converter\languages\fr\convertir\wav\png-en-wav\index.html","True","41","0"
"fr","C:\Users\Sipka\Desktop\Converter\languages\fr\convertir\wav\pptx-en-wav\index.html","True","41","0"
"fr","C:\Users\Sipka\Desktop\Converter\languages\fr\convertir\wav\rar-en-wav\index.html","True","41","0"
"fr","C:\Users\Sipka\Desktop\Converter\languages\fr\convertir\wav\rtf-en-wav\index.html","True","41","0"
"fr","C:\Users\Sipka\Desktop\Converter\languages\fr\convertir\wav\svg-en-wav\index.html","True","41","0"
"fr","C:\Users\Sipka\Desktop\Converter\languages\fr\convertir\wav\tar-en-wav\index.html","True","41","0"
"fr","C:\Users\Sipka\Desktop\Converter\languages\fr\convertir\wav\tar.bz2-en-wav\index.html","True","41","0"
"fr","C:\Users\Sipka\Desktop\Converter\languages\fr\convertir\wav\tar.gz-en-wav\index.html","True","41","0"
"fr","C:\Users\Sipka\Desktop\Converter\languages\fr\convertir\wav\tar.xz-en-wav\index.html","True","41","0"
"fr","C:\Users\Sipka\Desktop\Converter\languages\fr\convertir\wav\tbz-en-wav\index.html","True","41","0"
"fr","C:\Users\Sipka\Desktop\Converter\languages\fr\convertir\wav\tgz-en-wav\index.html","True","41","0"
"fr","C:\Users\Sipka\Desktop\Converter\languages\fr\convertir\wav\tiff-en-wav\index.html","True","41","0"
"fr","C:\Users\Sipka\Desktop\Converter\languages\fr\convertir\wav\tsv-en-wav\index.html","True","41","0"
"fr","C:\Users\Sipka\Desktop\Converter\languages\fr\convertir\wav\txt-en-wav\index.html","True","41","0"
"fr","C:\Users\Sipka\Desktop\Converter\languages\fr\convertir\wav\txz-en-wav\index.html","True","41","0"
"fr","C:\Users\Sipka\Desktop\Converter\languages\fr\convertir\wav\webm-en-wav\index.html","True","41","0"
"fr","C:\Users\Sipka\Desktop\Converter\languages\fr\convertir\wav\webp-en-wav\index.html","True","41","0"
"fr","C:\Users\Sipka\Desktop\Converter\languages\fr\convertir\wav\xlsx-en-wav\index.html","True","41","0"
"fr","C:\Users\Sipka\Desktop\Converter\languages\fr\convertir\wav\zip-en-wav\index.html","True","41","0"
"fr","C:\Users\Sipka\Desktop\Converter\languages\fr\convertir\webm\7z-en-webm\index.html","True","41","0"
"fr","C:\Users\Sipka\Desktop\Converter\languages\fr\convertir\webm\aac-en-webm\index.html","True","41","0"
"fr","C:\Users\Sipka\Desktop\Converter\languages\fr\convertir\webm\aiff-en-webm\index.html","True","41","0"
"fr","C:\Users\Sipka\Desktop\Converter\languages\fr\convertir\webm\bmp-en-webm\index.html","True","41","0"
"fr","C:\Users\Sipka\Desktop\Converter\languages\fr\convertir\webm\csv-en-webm\index.html","True","41","0"
"fr","C:\Users\Sipka\Desktop\Converter\languages\fr\convertir\webm\docx-en-webm\index.html","True","41","0"
"fr","C:\Users\Sipka\Desktop\Converter\languages\fr\convertir\webm\flac-en-webm\index.html","True","41","0"
"fr","C:\Users\Sipka\Desktop\Converter\languages\fr\convertir\webm\gif-en-webm\index.html","True","41","0"
"fr","C:\Users\Sipka\Desktop\Converter\languages\fr\convertir\webm\html-en-webm\index.html","True","41","0"
"fr","C:\Users\Sipka\Desktop\Converter\languages\fr\convertir\webm\jpeg-en-webm\index.html","True","41","0"
"fr","C:\Users\Sipka\Desktop\Converter\languages\fr\convertir\webm\jpg-en-webm\index.html","True","41","0"
"fr","C:\Users\Sipka\Desktop\Converter\languages\fr\convertir\webm\json-en-webm\index.html","True","41","0"
"fr","C:\Users\Sipka\Desktop\Converter\languages\fr\convertir\webm\jsonl-en-webm\index.html","True","41","0"
"fr","C:\Users\Sipka\Desktop\Converter\languages\fr\convertir\webm\m4a-en-webm\index.html","True","41","0"
"fr","C:\Users\Sipka\Desktop\Converter\languages\fr\convertir\webm\m4v-en-webm\index.html","True","41","0"
"fr","C:\Users\Sipka\Desktop\Converter\languages\fr\convertir\webm\md-en-webm\index.html","True","41","0"
"fr","C:\Users\Sipka\Desktop\Converter\languages\fr\convertir\webm\mkv-en-webm\index.html","True","41","0"
"fr","C:\Users\Sipka\Desktop\Converter\languages\fr\convertir\webm\mov-en-webm\index.html","True","41","0"
"fr","C:\Users\Sipka\Desktop\Converter\languages\fr\convertir\webm\mp3-en-webm\index.html","True","41","0"
"fr","C:\Users\Sipka\Desktop\Converter\languages\fr\convertir\webm\mp4-en-webm\index.html","True","41","0"
"fr","C:\Users\Sipka\Desktop\Converter\languages\fr\convertir\webm\ogg-en-webm\index.html","True","41","0"
"fr","C:\Users\Sipka\Desktop\Converter\languages\fr\convertir\webm\opus-en-webm\index.html","True","41","0"
"fr","C:\Users\Sipka\Desktop\Converter\languages\fr\convertir\webm\pdf-en-webm\index.html","True","41","0"
"fr","C:\Users\Sipka\Desktop\Converter\languages\fr\convertir\webm\png-en-webm\index.html","True","41","0"
"fr","C:\Users\Sipka\Desktop\Converter\languages\fr\convertir\webm\pptx-en-webm\index.html","True","41","0"
"fr","C:\Users\Sipka\Desktop\Converter\languages\fr\convertir\webm\rar-en-webm\index.html","True","41","0"
"fr","C:\Users\Sipka\Desktop\Converter\languages\fr\convertir\webm\rtf-en-webm\index.html","True","41","0"
"fr","C:\Users\Sipka\Desktop\Converter\languages\fr\convertir\webm\svg-en-webm\index.html","True","41","0"
"fr","C:\Users\Sipka\Desktop\Converter\languages\fr\convertir\webm\tar-en-webm\index.html","True","41","0"
"fr","C:\Users\Sipka\Desktop\Converter\languages\fr\convertir\webm\tar.bz2-en-webm\index.html","True","41","0"
"fr","C:\Users\Sipka\Desktop\Converter\languages\fr\convertir\webm\tar.gz-en-webm\index.html","True","41","0"
"fr","C:\Users\Sipka\Desktop\Converter\languages\fr\convertir\webm\tar.xz-en-webm\index.html","True","41","0"
"fr","C:\Users\Sipka\Desktop\Converter\languages\fr\convertir\webm\tbz-en-webm\index.html","True","41","0"
"fr","C:\Users\Sipka\Desktop\Converter\languages\fr\convertir\webm\tgz-en-webm\index.html","True","41","0"
"fr","C:\Users\Sipka\Desktop\Converter\languages\fr\convertir\webm\tiff-en-webm\index.html","True","41","0"
"fr","C:\Users\Sipka\Desktop\Converter\languages\fr\convertir\webm\tsv-en-webm\index.html","True","41","0"
"fr","C:\Users\Sipka\Desktop\Converter\languages\fr\convertir\webm\txt-en-webm\index.html","True","41","0"
"fr","C:\Users\Sipka\Desktop\Converter\languages\fr\convertir\webm\txz-en-webm\index.html","True","41","0"
"fr","C:\Users\Sipka\Desktop\Converter\languages\fr\convertir\webm\wav-en-webm\index.html","True","41","0"
"fr","C:\Users\Sipka\Desktop\Converter\languages\fr\convertir\webm\webp-en-webm\index.html","True","41","0"
"fr","C:\Users\Sipka\Desktop\Converter\languages\fr\convertir\webm\xlsx-en-webm\index.html","True","41","0"
"fr","C:\Users\Sipka\Desktop\Converter\languages\fr\convertir\webm\zip-en-webm\index.html","True","41","0"
"fr","C:\Users\Sipka\Desktop\Converter\languages\fr\convertir\webp\7z-en-webp\index.html","True","41","0"
"fr","C:\Users\Sipka\Desktop\Converter\languages\fr\convertir\webp\aac-en-webp\index.html","True","41","0"
"fr","C:\Users\Sipka\Desktop\Converter\languages\fr\convertir\webp\aiff-en-webp\index.html","True","41","0"
"fr","C:\Users\Sipka\Desktop\Converter\languages\fr\convertir\webp\bmp-en-webp\index.html","True","41","0"
"fr","C:\Users\Sipka\Desktop\Converter\languages\fr\convertir\webp\csv-en-webp\index.html","True","41","0"
"fr","C:\Users\Sipka\Desktop\Converter\languages\fr\convertir\webp\docx-en-webp\index.html","True","41","0"
"fr","C:\Users\Sipka\Desktop\Converter\languages\fr\convertir\webp\flac-en-webp\index.html","True","41","0"
"fr","C:\Users\Sipka\Desktop\Converter\languages\fr\convertir\webp\gif-en-webp\index.html","True","41","0"
"fr","C:\Users\Sipka\Desktop\Converter\languages\fr\convertir\webp\html-en-webp\index.html","True","41","0"
"fr","C:\Users\Sipka\Desktop\Converter\languages\fr\convertir\webp\jpeg-en-webp\index.html","True","41","0"
"fr","C:\Users\Sipka\Desktop\Converter\languages\fr\convertir\webp\jpg-en-webp\index.html","True","41","0"
"fr","C:\Users\Sipka\Desktop\Converter\languages\fr\convertir\webp\json-en-webp\index.html","True","41","0"
"fr","C:\Users\Sipka\Desktop\Converter\languages\fr\convertir\webp\jsonl-en-webp\index.html","True","41","0"
"fr","C:\Users\Sipka\Desktop\Converter\languages\fr\convertir\webp\m4a-en-webp\index.html","True","41","0"
"fr","C:\Users\Sipka\Desktop\Converter\languages\fr\convertir\webp\m4v-en-webp\index.html","True","41","0"
"fr","C:\Users\Sipka\Desktop\Converter\languages\fr\convertir\webp\md-en-webp\index.html","True","41","0"
"fr","C:\Users\Sipka\Desktop\Converter\languages\fr\convertir\webp\mkv-en-webp\index.html","True","41","0"
"fr","C:\Users\Sipka\Desktop\Converter\languages\fr\convertir\webp\mov-en-webp\index.html","True","41","0"
"fr","C:\Users\Sipka\Desktop\Converter\languages\fr\convertir\webp\mp3-en-webp\index.html","True","41","0"
"fr","C:\Users\Sipka\Desktop\Converter\languages\fr\convertir\webp\mp4-en-webp\index.html","True","41","0"
"fr","C:\Users\Sipka\Desktop\Converter\languages\fr\convertir\webp\ogg-en-webp\index.html","True","41","0"
"fr","C:\Users\Sipka\Desktop\Converter\languages\fr\convertir\webp\opus-en-webp\index.html","True","41","0"
"fr","C:\Users\Sipka\Desktop\Converter\languages\fr\convertir\webp\pdf-en-webp\index.html","True","41","0"
"fr","C:\Users\Sipka\Desktop\Converter\languages\fr\convertir\webp\png-en-webp\index.html","True","41","0"
"fr","C:\Users\Sipka\Desktop\Converter\languages\fr\convertir\webp\pptx-en-webp\index.html","True","41","0"
"fr","C:\Users\Sipka\Desktop\Converter\languages\fr\convertir\webp\rar-en-webp\index.html","True","41","0"
"fr","C:\Users\Sipka\Desktop\Converter\languages\fr\convertir\webp\rtf-en-webp\index.html","True","41","0"
"fr","C:\Users\Sipka\Desktop\Converter\languages\fr\convertir\webp\svg-en-webp\index.html","True","41","0"
"fr","C:\Users\Sipka\Desktop\Converter\languages\fr\convertir\webp\tar-en-webp\index.html","True","41","0"
"fr","C:\Users\Sipka\Desktop\Converter\languages\fr\convertir\webp\tar.bz2-en-webp\index.html","True","41","0"
"fr","C:\Users\Sipka\Desktop\Converter\languages\fr\convertir\webp\tar.gz-en-webp\index.html","True","41","0"
"fr","C:\Users\Sipka\Desktop\Converter\languages\fr\convertir\webp\tar.xz-en-webp\index.html","True","41","0"
"fr","C:\Users\Sipka\Desktop\Converter\languages\fr\convertir\webp\tbz-en-webp\index.html","True","41","0"
"fr","C:\Users\Sipka\Desktop\Converter\languages\fr\convertir\webp\tgz-en-webp\index.html","True","41","0"
"fr","C:\Users\Sipka\Desktop\Converter\languages\fr\convertir\webp\tiff-en-webp\index.html","True","41","0"
"fr","C:\Users\Sipka\Desktop\Converter\languages\fr\convertir\webp\tsv-en-webp\index.html","True","41","0"
"fr","C:\Users\Sipka\Desktop\Converter\languages\fr\convertir\webp\txt-en-webp\index.html","True","41","0"
"fr","C:\Users\Sipka\Desktop\Converter\languages\fr\convertir\webp\txz-en-webp\index.html","True","41","0"
"fr","C:\Users\Sipka\Desktop\Converter\languages\fr\convertir\webp\wav-en-webp\index.html","True","41","0"
"fr","C:\Users\Sipka\Desktop\Converter\languages\fr\convertir\webp\webm-en-webp\index.html","True","41","0"
"fr","C:\Users\Sipka\Desktop\Converter\languages\fr\convertir\webp\xlsx-en-webp\index.html","True","41","0"
"fr","C:\Users\Sipka\Desktop\Converter\languages\fr\convertir\webp\zip-en-webp\index.html","True","41","0"
"fr","C:\Users\Sipka\Desktop\Converter\languages\fr\convertir\xlsx\7z-en-xlsx\index.html","True","41","0"
"fr","C:\Users\Sipka\Desktop\Converter\languages\fr\convertir\xlsx\aac-en-xlsx\index.html","True","41","0"
"fr","C:\Users\Sipka\Desktop\Converter\languages\fr\convertir\xlsx\aiff-en-xlsx\index.html","True","41","0"
"fr","C:\Users\Sipka\Desktop\Converter\languages\fr\convertir\xlsx\bmp-en-xlsx\index.html","True","41","0"
"fr","C:\Users\Sipka\Desktop\Converter\languages\fr\convertir\xlsx\csv-en-xlsx\index.html","True","41","0"
"fr","C:\Users\Sipka\Desktop\Converter\languages\fr\convertir\xlsx\docx-en-xlsx\index.html","True","41","0"
"fr","C:\Users\Sipka\Desktop\Converter\languages\fr\convertir\xlsx\flac-en-xlsx\index.html","True","41","0"
"fr","C:\Users\Sipka\Desktop\Converter\languages\fr\convertir\xlsx\gif-en-xlsx\index.html","True","41","0"
"fr","C:\Users\Sipka\Desktop\Converter\languages\fr\convertir\xlsx\html-en-xlsx\index.html","True","41","0"
"fr","C:\Users\Sipka\Desktop\Converter\languages\fr\convertir\xlsx\jpeg-en-xlsx\index.html","True","41","0"
"fr","C:\Users\Sipka\Desktop\Converter\languages\fr\convertir\xlsx\jpg-en-xlsx\index.html","True","41","0"
"fr","C:\Users\Sipka\Desktop\Converter\languages\fr\convertir\xlsx\json-en-xlsx\index.html","True","41","0"
"fr","C:\Users\Sipka\Desktop\Converter\languages\fr\convertir\xlsx\jsonl-en-xlsx\index.html","True","41","0"
"fr","C:\Users\Sipka\Desktop\Converter\languages\fr\convertir\xlsx\m4a-en-xlsx\index.html","True","41","0"
"fr","C:\Users\Sipka\Desktop\Converter\languages\fr\convertir\xlsx\m4v-en-xlsx\index.html","True","41","0"
"fr","C:\Users\Sipka\Desktop\Converter\languages\fr\convertir\xlsx\md-en-xlsx\index.html","True","41","0"
"fr","C:\Users\Sipka\Desktop\Converter\languages\fr\convertir\xlsx\mkv-en-xlsx\index.html","True","41","0"
"fr","C:\Users\Sipka\Desktop\Converter\languages\fr\convertir\xlsx\mov-en-xlsx\index.html","True","41","0"
"fr","C:\Users\Sipka\Desktop\Converter\languages\fr\convertir\xlsx\mp3-en-xlsx\index.html","True","41","0"
"fr","C:\Users\Sipka\Desktop\Converter\languages\fr\convertir\xlsx\mp4-en-xlsx\index.html","True","41","0"
"fr","C:\Users\Sipka\Desktop\Converter\languages\fr\convertir\xlsx\ogg-en-xlsx\index.html","True","41","0"
"fr","C:\Users\Sipka\Desktop\Converter\languages\fr\convertir\xlsx\opus-en-xlsx\index.html","True","41","0"
"fr","C:\Users\Sipka\Desktop\Converter\languages\fr\convertir\xlsx\pdf-en-xlsx\index.html","True","41","0"
"fr","C:\Users\Sipka\Desktop\Converter\languages\fr\convertir\xlsx\png-en-xlsx\index.html","True","41","0"
"fr","C:\Users\Sipka\Desktop\Converter\languages\fr\convertir\xlsx\pptx-en-xlsx\index.html","True","41","0"
"fr","C:\Users\Sipka\Desktop\Converter\languages\fr\convertir\xlsx\rar-en-xlsx\index.html","True","41","0"
"fr","C:\Users\Sipka\Desktop\Converter\languages\fr\convertir\xlsx\rtf-en-xlsx\index.html","True","41","0"
"fr","C:\Users\Sipka\Desktop\Converter\languages\fr\convertir\xlsx\svg-en-xlsx\index.html","True","41","0"
"fr","C:\Users\Sipka\Desktop\Converter\languages\fr\convertir\xlsx\tar-en-xlsx\index.html","True","41","0"
"fr","C:\Users\Sipka\Desktop\Converter\languages\fr\convertir\xlsx\tar.bz2-en-xlsx\index.html","True","41","0"
"fr","C:\Users\Sipka\Desktop\Converter\languages\fr\convertir\xlsx\tar.gz-en-xlsx\index.html","True","41","0"
"fr","C:\Users\Sipka\Desktop\Converter\languages\fr\convertir\xlsx\tar.xz-en-xlsx\index.html","True","41","0"
"fr","C:\Users\Sipka\Desktop\Converter\languages\fr\convertir\xlsx\tbz-en-xlsx\index.html","True","41","0"
"fr","C:\Users\Sipka\Desktop\Converter\languages\fr\convertir\xlsx\tgz-en-xlsx\index.html","True","41","0"
"fr","C:\Users\Sipka\Desktop\Converter\languages\fr\convertir\xlsx\tiff-en-xlsx\index.html","True","41","0"
"fr","C:\Users\Sipka\Desktop\Converter\languages\fr\convertir\xlsx\tsv-en-xlsx\index.html","True","41","0"
"fr","C:\Users\Sipka\Desktop\Converter\languages\fr\convertir\xlsx\txt-en-xlsx\index.html","True","41","0"
"fr","C:\Users\Sipka\Desktop\Converter\languages\fr\convertir\xlsx\txz-en-xlsx\index.html","True","41","0"
"fr","C:\Users\Sipka\Desktop\Converter\languages\fr\convertir\xlsx\wav-en-xlsx\index.html","True","41","0"
"fr","C:\Users\Sipka\Desktop\Converter\languages\fr\convertir\xlsx\webm-en-xlsx\index.html","True","41","0"
"fr","C:\Users\Sipka\Desktop\Converter\languages\fr\convertir\xlsx\webp-en-xlsx\index.html","True","41","0"
"fr","C:\Users\Sipka\Desktop\Converter\languages\fr\convertir\xlsx\zip-en-xlsx\index.html","True","41","0"
"fr","C:\Users\Sipka\Desktop\Converter\languages\fr\convertir\zip\7z-en-zip\index.html","True","41","0"
"fr","C:\Users\Sipka\Desktop\Converter\languages\fr\convertir\zip\aac-en-zip\index.html","True","41","0"
"fr","C:\Users\Sipka\Desktop\Converter\languages\fr\convertir\zip\aiff-en-zip\index.html","True","41","0"
"fr","C:\Users\Sipka\Desktop\Converter\languages\fr\convertir\zip\bmp-en-zip\index.html","True","41","0"
"fr","C:\Users\Sipka\Desktop\Converter\languages\fr\convertir\zip\csv-en-zip\index.html","True","41","0"
"fr","C:\Users\Sipka\Desktop\Converter\languages\fr\convertir\zip\docx-en-zip\index.html","True","41","0"
"fr","C:\Users\Sipka\Desktop\Converter\languages\fr\convertir\zip\flac-en-zip\index.html","True","41","0"
"fr","C:\Users\Sipka\Desktop\Converter\languages\fr\convertir\zip\gif-en-zip\index.html","True","41","0"
"fr","C:\Users\Sipka\Desktop\Converter\languages\fr\convertir\zip\html-en-zip\index.html","True","41","0"
"fr","C:\Users\Sipka\Desktop\Converter\languages\fr\convertir\zip\jpeg-en-zip\index.html","True","41","0"
"fr","C:\Users\Sipka\Desktop\Converter\languages\fr\convertir\zip\jpg-en-zip\index.html","True","41","0"
"fr","C:\Users\Sipka\Desktop\Converter\languages\fr\convertir\zip\json-en-zip\index.html","True","41","0"
"fr","C:\Users\Sipka\Desktop\Converter\languages\fr\convertir\zip\jsonl-en-zip\index.html","True","41","0"
"fr","C:\Users\Sipka\Desktop\Converter\languages\fr\convertir\zip\m4a-en-zip\index.html","True","41","0"
"fr","C:\Users\Sipka\Desktop\Converter\languages\fr\convertir\zip\m4v-en-zip\index.html","True","41","0"
"fr","C:\Users\Sipka\Desktop\Converter\languages\fr\convertir\zip\md-en-zip\index.html","True","41","0"
"fr","C:\Users\Sipka\Desktop\Converter\languages\fr\convertir\zip\mkv-en-zip\index.html","True","41","0"
"fr","C:\Users\Sipka\Desktop\Converter\languages\fr\convertir\zip\mov-en-zip\index.html","True","41","0"
"fr","C:\Users\Sipka\Desktop\Converter\languages\fr\convertir\zip\mp3-en-zip\index.html","True","41","0"
"fr","C:\Users\Sipka\Desktop\Converter\languages\fr\convertir\zip\mp4-en-zip\index.html","True","41","0"
"fr","C:\Users\Sipka\Desktop\Converter\languages\fr\convertir\zip\ogg-en-zip\index.html","True","41","0"
"fr","C:\Users\Sipka\Desktop\Converter\languages\fr\convertir\zip\opus-en-zip\index.html","True","41","0"
"fr","C:\Users\Sipka\Desktop\Converter\languages\fr\convertir\zip\pdf-en-zip\index.html","True","41","0"
"fr","C:\Users\Sipka\Desktop\Converter\languages\fr\convertir\zip\png-en-zip\index.html","True","41","0"
"fr","C:\Users\Sipka\Desktop\Converter\languages\fr\convertir\zip\pptx-en-zip\index.html","True","41","0"
"fr","C:\Users\Sipka\Desktop\Converter\languages\fr\convertir\zip\rar-en-zip\index.html","True","41","0"
"fr","C:\Users\Sipka\Desktop\Converter\languages\fr\convertir\zip\rtf-en-zip\index.html","True","41","0"
"fr","C:\Users\Sipka\Desktop\Converter\languages\fr\convertir\zip\svg-en-zip\index.html","True","41","0"
"fr","C:\Users\Sipka\Desktop\Converter\languages\fr\convertir\zip\tar-en-zip\index.html","True","41","0"
"fr","C:\Users\Sipka\Desktop\Converter\languages\fr\convertir\zip\tar.bz2-en-zip\index.html","True","41","0"
"fr","C:\Users\Sipka\Desktop\Converter\languages\fr\convertir\zip\tar.gz-en-zip\index.html","True","41","0"
"fr","C:\Users\Sipka\Desktop\Converter\languages\fr\convertir\zip\tar.xz-en-zip\index.html","True","41","0"
"fr","C:\Users\Sipka\Desktop\Converter\languages\fr\convertir\zip\tbz-en-zip\index.html","True","41","0"
"fr","C:\Users\Sipka\Desktop\Converter\languages\fr\convertir\zip\tgz-en-zip\index.html","True","41","0"
"fr","C:\Users\Sipka\Desktop\Converter\languages\fr\convertir\zip\tiff-en-zip\index.html","True","41","0"
"fr","C:\Users\Sipka\Desktop\Converter\languages\fr\convertir\zip\tsv-en-zip\index.html","True","41","0"
"fr","C:\Users\Sipka\Desktop\Converter\languages\fr\convertir\zip\txt-en-zip\index.html","True","41","0"
"fr","C:\Users\Sipka\Desktop\Converter\languages\fr\convertir\zip\txz-en-zip\index.html","True","41","0"
"fr","C:\Users\Sipka\Desktop\Converter\languages\fr\convertir\zip\wav-en-zip\index.html","True","41","0"
"fr","C:\Users\Sipka\Desktop\Converter\languages\fr\convertir\zip\webm-en-zip\index.html","True","41","0"
"fr","C:\Users\Sipka\Desktop\Converter\languages\fr\convertir\zip\webp-en-zip\index.html","True","41","0"
"fr","C:\Users\Sipka\Desktop\Converter\languages\fr\convertir\zip\xlsx-en-zip\index.html","True","41","0"
"it","C:\Users\Sipka\Desktop\Converter\languages\it\convertire\7z\aac-in-7z\index.html","True","41","0"
"it","C:\Users\Sipka\Desktop\Converter\languages\it\convertire\7z\aiff-in-7z\index.html","True","41","0"
"it","C:\Users\Sipka\Desktop\Converter\languages\it\convertire\7z\bmp-in-7z\index.html","True","41","0"
"it","C:\Users\Sipka\Desktop\Converter\languages\it\convertire\7z\csv-in-7z\index.html","True","41","0"
"it","C:\Users\Sipka\Desktop\Converter\languages\it\convertire\7z\docx-in-7z\index.html","True","41","0"
"it","C:\Users\Sipka\Desktop\Converter\languages\it\convertire\7z\flac-in-7z\index.html","True","41","0"
"it","C:\Users\Sipka\Desktop\Converter\languages\it\convertire\7z\gif-in-7z\index.html","True","41","0"
"it","C:\Users\Sipka\Desktop\Converter\languages\it\convertire\7z\html-in-7z\index.html","True","41","0"
"it","C:\Users\Sipka\Desktop\Converter\languages\it\convertire\7z\jpeg-in-7z\index.html","True","41","0"
"it","C:\Users\Sipka\Desktop\Converter\languages\it\convertire\7z\jpg-in-7z\index.html","True","41","0"
"it","C:\Users\Sipka\Desktop\Converter\languages\it\convertire\7z\json-in-7z\index.html","True","41","0"
"it","C:\Users\Sipka\Desktop\Converter\languages\it\convertire\7z\jsonl-in-7z\index.html","True","41","0"
"it","C:\Users\Sipka\Desktop\Converter\languages\it\convertire\7z\m4a-in-7z\index.html","True","41","0"
"it","C:\Users\Sipka\Desktop\Converter\languages\it\convertire\7z\m4v-in-7z\index.html","True","41","0"
"it","C:\Users\Sipka\Desktop\Converter\languages\it\convertire\7z\md-in-7z\index.html","True","41","0"
"it","C:\Users\Sipka\Desktop\Converter\languages\it\convertire\7z\mkv-in-7z\index.html","True","41","0"
"it","C:\Users\Sipka\Desktop\Converter\languages\it\convertire\7z\mov-in-7z\index.html","True","41","0"
"it","C:\Users\Sipka\Desktop\Converter\languages\it\convertire\7z\mp3-in-7z\index.html","True","41","0"
"it","C:\Users\Sipka\Desktop\Converter\languages\it\convertire\7z\mp4-in-7z\index.html","True","41","0"
"it","C:\Users\Sipka\Desktop\Converter\languages\it\convertire\7z\ogg-in-7z\index.html","True","41","0"
"it","C:\Users\Sipka\Desktop\Converter\languages\it\convertire\7z\opus-in-7z\index.html","True","41","0"
"it","C:\Users\Sipka\Desktop\Converter\languages\it\convertire\7z\pdf-in-7z\index.html","True","41","0"
"it","C:\Users\Sipka\Desktop\Converter\languages\it\convertire\7z\png-in-7z\index.html","True","41","0"
"it","C:\Users\Sipka\Desktop\Converter\languages\it\convertire\7z\pptx-in-7z\index.html","True","41","0"
"it","C:\Users\Sipka\Desktop\Converter\languages\it\convertire\7z\rar-in-7z\index.html","True","41","0"
"it","C:\Users\Sipka\Desktop\Converter\languages\it\convertire\7z\rtf-in-7z\index.html","True","41","0"
"it","C:\Users\Sipka\Desktop\Converter\languages\it\convertire\7z\svg-in-7z\index.html","True","41","0"
"it","C:\Users\Sipka\Desktop\Converter\languages\it\convertire\7z\tar-in-7z\index.html","True","41","0"
"it","C:\Users\Sipka\Desktop\Converter\languages\it\convertire\7z\tar.bz2-in-7z\index.html","True","41","0"
"it","C:\Users\Sipka\Desktop\Converter\languages\it\convertire\7z\tar.gz-in-7z\index.html","True","41","0"
"it","C:\Users\Sipka\Desktop\Converter\languages\it\convertire\7z\tar.xz-in-7z\index.html","True","41","0"
"it","C:\Users\Sipka\Desktop\Converter\languages\it\convertire\7z\tbz-in-7z\index.html","True","41","0"
"it","C:\Users\Sipka\Desktop\Converter\languages\it\convertire\7z\tgz-in-7z\index.html","True","41","0"
"it","C:\Users\Sipka\Desktop\Converter\languages\it\convertire\7z\tiff-in-7z\index.html","True","41","0"
"it","C:\Users\Sipka\Desktop\Converter\languages\it\convertire\7z\tsv-in-7z\index.html","True","41","0"
"it","C:\Users\Sipka\Desktop\Converter\languages\it\convertire\7z\txt-in-7z\index.html","True","41","0"
"it","C:\Users\Sipka\Desktop\Converter\languages\it\convertire\7z\txz-in-7z\index.html","True","41","0"
"it","C:\Users\Sipka\Desktop\Converter\languages\it\convertire\7z\wav-in-7z\index.html","True","41","0"
"it","C:\Users\Sipka\Desktop\Converter\languages\it\convertire\7z\webm-in-7z\index.html","True","41","0"
"it","C:\Users\Sipka\Desktop\Converter\languages\it\convertire\7z\webp-in-7z\index.html","True","41","0"
"it","C:\Users\Sipka\Desktop\Converter\languages\it\convertire\7z\xlsx-in-7z\index.html","True","41","0"
"it","C:\Users\Sipka\Desktop\Converter\languages\it\convertire\7z\zip-in-7z\index.html","True","41","0"
"it","C:\Users\Sipka\Desktop\Converter\languages\it\convertire\aac\7z-in-aac\index.html","True","41","0"
"it","C:\Users\Sipka\Desktop\Converter\languages\it\convertire\aac\aiff-in-aac\index.html","True","41","0"
"it","C:\Users\Sipka\Desktop\Converter\languages\it\convertire\aac\bmp-in-aac\index.html","True","41","0"
"it","C:\Users\Sipka\Desktop\Converter\languages\it\convertire\aac\csv-in-aac\index.html","True","41","0"
"it","C:\Users\Sipka\Desktop\Converter\languages\it\convertire\aac\docx-in-aac\index.html","True","41","0"
"it","C:\Users\Sipka\Desktop\Converter\languages\it\convertire\aac\flac-in-aac\index.html","True","41","0"
"it","C:\Users\Sipka\Desktop\Converter\languages\it\convertire\aac\gif-in-aac\index.html","True","41","0"
"it","C:\Users\Sipka\Desktop\Converter\languages\it\convertire\aac\html-in-aac\index.html","True","41","0"
"it","C:\Users\Sipka\Desktop\Converter\languages\it\convertire\aac\jpeg-in-aac\index.html","True","41","0"
"it","C:\Users\Sipka\Desktop\Converter\languages\it\convertire\aac\jpg-in-aac\index.html","True","41","0"
"it","C:\Users\Sipka\Desktop\Converter\languages\it\convertire\aac\json-in-aac\index.html","True","41","0"
"it","C:\Users\Sipka\Desktop\Converter\languages\it\convertire\aac\jsonl-in-aac\index.html","True","41","0"
"it","C:\Users\Sipka\Desktop\Converter\languages\it\convertire\aac\m4a-in-aac\index.html","True","41","0"
"it","C:\Users\Sipka\Desktop\Converter\languages\it\convertire\aac\m4v-in-aac\index.html","True","41","0"
"it","C:\Users\Sipka\Desktop\Converter\languages\it\convertire\aac\md-in-aac\index.html","True","41","0"
"it","C:\Users\Sipka\Desktop\Converter\languages\it\convertire\aac\mkv-in-aac\index.html","True","41","0"
"it","C:\Users\Sipka\Desktop\Converter\languages\it\convertire\aac\mov-in-aac\index.html","True","41","0"
"it","C:\Users\Sipka\Desktop\Converter\languages\it\convertire\aac\mp3-in-aac\index.html","True","41","0"
"it","C:\Users\Sipka\Desktop\Converter\languages\it\convertire\aac\mp4-in-aac\index.html","True","41","0"
"it","C:\Users\Sipka\Desktop\Converter\languages\it\convertire\aac\ogg-in-aac\index.html","True","41","0"
"it","C:\Users\Sipka\Desktop\Converter\languages\it\convertire\aac\opus-in-aac\index.html","True","41","0"
"it","C:\Users\Sipka\Desktop\Converter\languages\it\convertire\aac\pdf-in-aac\index.html","True","41","0"
"it","C:\Users\Sipka\Desktop\Converter\languages\it\convertire\aac\png-in-aac\index.html","True","41","0"
"it","C:\Users\Sipka\Desktop\Converter\languages\it\convertire\aac\pptx-in-aac\index.html","True","41","0"
"it","C:\Users\Sipka\Desktop\Converter\languages\it\convertire\aac\rar-in-aac\index.html","True","41","0"
"it","C:\Users\Sipka\Desktop\Converter\languages\it\convertire\aac\rtf-in-aac\index.html","True","41","0"
"it","C:\Users\Sipka\Desktop\Converter\languages\it\convertire\aac\svg-in-aac\index.html","True","41","0"
"it","C:\Users\Sipka\Desktop\Converter\languages\it\convertire\aac\tar-in-aac\index.html","True","41","0"
"it","C:\Users\Sipka\Desktop\Converter\languages\it\convertire\aac\tar.bz2-in-aac\index.html","True","41","0"
"it","C:\Users\Sipka\Desktop\Converter\languages\it\convertire\aac\tar.gz-in-aac\index.html","True","41","0"
"it","C:\Users\Sipka\Desktop\Converter\languages\it\convertire\aac\tar.xz-in-aac\index.html","True","41","0"
"it","C:\Users\Sipka\Desktop\Converter\languages\it\convertire\aac\tbz-in-aac\index.html","True","41","0"
"it","C:\Users\Sipka\Desktop\Converter\languages\it\convertire\aac\tgz-in-aac\index.html","True","41","0"
"it","C:\Users\Sipka\Desktop\Converter\languages\it\convertire\aac\tiff-in-aac\index.html","True","41","0"
"it","C:\Users\Sipka\Desktop\Converter\languages\it\convertire\aac\tsv-in-aac\index.html","True","41","0"
"it","C:\Users\Sipka\Desktop\Converter\languages\it\convertire\aac\txt-in-aac\index.html","True","41","0"
"it","C:\Users\Sipka\Desktop\Converter\languages\it\convertire\aac\txz-in-aac\index.html","True","41","0"
"it","C:\Users\Sipka\Desktop\Converter\languages\it\convertire\aac\wav-in-aac\index.html","True","41","0"
"it","C:\Users\Sipka\Desktop\Converter\languages\it\convertire\aac\webm-in-aac\index.html","True","41","0"
"it","C:\Users\Sipka\Desktop\Converter\languages\it\convertire\aac\webp-in-aac\index.html","True","41","0"
"it","C:\Users\Sipka\Desktop\Converter\languages\it\convertire\aac\xlsx-in-aac\index.html","True","41","0"
"it","C:\Users\Sipka\Desktop\Converter\languages\it\convertire\aac\zip-in-aac\index.html","True","41","0"
"it","C:\Users\Sipka\Desktop\Converter\languages\it\convertire\aiff\7z-in-aiff\index.html","True","41","0"
"it","C:\Users\Sipka\Desktop\Converter\languages\it\convertire\aiff\aac-in-aiff\index.html","True","41","0"
"it","C:\Users\Sipka\Desktop\Converter\languages\it\convertire\aiff\bmp-in-aiff\index.html","True","41","0"
"it","C:\Users\Sipka\Desktop\Converter\languages\it\convertire\aiff\csv-in-aiff\index.html","True","41","0"
"it","C:\Users\Sipka\Desktop\Converter\languages\it\convertire\aiff\docx-in-aiff\index.html","True","41","0"
"it","C:\Users\Sipka\Desktop\Converter\languages\it\convertire\aiff\flac-in-aiff\index.html","True","41","0"
"it","C:\Users\Sipka\Desktop\Converter\languages\it\convertire\aiff\gif-in-aiff\index.html","True","41","0"
"it","C:\Users\Sipka\Desktop\Converter\languages\it\convertire\aiff\html-in-aiff\index.html","True","41","0"
"it","C:\Users\Sipka\Desktop\Converter\languages\it\convertire\aiff\jpeg-in-aiff\index.html","True","41","0"
"it","C:\Users\Sipka\Desktop\Converter\languages\it\convertire\aiff\jpg-in-aiff\index.html","True","41","0"
"it","C:\Users\Sipka\Desktop\Converter\languages\it\convertire\aiff\json-in-aiff\index.html","True","41","0"
"it","C:\Users\Sipka\Desktop\Converter\languages\it\convertire\aiff\jsonl-in-aiff\index.html","True","41","0"
"it","C:\Users\Sipka\Desktop\Converter\languages\it\convertire\aiff\m4a-in-aiff\index.html","True","41","0"
"it","C:\Users\Sipka\Desktop\Converter\languages\it\convertire\aiff\m4v-in-aiff\index.html","True","41","0"
"it","C:\Users\Sipka\Desktop\Converter\languages\it\convertire\aiff\md-in-aiff\index.html","True","41","0"
"it","C:\Users\Sipka\Desktop\Converter\languages\it\convertire\aiff\mkv-in-aiff\index.html","True","41","0"
"it","C:\Users\Sipka\Desktop\Converter\languages\it\convertire\aiff\mov-in-aiff\index.html","True","41","0"
"it","C:\Users\Sipka\Desktop\Converter\languages\it\convertire\aiff\mp3-in-aiff\index.html","True","41","0"
"it","C:\Users\Sipka\Desktop\Converter\languages\it\convertire\aiff\mp4-in-aiff\index.html","True","41","0"
"it","C:\Users\Sipka\Desktop\Converter\languages\it\convertire\aiff\ogg-in-aiff\index.html","True","41","0"
"it","C:\Users\Sipka\Desktop\Converter\languages\it\convertire\aiff\opus-in-aiff\index.html","True","41","0"
"it","C:\Users\Sipka\Desktop\Converter\languages\it\convertire\aiff\pdf-in-aiff\index.html","True","41","0"
"it","C:\Users\Sipka\Desktop\Converter\languages\it\convertire\aiff\png-in-aiff\index.html","True","41","0"
"it","C:\Users\Sipka\Desktop\Converter\languages\it\convertire\aiff\pptx-in-aiff\index.html","True","41","0"
"it","C:\Users\Sipka\Desktop\Converter\languages\it\convertire\aiff\rar-in-aiff\index.html","True","41","0"
"it","C:\Users\Sipka\Desktop\Converter\languages\it\convertire\aiff\rtf-in-aiff\index.html","True","41","0"
"it","C:\Users\Sipka\Desktop\Converter\languages\it\convertire\aiff\svg-in-aiff\index.html","True","41","0"
"it","C:\Users\Sipka\Desktop\Converter\languages\it\convertire\aiff\tar-in-aiff\index.html","True","41","0"
"it","C:\Users\Sipka\Desktop\Converter\languages\it\convertire\aiff\tar.bz2-in-aiff\index.html","True","41","0"
"it","C:\Users\Sipka\Desktop\Converter\languages\it\convertire\aiff\tar.gz-in-aiff\index.html","True","41","0"
"it","C:\Users\Sipka\Desktop\Converter\languages\it\convertire\aiff\tar.xz-in-aiff\index.html","True","41","0"
"it","C:\Users\Sipka\Desktop\Converter\languages\it\convertire\aiff\tbz-in-aiff\index.html","True","41","0"
"it","C:\Users\Sipka\Desktop\Converter\languages\it\convertire\aiff\tgz-in-aiff\index.html","True","41","0"
"it","C:\Users\Sipka\Desktop\Converter\languages\it\convertire\aiff\tiff-in-aiff\index.html","True","41","0"
"it","C:\Users\Sipka\Desktop\Converter\languages\it\convertire\aiff\tsv-in-aiff\index.html","True","41","0"
"it","C:\Users\Sipka\Desktop\Converter\languages\it\convertire\aiff\txt-in-aiff\index.html","True","41","0"
"it","C:\Users\Sipka\Desktop\Converter\languages\it\convertire\aiff\txz-in-aiff\index.html","True","41","0"
"it","C:\Users\Sipka\Desktop\Converter\languages\it\convertire\aiff\wav-in-aiff\index.html","True","41","0"
"it","C:\Users\Sipka\Desktop\Converter\languages\it\convertire\aiff\webm-in-aiff\index.html","True","41","0"
"it","C:\Users\Sipka\Desktop\Converter\languages\it\convertire\aiff\webp-in-aiff\index.html","True","41","0"
"it","C:\Users\Sipka\Desktop\Converter\languages\it\convertire\aiff\xlsx-in-aiff\index.html","True","41","0"
"it","C:\Users\Sipka\Desktop\Converter\languages\it\convertire\aiff\zip-in-aiff\index.html","True","41","0"
"it","C:\Users\Sipka\Desktop\Converter\languages\it\convertire\bmp\7z-in-bmp\index.html","True","41","0"
"it","C:\Users\Sipka\Desktop\Converter\languages\it\convertire\bmp\aac-in-bmp\index.html","True","41","0"
"it","C:\Users\Sipka\Desktop\Converter\languages\it\convertire\bmp\aiff-in-bmp\index.html","True","41","0"
"it","C:\Users\Sipka\Desktop\Converter\languages\it\convertire\bmp\csv-in-bmp\index.html","True","41","0"
"it","C:\Users\Sipka\Desktop\Converter\languages\it\convertire\bmp\docx-in-bmp\index.html","True","41","0"
"it","C:\Users\Sipka\Desktop\Converter\languages\it\convertire\bmp\flac-in-bmp\index.html","True","41","0"
"it","C:\Users\Sipka\Desktop\Converter\languages\it\convertire\bmp\gif-in-bmp\index.html","True","41","0"
"it","C:\Users\Sipka\Desktop\Converter\languages\it\convertire\bmp\html-in-bmp\index.html","True","41","0"
"it","C:\Users\Sipka\Desktop\Converter\languages\it\convertire\bmp\jpeg-in-bmp\index.html","True","41","0"
"it","C:\Users\Sipka\Desktop\Converter\languages\it\convertire\bmp\jpg-in-bmp\index.html","True","41","0"
"it","C:\Users\Sipka\Desktop\Converter\languages\it\convertire\bmp\json-in-bmp\index.html","True","41","0"
"it","C:\Users\Sipka\Desktop\Converter\languages\it\convertire\bmp\jsonl-in-bmp\index.html","True","41","0"
"it","C:\Users\Sipka\Desktop\Converter\languages\it\convertire\bmp\m4a-in-bmp\index.html","True","41","0"
"it","C:\Users\Sipka\Desktop\Converter\languages\it\convertire\bmp\m4v-in-bmp\index.html","True","41","0"
"it","C:\Users\Sipka\Desktop\Converter\languages\it\convertire\bmp\md-in-bmp\index.html","True","41","0"
"it","C:\Users\Sipka\Desktop\Converter\languages\it\convertire\bmp\mkv-in-bmp\index.html","True","41","0"
"it","C:\Users\Sipka\Desktop\Converter\languages\it\convertire\bmp\mov-in-bmp\index.html","True","41","0"
"it","C:\Users\Sipka\Desktop\Converter\languages\it\convertire\bmp\mp3-in-bmp\index.html","True","41","0"
"it","C:\Users\Sipka\Desktop\Converter\languages\it\convertire\bmp\mp4-in-bmp\index.html","True","41","0"
"it","C:\Users\Sipka\Desktop\Converter\languages\it\convertire\bmp\ogg-in-bmp\index.html","True","41","0"
"it","C:\Users\Sipka\Desktop\Converter\languages\it\convertire\bmp\opus-in-bmp\index.html","True","41","0"
"it","C:\Users\Sipka\Desktop\Converter\languages\it\convertire\bmp\pdf-in-bmp\index.html","True","41","0"
"it","C:\Users\Sipka\Desktop\Converter\languages\it\convertire\bmp\png-in-bmp\index.html","True","41","0"
"it","C:\Users\Sipka\Desktop\Converter\languages\it\convertire\bmp\pptx-in-bmp\index.html","True","41","0"
"it","C:\Users\Sipka\Desktop\Converter\languages\it\convertire\bmp\rar-in-bmp\index.html","True","41","0"
"it","C:\Users\Sipka\Desktop\Converter\languages\it\convertire\bmp\rtf-in-bmp\index.html","True","41","0"
"it","C:\Users\Sipka\Desktop\Converter\languages\it\convertire\bmp\svg-in-bmp\index.html","True","41","0"
"it","C:\Users\Sipka\Desktop\Converter\languages\it\convertire\bmp\tar-in-bmp\index.html","True","41","0"
"it","C:\Users\Sipka\Desktop\Converter\languages\it\convertire\bmp\tar.bz2-in-bmp\index.html","True","41","0"
"it","C:\Users\Sipka\Desktop\Converter\languages\it\convertire\bmp\tar.gz-in-bmp\index.html","True","41","0"
"it","C:\Users\Sipka\Desktop\Converter\languages\it\convertire\bmp\tar.xz-in-bmp\index.html","True","41","0"
"it","C:\Users\Sipka\Desktop\Converter\languages\it\convertire\bmp\tbz-in-bmp\index.html","True","41","0"
"it","C:\Users\Sipka\Desktop\Converter\languages\it\convertire\bmp\tgz-in-bmp\index.html","True","41","0"
"it","C:\Users\Sipka\Desktop\Converter\languages\it\convertire\bmp\tiff-in-bmp\index.html","True","41","0"
"it","C:\Users\Sipka\Desktop\Converter\languages\it\convertire\bmp\tsv-in-bmp\index.html","True","41","0"
"it","C:\Users\Sipka\Desktop\Converter\languages\it\convertire\bmp\txt-in-bmp\index.html","True","41","0"
"it","C:\Users\Sipka\Desktop\Converter\languages\it\convertire\bmp\txz-in-bmp\index.html","True","41","0"
"it","C:\Users\Sipka\Desktop\Converter\languages\it\convertire\bmp\wav-in-bmp\index.html","True","41","0"
"it","C:\Users\Sipka\Desktop\Converter\languages\it\convertire\bmp\webm-in-bmp\index.html","True","41","0"
"it","C:\Users\Sipka\Desktop\Converter\languages\it\convertire\bmp\webp-in-bmp\index.html","True","41","0"
"it","C:\Users\Sipka\Desktop\Converter\languages\it\convertire\bmp\xlsx-in-bmp\index.html","True","41","0"
"it","C:\Users\Sipka\Desktop\Converter\languages\it\convertire\bmp\zip-in-bmp\index.html","True","41","0"
"it","C:\Users\Sipka\Desktop\Converter\languages\it\convertire\csv\7z-in-csv\index.html","True","41","0"
"it","C:\Users\Sipka\Desktop\Converter\languages\it\convertire\csv\aac-in-csv\index.html","True","41","0"
"it","C:\Users\Sipka\Desktop\Converter\languages\it\convertire\csv\aiff-in-csv\index.html","True","41","0"
"it","C:\Users\Sipka\Desktop\Converter\languages\it\convertire\csv\bmp-in-csv\index.html","True","41","0"
"it","C:\Users\Sipka\Desktop\Converter\languages\it\convertire\csv\docx-in-csv\index.html","True","41","0"
"it","C:\Users\Sipka\Desktop\Converter\languages\it\convertire\csv\flac-in-csv\index.html","True","41","0"
"it","C:\Users\Sipka\Desktop\Converter\languages\it\convertire\csv\gif-in-csv\index.html","True","41","0"
"it","C:\Users\Sipka\Desktop\Converter\languages\it\convertire\csv\html-in-csv\index.html","True","41","0"
"it","C:\Users\Sipka\Desktop\Converter\languages\it\convertire\csv\jpeg-in-csv\index.html","True","41","0"
"it","C:\Users\Sipka\Desktop\Converter\languages\it\convertire\csv\jpg-in-csv\index.html","True","41","0"
"it","C:\Users\Sipka\Desktop\Converter\languages\it\convertire\csv\json-in-csv\index.html","True","41","0"
"it","C:\Users\Sipka\Desktop\Converter\languages\it\convertire\csv\jsonl-in-csv\index.html","True","41","0"
"it","C:\Users\Sipka\Desktop\Converter\languages\it\convertire\csv\m4a-in-csv\index.html","True","41","0"
"it","C:\Users\Sipka\Desktop\Converter\languages\it\convertire\csv\m4v-in-csv\index.html","True","41","0"
"it","C:\Users\Sipka\Desktop\Converter\languages\it\convertire\csv\md-in-csv\index.html","True","41","0"
"it","C:\Users\Sipka\Desktop\Converter\languages\it\convertire\csv\mkv-in-csv\index.html","True","41","0"
"it","C:\Users\Sipka\Desktop\Converter\languages\it\convertire\csv\mov-in-csv\index.html","True","41","0"
"it","C:\Users\Sipka\Desktop\Converter\languages\it\convertire\csv\mp3-in-csv\index.html","True","41","0"
"it","C:\Users\Sipka\Desktop\Converter\languages\it\convertire\csv\mp4-in-csv\index.html","True","41","0"
"it","C:\Users\Sipka\Desktop\Converter\languages\it\convertire\csv\ogg-in-csv\index.html","True","41","0"
"it","C:\Users\Sipka\Desktop\Converter\languages\it\convertire\csv\opus-in-csv\index.html","True","41","0"
"it","C:\Users\Sipka\Desktop\Converter\languages\it\convertire\csv\pdf-in-csv\index.html","True","41","0"
"it","C:\Users\Sipka\Desktop\Converter\languages\it\convertire\csv\png-in-csv\index.html","True","41","0"
"it","C:\Users\Sipka\Desktop\Converter\languages\it\convertire\csv\pptx-in-csv\index.html","True","41","0"
"it","C:\Users\Sipka\Desktop\Converter\languages\it\convertire\csv\rar-in-csv\index.html","True","41","0"
"it","C:\Users\Sipka\Desktop\Converter\languages\it\convertire\csv\rtf-in-csv\index.html","True","41","0"
"it","C:\Users\Sipka\Desktop\Converter\languages\it\convertire\csv\svg-in-csv\index.html","True","41","0"
"it","C:\Users\Sipka\Desktop\Converter\languages\it\convertire\csv\tar-in-csv\index.html","True","41","0"
"it","C:\Users\Sipka\Desktop\Converter\languages\it\convertire\csv\tar.bz2-in-csv\index.html","True","41","0"
"it","C:\Users\Sipka\Desktop\Converter\languages\it\convertire\csv\tar.gz-in-csv\index.html","True","41","0"
"it","C:\Users\Sipka\Desktop\Converter\languages\it\convertire\csv\tar.xz-in-csv\index.html","True","41","0"
"it","C:\Users\Sipka\Desktop\Converter\languages\it\convertire\csv\tbz-in-csv\index.html","True","41","0"
"it","C:\Users\Sipka\Desktop\Converter\languages\it\convertire\csv\tgz-in-csv\index.html","True","41","0"
"it","C:\Users\Sipka\Desktop\Converter\languages\it\convertire\csv\tiff-in-csv\index.html","True","41","0"
"it","C:\Users\Sipka\Desktop\Converter\languages\it\convertire\csv\tsv-in-csv\index.html","True","41","0"
"it","C:\Users\Sipka\Desktop\Converter\languages\it\convertire\csv\txt-in-csv\index.html","True","41","0"
"it","C:\Users\Sipka\Desktop\Converter\languages\it\convertire\csv\txz-in-csv\index.html","True","41","0"
"it","C:\Users\Sipka\Desktop\Converter\languages\it\convertire\csv\wav-in-csv\index.html","True","41","0"
"it","C:\Users\Sipka\Desktop\Converter\languages\it\convertire\csv\webm-in-csv\index.html","True","41","0"
"it","C:\Users\Sipka\Desktop\Converter\languages\it\convertire\csv\webp-in-csv\index.html","True","41","0"
"it","C:\Users\Sipka\Desktop\Converter\languages\it\convertire\csv\xlsx-in-csv\index.html","True","41","0"
"it","C:\Users\Sipka\Desktop\Converter\languages\it\convertire\csv\zip-in-csv\index.html","True","41","0"
"it","C:\Users\Sipka\Desktop\Converter\languages\it\convertire\docx\7z-in-docx\index.html","True","41","0"
"it","C:\Users\Sipka\Desktop\Converter\languages\it\convertire\docx\aac-in-docx\index.html","True","41","0"
"it","C:\Users\Sipka\Desktop\Converter\languages\it\convertire\docx\aiff-in-docx\index.html","True","41","0"
"it","C:\Users\Sipka\Desktop\Converter\languages\it\convertire\docx\bmp-in-docx\index.html","True","41","0"
"it","C:\Users\Sipka\Desktop\Converter\languages\it\convertire\docx\csv-in-docx\index.html","True","41","0"
"it","C:\Users\Sipka\Desktop\Converter\languages\it\convertire\docx\flac-in-docx\index.html","True","41","0"
"it","C:\Users\Sipka\Desktop\Converter\languages\it\convertire\docx\gif-in-docx\index.html","True","41","0"
"it","C:\Users\Sipka\Desktop\Converter\languages\it\convertire\docx\html-in-docx\index.html","True","41","0"
"it","C:\Users\Sipka\Desktop\Converter\languages\it\convertire\docx\jpeg-in-docx\index.html","True","41","0"
"it","C:\Users\Sipka\Desktop\Converter\languages\it\convertire\docx\jpg-in-docx\index.html","True","41","0"
"it","C:\Users\Sipka\Desktop\Converter\languages\it\convertire\docx\json-in-docx\index.html","True","41","0"
"it","C:\Users\Sipka\Desktop\Converter\languages\it\convertire\docx\jsonl-in-docx\index.html","True","41","0"
"it","C:\Users\Sipka\Desktop\Converter\languages\it\convertire\docx\m4a-in-docx\index.html","True","41","0"
"it","C:\Users\Sipka\Desktop\Converter\languages\it\convertire\docx\m4v-in-docx\index.html","True","41","0"
"it","C:\Users\Sipka\Desktop\Converter\languages\it\convertire\docx\md-in-docx\index.html","True","41","0"
"it","C:\Users\Sipka\Desktop\Converter\languages\it\convertire\docx\mkv-in-docx\index.html","True","41","0"
"it","C:\Users\Sipka\Desktop\Converter\languages\it\convertire\docx\mov-in-docx\index.html","True","41","0"
"it","C:\Users\Sipka\Desktop\Converter\languages\it\convertire\docx\mp3-in-docx\index.html","True","41","0"
"it","C:\Users\Sipka\Desktop\Converter\languages\it\convertire\docx\mp4-in-docx\index.html","True","41","0"
"it","C:\Users\Sipka\Desktop\Converter\languages\it\convertire\docx\ogg-in-docx\index.html","True","41","0"
"it","C:\Users\Sipka\Desktop\Converter\languages\it\convertire\docx\opus-in-docx\index.html","True","41","0"
"it","C:\Users\Sipka\Desktop\Converter\languages\it\convertire\docx\pdf-in-docx\index.html","True","41","0"
"it","C:\Users\Sipka\Desktop\Converter\languages\it\convertire\docx\png-in-docx\index.html","True","41","0"
"it","C:\Users\Sipka\Desktop\Converter\languages\it\convertire\docx\pptx-in-docx\index.html","True","41","0"
"it","C:\Users\Sipka\Desktop\Converter\languages\it\convertire\docx\rar-in-docx\index.html","True","41","0"
"it","C:\Users\Sipka\Desktop\Converter\languages\it\convertire\docx\rtf-in-docx\index.html","True","41","0"
"it","C:\Users\Sipka\Desktop\Converter\languages\it\convertire\docx\svg-in-docx\index.html","True","41","0"
"it","C:\Users\Sipka\Desktop\Converter\languages\it\convertire\docx\tar-in-docx\index.html","True","41","0"
"it","C:\Users\Sipka\Desktop\Converter\languages\it\convertire\docx\tar.bz2-in-docx\index.html","True","41","0"
"it","C:\Users\Sipka\Desktop\Converter\languages\it\convertire\docx\tar.gz-in-docx\index.html","True","41","0"
"it","C:\Users\Sipka\Desktop\Converter\languages\it\convertire\docx\tar.xz-in-docx\index.html","True","41","0"
"it","C:\Users\Sipka\Desktop\Converter\languages\it\convertire\docx\tbz-in-docx\index.html","True","41","0"
"it","C:\Users\Sipka\Desktop\Converter\languages\it\convertire\docx\tgz-in-docx\index.html","True","41","0"
"it","C:\Users\Sipka\Desktop\Converter\languages\it\convertire\docx\tiff-in-docx\index.html","True","41","0"
"it","C:\Users\Sipka\Desktop\Converter\languages\it\convertire\docx\tsv-in-docx\index.html","True","41","0"
"it","C:\Users\Sipka\Desktop\Converter\languages\it\convertire\docx\txt-in-docx\index.html","True","41","0"
"it","C:\Users\Sipka\Desktop\Converter\languages\it\convertire\docx\txz-in-docx\index.html","True","41","0"
"it","C:\Users\Sipka\Desktop\Converter\languages\it\convertire\docx\wav-in-docx\index.html","True","41","0"
"it","C:\Users\Sipka\Desktop\Converter\languages\it\convertire\docx\webm-in-docx\index.html","True","41","0"
"it","C:\Users\Sipka\Desktop\Converter\languages\it\convertire\docx\webp-in-docx\index.html","True","41","0"
"it","C:\Users\Sipka\Desktop\Converter\languages\it\convertire\docx\xlsx-in-docx\index.html","True","41","0"
"it","C:\Users\Sipka\Desktop\Converter\languages\it\convertire\docx\zip-in-docx\index.html","True","41","0"
"it","C:\Users\Sipka\Desktop\Converter\languages\it\convertire\flac\7z-in-flac\index.html","True","41","0"
"it","C:\Users\Sipka\Desktop\Converter\languages\it\convertire\flac\aac-in-flac\index.html","True","41","0"
"it","C:\Users\Sipka\Desktop\Converter\languages\it\convertire\flac\aiff-in-flac\index.html","True","41","0"
"it","C:\Users\Sipka\Desktop\Converter\languages\it\convertire\flac\bmp-in-flac\index.html","True","41","0"
"it","C:\Users\Sipka\Desktop\Converter\languages\it\convertire\flac\csv-in-flac\index.html","True","41","0"
"it","C:\Users\Sipka\Desktop\Converter\languages\it\convertire\flac\docx-in-flac\index.html","True","41","0"
"it","C:\Users\Sipka\Desktop\Converter\languages\it\convertire\flac\gif-in-flac\index.html","True","41","0"
"it","C:\Users\Sipka\Desktop\Converter\languages\it\convertire\flac\html-in-flac\index.html","True","41","0"
"it","C:\Users\Sipka\Desktop\Converter\languages\it\convertire\flac\jpeg-in-flac\index.html","True","41","0"
"it","C:\Users\Sipka\Desktop\Converter\languages\it\convertire\flac\jpg-in-flac\index.html","True","41","0"
"it","C:\Users\Sipka\Desktop\Converter\languages\it\convertire\flac\json-in-flac\index.html","True","41","0"
"it","C:\Users\Sipka\Desktop\Converter\languages\it\convertire\flac\jsonl-in-flac\index.html","True","41","0"
"it","C:\Users\Sipka\Desktop\Converter\languages\it\convertire\flac\m4a-in-flac\index.html","True","41","0"
"it","C:\Users\Sipka\Desktop\Converter\languages\it\convertire\flac\m4v-in-flac\index.html","True","41","0"
"it","C:\Users\Sipka\Desktop\Converter\languages\it\convertire\flac\md-in-flac\index.html","True","41","0"
"it","C:\Users\Sipka\Desktop\Converter\languages\it\convertire\flac\mkv-in-flac\index.html","True","41","0"
"it","C:\Users\Sipka\Desktop\Converter\languages\it\convertire\flac\mov-in-flac\index.html","True","41","0"
"it","C:\Users\Sipka\Desktop\Converter\languages\it\convertire\flac\mp3-in-flac\index.html","True","41","0"
"it","C:\Users\Sipka\Desktop\Converter\languages\it\convertire\flac\mp4-in-flac\index.html","True","41","0"
"it","C:\Users\Sipka\Desktop\Converter\languages\it\convertire\flac\ogg-in-flac\index.html","True","41","0"
"it","C:\Users\Sipka\Desktop\Converter\languages\it\convertire\flac\opus-in-flac\index.html","True","41","0"
"it","C:\Users\Sipka\Desktop\Converter\languages\it\convertire\flac\pdf-in-flac\index.html","True","41","0"
"it","C:\Users\Sipka\Desktop\Converter\languages\it\convertire\flac\png-in-flac\index.html","True","41","0"
"it","C:\Users\Sipka\Desktop\Converter\languages\it\convertire\flac\pptx-in-flac\index.html","True","41","0"
"it","C:\Users\Sipka\Desktop\Converter\languages\it\convertire\flac\rar-in-flac\index.html","True","41","0"
"it","C:\Users\Sipka\Desktop\Converter\languages\it\convertire\flac\rtf-in-flac\index.html","True","41","0"
"it","C:\Users\Sipka\Desktop\Converter\languages\it\convertire\flac\svg-in-flac\index.html","True","41","0"
"it","C:\Users\Sipka\Desktop\Converter\languages\it\convertire\flac\tar-in-flac\index.html","True","41","0"
"it","C:\Users\Sipka\Desktop\Converter\languages\it\convertire\flac\tar.bz2-in-flac\index.html","True","41","0"
"it","C:\Users\Sipka\Desktop\Converter\languages\it\convertire\flac\tar.gz-in-flac\index.html","True","41","0"
"it","C:\Users\Sipka\Desktop\Converter\languages\it\convertire\flac\tar.xz-in-flac\index.html","True","41","0"
"it","C:\Users\Sipka\Desktop\Converter\languages\it\convertire\flac\tbz-in-flac\index.html","True","41","0"
"it","C:\Users\Sipka\Desktop\Converter\languages\it\convertire\flac\tgz-in-flac\index.html","True","41","0"
"it","C:\Users\Sipka\Desktop\Converter\languages\it\convertire\flac\tiff-in-flac\index.html","True","41","0"
"it","C:\Users\Sipka\Desktop\Converter\languages\it\convertire\flac\tsv-in-flac\index.html","True","41","0"
"it","C:\Users\Sipka\Desktop\Converter\languages\it\convertire\flac\txt-in-flac\index.html","True","41","0"
"it","C:\Users\Sipka\Desktop\Converter\languages\it\convertire\flac\txz-in-flac\index.html","True","41","0"
"it","C:\Users\Sipka\Desktop\Converter\languages\it\convertire\flac\wav-in-flac\index.html","True","41","0"
"it","C:\Users\Sipka\Desktop\Converter\languages\it\convertire\flac\webm-in-flac\index.html","True","41","0"
"it","C:\Users\Sipka\Desktop\Converter\languages\it\convertire\flac\webp-in-flac\index.html","True","41","0"
"it","C:\Users\Sipka\Desktop\Converter\languages\it\convertire\flac\xlsx-in-flac\index.html","True","41","0"
"it","C:\Users\Sipka\Desktop\Converter\languages\it\convertire\flac\zip-in-flac\index.html","True","41","0"
"it","C:\Users\Sipka\Desktop\Converter\languages\it\convertire\gif\7z-in-gif\index.html","True","41","0"
"it","C:\Users\Sipka\Desktop\Converter\languages\it\convertire\gif\aac-in-gif\index.html","True","41","0"
"it","C:\Users\Sipka\Desktop\Converter\languages\it\convertire\gif\aiff-in-gif\index.html","True","41","0"
"it","C:\Users\Sipka\Desktop\Converter\languages\it\convertire\gif\bmp-in-gif\index.html","True","41","0"
"it","C:\Users\Sipka\Desktop\Converter\languages\it\convertire\gif\csv-in-gif\index.html","True","41","0"
"it","C:\Users\Sipka\Desktop\Converter\languages\it\convertire\gif\docx-in-gif\index.html","True","41","0"
"it","C:\Users\Sipka\Desktop\Converter\languages\it\convertire\gif\flac-in-gif\index.html","True","41","0"
"it","C:\Users\Sipka\Desktop\Converter\languages\it\convertire\gif\html-in-gif\index.html","True","41","0"
"it","C:\Users\Sipka\Desktop\Converter\languages\it\convertire\gif\jpeg-in-gif\index.html","True","41","0"
"it","C:\Users\Sipka\Desktop\Converter\languages\it\convertire\gif\jpg-in-gif\index.html","True","41","0"
"it","C:\Users\Sipka\Desktop\Converter\languages\it\convertire\gif\json-in-gif\index.html","True","41","0"
"it","C:\Users\Sipka\Desktop\Converter\languages\it\convertire\gif\jsonl-in-gif\index.html","True","41","0"
"it","C:\Users\Sipka\Desktop\Converter\languages\it\convertire\gif\m4a-in-gif\index.html","True","41","0"
"it","C:\Users\Sipka\Desktop\Converter\languages\it\convertire\gif\m4v-in-gif\index.html","True","41","0"
"it","C:\Users\Sipka\Desktop\Converter\languages\it\convertire\gif\md-in-gif\index.html","True","41","0"
"it","C:\Users\Sipka\Desktop\Converter\languages\it\convertire\gif\mkv-in-gif\index.html","True","41","0"
"it","C:\Users\Sipka\Desktop\Converter\languages\it\convertire\gif\mov-in-gif\index.html","True","41","0"
"it","C:\Users\Sipka\Desktop\Converter\languages\it\convertire\gif\mp3-in-gif\index.html","True","41","0"
"it","C:\Users\Sipka\Desktop\Converter\languages\it\convertire\gif\mp4-in-gif\index.html","True","41","0"
"it","C:\Users\Sipka\Desktop\Converter\languages\it\convertire\gif\ogg-in-gif\index.html","True","41","0"
"it","C:\Users\Sipka\Desktop\Converter\languages\it\convertire\gif\opus-in-gif\index.html","True","41","0"
"it","C:\Users\Sipka\Desktop\Converter\languages\it\convertire\gif\pdf-in-gif\index.html","True","41","0"
"it","C:\Users\Sipka\Desktop\Converter\languages\it\convertire\gif\png-in-gif\index.html","True","41","0"
"it","C:\Users\Sipka\Desktop\Converter\languages\it\convertire\gif\pptx-in-gif\index.html","True","41","0"
"it","C:\Users\Sipka\Desktop\Converter\languages\it\convertire\gif\rar-in-gif\index.html","True","41","0"
"it","C:\Users\Sipka\Desktop\Converter\languages\it\convertire\gif\rtf-in-gif\index.html","True","41","0"
"it","C:\Users\Sipka\Desktop\Converter\languages\it\convertire\gif\svg-in-gif\index.html","True","41","0"
"it","C:\Users\Sipka\Desktop\Converter\languages\it\convertire\gif\tar-in-gif\index.html","True","41","0"
"it","C:\Users\Sipka\Desktop\Converter\languages\it\convertire\gif\tar.bz2-in-gif\index.html","True","41","0"
"it","C:\Users\Sipka\Desktop\Converter\languages\it\convertire\gif\tar.gz-in-gif\index.html","True","41","0"
"it","C:\Users\Sipka\Desktop\Converter\languages\it\convertire\gif\tar.xz-in-gif\index.html","True","41","0"
"it","C:\Users\Sipka\Desktop\Converter\languages\it\convertire\gif\tbz-in-gif\index.html","True","41","0"
"it","C:\Users\Sipka\Desktop\Converter\languages\it\convertire\gif\tgz-in-gif\index.html","True","41","0"
"it","C:\Users\Sipka\Desktop\Converter\languages\it\convertire\gif\tiff-in-gif\index.html","True","41","0"
"it","C:\Users\Sipka\Desktop\Converter\languages\it\convertire\gif\tsv-in-gif\index.html","True","41","0"
"it","C:\Users\Sipka\Desktop\Converter\languages\it\convertire\gif\txt-in-gif\index.html","True","41","0"
"it","C:\Users\Sipka\Desktop\Converter\languages\it\convertire\gif\txz-in-gif\index.html","True","41","0"
"it","C:\Users\Sipka\Desktop\Converter\languages\it\convertire\gif\wav-in-gif\index.html","True","41","0"
"it","C:\Users\Sipka\Desktop\Converter\languages\it\convertire\gif\webm-in-gif\index.html","True","41","0"
"it","C:\Users\Sipka\Desktop\Converter\languages\it\convertire\gif\webp-in-gif\index.html","True","41","0"
"it","C:\Users\Sipka\Desktop\Converter\languages\it\convertire\gif\xlsx-in-gif\index.html","True","41","0"
"it","C:\Users\Sipka\Desktop\Converter\languages\it\convertire\gif\zip-in-gif\index.html","True","41","0"
"it","C:\Users\Sipka\Desktop\Converter\languages\it\convertire\html\7z-in-html\index.html","True","41","0"
"it","C:\Users\Sipka\Desktop\Converter\languages\it\convertire\html\aac-in-html\index.html","True","41","0"
"it","C:\Users\Sipka\Desktop\Converter\languages\it\convertire\html\aiff-in-html\index.html","True","41","0"
"it","C:\Users\Sipka\Desktop\Converter\languages\it\convertire\html\bmp-in-html\index.html","True","41","0"
"it","C:\Users\Sipka\Desktop\Converter\languages\it\convertire\html\csv-in-html\index.html","True","41","0"
"it","C:\Users\Sipka\Desktop\Converter\languages\it\convertire\html\docx-in-html\index.html","True","41","0"
"it","C:\Users\Sipka\Desktop\Converter\languages\it\convertire\html\flac-in-html\index.html","True","41","0"
"it","C:\Users\Sipka\Desktop\Converter\languages\it\convertire\html\gif-in-html\index.html","True","41","0"
"it","C:\Users\Sipka\Desktop\Converter\languages\it\convertire\html\jpeg-in-html\index.html","True","41","0"
"it","C:\Users\Sipka\Desktop\Converter\languages\it\convertire\html\jpg-in-html\index.html","True","41","0"
"it","C:\Users\Sipka\Desktop\Converter\languages\it\convertire\html\json-in-html\index.html","True","41","0"
"it","C:\Users\Sipka\Desktop\Converter\languages\it\convertire\html\jsonl-in-html\index.html","True","41","0"
"it","C:\Users\Sipka\Desktop\Converter\languages\it\convertire\html\m4a-in-html\index.html","True","41","0"
"it","C:\Users\Sipka\Desktop\Converter\languages\it\convertire\html\m4v-in-html\index.html","True","41","0"
"it","C:\Users\Sipka\Desktop\Converter\languages\it\convertire\html\md-in-html\index.html","True","41","0"
"it","C:\Users\Sipka\Desktop\Converter\languages\it\convertire\html\mkv-in-html\index.html","True","41","0"
"it","C:\Users\Sipka\Desktop\Converter\languages\it\convertire\html\mov-in-html\index.html","True","41","0"
"it","C:\Users\Sipka\Desktop\Converter\languages\it\convertire\html\mp3-in-html\index.html","True","41","0"
"it","C:\Users\Sipka\Desktop\Converter\languages\it\convertire\html\mp4-in-html\index.html","True","41","0"
"it","C:\Users\Sipka\Desktop\Converter\languages\it\convertire\html\ogg-in-html\index.html","True","41","0"
"it","C:\Users\Sipka\Desktop\Converter\languages\it\convertire\html\opus-in-html\index.html","True","41","0"
"it","C:\Users\Sipka\Desktop\Converter\languages\it\convertire\html\pdf-in-html\index.html","True","41","0"
"it","C:\Users\Sipka\Desktop\Converter\languages\it\convertire\html\png-in-html\index.html","True","41","0"
"it","C:\Users\Sipka\Desktop\Converter\languages\it\convertire\html\pptx-in-html\index.html","True","41","0"
"it","C:\Users\Sipka\Desktop\Converter\languages\it\convertire\html\rar-in-html\index.html","True","41","0"
"it","C:\Users\Sipka\Desktop\Converter\languages\it\convertire\html\rtf-in-html\index.html","True","41","0"
"it","C:\Users\Sipka\Desktop\Converter\languages\it\convertire\html\svg-in-html\index.html","True","41","0"
"it","C:\Users\Sipka\Desktop\Converter\languages\it\convertire\html\tar-in-html\index.html","True","41","0"
"it","C:\Users\Sipka\Desktop\Converter\languages\it\convertire\html\tar.bz2-in-html\index.html","True","41","0"
"it","C:\Users\Sipka\Desktop\Converter\languages\it\convertire\html\tar.gz-in-html\index.html","True","41","0"
"it","C:\Users\Sipka\Desktop\Converter\languages\it\convertire\html\tar.xz-in-html\index.html","True","41","0"
"it","C:\Users\Sipka\Desktop\Converter\languages\it\convertire\html\tbz-in-html\index.html","True","41","0"
"it","C:\Users\Sipka\Desktop\Converter\languages\it\convertire\html\tgz-in-html\index.html","True","41","0"
"it","C:\Users\Sipka\Desktop\Converter\languages\it\convertire\html\tiff-in-html\index.html","True","41","0"
"it","C:\Users\Sipka\Desktop\Converter\languages\it\convertire\html\tsv-in-html\index.html","True","41","0"
"it","C:\Users\Sipka\Desktop\Converter\languages\it\convertire\html\txt-in-html\index.html","True","41","0"
"it","C:\Users\Sipka\Desktop\Converter\languages\it\convertire\html\txz-in-html\index.html","True","41","0"
"it","C:\Users\Sipka\Desktop\Converter\languages\it\convertire\html\wav-in-html\index.html","True","41","0"
"it","C:\Users\Sipka\Desktop\Converter\languages\it\convertire\html\webm-in-html\index.html","True","41","0"
"it","C:\Users\Sipka\Desktop\Converter\languages\it\convertire\html\webp-in-html\index.html","True","41","0"
"it","C:\Users\Sipka\Desktop\Converter\languages\it\convertire\html\xlsx-in-html\index.html","True","41","0"
"it","C:\Users\Sipka\Desktop\Converter\languages\it\convertire\html\zip-in-html\index.html","True","41","0"
"it","C:\Users\Sipka\Desktop\Converter\languages\it\convertire\jpeg\7z-in-jpeg\index.html","True","41","0"
"it","C:\Users\Sipka\Desktop\Converter\languages\it\convertire\jpeg\aac-in-jpeg\index.html","True","41","0"
"it","C:\Users\Sipka\Desktop\Converter\languages\it\convertire\jpeg\aiff-in-jpeg\index.html","True","41","0"
"it","C:\Users\Sipka\Desktop\Converter\languages\it\convertire\jpeg\bmp-in-jpeg\index.html","True","41","0"
"it","C:\Users\Sipka\Desktop\Converter\languages\it\convertire\jpeg\csv-in-jpeg\index.html","True","41","0"
"it","C:\Users\Sipka\Desktop\Converter\languages\it\convertire\jpeg\docx-in-jpeg\index.html","True","41","0"
"it","C:\Users\Sipka\Desktop\Converter\languages\it\convertire\jpeg\flac-in-jpeg\index.html","True","41","0"
"it","C:\Users\Sipka\Desktop\Converter\languages\it\convertire\jpeg\gif-in-jpeg\index.html","True","41","0"
"it","C:\Users\Sipka\Desktop\Converter\languages\it\convertire\jpeg\html-in-jpeg\index.html","True","41","0"
"it","C:\Users\Sipka\Desktop\Converter\languages\it\convertire\jpeg\jpg-in-jpeg\index.html","True","41","0"
"it","C:\Users\Sipka\Desktop\Converter\languages\it\convertire\jpeg\json-in-jpeg\index.html","True","41","0"
"it","C:\Users\Sipka\Desktop\Converter\languages\it\convertire\jpeg\jsonl-in-jpeg\index.html","True","41","0"
"it","C:\Users\Sipka\Desktop\Converter\languages\it\convertire\jpeg\m4a-in-jpeg\index.html","True","41","0"
"it","C:\Users\Sipka\Desktop\Converter\languages\it\convertire\jpeg\m4v-in-jpeg\index.html","True","41","0"
"it","C:\Users\Sipka\Desktop\Converter\languages\it\convertire\jpeg\md-in-jpeg\index.html","True","41","0"
"it","C:\Users\Sipka\Desktop\Converter\languages\it\convertire\jpeg\mkv-in-jpeg\index.html","True","41","0"
"it","C:\Users\Sipka\Desktop\Converter\languages\it\convertire\jpeg\mov-in-jpeg\index.html","True","41","0"
"it","C:\Users\Sipka\Desktop\Converter\languages\it\convertire\jpeg\mp3-in-jpeg\index.html","True","41","0"
"it","C:\Users\Sipka\Desktop\Converter\languages\it\convertire\jpeg\mp4-in-jpeg\index.html","True","41","0"
"it","C:\Users\Sipka\Desktop\Converter\languages\it\convertire\jpeg\ogg-in-jpeg\index.html","True","41","0"
"it","C:\Users\Sipka\Desktop\Converter\languages\it\convertire\jpeg\opus-in-jpeg\index.html","True","41","0"
"it","C:\Users\Sipka\Desktop\Converter\languages\it\convertire\jpeg\pdf-in-jpeg\index.html","True","41","0"
"it","C:\Users\Sipka\Desktop\Converter\languages\it\convertire\jpeg\png-in-jpeg\index.html","True","41","0"
"it","C:\Users\Sipka\Desktop\Converter\languages\it\convertire\jpeg\pptx-in-jpeg\index.html","True","41","0"
"it","C:\Users\Sipka\Desktop\Converter\languages\it\convertire\jpeg\rar-in-jpeg\index.html","True","41","0"
"it","C:\Users\Sipka\Desktop\Converter\languages\it\convertire\jpeg\rtf-in-jpeg\index.html","True","41","0"
"it","C:\Users\Sipka\Desktop\Converter\languages\it\convertire\jpeg\svg-in-jpeg\index.html","True","41","0"
"it","C:\Users\Sipka\Desktop\Converter\languages\it\convertire\jpeg\tar-in-jpeg\index.html","True","41","0"
"it","C:\Users\Sipka\Desktop\Converter\languages\it\convertire\jpeg\tar.bz2-in-jpeg\index.html","True","41","0"
"it","C:\Users\Sipka\Desktop\Converter\languages\it\convertire\jpeg\tar.gz-in-jpeg\index.html","True","41","0"
"it","C:\Users\Sipka\Desktop\Converter\languages\it\convertire\jpeg\tar.xz-in-jpeg\index.html","True","41","0"
"it","C:\Users\Sipka\Desktop\Converter\languages\it\convertire\jpeg\tbz-in-jpeg\index.html","True","41","0"
"it","C:\Users\Sipka\Desktop\Converter\languages\it\convertire\jpeg\tgz-in-jpeg\index.html","True","41","0"
"it","C:\Users\Sipka\Desktop\Converter\languages\it\convertire\jpeg\tiff-in-jpeg\index.html","True","41","0"
"it","C:\Users\Sipka\Desktop\Converter\languages\it\convertire\jpeg\tsv-in-jpeg\index.html","True","41","0"
"it","C:\Users\Sipka\Desktop\Converter\languages\it\convertire\jpeg\txt-in-jpeg\index.html","True","41","0"
"it","C:\Users\Sipka\Desktop\Converter\languages\it\convertire\jpeg\txz-in-jpeg\index.html","True","41","0"
"it","C:\Users\Sipka\Desktop\Converter\languages\it\convertire\jpeg\wav-in-jpeg\index.html","True","41","0"
"it","C:\Users\Sipka\Desktop\Converter\languages\it\convertire\jpeg\webm-in-jpeg\index.html","True","41","0"
"it","C:\Users\Sipka\Desktop\Converter\languages\it\convertire\jpeg\webp-in-jpeg\index.html","True","41","0"
"it","C:\Users\Sipka\Desktop\Converter\languages\it\convertire\jpeg\xlsx-in-jpeg\index.html","True","41","0"
"it","C:\Users\Sipka\Desktop\Converter\languages\it\convertire\jpeg\zip-in-jpeg\index.html","True","41","0"
"it","C:\Users\Sipka\Desktop\Converter\languages\it\convertire\jpg\7z-in-jpg\index.html","True","41","0"
"it","C:\Users\Sipka\Desktop\Converter\languages\it\convertire\jpg\aac-in-jpg\index.html","True","41","0"
"it","C:\Users\Sipka\Desktop\Converter\languages\it\convertire\jpg\aiff-in-jpg\index.html","True","41","0"
"it","C:\Users\Sipka\Desktop\Converter\languages\it\convertire\jpg\bmp-in-jpg\index.html","True","41","0"
"it","C:\Users\Sipka\Desktop\Converter\languages\it\convertire\jpg\csv-in-jpg\index.html","True","41","0"
"it","C:\Users\Sipka\Desktop\Converter\languages\it\convertire\jpg\docx-in-jpg\index.html","True","41","0"
"it","C:\Users\Sipka\Desktop\Converter\languages\it\convertire\jpg\flac-in-jpg\index.html","True","41","0"
"it","C:\Users\Sipka\Desktop\Converter\languages\it\convertire\jpg\gif-in-jpg\index.html","True","41","0"
"it","C:\Users\Sipka\Desktop\Converter\languages\it\convertire\jpg\html-in-jpg\index.html","True","41","0"
"it","C:\Users\Sipka\Desktop\Converter\languages\it\convertire\jpg\jpeg-in-jpg\index.html","True","41","0"
"it","C:\Users\Sipka\Desktop\Converter\languages\it\convertire\jpg\json-in-jpg\index.html","True","41","0"
"it","C:\Users\Sipka\Desktop\Converter\languages\it\convertire\jpg\jsonl-in-jpg\index.html","True","41","0"
"it","C:\Users\Sipka\Desktop\Converter\languages\it\convertire\jpg\m4a-in-jpg\index.html","True","41","0"
"it","C:\Users\Sipka\Desktop\Converter\languages\it\convertire\jpg\m4v-in-jpg\index.html","True","41","0"
"it","C:\Users\Sipka\Desktop\Converter\languages\it\convertire\jpg\md-in-jpg\index.html","True","41","0"
"it","C:\Users\Sipka\Desktop\Converter\languages\it\convertire\jpg\mkv-in-jpg\index.html","True","41","0"
"it","C:\Users\Sipka\Desktop\Converter\languages\it\convertire\jpg\mov-in-jpg\index.html","True","41","0"
"it","C:\Users\Sipka\Desktop\Converter\languages\it\convertire\jpg\mp3-in-jpg\index.html","True","41","0"
"it","C:\Users\Sipka\Desktop\Converter\languages\it\convertire\jpg\mp4-in-jpg\index.html","True","41","0"
"it","C:\Users\Sipka\Desktop\Converter\languages\it\convertire\jpg\ogg-in-jpg\index.html","True","41","0"
"it","C:\Users\Sipka\Desktop\Converter\languages\it\convertire\jpg\opus-in-jpg\index.html","True","41","0"
"it","C:\Users\Sipka\Desktop\Converter\languages\it\convertire\jpg\pdf-in-jpg\index.html","True","41","0"
"it","C:\Users\Sipka\Desktop\Converter\languages\it\convertire\jpg\png-in-jpg\index.html","True","41","0"
"it","C:\Users\Sipka\Desktop\Converter\languages\it\convertire\jpg\pptx-in-jpg\index.html","True","41","0"
"it","C:\Users\Sipka\Desktop\Converter\languages\it\convertire\jpg\rar-in-jpg\index.html","True","41","0"
"it","C:\Users\Sipka\Desktop\Converter\languages\it\convertire\jpg\rtf-in-jpg\index.html","True","41","0"
"it","C:\Users\Sipka\Desktop\Converter\languages\it\convertire\jpg\svg-in-jpg\index.html","True","41","0"
"it","C:\Users\Sipka\Desktop\Converter\languages\it\convertire\jpg\tar-in-jpg\index.html","True","41","0"
"it","C:\Users\Sipka\Desktop\Converter\languages\it\convertire\jpg\tar.bz2-in-jpg\index.html","True","41","0"
"it","C:\Users\Sipka\Desktop\Converter\languages\it\convertire\jpg\tar.gz-in-jpg\index.html","True","41","0"
"it","C:\Users\Sipka\Desktop\Converter\languages\it\convertire\jpg\tar.xz-in-jpg\index.html","True","41","0"
"it","C:\Users\Sipka\Desktop\Converter\languages\it\convertire\jpg\tbz-in-jpg\index.html","True","41","0"
"it","C:\Users\Sipka\Desktop\Converter\languages\it\convertire\jpg\tgz-in-jpg\index.html","True","41","0"
"it","C:\Users\Sipka\Desktop\Converter\languages\it\convertire\jpg\tiff-in-jpg\index.html","True","41","0"
"it","C:\Users\Sipka\Desktop\Converter\languages\it\convertire\jpg\tsv-in-jpg\index.html","True","41","0"
"it","C:\Users\Sipka\Desktop\Converter\languages\it\convertire\jpg\txt-in-jpg\index.html","True","41","0"
"it","C:\Users\Sipka\Desktop\Converter\languages\it\convertire\jpg\txz-in-jpg\index.html","True","41","0"
"it","C:\Users\Sipka\Desktop\Converter\languages\it\convertire\jpg\wav-in-jpg\index.html","True","41","0"
"it","C:\Users\Sipka\Desktop\Converter\languages\it\convertire\jpg\webm-in-jpg\index.html","True","41","0"
"it","C:\Users\Sipka\Desktop\Converter\languages\it\convertire\jpg\webp-in-jpg\index.html","True","41","0"
"it","C:\Users\Sipka\Desktop\Converter\languages\it\convertire\jpg\xlsx-in-jpg\index.html","True","41","0"
"it","C:\Users\Sipka\Desktop\Converter\languages\it\convertire\jpg\zip-in-jpg\index.html","True","41","0"
"it","C:\Users\Sipka\Desktop\Converter\languages\it\convertire\json\7z-in-json\index.html","True","41","0"
"it","C:\Users\Sipka\Desktop\Converter\languages\it\convertire\json\aac-in-json\index.html","True","41","0"
"it","C:\Users\Sipka\Desktop\Converter\languages\it\convertire\json\aiff-in-json\index.html","True","41","0"
"it","C:\Users\Sipka\Desktop\Converter\languages\it\convertire\json\bmp-in-json\index.html","True","41","0"
"it","C:\Users\Sipka\Desktop\Converter\languages\it\convertire\json\csv-in-json\index.html","True","41","0"
"it","C:\Users\Sipka\Desktop\Converter\languages\it\convertire\json\docx-in-json\index.html","True","41","0"
"it","C:\Users\Sipka\Desktop\Converter\languages\it\convertire\json\flac-in-json\index.html","True","41","0"
"it","C:\Users\Sipka\Desktop\Converter\languages\it\convertire\json\gif-in-json\index.html","True","41","0"
"it","C:\Users\Sipka\Desktop\Converter\languages\it\convertire\json\html-in-json\index.html","True","41","0"
"it","C:\Users\Sipka\Desktop\Converter\languages\it\convertire\json\jpeg-in-json\index.html","True","41","0"
"it","C:\Users\Sipka\Desktop\Converter\languages\it\convertire\json\jpg-in-json\index.html","True","41","0"
"it","C:\Users\Sipka\Desktop\Converter\languages\it\convertire\json\jsonl-in-json\index.html","True","41","0"
"it","C:\Users\Sipka\Desktop\Converter\languages\it\convertire\json\m4a-in-json\index.html","True","41","0"
"it","C:\Users\Sipka\Desktop\Converter\languages\it\convertire\json\m4v-in-json\index.html","True","41","0"
"it","C:\Users\Sipka\Desktop\Converter\languages\it\convertire\json\md-in-json\index.html","True","41","0"
"it","C:\Users\Sipka\Desktop\Converter\languages\it\convertire\json\mkv-in-json\index.html","True","41","0"
"it","C:\Users\Sipka\Desktop\Converter\languages\it\convertire\json\mov-in-json\index.html","True","41","0"
"it","C:\Users\Sipka\Desktop\Converter\languages\it\convertire\json\mp3-in-json\index.html","True","41","0"
"it","C:\Users\Sipka\Desktop\Converter\languages\it\convertire\json\mp4-in-json\index.html","True","41","0"
"it","C:\Users\Sipka\Desktop\Converter\languages\it\convertire\json\ogg-in-json\index.html","True","41","0"
"it","C:\Users\Sipka\Desktop\Converter\languages\it\convertire\json\opus-in-json\index.html","True","41","0"
"it","C:\Users\Sipka\Desktop\Converter\languages\it\convertire\json\pdf-in-json\index.html","True","41","0"
"it","C:\Users\Sipka\Desktop\Converter\languages\it\convertire\json\png-in-json\index.html","True","41","0"
"it","C:\Users\Sipka\Desktop\Converter\languages\it\convertire\json\pptx-in-json\index.html","True","41","0"
"it","C:\Users\Sipka\Desktop\Converter\languages\it\convertire\json\rar-in-json\index.html","True","41","0"
"it","C:\Users\Sipka\Desktop\Converter\languages\it\convertire\json\rtf-in-json\index.html","True","41","0"
"it","C:\Users\Sipka\Desktop\Converter\languages\it\convertire\json\svg-in-json\index.html","True","41","0"
"it","C:\Users\Sipka\Desktop\Converter\languages\it\convertire\json\tar-in-json\index.html","True","41","0"
"it","C:\Users\Sipka\Desktop\Converter\languages\it\convertire\json\tar.bz2-in-json\index.html","True","41","0"
"it","C:\Users\Sipka\Desktop\Converter\languages\it\convertire\json\tar.gz-in-json\index.html","True","41","0"
"it","C:\Users\Sipka\Desktop\Converter\languages\it\convertire\json\tar.xz-in-json\index.html","True","41","0"
"it","C:\Users\Sipka\Desktop\Converter\languages\it\convertire\json\tbz-in-json\index.html","True","41","0"
"it","C:\Users\Sipka\Desktop\Converter\languages\it\convertire\json\tgz-in-json\index.html","True","41","0"
"it","C:\Users\Sipka\Desktop\Converter\languages\it\convertire\json\tiff-in-json\index.html","True","41","0"
"it","C:\Users\Sipka\Desktop\Converter\languages\it\convertire\json\tsv-in-json\index.html","True","41","0"
"it","C:\Users\Sipka\Desktop\Converter\languages\it\convertire\json\txt-in-json\index.html","True","41","0"
"it","C:\Users\Sipka\Desktop\Converter\languages\it\convertire\json\txz-in-json\index.html","True","41","0"
"it","C:\Users\Sipka\Desktop\Converter\languages\it\convertire\json\wav-in-json\index.html","True","41","0"
"it","C:\Users\Sipka\Desktop\Converter\languages\it\convertire\json\webm-in-json\index.html","True","41","0"
"it","C:\Users\Sipka\Desktop\Converter\languages\it\convertire\json\webp-in-json\index.html","True","41","0"
"it","C:\Users\Sipka\Desktop\Converter\languages\it\convertire\json\xlsx-in-json\index.html","True","41","0"
"it","C:\Users\Sipka\Desktop\Converter\languages\it\convertire\json\zip-in-json\index.html","True","41","0"
"it","C:\Users\Sipka\Desktop\Converter\languages\it\convertire\jsonl\7z-in-jsonl\index.html","True","41","0"
"it","C:\Users\Sipka\Desktop\Converter\languages\it\convertire\jsonl\aac-in-jsonl\index.html","True","41","0"
"it","C:\Users\Sipka\Desktop\Converter\languages\it\convertire\jsonl\aiff-in-jsonl\index.html","True","41","0"
"it","C:\Users\Sipka\Desktop\Converter\languages\it\convertire\jsonl\bmp-in-jsonl\index.html","True","41","0"
"it","C:\Users\Sipka\Desktop\Converter\languages\it\convertire\jsonl\csv-in-jsonl\index.html","True","41","0"
"it","C:\Users\Sipka\Desktop\Converter\languages\it\convertire\jsonl\docx-in-jsonl\index.html","True","41","0"
"it","C:\Users\Sipka\Desktop\Converter\languages\it\convertire\jsonl\flac-in-jsonl\index.html","True","41","0"
"it","C:\Users\Sipka\Desktop\Converter\languages\it\convertire\jsonl\gif-in-jsonl\index.html","True","41","0"
"it","C:\Users\Sipka\Desktop\Converter\languages\it\convertire\jsonl\html-in-jsonl\index.html","True","41","0"
"it","C:\Users\Sipka\Desktop\Converter\languages\it\convertire\jsonl\jpeg-in-jsonl\index.html","True","41","0"
"it","C:\Users\Sipka\Desktop\Converter\languages\it\convertire\jsonl\jpg-in-jsonl\index.html","True","41","0"
"it","C:\Users\Sipka\Desktop\Converter\languages\it\convertire\jsonl\json-in-jsonl\index.html","True","41","0"
"it","C:\Users\Sipka\Desktop\Converter\languages\it\convertire\jsonl\m4a-in-jsonl\index.html","True","41","0"
"it","C:\Users\Sipka\Desktop\Converter\languages\it\convertire\jsonl\m4v-in-jsonl\index.html","True","41","0"
"it","C:\Users\Sipka\Desktop\Converter\languages\it\convertire\jsonl\md-in-jsonl\index.html","True","41","0"
"it","C:\Users\Sipka\Desktop\Converter\languages\it\convertire\jsonl\mkv-in-jsonl\index.html","True","41","0"
"it","C:\Users\Sipka\Desktop\Converter\languages\it\convertire\jsonl\mov-in-jsonl\index.html","True","41","0"
"it","C:\Users\Sipka\Desktop\Converter\languages\it\convertire\jsonl\mp3-in-jsonl\index.html","True","41","0"
"it","C:\Users\Sipka\Desktop\Converter\languages\it\convertire\jsonl\mp4-in-jsonl\index.html","True","41","0"
"it","C:\Users\Sipka\Desktop\Converter\languages\it\convertire\jsonl\ogg-in-jsonl\index.html","True","41","0"
"it","C:\Users\Sipka\Desktop\Converter\languages\it\convertire\jsonl\opus-in-jsonl\index.html","True","41","0"
"it","C:\Users\Sipka\Desktop\Converter\languages\it\convertire\jsonl\pdf-in-jsonl\index.html","True","41","0"
"it","C:\Users\Sipka\Desktop\Converter\languages\it\convertire\jsonl\png-in-jsonl\index.html","True","41","0"
"it","C:\Users\Sipka\Desktop\Converter\languages\it\convertire\jsonl\pptx-in-jsonl\index.html","True","41","0"
"it","C:\Users\Sipka\Desktop\Converter\languages\it\convertire\jsonl\rar-in-jsonl\index.html","True","41","0"
"it","C:\Users\Sipka\Desktop\Converter\languages\it\convertire\jsonl\rtf-in-jsonl\index.html","True","41","0"
"it","C:\Users\Sipka\Desktop\Converter\languages\it\convertire\jsonl\svg-in-jsonl\index.html","True","41","0"
"it","C:\Users\Sipka\Desktop\Converter\languages\it\convertire\jsonl\tar-in-jsonl\index.html","True","41","0"
"it","C:\Users\Sipka\Desktop\Converter\languages\it\convertire\jsonl\tar.bz2-in-jsonl\index.html","True","41","0"
"it","C:\Users\Sipka\Desktop\Converter\languages\it\convertire\jsonl\tar.gz-in-jsonl\index.html","True","41","0"
"it","C:\Users\Sipka\Desktop\Converter\languages\it\convertire\jsonl\tar.xz-in-jsonl\index.html","True","41","0"
"it","C:\Users\Sipka\Desktop\Converter\languages\it\convertire\jsonl\tbz-in-jsonl\index.html","True","41","0"
"it","C:\Users\Sipka\Desktop\Converter\languages\it\convertire\jsonl\tgz-in-jsonl\index.html","True","41","0"
"it","C:\Users\Sipka\Desktop\Converter\languages\it\convertire\jsonl\tiff-in-jsonl\index.html","True","41","0"
"it","C:\Users\Sipka\Desktop\Converter\languages\it\convertire\jsonl\tsv-in-jsonl\index.html","True","41","0"
"it","C:\Users\Sipka\Desktop\Converter\languages\it\convertire\jsonl\txt-in-jsonl\index.html","True","41","0"
"it","C:\Users\Sipka\Desktop\Converter\languages\it\convertire\jsonl\txz-in-jsonl\index.html","True","41","0"
"it","C:\Users\Sipka\Desktop\Converter\languages\it\convertire\jsonl\wav-in-jsonl\index.html","True","41","0"
"it","C:\Users\Sipka\Desktop\Converter\languages\it\convertire\jsonl\webm-in-jsonl\index.html","True","41","0"
"it","C:\Users\Sipka\Desktop\Converter\languages\it\convertire\jsonl\webp-in-jsonl\index.html","True","41","0"
"it","C:\Users\Sipka\Desktop\Converter\languages\it\convertire\jsonl\xlsx-in-jsonl\index.html","True","41","0"
"it","C:\Users\Sipka\Desktop\Converter\languages\it\convertire\jsonl\zip-in-jsonl\index.html","True","41","0"
"it","C:\Users\Sipka\Desktop\Converter\languages\it\convertire\m4a\7z-in-m4a\index.html","True","41","0"
"it","C:\Users\Sipka\Desktop\Converter\languages\it\convertire\m4a\aac-in-m4a\index.html","True","41","0"
"it","C:\Users\Sipka\Desktop\Converter\languages\it\convertire\m4a\aiff-in-m4a\index.html","True","41","0"
"it","C:\Users\Sipka\Desktop\Converter\languages\it\convertire\m4a\bmp-in-m4a\index.html","True","41","0"
"it","C:\Users\Sipka\Desktop\Converter\languages\it\convertire\m4a\csv-in-m4a\index.html","True","41","0"
"it","C:\Users\Sipka\Desktop\Converter\languages\it\convertire\m4a\docx-in-m4a\index.html","True","41","0"
"it","C:\Users\Sipka\Desktop\Converter\languages\it\convertire\m4a\flac-in-m4a\index.html","True","41","0"
"it","C:\Users\Sipka\Desktop\Converter\languages\it\convertire\m4a\gif-in-m4a\index.html","True","41","0"
"it","C:\Users\Sipka\Desktop\Converter\languages\it\convertire\m4a\html-in-m4a\index.html","True","41","0"
"it","C:\Users\Sipka\Desktop\Converter\languages\it\convertire\m4a\jpeg-in-m4a\index.html","True","41","0"
"it","C:\Users\Sipka\Desktop\Converter\languages\it\convertire\m4a\jpg-in-m4a\index.html","True","41","0"
"it","C:\Users\Sipka\Desktop\Converter\languages\it\convertire\m4a\json-in-m4a\index.html","True","41","0"
"it","C:\Users\Sipka\Desktop\Converter\languages\it\convertire\m4a\jsonl-in-m4a\index.html","True","41","0"
"it","C:\Users\Sipka\Desktop\Converter\languages\it\convertire\m4a\m4v-in-m4a\index.html","True","41","0"
"it","C:\Users\Sipka\Desktop\Converter\languages\it\convertire\m4a\md-in-m4a\index.html","True","41","0"
"it","C:\Users\Sipka\Desktop\Converter\languages\it\convertire\m4a\mkv-in-m4a\index.html","True","41","0"
"it","C:\Users\Sipka\Desktop\Converter\languages\it\convertire\m4a\mov-in-m4a\index.html","True","41","0"
"it","C:\Users\Sipka\Desktop\Converter\languages\it\convertire\m4a\mp3-in-m4a\index.html","True","41","0"
"it","C:\Users\Sipka\Desktop\Converter\languages\it\convertire\m4a\mp4-in-m4a\index.html","True","41","0"
"it","C:\Users\Sipka\Desktop\Converter\languages\it\convertire\m4a\ogg-in-m4a\index.html","True","41","0"
"it","C:\Users\Sipka\Desktop\Converter\languages\it\convertire\m4a\opus-in-m4a\index.html","True","41","0"
"it","C:\Users\Sipka\Desktop\Converter\languages\it\convertire\m4a\pdf-in-m4a\index.html","True","41","0"
"it","C:\Users\Sipka\Desktop\Converter\languages\it\convertire\m4a\png-in-m4a\index.html","True","41","0"
"it","C:\Users\Sipka\Desktop\Converter\languages\it\convertire\m4a\pptx-in-m4a\index.html","True","41","0"
"it","C:\Users\Sipka\Desktop\Converter\languages\it\convertire\m4a\rar-in-m4a\index.html","True","41","0"
"it","C:\Users\Sipka\Desktop\Converter\languages\it\convertire\m4a\rtf-in-m4a\index.html","True","41","0"
"it","C:\Users\Sipka\Desktop\Converter\languages\it\convertire\m4a\svg-in-m4a\index.html","True","41","0"
"it","C:\Users\Sipka\Desktop\Converter\languages\it\convertire\m4a\tar-in-m4a\index.html","True","41","0"
"it","C:\Users\Sipka\Desktop\Converter\languages\it\convertire\m4a\tar.bz2-in-m4a\index.html","True","41","0"
"it","C:\Users\Sipka\Desktop\Converter\languages\it\convertire\m4a\tar.gz-in-m4a\index.html","True","41","0"
"it","C:\Users\Sipka\Desktop\Converter\languages\it\convertire\m4a\tar.xz-in-m4a\index.html","True","41","0"
"it","C:\Users\Sipka\Desktop\Converter\languages\it\convertire\m4a\tbz-in-m4a\index.html","True","41","0"
"it","C:\Users\Sipka\Desktop\Converter\languages\it\convertire\m4a\tgz-in-m4a\index.html","True","41","0"
"it","C:\Users\Sipka\Desktop\Converter\languages\it\convertire\m4a\tiff-in-m4a\index.html","True","41","0"
"it","C:\Users\Sipka\Desktop\Converter\languages\it\convertire\m4a\tsv-in-m4a\index.html","True","41","0"
"it","C:\Users\Sipka\Desktop\Converter\languages\it\convertire\m4a\txt-in-m4a\index.html","True","41","0"
"it","C:\Users\Sipka\Desktop\Converter\languages\it\convertire\m4a\txz-in-m4a\index.html","True","41","0"
"it","C:\Users\Sipka\Desktop\Converter\languages\it\convertire\m4a\wav-in-m4a\index.html","True","41","0"
"it","C:\Users\Sipka\Desktop\Converter\languages\it\convertire\m4a\webm-in-m4a\index.html","True","41","0"
"it","C:\Users\Sipka\Desktop\Converter\languages\it\convertire\m4a\webp-in-m4a\index.html","True","41","0"
"it","C:\Users\Sipka\Desktop\Converter\languages\it\convertire\m4a\xlsx-in-m4a\index.html","True","41","0"
"it","C:\Users\Sipka\Desktop\Converter\languages\it\convertire\m4a\zip-in-m4a\index.html","True","41","0"
"it","C:\Users\Sipka\Desktop\Converter\languages\it\convertire\m4v\7z-in-m4v\index.html","True","41","0"
"it","C:\Users\Sipka\Desktop\Converter\languages\it\convertire\m4v\aac-in-m4v\index.html","True","41","0"
"it","C:\Users\Sipka\Desktop\Converter\languages\it\convertire\m4v\aiff-in-m4v\index.html","True","41","0"
"it","C:\Users\Sipka\Desktop\Converter\languages\it\convertire\m4v\bmp-in-m4v\index.html","True","41","0"
"it","C:\Users\Sipka\Desktop\Converter\languages\it\convertire\m4v\csv-in-m4v\index.html","True","41","0"
"it","C:\Users\Sipka\Desktop\Converter\languages\it\convertire\m4v\docx-in-m4v\index.html","True","41","0"
"it","C:\Users\Sipka\Desktop\Converter\languages\it\convertire\m4v\flac-in-m4v\index.html","True","41","0"
"it","C:\Users\Sipka\Desktop\Converter\languages\it\convertire\m4v\gif-in-m4v\index.html","True","41","0"
"it","C:\Users\Sipka\Desktop\Converter\languages\it\convertire\m4v\html-in-m4v\index.html","True","41","0"
"it","C:\Users\Sipka\Desktop\Converter\languages\it\convertire\m4v\jpeg-in-m4v\index.html","True","41","0"
"it","C:\Users\Sipka\Desktop\Converter\languages\it\convertire\m4v\jpg-in-m4v\index.html","True","41","0"
"it","C:\Users\Sipka\Desktop\Converter\languages\it\convertire\m4v\json-in-m4v\index.html","True","41","0"
"it","C:\Users\Sipka\Desktop\Converter\languages\it\convertire\m4v\jsonl-in-m4v\index.html","True","41","0"
"it","C:\Users\Sipka\Desktop\Converter\languages\it\convertire\m4v\m4a-in-m4v\index.html","True","41","0"
"it","C:\Users\Sipka\Desktop\Converter\languages\it\convertire\m4v\md-in-m4v\index.html","True","41","0"
"it","C:\Users\Sipka\Desktop\Converter\languages\it\convertire\m4v\mkv-in-m4v\index.html","True","41","0"
"it","C:\Users\Sipka\Desktop\Converter\languages\it\convertire\m4v\mov-in-m4v\index.html","True","41","0"
"it","C:\Users\Sipka\Desktop\Converter\languages\it\convertire\m4v\mp3-in-m4v\index.html","True","41","0"
"it","C:\Users\Sipka\Desktop\Converter\languages\it\convertire\m4v\mp4-in-m4v\index.html","True","41","0"
"it","C:\Users\Sipka\Desktop\Converter\languages\it\convertire\m4v\ogg-in-m4v\index.html","True","41","0"
"it","C:\Users\Sipka\Desktop\Converter\languages\it\convertire\m4v\opus-in-m4v\index.html","True","41","0"
"it","C:\Users\Sipka\Desktop\Converter\languages\it\convertire\m4v\pdf-in-m4v\index.html","True","41","0"
"it","C:\Users\Sipka\Desktop\Converter\languages\it\convertire\m4v\png-in-m4v\index.html","True","41","0"
"it","C:\Users\Sipka\Desktop\Converter\languages\it\convertire\m4v\pptx-in-m4v\index.html","True","41","0"
"it","C:\Users\Sipka\Desktop\Converter\languages\it\convertire\m4v\rar-in-m4v\index.html","True","41","0"
"it","C:\Users\Sipka\Desktop\Converter\languages\it\convertire\m4v\rtf-in-m4v\index.html","True","41","0"
"it","C:\Users\Sipka\Desktop\Converter\languages\it\convertire\m4v\svg-in-m4v\index.html","True","41","0"
"it","C:\Users\Sipka\Desktop\Converter\languages\it\convertire\m4v\tar-in-m4v\index.html","True","41","0"
"it","C:\Users\Sipka\Desktop\Converter\languages\it\convertire\m4v\tar.bz2-in-m4v\index.html","True","41","0"
"it","C:\Users\Sipka\Desktop\Converter\languages\it\convertire\m4v\tar.gz-in-m4v\index.html","True","41","0"
"it","C:\Users\Sipka\Desktop\Converter\languages\it\convertire\m4v\tar.xz-in-m4v\index.html","True","41","0"
"it","C:\Users\Sipka\Desktop\Converter\languages\it\convertire\m4v\tbz-in-m4v\index.html","True","41","0"
"it","C:\Users\Sipka\Desktop\Converter\languages\it\convertire\m4v\tgz-in-m4v\index.html","True","41","0"
"it","C:\Users\Sipka\Desktop\Converter\languages\it\convertire\m4v\tiff-in-m4v\index.html","True","41","0"
"it","C:\Users\Sipka\Desktop\Converter\languages\it\convertire\m4v\tsv-in-m4v\index.html","True","41","0"
"it","C:\Users\Sipka\Desktop\Converter\languages\it\convertire\m4v\txt-in-m4v\index.html","True","41","0"
"it","C:\Users\Sipka\Desktop\Converter\languages\it\convertire\m4v\txz-in-m4v\index.html","True","41","0"
"it","C:\Users\Sipka\Desktop\Converter\languages\it\convertire\m4v\wav-in-m4v\index.html","True","41","0"
"it","C:\Users\Sipka\Desktop\Converter\languages\it\convertire\m4v\webm-in-m4v\index.html","True","41","0"
"it","C:\Users\Sipka\Desktop\Converter\languages\it\convertire\m4v\webp-in-m4v\index.html","True","41","0"
"it","C:\Users\Sipka\Desktop\Converter\languages\it\convertire\m4v\xlsx-in-m4v\index.html","True","41","0"
"it","C:\Users\Sipka\Desktop\Converter\languages\it\convertire\m4v\zip-in-m4v\index.html","True","41","0"
"it","C:\Users\Sipka\Desktop\Converter\languages\it\convertire\md\7z-in-md\index.html","True","41","0"
"it","C:\Users\Sipka\Desktop\Converter\languages\it\convertire\md\aac-in-md\index.html","True","41","0"
"it","C:\Users\Sipka\Desktop\Converter\languages\it\convertire\md\aiff-in-md\index.html","True","41","0"
"it","C:\Users\Sipka\Desktop\Converter\languages\it\convertire\md\bmp-in-md\index.html","True","41","0"
"it","C:\Users\Sipka\Desktop\Converter\languages\it\convertire\md\csv-in-md\index.html","True","41","0"
"it","C:\Users\Sipka\Desktop\Converter\languages\it\convertire\md\docx-in-md\index.html","True","41","0"
"it","C:\Users\Sipka\Desktop\Converter\languages\it\convertire\md\flac-in-md\index.html","True","41","0"
"it","C:\Users\Sipka\Desktop\Converter\languages\it\convertire\md\gif-in-md\index.html","True","41","0"
"it","C:\Users\Sipka\Desktop\Converter\languages\it\convertire\md\html-in-md\index.html","True","41","0"
"it","C:\Users\Sipka\Desktop\Converter\languages\it\convertire\md\jpeg-in-md\index.html","True","41","0"
"it","C:\Users\Sipka\Desktop\Converter\languages\it\convertire\md\jpg-in-md\index.html","True","41","0"
"it","C:\Users\Sipka\Desktop\Converter\languages\it\convertire\md\json-in-md\index.html","True","41","0"
"it","C:\Users\Sipka\Desktop\Converter\languages\it\convertire\md\jsonl-in-md\index.html","True","41","0"
"it","C:\Users\Sipka\Desktop\Converter\languages\it\convertire\md\m4a-in-md\index.html","True","41","0"
"it","C:\Users\Sipka\Desktop\Converter\languages\it\convertire\md\m4v-in-md\index.html","True","41","0"
"it","C:\Users\Sipka\Desktop\Converter\languages\it\convertire\md\mkv-in-md\index.html","True","41","0"
"it","C:\Users\Sipka\Desktop\Converter\languages\it\convertire\md\mov-in-md\index.html","True","41","0"
"it","C:\Users\Sipka\Desktop\Converter\languages\it\convertire\md\mp3-in-md\index.html","True","41","0"
"it","C:\Users\Sipka\Desktop\Converter\languages\it\convertire\md\mp4-in-md\index.html","True","41","0"
"it","C:\Users\Sipka\Desktop\Converter\languages\it\convertire\md\ogg-in-md\index.html","True","41","0"
"it","C:\Users\Sipka\Desktop\Converter\languages\it\convertire\md\opus-in-md\index.html","True","41","0"
"it","C:\Users\Sipka\Desktop\Converter\languages\it\convertire\md\pdf-in-md\index.html","True","41","0"
"it","C:\Users\Sipka\Desktop\Converter\languages\it\convertire\md\png-in-md\index.html","True","41","0"
"it","C:\Users\Sipka\Desktop\Converter\languages\it\convertire\md\pptx-in-md\index.html","True","41","0"
"it","C:\Users\Sipka\Desktop\Converter\languages\it\convertire\md\rar-in-md\index.html","True","41","0"
"it","C:\Users\Sipka\Desktop\Converter\languages\it\convertire\md\rtf-in-md\index.html","True","41","0"
"it","C:\Users\Sipka\Desktop\Converter\languages\it\convertire\md\svg-in-md\index.html","True","41","0"
"it","C:\Users\Sipka\Desktop\Converter\languages\it\convertire\md\tar-in-md\index.html","True","41","0"
"it","C:\Users\Sipka\Desktop\Converter\languages\it\convertire\md\tar.bz2-in-md\index.html","True","41","0"
"it","C:\Users\Sipka\Desktop\Converter\languages\it\convertire\md\tar.gz-in-md\index.html","True","41","0"
"it","C:\Users\Sipka\Desktop\Converter\languages\it\convertire\md\tar.xz-in-md\index.html","True","41","0"
"it","C:\Users\Sipka\Desktop\Converter\languages\it\convertire\md\tbz-in-md\index.html","True","41","0"
"it","C:\Users\Sipka\Desktop\Converter\languages\it\convertire\md\tgz-in-md\index.html","True","41","0"
"it","C:\Users\Sipka\Desktop\Converter\languages\it\convertire\md\tiff-in-md\index.html","True","41","0"
"it","C:\Users\Sipka\Desktop\Converter\languages\it\convertire\md\tsv-in-md\index.html","True","41","0"
"it","C:\Users\Sipka\Desktop\Converter\languages\it\convertire\md\txt-in-md\index.html","True","41","0"
"it","C:\Users\Sipka\Desktop\Converter\languages\it\convertire\md\txz-in-md\index.html","True","41","0"
"it","C:\Users\Sipka\Desktop\Converter\languages\it\convertire\md\wav-in-md\index.html","True","41","0"
"it","C:\Users\Sipka\Desktop\Converter\languages\it\convertire\md\webm-in-md\index.html","True","41","0"
"it","C:\Users\Sipka\Desktop\Converter\languages\it\convertire\md\webp-in-md\index.html","True","41","0"
"it","C:\Users\Sipka\Desktop\Converter\languages\it\convertire\md\xlsx-in-md\index.html","True","41","0"
"it","C:\Users\Sipka\Desktop\Converter\languages\it\convertire\md\zip-in-md\index.html","True","41","0"
"it","C:\Users\Sipka\Desktop\Converter\languages\it\convertire\mkv\7z-in-mkv\index.html","True","41","0"
"it","C:\Users\Sipka\Desktop\Converter\languages\it\convertire\mkv\aac-in-mkv\index.html","True","41","0"
"it","C:\Users\Sipka\Desktop\Converter\languages\it\convertire\mkv\aiff-in-mkv\index.html","True","41","0"
"it","C:\Users\Sipka\Desktop\Converter\languages\it\convertire\mkv\bmp-in-mkv\index.html","True","41","0"
"it","C:\Users\Sipka\Desktop\Converter\languages\it\convertire\mkv\csv-in-mkv\index.html","True","41","0"
"it","C:\Users\Sipka\Desktop\Converter\languages\it\convertire\mkv\docx-in-mkv\index.html","True","41","0"
"it","C:\Users\Sipka\Desktop\Converter\languages\it\convertire\mkv\flac-in-mkv\index.html","True","41","0"
"it","C:\Users\Sipka\Desktop\Converter\languages\it\convertire\mkv\gif-in-mkv\index.html","True","41","0"
"it","C:\Users\Sipka\Desktop\Converter\languages\it\convertire\mkv\html-in-mkv\index.html","True","41","0"
"it","C:\Users\Sipka\Desktop\Converter\languages\it\convertire\mkv\jpeg-in-mkv\index.html","True","41","0"
"it","C:\Users\Sipka\Desktop\Converter\languages\it\convertire\mkv\jpg-in-mkv\index.html","True","41","0"
"it","C:\Users\Sipka\Desktop\Converter\languages\it\convertire\mkv\json-in-mkv\index.html","True","41","0"
"it","C:\Users\Sipka\Desktop\Converter\languages\it\convertire\mkv\jsonl-in-mkv\index.html","True","41","0"
"it","C:\Users\Sipka\Desktop\Converter\languages\it\convertire\mkv\m4a-in-mkv\index.html","True","41","0"
"it","C:\Users\Sipka\Desktop\Converter\languages\it\convertire\mkv\m4v-in-mkv\index.html","True","41","0"
"it","C:\Users\Sipka\Desktop\Converter\languages\it\convertire\mkv\md-in-mkv\index.html","True","41","0"
"it","C:\Users\Sipka\Desktop\Converter\languages\it\convertire\mkv\mov-in-mkv\index.html","True","41","0"
"it","C:\Users\Sipka\Desktop\Converter\languages\it\convertire\mkv\mp3-in-mkv\index.html","True","41","0"
"it","C:\Users\Sipka\Desktop\Converter\languages\it\convertire\mkv\mp4-in-mkv\index.html","True","41","0"
"it","C:\Users\Sipka\Desktop\Converter\languages\it\convertire\mkv\ogg-in-mkv\index.html","True","41","0"
"it","C:\Users\Sipka\Desktop\Converter\languages\it\convertire\mkv\opus-in-mkv\index.html","True","41","0"
"it","C:\Users\Sipka\Desktop\Converter\languages\it\convertire\mkv\pdf-in-mkv\index.html","True","41","0"
"it","C:\Users\Sipka\Desktop\Converter\languages\it\convertire\mkv\png-in-mkv\index.html","True","41","0"
"it","C:\Users\Sipka\Desktop\Converter\languages\it\convertire\mkv\pptx-in-mkv\index.html","True","41","0"
"it","C:\Users\Sipka\Desktop\Converter\languages\it\convertire\mkv\rar-in-mkv\index.html","True","41","0"
"it","C:\Users\Sipka\Desktop\Converter\languages\it\convertire\mkv\rtf-in-mkv\index.html","True","41","0"
"it","C:\Users\Sipka\Desktop\Converter\languages\it\convertire\mkv\svg-in-mkv\index.html","True","41","0"
"it","C:\Users\Sipka\Desktop\Converter\languages\it\convertire\mkv\tar-in-mkv\index.html","True","41","0"
"it","C:\Users\Sipka\Desktop\Converter\languages\it\convertire\mkv\tar.bz2-in-mkv\index.html","True","41","0"
"it","C:\Users\Sipka\Desktop\Converter\languages\it\convertire\mkv\tar.gz-in-mkv\index.html","True","41","0"
"it","C:\Users\Sipka\Desktop\Converter\languages\it\convertire\mkv\tar.xz-in-mkv\index.html","True","41","0"
"it","C:\Users\Sipka\Desktop\Converter\languages\it\convertire\mkv\tbz-in-mkv\index.html","True","41","0"
"it","C:\Users\Sipka\Desktop\Converter\languages\it\convertire\mkv\tgz-in-mkv\index.html","True","41","0"
"it","C:\Users\Sipka\Desktop\Converter\languages\it\convertire\mkv\tiff-in-mkv\index.html","True","41","0"
"it","C:\Users\Sipka\Desktop\Converter\languages\it\convertire\mkv\tsv-in-mkv\index.html","True","41","0"
"it","C:\Users\Sipka\Desktop\Converter\languages\it\convertire\mkv\txt-in-mkv\index.html","True","41","0"
"it","C:\Users\Sipka\Desktop\Converter\languages\it\convertire\mkv\txz-in-mkv\index.html","True","41","0"
"it","C:\Users\Sipka\Desktop\Converter\languages\it\convertire\mkv\wav-in-mkv\index.html","True","41","0"
"it","C:\Users\Sipka\Desktop\Converter\languages\it\convertire\mkv\webm-in-mkv\index.html","True","41","0"
"it","C:\Users\Sipka\Desktop\Converter\languages\it\convertire\mkv\webp-in-mkv\index.html","True","41","0"
"it","C:\Users\Sipka\Desktop\Converter\languages\it\convertire\mkv\xlsx-in-mkv\index.html","True","41","0"
"it","C:\Users\Sipka\Desktop\Converter\languages\it\convertire\mkv\zip-in-mkv\index.html","True","41","0"
"it","C:\Users\Sipka\Desktop\Converter\languages\it\convertire\mov\7z-in-mov\index.html","True","41","0"
"it","C:\Users\Sipka\Desktop\Converter\languages\it\convertire\mov\aac-in-mov\index.html","True","41","0"
"it","C:\Users\Sipka\Desktop\Converter\languages\it\convertire\mov\aiff-in-mov\index.html","True","41","0"
"it","C:\Users\Sipka\Desktop\Converter\languages\it\convertire\mov\bmp-in-mov\index.html","True","41","0"
"it","C:\Users\Sipka\Desktop\Converter\languages\it\convertire\mov\csv-in-mov\index.html","True","41","0"
"it","C:\Users\Sipka\Desktop\Converter\languages\it\convertire\mov\docx-in-mov\index.html","True","41","0"
"it","C:\Users\Sipka\Desktop\Converter\languages\it\convertire\mov\flac-in-mov\index.html","True","41","0"
"it","C:\Users\Sipka\Desktop\Converter\languages\it\convertire\mov\gif-in-mov\index.html","True","41","0"
"it","C:\Users\Sipka\Desktop\Converter\languages\it\convertire\mov\html-in-mov\index.html","True","41","0"
"it","C:\Users\Sipka\Desktop\Converter\languages\it\convertire\mov\jpeg-in-mov\index.html","True","41","0"
"it","C:\Users\Sipka\Desktop\Converter\languages\it\convertire\mov\jpg-in-mov\index.html","True","41","0"
"it","C:\Users\Sipka\Desktop\Converter\languages\it\convertire\mov\json-in-mov\index.html","True","41","0"
"it","C:\Users\Sipka\Desktop\Converter\languages\it\convertire\mov\jsonl-in-mov\index.html","True","41","0"
"it","C:\Users\Sipka\Desktop\Converter\languages\it\convertire\mov\m4a-in-mov\index.html","True","41","0"
"it","C:\Users\Sipka\Desktop\Converter\languages\it\convertire\mov\m4v-in-mov\index.html","True","41","0"
"it","C:\Users\Sipka\Desktop\Converter\languages\it\convertire\mov\md-in-mov\index.html","True","41","0"
"it","C:\Users\Sipka\Desktop\Converter\languages\it\convertire\mov\mkv-in-mov\index.html","True","41","0"
"it","C:\Users\Sipka\Desktop\Converter\languages\it\convertire\mov\mp3-in-mov\index.html","True","41","0"
"it","C:\Users\Sipka\Desktop\Converter\languages\it\convertire\mov\mp4-in-mov\index.html","True","41","0"
"it","C:\Users\Sipka\Desktop\Converter\languages\it\convertire\mov\ogg-in-mov\index.html","True","41","0"
"it","C:\Users\Sipka\Desktop\Converter\languages\it\convertire\mov\opus-in-mov\index.html","True","41","0"
"it","C:\Users\Sipka\Desktop\Converter\languages\it\convertire\mov\pdf-in-mov\index.html","True","41","0"
"it","C:\Users\Sipka\Desktop\Converter\languages\it\convertire\mov\png-in-mov\index.html","True","41","0"
"it","C:\Users\Sipka\Desktop\Converter\languages\it\convertire\mov\pptx-in-mov\index.html","True","41","0"
"it","C:\Users\Sipka\Desktop\Converter\languages\it\convertire\mov\rar-in-mov\index.html","True","41","0"
"it","C:\Users\Sipka\Desktop\Converter\languages\it\convertire\mov\rtf-in-mov\index.html","True","41","0"
"it","C:\Users\Sipka\Desktop\Converter\languages\it\convertire\mov\svg-in-mov\index.html","True","41","0"
"it","C:\Users\Sipka\Desktop\Converter\languages\it\convertire\mov\tar-in-mov\index.html","True","41","0"
"it","C:\Users\Sipka\Desktop\Converter\languages\it\convertire\mov\tar.bz2-in-mov\index.html","True","41","0"
"it","C:\Users\Sipka\Desktop\Converter\languages\it\convertire\mov\tar.gz-in-mov\index.html","True","41","0"
"it","C:\Users\Sipka\Desktop\Converter\languages\it\convertire\mov\tar.xz-in-mov\index.html","True","41","0"
"it","C:\Users\Sipka\Desktop\Converter\languages\it\convertire\mov\tbz-in-mov\index.html","True","41","0"
"it","C:\Users\Sipka\Desktop\Converter\languages\it\convertire\mov\tgz-in-mov\index.html","True","41","0"
"it","C:\Users\Sipka\Desktop\Converter\languages\it\convertire\mov\tiff-in-mov\index.html","True","41","0"
"it","C:\Users\Sipka\Desktop\Converter\languages\it\convertire\mov\tsv-in-mov\index.html","True","41","0"
"it","C:\Users\Sipka\Desktop\Converter\languages\it\convertire\mov\txt-in-mov\index.html","True","41","0"
"it","C:\Users\Sipka\Desktop\Converter\languages\it\convertire\mov\txz-in-mov\index.html","True","41","0"
"it","C:\Users\Sipka\Desktop\Converter\languages\it\convertire\mov\wav-in-mov\index.html","True","41","0"
"it","C:\Users\Sipka\Desktop\Converter\languages\it\convertire\mov\webm-in-mov\index.html","True","41","0"
"it","C:\Users\Sipka\Desktop\Converter\languages\it\convertire\mov\webp-in-mov\index.html","True","41","0"
"it","C:\Users\Sipka\Desktop\Converter\languages\it\convertire\mov\xlsx-in-mov\index.html","True","41","0"
"it","C:\Users\Sipka\Desktop\Converter\languages\it\convertire\mov\zip-in-mov\index.html","True","41","0"
"it","C:\Users\Sipka\Desktop\Converter\languages\it\convertire\mp3\7z-in-mp3\index.html","True","41","0"
"it","C:\Users\Sipka\Desktop\Converter\languages\it\convertire\mp3\aac-in-mp3\index.html","True","41","0"
"it","C:\Users\Sipka\Desktop\Converter\languages\it\convertire\mp3\aiff-in-mp3\index.html","True","41","0"
"it","C:\Users\Sipka\Desktop\Converter\languages\it\convertire\mp3\bmp-in-mp3\index.html","True","41","0"
"it","C:\Users\Sipka\Desktop\Converter\languages\it\convertire\mp3\csv-in-mp3\index.html","True","41","0"
"it","C:\Users\Sipka\Desktop\Converter\languages\it\convertire\mp3\docx-in-mp3\index.html","True","41","0"
"it","C:\Users\Sipka\Desktop\Converter\languages\it\convertire\mp3\flac-in-mp3\index.html","True","41","0"
"it","C:\Users\Sipka\Desktop\Converter\languages\it\convertire\mp3\gif-in-mp3\index.html","True","41","0"
"it","C:\Users\Sipka\Desktop\Converter\languages\it\convertire\mp3\html-in-mp3\index.html","True","41","0"
"it","C:\Users\Sipka\Desktop\Converter\languages\it\convertire\mp3\jpeg-in-mp3\index.html","True","41","0"
"it","C:\Users\Sipka\Desktop\Converter\languages\it\convertire\mp3\jpg-in-mp3\index.html","True","41","0"
"it","C:\Users\Sipka\Desktop\Converter\languages\it\convertire\mp3\json-in-mp3\index.html","True","41","0"
"it","C:\Users\Sipka\Desktop\Converter\languages\it\convertire\mp3\jsonl-in-mp3\index.html","True","41","0"
"it","C:\Users\Sipka\Desktop\Converter\languages\it\convertire\mp3\m4a-in-mp3\index.html","True","41","0"
"it","C:\Users\Sipka\Desktop\Converter\languages\it\convertire\mp3\m4v-in-mp3\index.html","True","41","0"
"it","C:\Users\Sipka\Desktop\Converter\languages\it\convertire\mp3\md-in-mp3\index.html","True","41","0"
"it","C:\Users\Sipka\Desktop\Converter\languages\it\convertire\mp3\mkv-in-mp3\index.html","True","41","0"
"it","C:\Users\Sipka\Desktop\Converter\languages\it\convertire\mp3\mov-in-mp3\index.html","True","41","0"
"it","C:\Users\Sipka\Desktop\Converter\languages\it\convertire\mp3\mp4-in-mp3\index.html","True","41","0"
"it","C:\Users\Sipka\Desktop\Converter\languages\it\convertire\mp3\ogg-in-mp3\index.html","True","41","0"
"it","C:\Users\Sipka\Desktop\Converter\languages\it\convertire\mp3\opus-in-mp3\index.html","True","41","0"
"it","C:\Users\Sipka\Desktop\Converter\languages\it\convertire\mp3\pdf-in-mp3\index.html","True","41","0"
"it","C:\Users\Sipka\Desktop\Converter\languages\it\convertire\mp3\png-in-mp3\index.html","True","41","0"
"it","C:\Users\Sipka\Desktop\Converter\languages\it\convertire\mp3\pptx-in-mp3\index.html","True","41","0"
"it","C:\Users\Sipka\Desktop\Converter\languages\it\convertire\mp3\rar-in-mp3\index.html","True","41","0"
"it","C:\Users\Sipka\Desktop\Converter\languages\it\convertire\mp3\rtf-in-mp3\index.html","True","41","0"
"it","C:\Users\Sipka\Desktop\Converter\languages\it\convertire\mp3\svg-in-mp3\index.html","True","41","0"
"it","C:\Users\Sipka\Desktop\Converter\languages\it\convertire\mp3\tar-in-mp3\index.html","True","41","0"
"it","C:\Users\Sipka\Desktop\Converter\languages\it\convertire\mp3\tar.bz2-in-mp3\index.html","True","41","0"
"it","C:\Users\Sipka\Desktop\Converter\languages\it\convertire\mp3\tar.gz-in-mp3\index.html","True","41","0"
"it","C:\Users\Sipka\Desktop\Converter\languages\it\convertire\mp3\tar.xz-in-mp3\index.html","True","41","0"
"it","C:\Users\Sipka\Desktop\Converter\languages\it\convertire\mp3\tbz-in-mp3\index.html","True","41","0"
"it","C:\Users\Sipka\Desktop\Converter\languages\it\convertire\mp3\tgz-in-mp3\index.html","True","41","0"
"it","C:\Users\Sipka\Desktop\Converter\languages\it\convertire\mp3\tiff-in-mp3\index.html","True","41","0"
"it","C:\Users\Sipka\Desktop\Converter\languages\it\convertire\mp3\tsv-in-mp3\index.html","True","41","0"
"it","C:\Users\Sipka\Desktop\Converter\languages\it\convertire\mp3\txt-in-mp3\index.html","True","41","0"
"it","C:\Users\Sipka\Desktop\Converter\languages\it\convertire\mp3\txz-in-mp3\index.html","True","41","0"
"it","C:\Users\Sipka\Desktop\Converter\languages\it\convertire\mp3\wav-in-mp3\index.html","True","41","0"
"it","C:\Users\Sipka\Desktop\Converter\languages\it\convertire\mp3\webm-in-mp3\index.html","True","41","0"
"it","C:\Users\Sipka\Desktop\Converter\languages\it\convertire\mp3\webp-in-mp3\index.html","True","41","0"
"it","C:\Users\Sipka\Desktop\Converter\languages\it\convertire\mp3\xlsx-in-mp3\index.html","True","41","0"
"it","C:\Users\Sipka\Desktop\Converter\languages\it\convertire\mp3\zip-in-mp3\index.html","True","41","0"
"it","C:\Users\Sipka\Desktop\Converter\languages\it\convertire\mp4\7z-in-mp4\index.html","True","41","0"
"it","C:\Users\Sipka\Desktop\Converter\languages\it\convertire\mp4\aac-in-mp4\index.html","True","41","0"
"it","C:\Users\Sipka\Desktop\Converter\languages\it\convertire\mp4\aiff-in-mp4\index.html","True","41","0"
"it","C:\Users\Sipka\Desktop\Converter\languages\it\convertire\mp4\bmp-in-mp4\index.html","True","41","0"
"it","C:\Users\Sipka\Desktop\Converter\languages\it\convertire\mp4\csv-in-mp4\index.html","True","41","0"
"it","C:\Users\Sipka\Desktop\Converter\languages\it\convertire\mp4\docx-in-mp4\index.html","True","41","0"
"it","C:\Users\Sipka\Desktop\Converter\languages\it\convertire\mp4\flac-in-mp4\index.html","True","41","0"
"it","C:\Users\Sipka\Desktop\Converter\languages\it\convertire\mp4\gif-in-mp4\index.html","True","41","0"
"it","C:\Users\Sipka\Desktop\Converter\languages\it\convertire\mp4\html-in-mp4\index.html","True","41","0"
"it","C:\Users\Sipka\Desktop\Converter\languages\it\convertire\mp4\jpeg-in-mp4\index.html","True","41","0"
"it","C:\Users\Sipka\Desktop\Converter\languages\it\convertire\mp4\jpg-in-mp4\index.html","True","41","0"
"it","C:\Users\Sipka\Desktop\Converter\languages\it\convertire\mp4\json-in-mp4\index.html","True","41","0"
"it","C:\Users\Sipka\Desktop\Converter\languages\it\convertire\mp4\jsonl-in-mp4\index.html","True","41","0"
"it","C:\Users\Sipka\Desktop\Converter\languages\it\convertire\mp4\m4a-in-mp4\index.html","True","41","0"
"it","C:\Users\Sipka\Desktop\Converter\languages\it\convertire\mp4\m4v-in-mp4\index.html","True","41","0"
"it","C:\Users\Sipka\Desktop\Converter\languages\it\convertire\mp4\md-in-mp4\index.html","True","41","0"
"it","C:\Users\Sipka\Desktop\Converter\languages\it\convertire\mp4\mkv-in-mp4\index.html","True","41","0"
"it","C:\Users\Sipka\Desktop\Converter\languages\it\convertire\mp4\mov-in-mp4\index.html","True","41","0"
"it","C:\Users\Sipka\Desktop\Converter\languages\it\convertire\mp4\mp3-in-mp4\index.html","True","41","0"
"it","C:\Users\Sipka\Desktop\Converter\languages\it\convertire\mp4\ogg-in-mp4\index.html","True","41","0"
"it","C:\Users\Sipka\Desktop\Converter\languages\it\convertire\mp4\opus-in-mp4\index.html","True","41","0"
"it","C:\Users\Sipka\Desktop\Converter\languages\it\convertire\mp4\pdf-in-mp4\index.html","True","41","0"
"it","C:\Users\Sipka\Desktop\Converter\languages\it\convertire\mp4\png-in-mp4\index.html","True","41","0"
"it","C:\Users\Sipka\Desktop\Converter\languages\it\convertire\mp4\pptx-in-mp4\index.html","True","41","0"
"it","C:\Users\Sipka\Desktop\Converter\languages\it\convertire\mp4\rar-in-mp4\index.html","True","41","0"
"it","C:\Users\Sipka\Desktop\Converter\languages\it\convertire\mp4\rtf-in-mp4\index.html","True","41","0"
"it","C:\Users\Sipka\Desktop\Converter\languages\it\convertire\mp4\svg-in-mp4\index.html","True","41","0"
"it","C:\Users\Sipka\Desktop\Converter\languages\it\convertire\mp4\tar-in-mp4\index.html","True","41","0"
"it","C:\Users\Sipka\Desktop\Converter\languages\it\convertire\mp4\tar.bz2-in-mp4\index.html","True","41","0"
"it","C:\Users\Sipka\Desktop\Converter\languages\it\convertire\mp4\tar.gz-in-mp4\index.html","True","41","0"
"it","C:\Users\Sipka\Desktop\Converter\languages\it\convertire\mp4\tar.xz-in-mp4\index.html","True","41","0"
"it","C:\Users\Sipka\Desktop\Converter\languages\it\convertire\mp4\tbz-in-mp4\index.html","True","41","0"
"it","C:\Users\Sipka\Desktop\Converter\languages\it\convertire\mp4\tgz-in-mp4\index.html","True","41","0"
"it","C:\Users\Sipka\Desktop\Converter\languages\it\convertire\mp4\tiff-in-mp4\index.html","True","41","0"
"it","C:\Users\Sipka\Desktop\Converter\languages\it\convertire\mp4\tsv-in-mp4\index.html","True","41","0"
"it","C:\Users\Sipka\Desktop\Converter\languages\it\convertire\mp4\txt-in-mp4\index.html","True","41","0"
"it","C:\Users\Sipka\Desktop\Converter\languages\it\convertire\mp4\txz-in-mp4\index.html","True","41","0"
"it","C:\Users\Sipka\Desktop\Converter\languages\it\convertire\mp4\wav-in-mp4\index.html","True","41","0"
"it","C:\Users\Sipka\Desktop\Converter\languages\it\convertire\mp4\webm-in-mp4\index.html","True","41","0"
"it","C:\Users\Sipka\Desktop\Converter\languages\it\convertire\mp4\webp-in-mp4\index.html","True","41","0"
"it","C:\Users\Sipka\Desktop\Converter\languages\it\convertire\mp4\xlsx-in-mp4\index.html","True","41","0"
"it","C:\Users\Sipka\Desktop\Converter\languages\it\convertire\mp4\zip-in-mp4\index.html","True","41","0"
"it","C:\Users\Sipka\Desktop\Converter\languages\it\convertire\ogg\7z-in-ogg\index.html","True","41","0"
"it","C:\Users\Sipka\Desktop\Converter\languages\it\convertire\ogg\aac-in-ogg\index.html","True","41","0"
"it","C:\Users\Sipka\Desktop\Converter\languages\it\convertire\ogg\aiff-in-ogg\index.html","True","41","0"
"it","C:\Users\Sipka\Desktop\Converter\languages\it\convertire\ogg\bmp-in-ogg\index.html","True","41","0"
"it","C:\Users\Sipka\Desktop\Converter\languages\it\convertire\ogg\csv-in-ogg\index.html","True","41","0"
"it","C:\Users\Sipka\Desktop\Converter\languages\it\convertire\ogg\docx-in-ogg\index.html","True","41","0"
"it","C:\Users\Sipka\Desktop\Converter\languages\it\convertire\ogg\flac-in-ogg\index.html","True","41","0"
"it","C:\Users\Sipka\Desktop\Converter\languages\it\convertire\ogg\gif-in-ogg\index.html","True","41","0"
"it","C:\Users\Sipka\Desktop\Converter\languages\it\convertire\ogg\html-in-ogg\index.html","True","41","0"
"it","C:\Users\Sipka\Desktop\Converter\languages\it\convertire\ogg\jpeg-in-ogg\index.html","True","41","0"
"it","C:\Users\Sipka\Desktop\Converter\languages\it\convertire\ogg\jpg-in-ogg\index.html","True","41","0"
"it","C:\Users\Sipka\Desktop\Converter\languages\it\convertire\ogg\json-in-ogg\index.html","True","41","0"
"it","C:\Users\Sipka\Desktop\Converter\languages\it\convertire\ogg\jsonl-in-ogg\index.html","True","41","0"
"it","C:\Users\Sipka\Desktop\Converter\languages\it\convertire\ogg\m4a-in-ogg\index.html","True","41","0"
"it","C:\Users\Sipka\Desktop\Converter\languages\it\convertire\ogg\m4v-in-ogg\index.html","True","41","0"
"it","C:\Users\Sipka\Desktop\Converter\languages\it\convertire\ogg\md-in-ogg\index.html","True","41","0"
"it","C:\Users\Sipka\Desktop\Converter\languages\it\convertire\ogg\mkv-in-ogg\index.html","True","41","0"
"it","C:\Users\Sipka\Desktop\Converter\languages\it\convertire\ogg\mov-in-ogg\index.html","True","41","0"
"it","C:\Users\Sipka\Desktop\Converter\languages\it\convertire\ogg\mp3-in-ogg\index.html","True","41","0"
"it","C:\Users\Sipka\Desktop\Converter\languages\it\convertire\ogg\mp4-in-ogg\index.html","True","41","0"
"it","C:\Users\Sipka\Desktop\Converter\languages\it\convertire\ogg\opus-in-ogg\index.html","True","41","0"
"it","C:\Users\Sipka\Desktop\Converter\languages\it\convertire\ogg\pdf-in-ogg\index.html","True","41","0"
"it","C:\Users\Sipka\Desktop\Converter\languages\it\convertire\ogg\png-in-ogg\index.html","True","41","0"
"it","C:\Users\Sipka\Desktop\Converter\languages\it\convertire\ogg\pptx-in-ogg\index.html","True","41","0"
"it","C:\Users\Sipka\Desktop\Converter\languages\it\convertire\ogg\rar-in-ogg\index.html","True","41","0"
"it","C:\Users\Sipka\Desktop\Converter\languages\it\convertire\ogg\rtf-in-ogg\index.html","True","41","0"
"it","C:\Users\Sipka\Desktop\Converter\languages\it\convertire\ogg\svg-in-ogg\index.html","True","41","0"
"it","C:\Users\Sipka\Desktop\Converter\languages\it\convertire\ogg\tar-in-ogg\index.html","True","41","0"
"it","C:\Users\Sipka\Desktop\Converter\languages\it\convertire\ogg\tar.bz2-in-ogg\index.html","True","41","0"
"it","C:\Users\Sipka\Desktop\Converter\languages\it\convertire\ogg\tar.gz-in-ogg\index.html","True","41","0"
"it","C:\Users\Sipka\Desktop\Converter\languages\it\convertire\ogg\tar.xz-in-ogg\index.html","True","41","0"
"it","C:\Users\Sipka\Desktop\Converter\languages\it\convertire\ogg\tbz-in-ogg\index.html","True","41","0"
"it","C:\Users\Sipka\Desktop\Converter\languages\it\convertire\ogg\tgz-in-ogg\index.html","True","41","0"
"it","C:\Users\Sipka\Desktop\Converter\languages\it\convertire\ogg\tiff-in-ogg\index.html","True","41","0"
"it","C:\Users\Sipka\Desktop\Converter\languages\it\convertire\ogg\tsv-in-ogg\index.html","True","41","0"
"it","C:\Users\Sipka\Desktop\Converter\languages\it\convertire\ogg\txt-in-ogg\index.html","True","41","0"
"it","C:\Users\Sipka\Desktop\Converter\languages\it\convertire\ogg\txz-in-ogg\index.html","True","41","0"
"it","C:\Users\Sipka\Desktop\Converter\languages\it\convertire\ogg\wav-in-ogg\index.html","True","41","0"
"it","C:\Users\Sipka\Desktop\Converter\languages\it\convertire\ogg\webm-in-ogg\index.html","True","41","0"
"it","C:\Users\Sipka\Desktop\Converter\languages\it\convertire\ogg\webp-in-ogg\index.html","True","41","0"
"it","C:\Users\Sipka\Desktop\Converter\languages\it\convertire\ogg\xlsx-in-ogg\index.html","True","41","0"
"it","C:\Users\Sipka\Desktop\Converter\languages\it\convertire\ogg\zip-in-ogg\index.html","True","41","0"
"it","C:\Users\Sipka\Desktop\Converter\languages\it\convertire\opus\7z-in-opus\index.html","True","41","0"
"it","C:\Users\Sipka\Desktop\Converter\languages\it\convertire\opus\aac-in-opus\index.html","True","41","0"
"it","C:\Users\Sipka\Desktop\Converter\languages\it\convertire\opus\aiff-in-opus\index.html","True","41","0"
"it","C:\Users\Sipka\Desktop\Converter\languages\it\convertire\opus\bmp-in-opus\index.html","True","41","0"
"it","C:\Users\Sipka\Desktop\Converter\languages\it\convertire\opus\csv-in-opus\index.html","True","41","0"
"it","C:\Users\Sipka\Desktop\Converter\languages\it\convertire\opus\docx-in-opus\index.html","True","41","0"
"it","C:\Users\Sipka\Desktop\Converter\languages\it\convertire\opus\flac-in-opus\index.html","True","41","0"
"it","C:\Users\Sipka\Desktop\Converter\languages\it\convertire\opus\gif-in-opus\index.html","True","41","0"
"it","C:\Users\Sipka\Desktop\Converter\languages\it\convertire\opus\html-in-opus\index.html","True","41","0"
"it","C:\Users\Sipka\Desktop\Converter\languages\it\convertire\opus\jpeg-in-opus\index.html","True","41","0"
"it","C:\Users\Sipka\Desktop\Converter\languages\it\convertire\opus\jpg-in-opus\index.html","True","41","0"
"it","C:\Users\Sipka\Desktop\Converter\languages\it\convertire\opus\json-in-opus\index.html","True","41","0"
"it","C:\Users\Sipka\Desktop\Converter\languages\it\convertire\opus\jsonl-in-opus\index.html","True","41","0"
"it","C:\Users\Sipka\Desktop\Converter\languages\it\convertire\opus\m4a-in-opus\index.html","True","41","0"
"it","C:\Users\Sipka\Desktop\Converter\languages\it\convertire\opus\m4v-in-opus\index.html","True","41","0"
"it","C:\Users\Sipka\Desktop\Converter\languages\it\convertire\opus\md-in-opus\index.html","True","41","0"
"it","C:\Users\Sipka\Desktop\Converter\languages\it\convertire\opus\mkv-in-opus\index.html","True","41","0"
"it","C:\Users\Sipka\Desktop\Converter\languages\it\convertire\opus\mov-in-opus\index.html","True","41","0"
"it","C:\Users\Sipka\Desktop\Converter\languages\it\convertire\opus\mp3-in-opus\index.html","True","41","0"
"it","C:\Users\Sipka\Desktop\Converter\languages\it\convertire\opus\mp4-in-opus\index.html","True","41","0"
"it","C:\Users\Sipka\Desktop\Converter\languages\it\convertire\opus\ogg-in-opus\index.html","True","41","0"
"it","C:\Users\Sipka\Desktop\Converter\languages\it\convertire\opus\pdf-in-opus\index.html","True","41","0"
"it","C:\Users\Sipka\Desktop\Converter\languages\it\convertire\opus\png-in-opus\index.html","True","41","0"
"it","C:\Users\Sipka\Desktop\Converter\languages\it\convertire\opus\pptx-in-opus\index.html","True","41","0"
"it","C:\Users\Sipka\Desktop\Converter\languages\it\convertire\opus\rar-in-opus\index.html","True","41","0"
"it","C:\Users\Sipka\Desktop\Converter\languages\it\convertire\opus\rtf-in-opus\index.html","True","41","0"
"it","C:\Users\Sipka\Desktop\Converter\languages\it\convertire\opus\svg-in-opus\index.html","True","41","0"
"it","C:\Users\Sipka\Desktop\Converter\languages\it\convertire\opus\tar-in-opus\index.html","True","41","0"
"it","C:\Users\Sipka\Desktop\Converter\languages\it\convertire\opus\tar.bz2-in-opus\index.html","True","41","0"
"it","C:\Users\Sipka\Desktop\Converter\languages\it\convertire\opus\tar.gz-in-opus\index.html","True","41","0"
"it","C:\Users\Sipka\Desktop\Converter\languages\it\convertire\opus\tar.xz-in-opus\index.html","True","41","0"
"it","C:\Users\Sipka\Desktop\Converter\languages\it\convertire\opus\tbz-in-opus\index.html","True","41","0"
"it","C:\Users\Sipka\Desktop\Converter\languages\it\convertire\opus\tgz-in-opus\index.html","True","41","0"
"it","C:\Users\Sipka\Desktop\Converter\languages\it\convertire\opus\tiff-in-opus\index.html","True","41","0"
"it","C:\Users\Sipka\Desktop\Converter\languages\it\convertire\opus\tsv-in-opus\index.html","True","41","0"
"it","C:\Users\Sipka\Desktop\Converter\languages\it\convertire\opus\txt-in-opus\index.html","True","41","0"
"it","C:\Users\Sipka\Desktop\Converter\languages\it\convertire\opus\txz-in-opus\index.html","True","41","0"
"it","C:\Users\Sipka\Desktop\Converter\languages\it\convertire\opus\wav-in-opus\index.html","True","41","0"
"it","C:\Users\Sipka\Desktop\Converter\languages\it\convertire\opus\webm-in-opus\index.html","True","41","0"
"it","C:\Users\Sipka\Desktop\Converter\languages\it\convertire\opus\webp-in-opus\index.html","True","41","0"
"it","C:\Users\Sipka\Desktop\Converter\languages\it\convertire\opus\xlsx-in-opus\index.html","True","41","0"
"it","C:\Users\Sipka\Desktop\Converter\languages\it\convertire\opus\zip-in-opus\index.html","True","41","0"
"it","C:\Users\Sipka\Desktop\Converter\languages\it\convertire\pdf\7z-in-pdf\index.html","True","41","0"
"it","C:\Users\Sipka\Desktop\Converter\languages\it\convertire\pdf\aac-in-pdf\index.html","True","41","0"
"it","C:\Users\Sipka\Desktop\Converter\languages\it\convertire\pdf\aiff-in-pdf\index.html","True","41","0"
"it","C:\Users\Sipka\Desktop\Converter\languages\it\convertire\pdf\bmp-in-pdf\index.html","True","41","0"
"it","C:\Users\Sipka\Desktop\Converter\languages\it\convertire\pdf\csv-in-pdf\index.html","True","41","0"
"it","C:\Users\Sipka\Desktop\Converter\languages\it\convertire\pdf\docx-in-pdf\index.html","True","41","0"
"it","C:\Users\Sipka\Desktop\Converter\languages\it\convertire\pdf\flac-in-pdf\index.html","True","41","0"
"it","C:\Users\Sipka\Desktop\Converter\languages\it\convertire\pdf\gif-in-pdf\index.html","True","41","0"
"it","C:\Users\Sipka\Desktop\Converter\languages\it\convertire\pdf\html-in-pdf\index.html","True","41","0"
"it","C:\Users\Sipka\Desktop\Converter\languages\it\convertire\pdf\jpeg-in-pdf\index.html","True","41","0"
"it","C:\Users\Sipka\Desktop\Converter\languages\it\convertire\pdf\jpg-in-pdf\index.html","True","41","0"
"it","C:\Users\Sipka\Desktop\Converter\languages\it\convertire\pdf\json-in-pdf\index.html","True","41","0"
"it","C:\Users\Sipka\Desktop\Converter\languages\it\convertire\pdf\jsonl-in-pdf\index.html","True","41","0"
"it","C:\Users\Sipka\Desktop\Converter\languages\it\convertire\pdf\m4a-in-pdf\index.html","True","41","0"
"it","C:\Users\Sipka\Desktop\Converter\languages\it\convertire\pdf\m4v-in-pdf\index.html","True","41","0"
"it","C:\Users\Sipka\Desktop\Converter\languages\it\convertire\pdf\md-in-pdf\index.html","True","41","0"
"it","C:\Users\Sipka\Desktop\Converter\languages\it\convertire\pdf\mkv-in-pdf\index.html","True","41","0"
"it","C:\Users\Sipka\Desktop\Converter\languages\it\convertire\pdf\mov-in-pdf\index.html","True","41","0"
"it","C:\Users\Sipka\Desktop\Converter\languages\it\convertire\pdf\mp3-in-pdf\index.html","True","41","0"
"it","C:\Users\Sipka\Desktop\Converter\languages\it\convertire\pdf\mp4-in-pdf\index.html","True","41","0"
"it","C:\Users\Sipka\Desktop\Converter\languages\it\convertire\pdf\ogg-in-pdf\index.html","True","41","0"
"it","C:\Users\Sipka\Desktop\Converter\languages\it\convertire\pdf\opus-in-pdf\index.html","True","41","0"
"it","C:\Users\Sipka\Desktop\Converter\languages\it\convertire\pdf\png-in-pdf\index.html","True","41","0"
"it","C:\Users\Sipka\Desktop\Converter\languages\it\convertire\pdf\pptx-in-pdf\index.html","True","41","0"
"it","C:\Users\Sipka\Desktop\Converter\languages\it\convertire\pdf\rar-in-pdf\index.html","True","41","0"
"it","C:\Users\Sipka\Desktop\Converter\languages\it\convertire\pdf\rtf-in-pdf\index.html","True","41","0"
"it","C:\Users\Sipka\Desktop\Converter\languages\it\convertire\pdf\svg-in-pdf\index.html","True","41","0"
"it","C:\Users\Sipka\Desktop\Converter\languages\it\convertire\pdf\tar-in-pdf\index.html","True","41","0"
"it","C:\Users\Sipka\Desktop\Converter\languages\it\convertire\pdf\tar.bz2-in-pdf\index.html","True","41","0"
"it","C:\Users\Sipka\Desktop\Converter\languages\it\convertire\pdf\tar.gz-in-pdf\index.html","True","41","0"
"it","C:\Users\Sipka\Desktop\Converter\languages\it\convertire\pdf\tar.xz-in-pdf\index.html","True","41","0"
"it","C:\Users\Sipka\Desktop\Converter\languages\it\convertire\pdf\tbz-in-pdf\index.html","True","41","0"
"it","C:\Users\Sipka\Desktop\Converter\languages\it\convertire\pdf\tgz-in-pdf\index.html","True","41","0"
"it","C:\Users\Sipka\Desktop\Converter\languages\it\convertire\pdf\tiff-in-pdf\index.html","True","41","0"
"it","C:\Users\Sipka\Desktop\Converter\languages\it\convertire\pdf\tsv-in-pdf\index.html","True","41","0"
"it","C:\Users\Sipka\Desktop\Converter\languages\it\convertire\pdf\txt-in-pdf\index.html","True","41","0"
"it","C:\Users\Sipka\Desktop\Converter\languages\it\convertire\pdf\txz-in-pdf\index.html","True","41","0"
"it","C:\Users\Sipka\Desktop\Converter\languages\it\convertire\pdf\wav-in-pdf\index.html","True","41","0"
"it","C:\Users\Sipka\Desktop\Converter\languages\it\convertire\pdf\webm-in-pdf\index.html","True","41","0"
"it","C:\Users\Sipka\Desktop\Converter\languages\it\convertire\pdf\webp-in-pdf\index.html","True","41","0"
"it","C:\Users\Sipka\Desktop\Converter\languages\it\convertire\pdf\xlsx-in-pdf\index.html","True","41","0"
"it","C:\Users\Sipka\Desktop\Converter\languages\it\convertire\pdf\zip-in-pdf\index.html","True","41","0"
"it","C:\Users\Sipka\Desktop\Converter\languages\it\convertire\png\7z-in-png\index.html","True","41","0"
"it","C:\Users\Sipka\Desktop\Converter\languages\it\convertire\png\aac-in-png\index.html","True","41","0"
"it","C:\Users\Sipka\Desktop\Converter\languages\it\convertire\png\aiff-in-png\index.html","True","41","0"
"it","C:\Users\Sipka\Desktop\Converter\languages\it\convertire\png\bmp-in-png\index.html","True","41","0"
"it","C:\Users\Sipka\Desktop\Converter\languages\it\convertire\png\csv-in-png\index.html","True","41","0"
"it","C:\Users\Sipka\Desktop\Converter\languages\it\convertire\png\docx-in-png\index.html","True","41","0"
"it","C:\Users\Sipka\Desktop\Converter\languages\it\convertire\png\flac-in-png\index.html","True","41","0"
"it","C:\Users\Sipka\Desktop\Converter\languages\it\convertire\png\gif-in-png\index.html","True","41","0"
"it","C:\Users\Sipka\Desktop\Converter\languages\it\convertire\png\html-in-png\index.html","True","41","0"
"it","C:\Users\Sipka\Desktop\Converter\languages\it\convertire\png\jpeg-in-png\index.html","True","41","0"
"it","C:\Users\Sipka\Desktop\Converter\languages\it\convertire\png\jpg-in-png\index.html","True","41","0"
"it","C:\Users\Sipka\Desktop\Converter\languages\it\convertire\png\json-in-png\index.html","True","41","0"
"it","C:\Users\Sipka\Desktop\Converter\languages\it\convertire\png\jsonl-in-png\index.html","True","41","0"
"it","C:\Users\Sipka\Desktop\Converter\languages\it\convertire\png\m4a-in-png\index.html","True","41","0"
"it","C:\Users\Sipka\Desktop\Converter\languages\it\convertire\png\m4v-in-png\index.html","True","41","0"
"it","C:\Users\Sipka\Desktop\Converter\languages\it\convertire\png\md-in-png\index.html","True","41","0"
"it","C:\Users\Sipka\Desktop\Converter\languages\it\convertire\png\mkv-in-png\index.html","True","41","0"
"it","C:\Users\Sipka\Desktop\Converter\languages\it\convertire\png\mov-in-png\index.html","True","41","0"
"it","C:\Users\Sipka\Desktop\Converter\languages\it\convertire\png\mp3-in-png\index.html","True","41","0"
"it","C:\Users\Sipka\Desktop\Converter\languages\it\convertire\png\mp4-in-png\index.html","True","41","0"
"it","C:\Users\Sipka\Desktop\Converter\languages\it\convertire\png\ogg-in-png\index.html","True","41","0"
"it","C:\Users\Sipka\Desktop\Converter\languages\it\convertire\png\opus-in-png\index.html","True","41","0"
"it","C:\Users\Sipka\Desktop\Converter\languages\it\convertire\png\pdf-in-png\index.html","True","41","0"
"it","C:\Users\Sipka\Desktop\Converter\languages\it\convertire\png\pptx-in-png\index.html","True","41","0"
"it","C:\Users\Sipka\Desktop\Converter\languages\it\convertire\png\rar-in-png\index.html","True","41","0"
"it","C:\Users\Sipka\Desktop\Converter\languages\it\convertire\png\rtf-in-png\index.html","True","41","0"
"it","C:\Users\Sipka\Desktop\Converter\languages\it\convertire\png\svg-in-png\index.html","True","41","0"
"it","C:\Users\Sipka\Desktop\Converter\languages\it\convertire\png\tar-in-png\index.html","True","41","0"
"it","C:\Users\Sipka\Desktop\Converter\languages\it\convertire\png\tar.bz2-in-png\index.html","True","41","0"
"it","C:\Users\Sipka\Desktop\Converter\languages\it\convertire\png\tar.gz-in-png\index.html","True","41","0"
"it","C:\Users\Sipka\Desktop\Converter\languages\it\convertire\png\tar.xz-in-png\index.html","True","41","0"
"it","C:\Users\Sipka\Desktop\Converter\languages\it\convertire\png\tbz-in-png\index.html","True","41","0"
"it","C:\Users\Sipka\Desktop\Converter\languages\it\convertire\png\tgz-in-png\index.html","True","41","0"
"it","C:\Users\Sipka\Desktop\Converter\languages\it\convertire\png\tiff-in-png\index.html","True","41","0"
"it","C:\Users\Sipka\Desktop\Converter\languages\it\convertire\png\tsv-in-png\index.html","True","41","0"
"it","C:\Users\Sipka\Desktop\Converter\languages\it\convertire\png\txt-in-png\index.html","True","41","0"
"it","C:\Users\Sipka\Desktop\Converter\languages\it\convertire\png\txz-in-png\index.html","True","41","0"
"it","C:\Users\Sipka\Desktop\Converter\languages\it\convertire\png\wav-in-png\index.html","True","41","0"
"it","C:\Users\Sipka\Desktop\Converter\languages\it\convertire\png\webm-in-png\index.html","True","41","0"
"it","C:\Users\Sipka\Desktop\Converter\languages\it\convertire\png\webp-in-png\index.html","True","41","0"
"it","C:\Users\Sipka\Desktop\Converter\languages\it\convertire\png\xlsx-in-png\index.html","True","41","0"
"it","C:\Users\Sipka\Desktop\Converter\languages\it\convertire\png\zip-in-png\index.html","True","41","0"
"it","C:\Users\Sipka\Desktop\Converter\languages\it\convertire\pptx\7z-in-pptx\index.html","True","41","0"
"it","C:\Users\Sipka\Desktop\Converter\languages\it\convertire\pptx\aac-in-pptx\index.html","True","41","0"
"it","C:\Users\Sipka\Desktop\Converter\languages\it\convertire\pptx\aiff-in-pptx\index.html","True","41","0"
"it","C:\Users\Sipka\Desktop\Converter\languages\it\convertire\pptx\bmp-in-pptx\index.html","True","41","0"
"it","C:\Users\Sipka\Desktop\Converter\languages\it\convertire\pptx\csv-in-pptx\index.html","True","41","0"
"it","C:\Users\Sipka\Desktop\Converter\languages\it\convertire\pptx\docx-in-pptx\index.html","True","41","0"
"it","C:\Users\Sipka\Desktop\Converter\languages\it\convertire\pptx\flac-in-pptx\index.html","True","41","0"
"it","C:\Users\Sipka\Desktop\Converter\languages\it\convertire\pptx\gif-in-pptx\index.html","True","41","0"
"it","C:\Users\Sipka\Desktop\Converter\languages\it\convertire\pptx\html-in-pptx\index.html","True","41","0"
"it","C:\Users\Sipka\Desktop\Converter\languages\it\convertire\pptx\jpeg-in-pptx\index.html","True","41","0"
"it","C:\Users\Sipka\Desktop\Converter\languages\it\convertire\pptx\jpg-in-pptx\index.html","True","41","0"
"it","C:\Users\Sipka\Desktop\Converter\languages\it\convertire\pptx\json-in-pptx\index.html","True","41","0"
"it","C:\Users\Sipka\Desktop\Converter\languages\it\convertire\pptx\jsonl-in-pptx\index.html","True","41","0"
"it","C:\Users\Sipka\Desktop\Converter\languages\it\convertire\pptx\m4a-in-pptx\index.html","True","41","0"
"it","C:\Users\Sipka\Desktop\Converter\languages\it\convertire\pptx\m4v-in-pptx\index.html","True","41","0"
"it","C:\Users\Sipka\Desktop\Converter\languages\it\convertire\pptx\md-in-pptx\index.html","True","41","0"
"it","C:\Users\Sipka\Desktop\Converter\languages\it\convertire\pptx\mkv-in-pptx\index.html","True","41","0"
"it","C:\Users\Sipka\Desktop\Converter\languages\it\convertire\pptx\mov-in-pptx\index.html","True","41","0"
"it","C:\Users\Sipka\Desktop\Converter\languages\it\convertire\pptx\mp3-in-pptx\index.html","True","41","0"
"it","C:\Users\Sipka\Desktop\Converter\languages\it\convertire\pptx\mp4-in-pptx\index.html","True","41","0"
"it","C:\Users\Sipka\Desktop\Converter\languages\it\convertire\pptx\ogg-in-pptx\index.html","True","41","0"
"it","C:\Users\Sipka\Desktop\Converter\languages\it\convertire\pptx\opus-in-pptx\index.html","True","41","0"
"it","C:\Users\Sipka\Desktop\Converter\languages\it\convertire\pptx\pdf-in-pptx\index.html","True","41","0"
"it","C:\Users\Sipka\Desktop\Converter\languages\it\convertire\pptx\png-in-pptx\index.html","True","41","0"
"it","C:\Users\Sipka\Desktop\Converter\languages\it\convertire\pptx\rar-in-pptx\index.html","True","41","0"
"it","C:\Users\Sipka\Desktop\Converter\languages\it\convertire\pptx\rtf-in-pptx\index.html","True","41","0"
"it","C:\Users\Sipka\Desktop\Converter\languages\it\convertire\pptx\svg-in-pptx\index.html","True","41","0"
"it","C:\Users\Sipka\Desktop\Converter\languages\it\convertire\pptx\tar-in-pptx\index.html","True","41","0"
"it","C:\Users\Sipka\Desktop\Converter\languages\it\convertire\pptx\tar.bz2-in-pptx\index.html","True","41","0"
"it","C:\Users\Sipka\Desktop\Converter\languages\it\convertire\pptx\tar.gz-in-pptx\index.html","True","41","0"
"it","C:\Users\Sipka\Desktop\Converter\languages\it\convertire\pptx\tar.xz-in-pptx\index.html","True","41","0"
"it","C:\Users\Sipka\Desktop\Converter\languages\it\convertire\pptx\tbz-in-pptx\index.html","True","41","0"
"it","C:\Users\Sipka\Desktop\Converter\languages\it\convertire\pptx\tgz-in-pptx\index.html","True","41","0"
"it","C:\Users\Sipka\Desktop\Converter\languages\it\convertire\pptx\tiff-in-pptx\index.html","True","41","0"
"it","C:\Users\Sipka\Desktop\Converter\languages\it\convertire\pptx\tsv-in-pptx\index.html","True","41","0"
"it","C:\Users\Sipka\Desktop\Converter\languages\it\convertire\pptx\txt-in-pptx\index.html","True","41","0"
"it","C:\Users\Sipka\Desktop\Converter\languages\it\convertire\pptx\txz-in-pptx\index.html","True","41","0"
"it","C:\Users\Sipka\Desktop\Converter\languages\it\convertire\pptx\wav-in-pptx\index.html","True","41","0"
"it","C:\Users\Sipka\Desktop\Converter\languages\it\convertire\pptx\webm-in-pptx\index.html","True","41","0"
"it","C:\Users\Sipka\Desktop\Converter\languages\it\convertire\pptx\webp-in-pptx\index.html","True","41","0"
"it","C:\Users\Sipka\Desktop\Converter\languages\it\convertire\pptx\xlsx-in-pptx\index.html","True","41","0"
"it","C:\Users\Sipka\Desktop\Converter\languages\it\convertire\pptx\zip-in-pptx\index.html","True","41","0"
"it","C:\Users\Sipka\Desktop\Converter\languages\it\convertire\rar\7z-in-rar\index.html","True","41","0"
"it","C:\Users\Sipka\Desktop\Converter\languages\it\convertire\rar\aac-in-rar\index.html","True","41","0"
"it","C:\Users\Sipka\Desktop\Converter\languages\it\convertire\rar\aiff-in-rar\index.html","True","41","0"
"it","C:\Users\Sipka\Desktop\Converter\languages\it\convertire\rar\bmp-in-rar\index.html","True","41","0"
"it","C:\Users\Sipka\Desktop\Converter\languages\it\convertire\rar\csv-in-rar\index.html","True","41","0"
"it","C:\Users\Sipka\Desktop\Converter\languages\it\convertire\rar\docx-in-rar\index.html","True","41","0"
"it","C:\Users\Sipka\Desktop\Converter\languages\it\convertire\rar\flac-in-rar\index.html","True","41","0"
"it","C:\Users\Sipka\Desktop\Converter\languages\it\convertire\rar\gif-in-rar\index.html","True","41","0"
"it","C:\Users\Sipka\Desktop\Converter\languages\it\convertire\rar\html-in-rar\index.html","True","41","0"
"it","C:\Users\Sipka\Desktop\Converter\languages\it\convertire\rar\jpeg-in-rar\index.html","True","41","0"
"it","C:\Users\Sipka\Desktop\Converter\languages\it\convertire\rar\jpg-in-rar\index.html","True","41","0"
"it","C:\Users\Sipka\Desktop\Converter\languages\it\convertire\rar\json-in-rar\index.html","True","41","0"
"it","C:\Users\Sipka\Desktop\Converter\languages\it\convertire\rar\jsonl-in-rar\index.html","True","41","0"
"it","C:\Users\Sipka\Desktop\Converter\languages\it\convertire\rar\m4a-in-rar\index.html","True","41","0"
"it","C:\Users\Sipka\Desktop\Converter\languages\it\convertire\rar\m4v-in-rar\index.html","True","41","0"
"it","C:\Users\Sipka\Desktop\Converter\languages\it\convertire\rar\md-in-rar\index.html","True","41","0"
"it","C:\Users\Sipka\Desktop\Converter\languages\it\convertire\rar\mkv-in-rar\index.html","True","41","0"
"it","C:\Users\Sipka\Desktop\Converter\languages\it\convertire\rar\mov-in-rar\index.html","True","41","0"
"it","C:\Users\Sipka\Desktop\Converter\languages\it\convertire\rar\mp3-in-rar\index.html","True","41","0"
"it","C:\Users\Sipka\Desktop\Converter\languages\it\convertire\rar\mp4-in-rar\index.html","True","41","0"
"it","C:\Users\Sipka\Desktop\Converter\languages\it\convertire\rar\ogg-in-rar\index.html","True","41","0"
"it","C:\Users\Sipka\Desktop\Converter\languages\it\convertire\rar\opus-in-rar\index.html","True","41","0"
"it","C:\Users\Sipka\Desktop\Converter\languages\it\convertire\rar\pdf-in-rar\index.html","True","41","0"
"it","C:\Users\Sipka\Desktop\Converter\languages\it\convertire\rar\png-in-rar\index.html","True","41","0"
"it","C:\Users\Sipka\Desktop\Converter\languages\it\convertire\rar\pptx-in-rar\index.html","True","41","0"
"it","C:\Users\Sipka\Desktop\Converter\languages\it\convertire\rar\rtf-in-rar\index.html","True","41","0"
"it","C:\Users\Sipka\Desktop\Converter\languages\it\convertire\rar\svg-in-rar\index.html","True","41","0"
"it","C:\Users\Sipka\Desktop\Converter\languages\it\convertire\rar\tar-in-rar\index.html","True","41","0"
"it","C:\Users\Sipka\Desktop\Converter\languages\it\convertire\rar\tar.bz2-in-rar\index.html","True","41","0"
"it","C:\Users\Sipka\Desktop\Converter\languages\it\convertire\rar\tar.gz-in-rar\index.html","True","41","0"
"it","C:\Users\Sipka\Desktop\Converter\languages\it\convertire\rar\tar.xz-in-rar\index.html","True","41","0"
"it","C:\Users\Sipka\Desktop\Converter\languages\it\convertire\rar\tbz-in-rar\index.html","True","41","0"
"it","C:\Users\Sipka\Desktop\Converter\languages\it\convertire\rar\tgz-in-rar\index.html","True","41","0"
"it","C:\Users\Sipka\Desktop\Converter\languages\it\convertire\rar\tiff-in-rar\index.html","True","41","0"
"it","C:\Users\Sipka\Desktop\Converter\languages\it\convertire\rar\tsv-in-rar\index.html","True","41","0"
"it","C:\Users\Sipka\Desktop\Converter\languages\it\convertire\rar\txt-in-rar\index.html","True","41","0"
"it","C:\Users\Sipka\Desktop\Converter\languages\it\convertire\rar\txz-in-rar\index.html","True","41","0"
"it","C:\Users\Sipka\Desktop\Converter\languages\it\convertire\rar\wav-in-rar\index.html","True","41","0"
"it","C:\Users\Sipka\Desktop\Converter\languages\it\convertire\rar\webm-in-rar\index.html","True","41","0"
"it","C:\Users\Sipka\Desktop\Converter\languages\it\convertire\rar\webp-in-rar\index.html","True","41","0"
"it","C:\Users\Sipka\Desktop\Converter\languages\it\convertire\rar\xlsx-in-rar\index.html","True","41","0"
"it","C:\Users\Sipka\Desktop\Converter\languages\it\convertire\rar\zip-in-rar\index.html","True","41","0"
"it","C:\Users\Sipka\Desktop\Converter\languages\it\convertire\rtf\7z-in-rtf\index.html","True","41","0"
"it","C:\Users\Sipka\Desktop\Converter\languages\it\convertire\rtf\aac-in-rtf\index.html","True","41","0"
"it","C:\Users\Sipka\Desktop\Converter\languages\it\convertire\rtf\aiff-in-rtf\index.html","True","41","0"
"it","C:\Users\Sipka\Desktop\Converter\languages\it\convertire\rtf\bmp-in-rtf\index.html","True","41","0"
"it","C:\Users\Sipka\Desktop\Converter\languages\it\convertire\rtf\csv-in-rtf\index.html","True","41","0"
"it","C:\Users\Sipka\Desktop\Converter\languages\it\convertire\rtf\docx-in-rtf\index.html","True","41","0"
"it","C:\Users\Sipka\Desktop\Converter\languages\it\convertire\rtf\flac-in-rtf\index.html","True","41","0"
"it","C:\Users\Sipka\Desktop\Converter\languages\it\convertire\rtf\gif-in-rtf\index.html","True","41","0"
"it","C:\Users\Sipka\Desktop\Converter\languages\it\convertire\rtf\html-in-rtf\index.html","True","41","0"
"it","C:\Users\Sipka\Desktop\Converter\languages\it\convertire\rtf\jpeg-in-rtf\index.html","True","41","0"
"it","C:\Users\Sipka\Desktop\Converter\languages\it\convertire\rtf\jpg-in-rtf\index.html","True","41","0"
"it","C:\Users\Sipka\Desktop\Converter\languages\it\convertire\rtf\json-in-rtf\index.html","True","41","0"
"it","C:\Users\Sipka\Desktop\Converter\languages\it\convertire\rtf\jsonl-in-rtf\index.html","True","41","0"
"it","C:\Users\Sipka\Desktop\Converter\languages\it\convertire\rtf\m4a-in-rtf\index.html","True","41","0"
"it","C:\Users\Sipka\Desktop\Converter\languages\it\convertire\rtf\m4v-in-rtf\index.html","True","41","0"
"it","C:\Users\Sipka\Desktop\Converter\languages\it\convertire\rtf\md-in-rtf\index.html","True","41","0"
"it","C:\Users\Sipka\Desktop\Converter\languages\it\convertire\rtf\mkv-in-rtf\index.html","True","41","0"
"it","C:\Users\Sipka\Desktop\Converter\languages\it\convertire\rtf\mov-in-rtf\index.html","True","41","0"
"it","C:\Users\Sipka\Desktop\Converter\languages\it\convertire\rtf\mp3-in-rtf\index.html","True","41","0"
"it","C:\Users\Sipka\Desktop\Converter\languages\it\convertire\rtf\mp4-in-rtf\index.html","True","41","0"
"it","C:\Users\Sipka\Desktop\Converter\languages\it\convertire\rtf\ogg-in-rtf\index.html","True","41","0"
"it","C:\Users\Sipka\Desktop\Converter\languages\it\convertire\rtf\opus-in-rtf\index.html","True","41","0"
"it","C:\Users\Sipka\Desktop\Converter\languages\it\convertire\rtf\pdf-in-rtf\index.html","True","41","0"
"it","C:\Users\Sipka\Desktop\Converter\languages\it\convertire\rtf\png-in-rtf\index.html","True","41","0"
"it","C:\Users\Sipka\Desktop\Converter\languages\it\convertire\rtf\pptx-in-rtf\index.html","True","41","0"
"it","C:\Users\Sipka\Desktop\Converter\languages\it\convertire\rtf\rar-in-rtf\index.html","True","41","0"
"it","C:\Users\Sipka\Desktop\Converter\languages\it\convertire\rtf\svg-in-rtf\index.html","True","41","0"
"it","C:\Users\Sipka\Desktop\Converter\languages\it\convertire\rtf\tar-in-rtf\index.html","True","41","0"
"it","C:\Users\Sipka\Desktop\Converter\languages\it\convertire\rtf\tar.bz2-in-rtf\index.html","True","41","0"
"it","C:\Users\Sipka\Desktop\Converter\languages\it\convertire\rtf\tar.gz-in-rtf\index.html","True","41","0"
"it","C:\Users\Sipka\Desktop\Converter\languages\it\convertire\rtf\tar.xz-in-rtf\index.html","True","41","0"
"it","C:\Users\Sipka\Desktop\Converter\languages\it\convertire\rtf\tbz-in-rtf\index.html","True","41","0"
"it","C:\Users\Sipka\Desktop\Converter\languages\it\convertire\rtf\tgz-in-rtf\index.html","True","41","0"
"it","C:\Users\Sipka\Desktop\Converter\languages\it\convertire\rtf\tiff-in-rtf\index.html","True","41","0"
"it","C:\Users\Sipka\Desktop\Converter\languages\it\convertire\rtf\tsv-in-rtf\index.html","True","41","0"
"it","C:\Users\Sipka\Desktop\Converter\languages\it\convertire\rtf\txt-in-rtf\index.html","True","41","0"
"it","C:\Users\Sipka\Desktop\Converter\languages\it\convertire\rtf\txz-in-rtf\index.html","True","41","0"
"it","C:\Users\Sipka\Desktop\Converter\languages\it\convertire\rtf\wav-in-rtf\index.html","True","41","0"
"it","C:\Users\Sipka\Desktop\Converter\languages\it\convertire\rtf\webm-in-rtf\index.html","True","41","0"
"it","C:\Users\Sipka\Desktop\Converter\languages\it\convertire\rtf\webp-in-rtf\index.html","True","41","0"
"it","C:\Users\Sipka\Desktop\Converter\languages\it\convertire\rtf\xlsx-in-rtf\index.html","True","41","0"
"it","C:\Users\Sipka\Desktop\Converter\languages\it\convertire\rtf\zip-in-rtf\index.html","True","41","0"
"it","C:\Users\Sipka\Desktop\Converter\languages\it\convertire\svg\7z-in-svg\index.html","True","41","0"
"it","C:\Users\Sipka\Desktop\Converter\languages\it\convertire\svg\aac-in-svg\index.html","True","41","0"
"it","C:\Users\Sipka\Desktop\Converter\languages\it\convertire\svg\aiff-in-svg\index.html","True","41","0"
"it","C:\Users\Sipka\Desktop\Converter\languages\it\convertire\svg\bmp-in-svg\index.html","True","41","0"
"it","C:\Users\Sipka\Desktop\Converter\languages\it\convertire\svg\csv-in-svg\index.html","True","41","0"
"it","C:\Users\Sipka\Desktop\Converter\languages\it\convertire\svg\docx-in-svg\index.html","True","41","0"
"it","C:\Users\Sipka\Desktop\Converter\languages\it\convertire\svg\flac-in-svg\index.html","True","41","0"
"it","C:\Users\Sipka\Desktop\Converter\languages\it\convertire\svg\gif-in-svg\index.html","True","41","0"
"it","C:\Users\Sipka\Desktop\Converter\languages\it\convertire\svg\html-in-svg\index.html","True","41","0"
"it","C:\Users\Sipka\Desktop\Converter\languages\it\convertire\svg\jpeg-in-svg\index.html","True","41","0"
"it","C:\Users\Sipka\Desktop\Converter\languages\it\convertire\svg\jpg-in-svg\index.html","True","41","0"
"it","C:\Users\Sipka\Desktop\Converter\languages\it\convertire\svg\json-in-svg\index.html","True","41","0"
"it","C:\Users\Sipka\Desktop\Converter\languages\it\convertire\svg\jsonl-in-svg\index.html","True","41","0"
"it","C:\Users\Sipka\Desktop\Converter\languages\it\convertire\svg\m4a-in-svg\index.html","True","41","0"
"it","C:\Users\Sipka\Desktop\Converter\languages\it\convertire\svg\m4v-in-svg\index.html","True","41","0"
"it","C:\Users\Sipka\Desktop\Converter\languages\it\convertire\svg\md-in-svg\index.html","True","41","0"
"it","C:\Users\Sipka\Desktop\Converter\languages\it\convertire\svg\mkv-in-svg\index.html","True","41","0"
"it","C:\Users\Sipka\Desktop\Converter\languages\it\convertire\svg\mov-in-svg\index.html","True","41","0"
"it","C:\Users\Sipka\Desktop\Converter\languages\it\convertire\svg\mp3-in-svg\index.html","True","41","0"
"it","C:\Users\Sipka\Desktop\Converter\languages\it\convertire\svg\mp4-in-svg\index.html","True","41","0"
"it","C:\Users\Sipka\Desktop\Converter\languages\it\convertire\svg\ogg-in-svg\index.html","True","41","0"
"it","C:\Users\Sipka\Desktop\Converter\languages\it\convertire\svg\opus-in-svg\index.html","True","41","0"
"it","C:\Users\Sipka\Desktop\Converter\languages\it\convertire\svg\pdf-in-svg\index.html","True","41","0"
"it","C:\Users\Sipka\Desktop\Converter\languages\it\convertire\svg\png-in-svg\index.html","True","41","0"
"it","C:\Users\Sipka\Desktop\Converter\languages\it\convertire\svg\pptx-in-svg\index.html","True","41","0"
"it","C:\Users\Sipka\Desktop\Converter\languages\it\convertire\svg\rar-in-svg\index.html","True","41","0"
"it","C:\Users\Sipka\Desktop\Converter\languages\it\convertire\svg\rtf-in-svg\index.html","True","41","0"
"it","C:\Users\Sipka\Desktop\Converter\languages\it\convertire\svg\tar-in-svg\index.html","True","41","0"
"it","C:\Users\Sipka\Desktop\Converter\languages\it\convertire\svg\tar.bz2-in-svg\index.html","True","41","0"
"it","C:\Users\Sipka\Desktop\Converter\languages\it\convertire\svg\tar.gz-in-svg\index.html","True","41","0"
"it","C:\Users\Sipka\Desktop\Converter\languages\it\convertire\svg\tar.xz-in-svg\index.html","True","41","0"
"it","C:\Users\Sipka\Desktop\Converter\languages\it\convertire\svg\tbz-in-svg\index.html","True","41","0"
"it","C:\Users\Sipka\Desktop\Converter\languages\it\convertire\svg\tgz-in-svg\index.html","True","41","0"
"it","C:\Users\Sipka\Desktop\Converter\languages\it\convertire\svg\tiff-in-svg\index.html","True","41","0"
"it","C:\Users\Sipka\Desktop\Converter\languages\it\convertire\svg\tsv-in-svg\index.html","True","41","0"
"it","C:\Users\Sipka\Desktop\Converter\languages\it\convertire\svg\txt-in-svg\index.html","True","41","0"
"it","C:\Users\Sipka\Desktop\Converter\languages\it\convertire\svg\txz-in-svg\index.html","True","41","0"
"it","C:\Users\Sipka\Desktop\Converter\languages\it\convertire\svg\wav-in-svg\index.html","True","41","0"
"it","C:\Users\Sipka\Desktop\Converter\languages\it\convertire\svg\webm-in-svg\index.html","True","41","0"
"it","C:\Users\Sipka\Desktop\Converter\languages\it\convertire\svg\webp-in-svg\index.html","True","41","0"
"it","C:\Users\Sipka\Desktop\Converter\languages\it\convertire\svg\xlsx-in-svg\index.html","True","41","0"
"it","C:\Users\Sipka\Desktop\Converter\languages\it\convertire\svg\zip-in-svg\index.html","True","41","0"
"it","C:\Users\Sipka\Desktop\Converter\languages\it\convertire\tar\7z-in-tar\index.html","True","41","0"
"it","C:\Users\Sipka\Desktop\Converter\languages\it\convertire\tar\aac-in-tar\index.html","True","41","0"
"it","C:\Users\Sipka\Desktop\Converter\languages\it\convertire\tar\aiff-in-tar\index.html","True","41","0"
"it","C:\Users\Sipka\Desktop\Converter\languages\it\convertire\tar\bmp-in-tar\index.html","True","41","0"
"it","C:\Users\Sipka\Desktop\Converter\languages\it\convertire\tar\csv-in-tar\index.html","True","41","0"
"it","C:\Users\Sipka\Desktop\Converter\languages\it\convertire\tar\docx-in-tar\index.html","True","41","0"
"it","C:\Users\Sipka\Desktop\Converter\languages\it\convertire\tar\flac-in-tar\index.html","True","41","0"
"it","C:\Users\Sipka\Desktop\Converter\languages\it\convertire\tar\gif-in-tar\index.html","True","41","0"
"it","C:\Users\Sipka\Desktop\Converter\languages\it\convertire\tar\html-in-tar\index.html","True","41","0"
"it","C:\Users\Sipka\Desktop\Converter\languages\it\convertire\tar\jpeg-in-tar\index.html","True","41","0"
"it","C:\Users\Sipka\Desktop\Converter\languages\it\convertire\tar\jpg-in-tar\index.html","True","41","0"
"it","C:\Users\Sipka\Desktop\Converter\languages\it\convertire\tar\json-in-tar\index.html","True","41","0"
"it","C:\Users\Sipka\Desktop\Converter\languages\it\convertire\tar\jsonl-in-tar\index.html","True","41","0"
"it","C:\Users\Sipka\Desktop\Converter\languages\it\convertire\tar\m4a-in-tar\index.html","True","41","0"
"it","C:\Users\Sipka\Desktop\Converter\languages\it\convertire\tar\m4v-in-tar\index.html","True","41","0"
"it","C:\Users\Sipka\Desktop\Converter\languages\it\convertire\tar\md-in-tar\index.html","True","41","0"
"it","C:\Users\Sipka\Desktop\Converter\languages\it\convertire\tar\mkv-in-tar\index.html","True","41","0"
"it","C:\Users\Sipka\Desktop\Converter\languages\it\convertire\tar\mov-in-tar\index.html","True","41","0"
"it","C:\Users\Sipka\Desktop\Converter\languages\it\convertire\tar\mp3-in-tar\index.html","True","41","0"
"it","C:\Users\Sipka\Desktop\Converter\languages\it\convertire\tar\mp4-in-tar\index.html","True","41","0"
"it","C:\Users\Sipka\Desktop\Converter\languages\it\convertire\tar\ogg-in-tar\index.html","True","41","0"
"it","C:\Users\Sipka\Desktop\Converter\languages\it\convertire\tar\opus-in-tar\index.html","True","41","0"
"it","C:\Users\Sipka\Desktop\Converter\languages\it\convertire\tar\pdf-in-tar\index.html","True","41","0"
"it","C:\Users\Sipka\Desktop\Converter\languages\it\convertire\tar\png-in-tar\index.html","True","41","0"
"it","C:\Users\Sipka\Desktop\Converter\languages\it\convertire\tar\pptx-in-tar\index.html","True","41","0"
"it","C:\Users\Sipka\Desktop\Converter\languages\it\convertire\tar\rar-in-tar\index.html","True","41","0"
"it","C:\Users\Sipka\Desktop\Converter\languages\it\convertire\tar\rtf-in-tar\index.html","True","41","0"
"it","C:\Users\Sipka\Desktop\Converter\languages\it\convertire\tar\svg-in-tar\index.html","True","41","0"
"it","C:\Users\Sipka\Desktop\Converter\languages\it\convertire\tar\tar.bz2-in-tar\index.html","True","41","0"
"it","C:\Users\Sipka\Desktop\Converter\languages\it\convertire\tar\tar.gz-in-tar\index.html","True","41","0"
"it","C:\Users\Sipka\Desktop\Converter\languages\it\convertire\tar\tar.xz-in-tar\index.html","True","41","0"
"it","C:\Users\Sipka\Desktop\Converter\languages\it\convertire\tar\tbz-in-tar\index.html","True","41","0"
"it","C:\Users\Sipka\Desktop\Converter\languages\it\convertire\tar\tgz-in-tar\index.html","True","41","0"
"it","C:\Users\Sipka\Desktop\Converter\languages\it\convertire\tar\tiff-in-tar\index.html","True","41","0"
"it","C:\Users\Sipka\Desktop\Converter\languages\it\convertire\tar\tsv-in-tar\index.html","True","41","0"
"it","C:\Users\Sipka\Desktop\Converter\languages\it\convertire\tar\txt-in-tar\index.html","True","41","0"
"it","C:\Users\Sipka\Desktop\Converter\languages\it\convertire\tar\txz-in-tar\index.html","True","41","0"
"it","C:\Users\Sipka\Desktop\Converter\languages\it\convertire\tar\wav-in-tar\index.html","True","41","0"
"it","C:\Users\Sipka\Desktop\Converter\languages\it\convertire\tar\webm-in-tar\index.html","True","41","0"
"it","C:\Users\Sipka\Desktop\Converter\languages\it\convertire\tar\webp-in-tar\index.html","True","41","0"
"it","C:\Users\Sipka\Desktop\Converter\languages\it\convertire\tar\xlsx-in-tar\index.html","True","41","0"
"it","C:\Users\Sipka\Desktop\Converter\languages\it\convertire\tar\zip-in-tar\index.html","True","41","0"
"it","C:\Users\Sipka\Desktop\Converter\languages\it\convertire\tar.bz2\7z-in-tar.bz2\index.html","True","41","0"
"it","C:\Users\Sipka\Desktop\Converter\languages\it\convertire\tar.bz2\aac-in-tar.bz2\index.html","True","41","0"
"it","C:\Users\Sipka\Desktop\Converter\languages\it\convertire\tar.bz2\aiff-in-tar.bz2\index.html","True","41","0"
"it","C:\Users\Sipka\Desktop\Converter\languages\it\convertire\tar.bz2\bmp-in-tar.bz2\index.html","True","41","0"
"it","C:\Users\Sipka\Desktop\Converter\languages\it\convertire\tar.bz2\csv-in-tar.bz2\index.html","True","41","0"
"it","C:\Users\Sipka\Desktop\Converter\languages\it\convertire\tar.bz2\docx-in-tar.bz2\index.html","True","41","0"
"it","C:\Users\Sipka\Desktop\Converter\languages\it\convertire\tar.bz2\flac-in-tar.bz2\index.html","True","41","0"
"it","C:\Users\Sipka\Desktop\Converter\languages\it\convertire\tar.bz2\gif-in-tar.bz2\index.html","True","41","0"
"it","C:\Users\Sipka\Desktop\Converter\languages\it\convertire\tar.bz2\html-in-tar.bz2\index.html","True","41","0"
"it","C:\Users\Sipka\Desktop\Converter\languages\it\convertire\tar.bz2\jpeg-in-tar.bz2\index.html","True","41","0"
"it","C:\Users\Sipka\Desktop\Converter\languages\it\convertire\tar.bz2\jpg-in-tar.bz2\index.html","True","41","0"
"it","C:\Users\Sipka\Desktop\Converter\languages\it\convertire\tar.bz2\json-in-tar.bz2\index.html","True","41","0"
"it","C:\Users\Sipka\Desktop\Converter\languages\it\convertire\tar.bz2\jsonl-in-tar.bz2\index.html","True","41","0"
"it","C:\Users\Sipka\Desktop\Converter\languages\it\convertire\tar.bz2\m4a-in-tar.bz2\index.html","True","41","0"
"it","C:\Users\Sipka\Desktop\Converter\languages\it\convertire\tar.bz2\m4v-in-tar.bz2\index.html","True","41","0"
"it","C:\Users\Sipka\Desktop\Converter\languages\it\convertire\tar.bz2\md-in-tar.bz2\index.html","True","41","0"
"it","C:\Users\Sipka\Desktop\Converter\languages\it\convertire\tar.bz2\mkv-in-tar.bz2\index.html","True","41","0"
"it","C:\Users\Sipka\Desktop\Converter\languages\it\convertire\tar.bz2\mov-in-tar.bz2\index.html","True","41","0"
"it","C:\Users\Sipka\Desktop\Converter\languages\it\convertire\tar.bz2\mp3-in-tar.bz2\index.html","True","41","0"
"it","C:\Users\Sipka\Desktop\Converter\languages\it\convertire\tar.bz2\mp4-in-tar.bz2\index.html","True","41","0"
"it","C:\Users\Sipka\Desktop\Converter\languages\it\convertire\tar.bz2\ogg-in-tar.bz2\index.html","True","41","0"
"it","C:\Users\Sipka\Desktop\Converter\languages\it\convertire\tar.bz2\opus-in-tar.bz2\index.html","True","41","0"
"it","C:\Users\Sipka\Desktop\Converter\languages\it\convertire\tar.bz2\pdf-in-tar.bz2\index.html","True","41","0"
"it","C:\Users\Sipka\Desktop\Converter\languages\it\convertire\tar.bz2\png-in-tar.bz2\index.html","True","41","0"
"it","C:\Users\Sipka\Desktop\Converter\languages\it\convertire\tar.bz2\pptx-in-tar.bz2\index.html","True","41","0"
"it","C:\Users\Sipka\Desktop\Converter\languages\it\convertire\tar.bz2\rar-in-tar.bz2\index.html","True","41","0"
"it","C:\Users\Sipka\Desktop\Converter\languages\it\convertire\tar.bz2\rtf-in-tar.bz2\index.html","True","41","0"
"it","C:\Users\Sipka\Desktop\Converter\languages\it\convertire\tar.bz2\svg-in-tar.bz2\index.html","True","41","0"
"it","C:\Users\Sipka\Desktop\Converter\languages\it\convertire\tar.bz2\tar-in-tar.bz2\index.html","True","41","0"
"it","C:\Users\Sipka\Desktop\Converter\languages\it\convertire\tar.bz2\tar.gz-in-tar.bz2\index.html","True","41","0"
"it","C:\Users\Sipka\Desktop\Converter\languages\it\convertire\tar.bz2\tar.xz-in-tar.bz2\index.html","True","41","0"
"it","C:\Users\Sipka\Desktop\Converter\languages\it\convertire\tar.bz2\tbz-in-tar.bz2\index.html","True","41","0"
"it","C:\Users\Sipka\Desktop\Converter\languages\it\convertire\tar.bz2\tgz-in-tar.bz2\index.html","True","41","0"
"it","C:\Users\Sipka\Desktop\Converter\languages\it\convertire\tar.bz2\tiff-in-tar.bz2\index.html","True","41","0"
"it","C:\Users\Sipka\Desktop\Converter\languages\it\convertire\tar.bz2\tsv-in-tar.bz2\index.html","True","41","0"
"it","C:\Users\Sipka\Desktop\Converter\languages\it\convertire\tar.bz2\txt-in-tar.bz2\index.html","True","41","0"
"it","C:\Users\Sipka\Desktop\Converter\languages\it\convertire\tar.bz2\txz-in-tar.bz2\index.html","True","41","0"
"it","C:\Users\Sipka\Desktop\Converter\languages\it\convertire\tar.bz2\wav-in-tar.bz2\index.html","True","41","0"
"it","C:\Users\Sipka\Desktop\Converter\languages\it\convertire\tar.bz2\webm-in-tar.bz2\index.html","True","41","0"
"it","C:\Users\Sipka\Desktop\Converter\languages\it\convertire\tar.bz2\webp-in-tar.bz2\index.html","True","41","0"
"it","C:\Users\Sipka\Desktop\Converter\languages\it\convertire\tar.bz2\xlsx-in-tar.bz2\index.html","True","41","0"
"it","C:\Users\Sipka\Desktop\Converter\languages\it\convertire\tar.bz2\zip-in-tar.bz2\index.html","True","41","0"
"it","C:\Users\Sipka\Desktop\Converter\languages\it\convertire\tar.gz\7z-in-tar.gz\index.html","True","41","0"
"it","C:\Users\Sipka\Desktop\Converter\languages\it\convertire\tar.gz\aac-in-tar.gz\index.html","True","41","0"
"it","C:\Users\Sipka\Desktop\Converter\languages\it\convertire\tar.gz\aiff-in-tar.gz\index.html","True","41","0"
"it","C:\Users\Sipka\Desktop\Converter\languages\it\convertire\tar.gz\bmp-in-tar.gz\index.html","True","41","0"
"it","C:\Users\Sipka\Desktop\Converter\languages\it\convertire\tar.gz\csv-in-tar.gz\index.html","True","41","0"
"it","C:\Users\Sipka\Desktop\Converter\languages\it\convertire\tar.gz\docx-in-tar.gz\index.html","True","41","0"
"it","C:\Users\Sipka\Desktop\Converter\languages\it\convertire\tar.gz\flac-in-tar.gz\index.html","True","41","0"
"it","C:\Users\Sipka\Desktop\Converter\languages\it\convertire\tar.gz\gif-in-tar.gz\index.html","True","41","0"
"it","C:\Users\Sipka\Desktop\Converter\languages\it\convertire\tar.gz\html-in-tar.gz\index.html","True","41","0"
"it","C:\Users\Sipka\Desktop\Converter\languages\it\convertire\tar.gz\jpeg-in-tar.gz\index.html","True","41","0"
"it","C:\Users\Sipka\Desktop\Converter\languages\it\convertire\tar.gz\jpg-in-tar.gz\index.html","True","41","0"
"it","C:\Users\Sipka\Desktop\Converter\languages\it\convertire\tar.gz\json-in-tar.gz\index.html","True","41","0"
"it","C:\Users\Sipka\Desktop\Converter\languages\it\convertire\tar.gz\jsonl-in-tar.gz\index.html","True","41","0"
"it","C:\Users\Sipka\Desktop\Converter\languages\it\convertire\tar.gz\m4a-in-tar.gz\index.html","True","41","0"
"it","C:\Users\Sipka\Desktop\Converter\languages\it\convertire\tar.gz\m4v-in-tar.gz\index.html","True","41","0"
"it","C:\Users\Sipka\Desktop\Converter\languages\it\convertire\tar.gz\md-in-tar.gz\index.html","True","41","0"
"it","C:\Users\Sipka\Desktop\Converter\languages\it\convertire\tar.gz\mkv-in-tar.gz\index.html","True","41","0"
"it","C:\Users\Sipka\Desktop\Converter\languages\it\convertire\tar.gz\mov-in-tar.gz\index.html","True","41","0"
"it","C:\Users\Sipka\Desktop\Converter\languages\it\convertire\tar.gz\mp3-in-tar.gz\index.html","True","41","0"
"it","C:\Users\Sipka\Desktop\Converter\languages\it\convertire\tar.gz\mp4-in-tar.gz\index.html","True","41","0"
"it","C:\Users\Sipka\Desktop\Converter\languages\it\convertire\tar.gz\ogg-in-tar.gz\index.html","True","41","0"
"it","C:\Users\Sipka\Desktop\Converter\languages\it\convertire\tar.gz\opus-in-tar.gz\index.html","True","41","0"
"it","C:\Users\Sipka\Desktop\Converter\languages\it\convertire\tar.gz\pdf-in-tar.gz\index.html","True","41","0"
"it","C:\Users\Sipka\Desktop\Converter\languages\it\convertire\tar.gz\png-in-tar.gz\index.html","True","41","0"
"it","C:\Users\Sipka\Desktop\Converter\languages\it\convertire\tar.gz\pptx-in-tar.gz\index.html","True","41","0"
"it","C:\Users\Sipka\Desktop\Converter\languages\it\convertire\tar.gz\rar-in-tar.gz\index.html","True","41","0"
"it","C:\Users\Sipka\Desktop\Converter\languages\it\convertire\tar.gz\rtf-in-tar.gz\index.html","True","41","0"
"it","C:\Users\Sipka\Desktop\Converter\languages\it\convertire\tar.gz\svg-in-tar.gz\index.html","True","41","0"
"it","C:\Users\Sipka\Desktop\Converter\languages\it\convertire\tar.gz\tar-in-tar.gz\index.html","True","41","0"
"it","C:\Users\Sipka\Desktop\Converter\languages\it\convertire\tar.gz\tar.bz2-in-tar.gz\index.html","True","41","0"
"it","C:\Users\Sipka\Desktop\Converter\languages\it\convertire\tar.gz\tar.xz-in-tar.gz\index.html","True","41","0"
"it","C:\Users\Sipka\Desktop\Converter\languages\it\convertire\tar.gz\tbz-in-tar.gz\index.html","True","41","0"
"it","C:\Users\Sipka\Desktop\Converter\languages\it\convertire\tar.gz\tgz-in-tar.gz\index.html","True","41","0"
"it","C:\Users\Sipka\Desktop\Converter\languages\it\convertire\tar.gz\tiff-in-tar.gz\index.html","True","41","0"
"it","C:\Users\Sipka\Desktop\Converter\languages\it\convertire\tar.gz\tsv-in-tar.gz\index.html","True","41","0"
"it","C:\Users\Sipka\Desktop\Converter\languages\it\convertire\tar.gz\txt-in-tar.gz\index.html","True","41","0"
"it","C:\Users\Sipka\Desktop\Converter\languages\it\convertire\tar.gz\txz-in-tar.gz\index.html","True","41","0"
"it","C:\Users\Sipka\Desktop\Converter\languages\it\convertire\tar.gz\wav-in-tar.gz\index.html","True","41","0"
"it","C:\Users\Sipka\Desktop\Converter\languages\it\convertire\tar.gz\webm-in-tar.gz\index.html","True","41","0"
"it","C:\Users\Sipka\Desktop\Converter\languages\it\convertire\tar.gz\webp-in-tar.gz\index.html","True","41","0"
"it","C:\Users\Sipka\Desktop\Converter\languages\it\convertire\tar.gz\xlsx-in-tar.gz\index.html","True","41","0"
"it","C:\Users\Sipka\Desktop\Converter\languages\it\convertire\tar.gz\zip-in-tar.gz\index.html","True","41","0"
"it","C:\Users\Sipka\Desktop\Converter\languages\it\convertire\tar.xz\7z-in-tar.xz\index.html","True","41","0"
"it","C:\Users\Sipka\Desktop\Converter\languages\it\convertire\tar.xz\aac-in-tar.xz\index.html","True","41","0"
"it","C:\Users\Sipka\Desktop\Converter\languages\it\convertire\tar.xz\aiff-in-tar.xz\index.html","True","41","0"
"it","C:\Users\Sipka\Desktop\Converter\languages\it\convertire\tar.xz\bmp-in-tar.xz\index.html","True","41","0"
"it","C:\Users\Sipka\Desktop\Converter\languages\it\convertire\tar.xz\csv-in-tar.xz\index.html","True","41","0"
"it","C:\Users\Sipka\Desktop\Converter\languages\it\convertire\tar.xz\docx-in-tar.xz\index.html","True","41","0"
"it","C:\Users\Sipka\Desktop\Converter\languages\it\convertire\tar.xz\flac-in-tar.xz\index.html","True","41","0"
"it","C:\Users\Sipka\Desktop\Converter\languages\it\convertire\tar.xz\gif-in-tar.xz\index.html","True","41","0"
"it","C:\Users\Sipka\Desktop\Converter\languages\it\convertire\tar.xz\html-in-tar.xz\index.html","True","41","0"
"it","C:\Users\Sipka\Desktop\Converter\languages\it\convertire\tar.xz\jpeg-in-tar.xz\index.html","True","41","0"
"it","C:\Users\Sipka\Desktop\Converter\languages\it\convertire\tar.xz\jpg-in-tar.xz\index.html","True","41","0"
"it","C:\Users\Sipka\Desktop\Converter\languages\it\convertire\tar.xz\json-in-tar.xz\index.html","True","41","0"
"it","C:\Users\Sipka\Desktop\Converter\languages\it\convertire\tar.xz\jsonl-in-tar.xz\index.html","True","41","0"
"it","C:\Users\Sipka\Desktop\Converter\languages\it\convertire\tar.xz\m4a-in-tar.xz\index.html","True","41","0"
"it","C:\Users\Sipka\Desktop\Converter\languages\it\convertire\tar.xz\m4v-in-tar.xz\index.html","True","41","0"
"it","C:\Users\Sipka\Desktop\Converter\languages\it\convertire\tar.xz\md-in-tar.xz\index.html","True","41","0"
"it","C:\Users\Sipka\Desktop\Converter\languages\it\convertire\tar.xz\mkv-in-tar.xz\index.html","True","41","0"
"it","C:\Users\Sipka\Desktop\Converter\languages\it\convertire\tar.xz\mov-in-tar.xz\index.html","True","41","0"
"it","C:\Users\Sipka\Desktop\Converter\languages\it\convertire\tar.xz\mp3-in-tar.xz\index.html","True","41","0"
"it","C:\Users\Sipka\Desktop\Converter\languages\it\convertire\tar.xz\mp4-in-tar.xz\index.html","True","41","0"
"it","C:\Users\Sipka\Desktop\Converter\languages\it\convertire\tar.xz\ogg-in-tar.xz\index.html","True","41","0"
"it","C:\Users\Sipka\Desktop\Converter\languages\it\convertire\tar.xz\opus-in-tar.xz\index.html","True","41","0"
"it","C:\Users\Sipka\Desktop\Converter\languages\it\convertire\tar.xz\pdf-in-tar.xz\index.html","True","41","0"
"it","C:\Users\Sipka\Desktop\Converter\languages\it\convertire\tar.xz\png-in-tar.xz\index.html","True","41","0"
"it","C:\Users\Sipka\Desktop\Converter\languages\it\convertire\tar.xz\pptx-in-tar.xz\index.html","True","41","0"
"it","C:\Users\Sipka\Desktop\Converter\languages\it\convertire\tar.xz\rar-in-tar.xz\index.html","True","41","0"
"it","C:\Users\Sipka\Desktop\Converter\languages\it\convertire\tar.xz\rtf-in-tar.xz\index.html","True","41","0"
"it","C:\Users\Sipka\Desktop\Converter\languages\it\convertire\tar.xz\svg-in-tar.xz\index.html","True","41","0"
"it","C:\Users\Sipka\Desktop\Converter\languages\it\convertire\tar.xz\tar-in-tar.xz\index.html","True","41","0"
"it","C:\Users\Sipka\Desktop\Converter\languages\it\convertire\tar.xz\tar.bz2-in-tar.xz\index.html","True","41","0"
"it","C:\Users\Sipka\Desktop\Converter\languages\it\convertire\tar.xz\tar.gz-in-tar.xz\index.html","True","41","0"
"it","C:\Users\Sipka\Desktop\Converter\languages\it\convertire\tar.xz\tbz-in-tar.xz\index.html","True","41","0"
"it","C:\Users\Sipka\Desktop\Converter\languages\it\convertire\tar.xz\tgz-in-tar.xz\index.html","True","41","0"
"it","C:\Users\Sipka\Desktop\Converter\languages\it\convertire\tar.xz\tiff-in-tar.xz\index.html","True","41","0"
"it","C:\Users\Sipka\Desktop\Converter\languages\it\convertire\tar.xz\tsv-in-tar.xz\index.html","True","41","0"
"it","C:\Users\Sipka\Desktop\Converter\languages\it\convertire\tar.xz\txt-in-tar.xz\index.html","True","41","0"
"it","C:\Users\Sipka\Desktop\Converter\languages\it\convertire\tar.xz\txz-in-tar.xz\index.html","True","41","0"
"it","C:\Users\Sipka\Desktop\Converter\languages\it\convertire\tar.xz\wav-in-tar.xz\index.html","True","41","0"
"it","C:\Users\Sipka\Desktop\Converter\languages\it\convertire\tar.xz\webm-in-tar.xz\index.html","True","41","0"
"it","C:\Users\Sipka\Desktop\Converter\languages\it\convertire\tar.xz\webp-in-tar.xz\index.html","True","41","0"
"it","C:\Users\Sipka\Desktop\Converter\languages\it\convertire\tar.xz\xlsx-in-tar.xz\index.html","True","41","0"
"it","C:\Users\Sipka\Desktop\Converter\languages\it\convertire\tar.xz\zip-in-tar.xz\index.html","True","41","0"
"it","C:\Users\Sipka\Desktop\Converter\languages\it\convertire\tbz\7z-in-tbz\index.html","True","41","0"
"it","C:\Users\Sipka\Desktop\Converter\languages\it\convertire\tbz\aac-in-tbz\index.html","True","41","0"
"it","C:\Users\Sipka\Desktop\Converter\languages\it\convertire\tbz\aiff-in-tbz\index.html","True","41","0"
"it","C:\Users\Sipka\Desktop\Converter\languages\it\convertire\tbz\bmp-in-tbz\index.html","True","41","0"
"it","C:\Users\Sipka\Desktop\Converter\languages\it\convertire\tbz\csv-in-tbz\index.html","True","41","0"
"it","C:\Users\Sipka\Desktop\Converter\languages\it\convertire\tbz\docx-in-tbz\index.html","True","41","0"
"it","C:\Users\Sipka\Desktop\Converter\languages\it\convertire\tbz\flac-in-tbz\index.html","True","41","0"
"it","C:\Users\Sipka\Desktop\Converter\languages\it\convertire\tbz\gif-in-tbz\index.html","True","41","0"
"it","C:\Users\Sipka\Desktop\Converter\languages\it\convertire\tbz\html-in-tbz\index.html","True","41","0"
"it","C:\Users\Sipka\Desktop\Converter\languages\it\convertire\tbz\jpeg-in-tbz\index.html","True","41","0"
"it","C:\Users\Sipka\Desktop\Converter\languages\it\convertire\tbz\jpg-in-tbz\index.html","True","41","0"
"it","C:\Users\Sipka\Desktop\Converter\languages\it\convertire\tbz\json-in-tbz\index.html","True","41","0"
"it","C:\Users\Sipka\Desktop\Converter\languages\it\convertire\tbz\jsonl-in-tbz\index.html","True","41","0"
"it","C:\Users\Sipka\Desktop\Converter\languages\it\convertire\tbz\m4a-in-tbz\index.html","True","41","0"
"it","C:\Users\Sipka\Desktop\Converter\languages\it\convertire\tbz\m4v-in-tbz\index.html","True","41","0"
"it","C:\Users\Sipka\Desktop\Converter\languages\it\convertire\tbz\md-in-tbz\index.html","True","41","0"
"it","C:\Users\Sipka\Desktop\Converter\languages\it\convertire\tbz\mkv-in-tbz\index.html","True","41","0"
"it","C:\Users\Sipka\Desktop\Converter\languages\it\convertire\tbz\mov-in-tbz\index.html","True","41","0"
"it","C:\Users\Sipka\Desktop\Converter\languages\it\convertire\tbz\mp3-in-tbz\index.html","True","41","0"
"it","C:\Users\Sipka\Desktop\Converter\languages\it\convertire\tbz\mp4-in-tbz\index.html","True","41","0"
"it","C:\Users\Sipka\Desktop\Converter\languages\it\convertire\tbz\ogg-in-tbz\index.html","True","41","0"
"it","C:\Users\Sipka\Desktop\Converter\languages\it\convertire\tbz\opus-in-tbz\index.html","True","41","0"
"it","C:\Users\Sipka\Desktop\Converter\languages\it\convertire\tbz\pdf-in-tbz\index.html","True","41","0"
"it","C:\Users\Sipka\Desktop\Converter\languages\it\convertire\tbz\png-in-tbz\index.html","True","41","0"
"it","C:\Users\Sipka\Desktop\Converter\languages\it\convertire\tbz\pptx-in-tbz\index.html","True","41","0"
"it","C:\Users\Sipka\Desktop\Converter\languages\it\convertire\tbz\rar-in-tbz\index.html","True","41","0"
"it","C:\Users\Sipka\Desktop\Converter\languages\it\convertire\tbz\rtf-in-tbz\index.html","True","41","0"
"it","C:\Users\Sipka\Desktop\Converter\languages\it\convertire\tbz\svg-in-tbz\index.html","True","41","0"
"it","C:\Users\Sipka\Desktop\Converter\languages\it\convertire\tbz\tar-in-tbz\index.html","True","41","0"
"it","C:\Users\Sipka\Desktop\Converter\languages\it\convertire\tbz\tar.bz2-in-tbz\index.html","True","41","0"
"it","C:\Users\Sipka\Desktop\Converter\languages\it\convertire\tbz\tar.gz-in-tbz\index.html","True","41","0"
"it","C:\Users\Sipka\Desktop\Converter\languages\it\convertire\tbz\tar.xz-in-tbz\index.html","True","41","0"
"it","C:\Users\Sipka\Desktop\Converter\languages\it\convertire\tbz\tgz-in-tbz\index.html","True","41","0"
"it","C:\Users\Sipka\Desktop\Converter\languages\it\convertire\tbz\tiff-in-tbz\index.html","True","41","0"
"it","C:\Users\Sipka\Desktop\Converter\languages\it\convertire\tbz\tsv-in-tbz\index.html","True","41","0"
"it","C:\Users\Sipka\Desktop\Converter\languages\it\convertire\tbz\txt-in-tbz\index.html","True","41","0"
"it","C:\Users\Sipka\Desktop\Converter\languages\it\convertire\tbz\txz-in-tbz\index.html","True","41","0"
"it","C:\Users\Sipka\Desktop\Converter\languages\it\convertire\tbz\wav-in-tbz\index.html","True","41","0"
"it","C:\Users\Sipka\Desktop\Converter\languages\it\convertire\tbz\webm-in-tbz\index.html","True","41","0"
"it","C:\Users\Sipka\Desktop\Converter\languages\it\convertire\tbz\webp-in-tbz\index.html","True","41","0"
"it","C:\Users\Sipka\Desktop\Converter\languages\it\convertire\tbz\xlsx-in-tbz\index.html","True","41","0"
"it","C:\Users\Sipka\Desktop\Converter\languages\it\convertire\tbz\zip-in-tbz\index.html","True","41","0"
"it","C:\Users\Sipka\Desktop\Converter\languages\it\convertire\tgz\7z-in-tgz\index.html","True","41","0"
"it","C:\Users\Sipka\Desktop\Converter\languages\it\convertire\tgz\aac-in-tgz\index.html","True","41","0"
"it","C:\Users\Sipka\Desktop\Converter\languages\it\convertire\tgz\aiff-in-tgz\index.html","True","41","0"
"it","C:\Users\Sipka\Desktop\Converter\languages\it\convertire\tgz\bmp-in-tgz\index.html","True","41","0"
"it","C:\Users\Sipka\Desktop\Converter\languages\it\convertire\tgz\csv-in-tgz\index.html","True","41","0"
"it","C:\Users\Sipka\Desktop\Converter\languages\it\convertire\tgz\docx-in-tgz\index.html","True","41","0"
"it","C:\Users\Sipka\Desktop\Converter\languages\it\convertire\tgz\flac-in-tgz\index.html","True","41","0"
"it","C:\Users\Sipka\Desktop\Converter\languages\it\convertire\tgz\gif-in-tgz\index.html","True","41","0"
"it","C:\Users\Sipka\Desktop\Converter\languages\it\convertire\tgz\html-in-tgz\index.html","True","41","0"
"it","C:\Users\Sipka\Desktop\Converter\languages\it\convertire\tgz\jpeg-in-tgz\index.html","True","41","0"
"it","C:\Users\Sipka\Desktop\Converter\languages\it\convertire\tgz\jpg-in-tgz\index.html","True","41","0"
"it","C:\Users\Sipka\Desktop\Converter\languages\it\convertire\tgz\json-in-tgz\index.html","True","41","0"
"it","C:\Users\Sipka\Desktop\Converter\languages\it\convertire\tgz\jsonl-in-tgz\index.html","True","41","0"
"it","C:\Users\Sipka\Desktop\Converter\languages\it\convertire\tgz\m4a-in-tgz\index.html","True","41","0"
"it","C:\Users\Sipka\Desktop\Converter\languages\it\convertire\tgz\m4v-in-tgz\index.html","True","41","0"
"it","C:\Users\Sipka\Desktop\Converter\languages\it\convertire\tgz\md-in-tgz\index.html","True","41","0"
"it","C:\Users\Sipka\Desktop\Converter\languages\it\convertire\tgz\mkv-in-tgz\index.html","True","41","0"
"it","C:\Users\Sipka\Desktop\Converter\languages\it\convertire\tgz\mov-in-tgz\index.html","True","41","0"
"it","C:\Users\Sipka\Desktop\Converter\languages\it\convertire\tgz\mp3-in-tgz\index.html","True","41","0"
"it","C:\Users\Sipka\Desktop\Converter\languages\it\convertire\tgz\mp4-in-tgz\index.html","True","41","0"
"it","C:\Users\Sipka\Desktop\Converter\languages\it\convertire\tgz\ogg-in-tgz\index.html","True","41","0"
"it","C:\Users\Sipka\Desktop\Converter\languages\it\convertire\tgz\opus-in-tgz\index.html","True","41","0"
"it","C:\Users\Sipka\Desktop\Converter\languages\it\convertire\tgz\pdf-in-tgz\index.html","True","41","0"
"it","C:\Users\Sipka\Desktop\Converter\languages\it\convertire\tgz\png-in-tgz\index.html","True","41","0"
"it","C:\Users\Sipka\Desktop\Converter\languages\it\convertire\tgz\pptx-in-tgz\index.html","True","41","0"
"it","C:\Users\Sipka\Desktop\Converter\languages\it\convertire\tgz\rar-in-tgz\index.html","True","41","0"
"it","C:\Users\Sipka\Desktop\Converter\languages\it\convertire\tgz\rtf-in-tgz\index.html","True","41","0"
"it","C:\Users\Sipka\Desktop\Converter\languages\it\convertire\tgz\svg-in-tgz\index.html","True","41","0"
"it","C:\Users\Sipka\Desktop\Converter\languages\it\convertire\tgz\tar-in-tgz\index.html","True","41","0"
"it","C:\Users\Sipka\Desktop\Converter\languages\it\convertire\tgz\tar.bz2-in-tgz\index.html","True","41","0"
"it","C:\Users\Sipka\Desktop\Converter\languages\it\convertire\tgz\tar.gz-in-tgz\index.html","True","41","0"
"it","C:\Users\Sipka\Desktop\Converter\languages\it\convertire\tgz\tar.xz-in-tgz\index.html","True","41","0"
"it","C:\Users\Sipka\Desktop\Converter\languages\it\convertire\tgz\tbz-in-tgz\index.html","True","41","0"
"it","C:\Users\Sipka\Desktop\Converter\languages\it\convertire\tgz\tiff-in-tgz\index.html","True","41","0"
"it","C:\Users\Sipka\Desktop\Converter\languages\it\convertire\tgz\tsv-in-tgz\index.html","True","41","0"
"it","C:\Users\Sipka\Desktop\Converter\languages\it\convertire\tgz\txt-in-tgz\index.html","True","41","0"
"it","C:\Users\Sipka\Desktop\Converter\languages\it\convertire\tgz\txz-in-tgz\index.html","True","41","0"
"it","C:\Users\Sipka\Desktop\Converter\languages\it\convertire\tgz\wav-in-tgz\index.html","True","41","0"
"it","C:\Users\Sipka\Desktop\Converter\languages\it\convertire\tgz\webm-in-tgz\index.html","True","41","0"
"it","C:\Users\Sipka\Desktop\Converter\languages\it\convertire\tgz\webp-in-tgz\index.html","True","41","0"
"it","C:\Users\Sipka\Desktop\Converter\languages\it\convertire\tgz\xlsx-in-tgz\index.html","True","41","0"
"it","C:\Users\Sipka\Desktop\Converter\languages\it\convertire\tgz\zip-in-tgz\index.html","True","41","0"
"it","C:\Users\Sipka\Desktop\Converter\languages\it\convertire\tiff\7z-in-tiff\index.html","True","41","0"
"it","C:\Users\Sipka\Desktop\Converter\languages\it\convertire\tiff\aac-in-tiff\index.html","True","41","0"
"it","C:\Users\Sipka\Desktop\Converter\languages\it\convertire\tiff\aiff-in-tiff\index.html","True","41","0"
"it","C:\Users\Sipka\Desktop\Converter\languages\it\convertire\tiff\bmp-in-tiff\index.html","True","41","0"
"it","C:\Users\Sipka\Desktop\Converter\languages\it\convertire\tiff\csv-in-tiff\index.html","True","41","0"
"it","C:\Users\Sipka\Desktop\Converter\languages\it\convertire\tiff\docx-in-tiff\index.html","True","41","0"
"it","C:\Users\Sipka\Desktop\Converter\languages\it\convertire\tiff\flac-in-tiff\index.html","True","41","0"
"it","C:\Users\Sipka\Desktop\Converter\languages\it\convertire\tiff\gif-in-tiff\index.html","True","41","0"
"it","C:\Users\Sipka\Desktop\Converter\languages\it\convertire\tiff\html-in-tiff\index.html","True","41","0"
"it","C:\Users\Sipka\Desktop\Converter\languages\it\convertire\tiff\jpeg-in-tiff\index.html","True","41","0"
"it","C:\Users\Sipka\Desktop\Converter\languages\it\convertire\tiff\jpg-in-tiff\index.html","True","41","0"
"it","C:\Users\Sipka\Desktop\Converter\languages\it\convertire\tiff\json-in-tiff\index.html","True","41","0"
"it","C:\Users\Sipka\Desktop\Converter\languages\it\convertire\tiff\jsonl-in-tiff\index.html","True","41","0"
"it","C:\Users\Sipka\Desktop\Converter\languages\it\convertire\tiff\m4a-in-tiff\index.html","True","41","0"
"it","C:\Users\Sipka\Desktop\Converter\languages\it\convertire\tiff\m4v-in-tiff\index.html","True","41","0"
"it","C:\Users\Sipka\Desktop\Converter\languages\it\convertire\tiff\md-in-tiff\index.html","True","41","0"
"it","C:\Users\Sipka\Desktop\Converter\languages\it\convertire\tiff\mkv-in-tiff\index.html","True","41","0"
"it","C:\Users\Sipka\Desktop\Converter\languages\it\convertire\tiff\mov-in-tiff\index.html","True","41","0"
"it","C:\Users\Sipka\Desktop\Converter\languages\it\convertire\tiff\mp3-in-tiff\index.html","True","41","0"
"it","C:\Users\Sipka\Desktop\Converter\languages\it\convertire\tiff\mp4-in-tiff\index.html","True","41","0"
"it","C:\Users\Sipka\Desktop\Converter\languages\it\convertire\tiff\ogg-in-tiff\index.html","True","41","0"
"it","C:\Users\Sipka\Desktop\Converter\languages\it\convertire\tiff\opus-in-tiff\index.html","True","41","0"
"it","C:\Users\Sipka\Desktop\Converter\languages\it\convertire\tiff\pdf-in-tiff\index.html","True","41","0"
"it","C:\Users\Sipka\Desktop\Converter\languages\it\convertire\tiff\png-in-tiff\index.html","True","41","0"
"it","C:\Users\Sipka\Desktop\Converter\languages\it\convertire\tiff\pptx-in-tiff\index.html","True","41","0"
"it","C:\Users\Sipka\Desktop\Converter\languages\it\convertire\tiff\rar-in-tiff\index.html","True","41","0"
"it","C:\Users\Sipka\Desktop\Converter\languages\it\convertire\tiff\rtf-in-tiff\index.html","True","41","0"
"it","C:\Users\Sipka\Desktop\Converter\languages\it\convertire\tiff\svg-in-tiff\index.html","True","41","0"
"it","C:\Users\Sipka\Desktop\Converter\languages\it\convertire\tiff\tar-in-tiff\index.html","True","41","0"
"it","C:\Users\Sipka\Desktop\Converter\languages\it\convertire\tiff\tar.bz2-in-tiff\index.html","True","41","0"
"it","C:\Users\Sipka\Desktop\Converter\languages\it\convertire\tiff\tar.gz-in-tiff\index.html","True","41","0"
"it","C:\Users\Sipka\Desktop\Converter\languages\it\convertire\tiff\tar.xz-in-tiff\index.html","True","41","0"
"it","C:\Users\Sipka\Desktop\Converter\languages\it\convertire\tiff\tbz-in-tiff\index.html","True","41","0"
"it","C:\Users\Sipka\Desktop\Converter\languages\it\convertire\tiff\tgz-in-tiff\index.html","True","41","0"
"it","C:\Users\Sipka\Desktop\Converter\languages\it\convertire\tiff\tsv-in-tiff\index.html","True","41","0"
"it","C:\Users\Sipka\Desktop\Converter\languages\it\convertire\tiff\txt-in-tiff\index.html","True","41","0"
"it","C:\Users\Sipka\Desktop\Converter\languages\it\convertire\tiff\txz-in-tiff\index.html","True","41","0"
"it","C:\Users\Sipka\Desktop\Converter\languages\it\convertire\tiff\wav-in-tiff\index.html","True","41","0"
"it","C:\Users\Sipka\Desktop\Converter\languages\it\convertire\tiff\webm-in-tiff\index.html","True","41","0"
"it","C:\Users\Sipka\Desktop\Converter\languages\it\convertire\tiff\webp-in-tiff\index.html","True","41","0"
"it","C:\Users\Sipka\Desktop\Converter\languages\it\convertire\tiff\xlsx-in-tiff\index.html","True","41","0"
"it","C:\Users\Sipka\Desktop\Converter\languages\it\convertire\tiff\zip-in-tiff\index.html","True","41","0"
"it","C:\Users\Sipka\Desktop\Converter\languages\it\convertire\tsv\7z-in-tsv\index.html","True","41","0"
"it","C:\Users\Sipka\Desktop\Converter\languages\it\convertire\tsv\aac-in-tsv\index.html","True","41","0"
"it","C:\Users\Sipka\Desktop\Converter\languages\it\convertire\tsv\aiff-in-tsv\index.html","True","41","0"
"it","C:\Users\Sipka\Desktop\Converter\languages\it\convertire\tsv\bmp-in-tsv\index.html","True","41","0"
"it","C:\Users\Sipka\Desktop\Converter\languages\it\convertire\tsv\csv-in-tsv\index.html","True","41","0"
"it","C:\Users\Sipka\Desktop\Converter\languages\it\convertire\tsv\docx-in-tsv\index.html","True","41","0"
"it","C:\Users\Sipka\Desktop\Converter\languages\it\convertire\tsv\flac-in-tsv\index.html","True","41","0"
"it","C:\Users\Sipka\Desktop\Converter\languages\it\convertire\tsv\gif-in-tsv\index.html","True","41","0"
"it","C:\Users\Sipka\Desktop\Converter\languages\it\convertire\tsv\html-in-tsv\index.html","True","41","0"
"it","C:\Users\Sipka\Desktop\Converter\languages\it\convertire\tsv\jpeg-in-tsv\index.html","True","41","0"
"it","C:\Users\Sipka\Desktop\Converter\languages\it\convertire\tsv\jpg-in-tsv\index.html","True","41","0"
"it","C:\Users\Sipka\Desktop\Converter\languages\it\convertire\tsv\json-in-tsv\index.html","True","41","0"
"it","C:\Users\Sipka\Desktop\Converter\languages\it\convertire\tsv\jsonl-in-tsv\index.html","True","41","0"
"it","C:\Users\Sipka\Desktop\Converter\languages\it\convertire\tsv\m4a-in-tsv\index.html","True","41","0"
"it","C:\Users\Sipka\Desktop\Converter\languages\it\convertire\tsv\m4v-in-tsv\index.html","True","41","0"
"it","C:\Users\Sipka\Desktop\Converter\languages\it\convertire\tsv\md-in-tsv\index.html","True","41","0"
"it","C:\Users\Sipka\Desktop\Converter\languages\it\convertire\tsv\mkv-in-tsv\index.html","True","41","0"
"it","C:\Users\Sipka\Desktop\Converter\languages\it\convertire\tsv\mov-in-tsv\index.html","True","41","0"
"it","C:\Users\Sipka\Desktop\Converter\languages\it\convertire\tsv\mp3-in-tsv\index.html","True","41","0"
"it","C:\Users\Sipka\Desktop\Converter\languages\it\convertire\tsv\mp4-in-tsv\index.html","True","41","0"
"it","C:\Users\Sipka\Desktop\Converter\languages\it\convertire\tsv\ogg-in-tsv\index.html","True","41","0"
"it","C:\Users\Sipka\Desktop\Converter\languages\it\convertire\tsv\opus-in-tsv\index.html","True","41","0"
"it","C:\Users\Sipka\Desktop\Converter\languages\it\convertire\tsv\pdf-in-tsv\index.html","True","41","0"
"it","C:\Users\Sipka\Desktop\Converter\languages\it\convertire\tsv\png-in-tsv\index.html","True","41","0"
"it","C:\Users\Sipka\Desktop\Converter\languages\it\convertire\tsv\pptx-in-tsv\index.html","True","41","0"
"it","C:\Users\Sipka\Desktop\Converter\languages\it\convertire\tsv\rar-in-tsv\index.html","True","41","0"
"it","C:\Users\Sipka\Desktop\Converter\languages\it\convertire\tsv\rtf-in-tsv\index.html","True","41","0"
"it","C:\Users\Sipka\Desktop\Converter\languages\it\convertire\tsv\svg-in-tsv\index.html","True","41","0"
"it","C:\Users\Sipka\Desktop\Converter\languages\it\convertire\tsv\tar-in-tsv\index.html","True","41","0"
"it","C:\Users\Sipka\Desktop\Converter\languages\it\convertire\tsv\tar.bz2-in-tsv\index.html","True","41","0"
"it","C:\Users\Sipka\Desktop\Converter\languages\it\convertire\tsv\tar.gz-in-tsv\index.html","True","41","0"
"it","C:\Users\Sipka\Desktop\Converter\languages\it\convertire\tsv\tar.xz-in-tsv\index.html","True","41","0"
"it","C:\Users\Sipka\Desktop\Converter\languages\it\convertire\tsv\tbz-in-tsv\index.html","True","41","0"
"it","C:\Users\Sipka\Desktop\Converter\languages\it\convertire\tsv\tgz-in-tsv\index.html","True","41","0"
"it","C:\Users\Sipka\Desktop\Converter\languages\it\convertire\tsv\tiff-in-tsv\index.html","True","41","0"
"it","C:\Users\Sipka\Desktop\Converter\languages\it\convertire\tsv\txt-in-tsv\index.html","True","41","0"
"it","C:\Users\Sipka\Desktop\Converter\languages\it\convertire\tsv\txz-in-tsv\index.html","True","41","0"
"it","C:\Users\Sipka\Desktop\Converter\languages\it\convertire\tsv\wav-in-tsv\index.html","True","41","0"
"it","C:\Users\Sipka\Desktop\Converter\languages\it\convertire\tsv\webm-in-tsv\index.html","True","41","0"
"it","C:\Users\Sipka\Desktop\Converter\languages\it\convertire\tsv\webp-in-tsv\index.html","True","41","0"
"it","C:\Users\Sipka\Desktop\Converter\languages\it\convertire\tsv\xlsx-in-tsv\index.html","True","41","0"
"it","C:\Users\Sipka\Desktop\Converter\languages\it\convertire\tsv\zip-in-tsv\index.html","True","41","0"
"it","C:\Users\Sipka\Desktop\Converter\languages\it\convertire\txt\7z-in-txt\index.html","True","41","0"
"it","C:\Users\Sipka\Desktop\Converter\languages\it\convertire\txt\aac-in-txt\index.html","True","41","0"
"it","C:\Users\Sipka\Desktop\Converter\languages\it\convertire\txt\aiff-in-txt\index.html","True","41","0"
"it","C:\Users\Sipka\Desktop\Converter\languages\it\convertire\txt\bmp-in-txt\index.html","True","41","0"
"it","C:\Users\Sipka\Desktop\Converter\languages\it\convertire\txt\csv-in-txt\index.html","True","41","0"
"it","C:\Users\Sipka\Desktop\Converter\languages\it\convertire\txt\docx-in-txt\index.html","True","41","0"
"it","C:\Users\Sipka\Desktop\Converter\languages\it\convertire\txt\flac-in-txt\index.html","True","41","0"
"it","C:\Users\Sipka\Desktop\Converter\languages\it\convertire\txt\gif-in-txt\index.html","True","41","0"
"it","C:\Users\Sipka\Desktop\Converter\languages\it\convertire\txt\html-in-txt\index.html","True","41","0"
"it","C:\Users\Sipka\Desktop\Converter\languages\it\convertire\txt\jpeg-in-txt\index.html","True","41","0"
"it","C:\Users\Sipka\Desktop\Converter\languages\it\convertire\txt\jpg-in-txt\index.html","True","41","0"
"it","C:\Users\Sipka\Desktop\Converter\languages\it\convertire\txt\json-in-txt\index.html","True","41","0"
"it","C:\Users\Sipka\Desktop\Converter\languages\it\convertire\txt\jsonl-in-txt\index.html","True","41","0"
"it","C:\Users\Sipka\Desktop\Converter\languages\it\convertire\txt\m4a-in-txt\index.html","True","41","0"
"it","C:\Users\Sipka\Desktop\Converter\languages\it\convertire\txt\m4v-in-txt\index.html","True","41","0"
"it","C:\Users\Sipka\Desktop\Converter\languages\it\convertire\txt\md-in-txt\index.html","True","41","0"
"it","C:\Users\Sipka\Desktop\Converter\languages\it\convertire\txt\mkv-in-txt\index.html","True","41","0"
"it","C:\Users\Sipka\Desktop\Converter\languages\it\convertire\txt\mov-in-txt\index.html","True","41","0"
"it","C:\Users\Sipka\Desktop\Converter\languages\it\convertire\txt\mp3-in-txt\index.html","True","41","0"
"it","C:\Users\Sipka\Desktop\Converter\languages\it\convertire\txt\mp4-in-txt\index.html","True","41","0"
"it","C:\Users\Sipka\Desktop\Converter\languages\it\convertire\txt\ogg-in-txt\index.html","True","41","0"
"it","C:\Users\Sipka\Desktop\Converter\languages\it\convertire\txt\opus-in-txt\index.html","True","41","0"
"it","C:\Users\Sipka\Desktop\Converter\languages\it\convertire\txt\pdf-in-txt\index.html","True","41","0"
"it","C:\Users\Sipka\Desktop\Converter\languages\it\convertire\txt\png-in-txt\index.html","True","41","0"
"it","C:\Users\Sipka\Desktop\Converter\languages\it\convertire\txt\pptx-in-txt\index.html","True","41","0"
"it","C:\Users\Sipka\Desktop\Converter\languages\it\convertire\txt\rar-in-txt\index.html","True","41","0"
"it","C:\Users\Sipka\Desktop\Converter\languages\it\convertire\txt\rtf-in-txt\index.html","True","41","0"
"it","C:\Users\Sipka\Desktop\Converter\languages\it\convertire\txt\svg-in-txt\index.html","True","41","0"
"it","C:\Users\Sipka\Desktop\Converter\languages\it\convertire\txt\tar-in-txt\index.html","True","41","0"
"it","C:\Users\Sipka\Desktop\Converter\languages\it\convertire\txt\tar.bz2-in-txt\index.html","True","41","0"
"it","C:\Users\Sipka\Desktop\Converter\languages\it\convertire\txt\tar.gz-in-txt\index.html","True","41","0"
"it","C:\Users\Sipka\Desktop\Converter\languages\it\convertire\txt\tar.xz-in-txt\index.html","True","41","0"
"it","C:\Users\Sipka\Desktop\Converter\languages\it\convertire\txt\tbz-in-txt\index.html","True","41","0"
"it","C:\Users\Sipka\Desktop\Converter\languages\it\convertire\txt\tgz-in-txt\index.html","True","41","0"
"it","C:\Users\Sipka\Desktop\Converter\languages\it\convertire\txt\tiff-in-txt\index.html","True","41","0"
"it","C:\Users\Sipka\Desktop\Converter\languages\it\convertire\txt\tsv-in-txt\index.html","True","41","0"
"it","C:\Users\Sipka\Desktop\Converter\languages\it\convertire\txt\txz-in-txt\index.html","True","41","0"
"it","C:\Users\Sipka\Desktop\Converter\languages\it\convertire\txt\wav-in-txt\index.html","True","41","0"
"it","C:\Users\Sipka\Desktop\Converter\languages\it\convertire\txt\webm-in-txt\index.html","True","41","0"
"it","C:\Users\Sipka\Desktop\Converter\languages\it\convertire\txt\webp-in-txt\index.html","True","41","0"
"it","C:\Users\Sipka\Desktop\Converter\languages\it\convertire\txt\xlsx-in-txt\index.html","True","41","0"
"it","C:\Users\Sipka\Desktop\Converter\languages\it\convertire\txt\zip-in-txt\index.html","True","41","0"
"it","C:\Users\Sipka\Desktop\Converter\languages\it\convertire\txz\7z-in-txz\index.html","True","41","0"
"it","C:\Users\Sipka\Desktop\Converter\languages\it\convertire\txz\aac-in-txz\index.html","True","41","0"
"it","C:\Users\Sipka\Desktop\Converter\languages\it\convertire\txz\aiff-in-txz\index.html","True","41","0"
"it","C:\Users\Sipka\Desktop\Converter\languages\it\convertire\txz\bmp-in-txz\index.html","True","41","0"
"it","C:\Users\Sipka\Desktop\Converter\languages\it\convertire\txz\csv-in-txz\index.html","True","41","0"
"it","C:\Users\Sipka\Desktop\Converter\languages\it\convertire\txz\docx-in-txz\index.html","True","41","0"
"it","C:\Users\Sipka\Desktop\Converter\languages\it\convertire\txz\flac-in-txz\index.html","True","41","0"
"it","C:\Users\Sipka\Desktop\Converter\languages\it\convertire\txz\gif-in-txz\index.html","True","41","0"
"it","C:\Users\Sipka\Desktop\Converter\languages\it\convertire\txz\html-in-txz\index.html","True","41","0"
"it","C:\Users\Sipka\Desktop\Converter\languages\it\convertire\txz\jpeg-in-txz\index.html","True","41","0"
"it","C:\Users\Sipka\Desktop\Converter\languages\it\convertire\txz\jpg-in-txz\index.html","True","41","0"
"it","C:\Users\Sipka\Desktop\Converter\languages\it\convertire\txz\json-in-txz\index.html","True","41","0"
"it","C:\Users\Sipka\Desktop\Converter\languages\it\convertire\txz\jsonl-in-txz\index.html","True","41","0"
"it","C:\Users\Sipka\Desktop\Converter\languages\it\convertire\txz\m4a-in-txz\index.html","True","41","0"
"it","C:\Users\Sipka\Desktop\Converter\languages\it\convertire\txz\m4v-in-txz\index.html","True","41","0"
"it","C:\Users\Sipka\Desktop\Converter\languages\it\convertire\txz\md-in-txz\index.html","True","41","0"
"it","C:\Users\Sipka\Desktop\Converter\languages\it\convertire\txz\mkv-in-txz\index.html","True","41","0"
"it","C:\Users\Sipka\Desktop\Converter\languages\it\convertire\txz\mov-in-txz\index.html","True","41","0"
"it","C:\Users\Sipka\Desktop\Converter\languages\it\convertire\txz\mp3-in-txz\index.html","True","41","0"
"it","C:\Users\Sipka\Desktop\Converter\languages\it\convertire\txz\mp4-in-txz\index.html","True","41","0"
"it","C:\Users\Sipka\Desktop\Converter\languages\it\convertire\txz\ogg-in-txz\index.html","True","41","0"
"it","C:\Users\Sipka\Desktop\Converter\languages\it\convertire\txz\opus-in-txz\index.html","True","41","0"
"it","C:\Users\Sipka\Desktop\Converter\languages\it\convertire\txz\pdf-in-txz\index.html","True","41","0"
"it","C:\Users\Sipka\Desktop\Converter\languages\it\convertire\txz\png-in-txz\index.html","True","41","0"
"it","C:\Users\Sipka\Desktop\Converter\languages\it\convertire\txz\pptx-in-txz\index.html","True","41","0"
"it","C:\Users\Sipka\Desktop\Converter\languages\it\convertire\txz\rar-in-txz\index.html","True","41","0"
"it","C:\Users\Sipka\Desktop\Converter\languages\it\convertire\txz\rtf-in-txz\index.html","True","41","0"
"it","C:\Users\Sipka\Desktop\Converter\languages\it\convertire\txz\svg-in-txz\index.html","True","41","0"
"it","C:\Users\Sipka\Desktop\Converter\languages\it\convertire\txz\tar-in-txz\index.html","True","41","0"
"it","C:\Users\Sipka\Desktop\Converter\languages\it\convertire\txz\tar.bz2-in-txz\index.html","True","41","0"
"it","C:\Users\Sipka\Desktop\Converter\languages\it\convertire\txz\tar.gz-in-txz\index.html","True","41","0"
"it","C:\Users\Sipka\Desktop\Converter\languages\it\convertire\txz\tar.xz-in-txz\index.html","True","41","0"
"it","C:\Users\Sipka\Desktop\Converter\languages\it\convertire\txz\tbz-in-txz\index.html","True","41","0"
"it","C:\Users\Sipka\Desktop\Converter\languages\it\convertire\txz\tgz-in-txz\index.html","True","41","0"
"it","C:\Users\Sipka\Desktop\Converter\languages\it\convertire\txz\tiff-in-txz\index.html","True","41","0"
"it","C:\Users\Sipka\Desktop\Converter\languages\it\convertire\txz\tsv-in-txz\index.html","True","41","0"
"it","C:\Users\Sipka\Desktop\Converter\languages\it\convertire\txz\txt-in-txz\index.html","True","41","0"
"it","C:\Users\Sipka\Desktop\Converter\languages\it\convertire\txz\wav-in-txz\index.html","True","41","0"
"it","C:\Users\Sipka\Desktop\Converter\languages\it\convertire\txz\webm-in-txz\index.html","True","41","0"
"it","C:\Users\Sipka\Desktop\Converter\languages\it\convertire\txz\webp-in-txz\index.html","True","41","0"
"it","C:\Users\Sipka\Desktop\Converter\languages\it\convertire\txz\xlsx-in-txz\index.html","True","41","0"
"it","C:\Users\Sipka\Desktop\Converter\languages\it\convertire\txz\zip-in-txz\index.html","True","41","0"
"it","C:\Users\Sipka\Desktop\Converter\languages\it\convertire\wav\7z-in-wav\index.html","True","41","0"
"it","C:\Users\Sipka\Desktop\Converter\languages\it\convertire\wav\aac-in-wav\index.html","True","41","0"
"it","C:\Users\Sipka\Desktop\Converter\languages\it\convertire\wav\aiff-in-wav\index.html","True","41","0"
"it","C:\Users\Sipka\Desktop\Converter\languages\it\convertire\wav\bmp-in-wav\index.html","True","41","0"
"it","C:\Users\Sipka\Desktop\Converter\languages\it\convertire\wav\csv-in-wav\index.html","True","41","0"
"it","C:\Users\Sipka\Desktop\Converter\languages\it\convertire\wav\docx-in-wav\index.html","True","41","0"
"it","C:\Users\Sipka\Desktop\Converter\languages\it\convertire\wav\flac-in-wav\index.html","True","41","0"
"it","C:\Users\Sipka\Desktop\Converter\languages\it\convertire\wav\gif-in-wav\index.html","True","41","0"
"it","C:\Users\Sipka\Desktop\Converter\languages\it\convertire\wav\html-in-wav\index.html","True","41","0"
"it","C:\Users\Sipka\Desktop\Converter\languages\it\convertire\wav\jpeg-in-wav\index.html","True","41","0"
"it","C:\Users\Sipka\Desktop\Converter\languages\it\convertire\wav\jpg-in-wav\index.html","True","41","0"
"it","C:\Users\Sipka\Desktop\Converter\languages\it\convertire\wav\json-in-wav\index.html","True","41","0"
"it","C:\Users\Sipka\Desktop\Converter\languages\it\convertire\wav\jsonl-in-wav\index.html","True","41","0"
"it","C:\Users\Sipka\Desktop\Converter\languages\it\convertire\wav\m4a-in-wav\index.html","True","41","0"
"it","C:\Users\Sipka\Desktop\Converter\languages\it\convertire\wav\m4v-in-wav\index.html","True","41","0"
"it","C:\Users\Sipka\Desktop\Converter\languages\it\convertire\wav\md-in-wav\index.html","True","41","0"
"it","C:\Users\Sipka\Desktop\Converter\languages\it\convertire\wav\mkv-in-wav\index.html","True","41","0"
"it","C:\Users\Sipka\Desktop\Converter\languages\it\convertire\wav\mov-in-wav\index.html","True","41","0"
"it","C:\Users\Sipka\Desktop\Converter\languages\it\convertire\wav\mp3-in-wav\index.html","True","41","0"
"it","C:\Users\Sipka\Desktop\Converter\languages\it\convertire\wav\mp4-in-wav\index.html","True","41","0"
"it","C:\Users\Sipka\Desktop\Converter\languages\it\convertire\wav\ogg-in-wav\index.html","True","41","0"
"it","C:\Users\Sipka\Desktop\Converter\languages\it\convertire\wav\opus-in-wav\index.html","True","41","0"
"it","C:\Users\Sipka\Desktop\Converter\languages\it\convertire\wav\pdf-in-wav\index.html","True","41","0"
"it","C:\Users\Sipka\Desktop\Converter\languages\it\convertire\wav\png-in-wav\index.html","True","41","0"
"it","C:\Users\Sipka\Desktop\Converter\languages\it\convertire\wav\pptx-in-wav\index.html","True","41","0"
"it","C:\Users\Sipka\Desktop\Converter\languages\it\convertire\wav\rar-in-wav\index.html","True","41","0"
"it","C:\Users\Sipka\Desktop\Converter\languages\it\convertire\wav\rtf-in-wav\index.html","True","41","0"
"it","C:\Users\Sipka\Desktop\Converter\languages\it\convertire\wav\svg-in-wav\index.html","True","41","0"
"it","C:\Users\Sipka\Desktop\Converter\languages\it\convertire\wav\tar-in-wav\index.html","True","41","0"
"it","C:\Users\Sipka\Desktop\Converter\languages\it\convertire\wav\tar.bz2-in-wav\index.html","True","41","0"
"it","C:\Users\Sipka\Desktop\Converter\languages\it\convertire\wav\tar.gz-in-wav\index.html","True","41","0"
"it","C:\Users\Sipka\Desktop\Converter\languages\it\convertire\wav\tar.xz-in-wav\index.html","True","41","0"
"it","C:\Users\Sipka\Desktop\Converter\languages\it\convertire\wav\tbz-in-wav\index.html","True","41","0"
"it","C:\Users\Sipka\Desktop\Converter\languages\it\convertire\wav\tgz-in-wav\index.html","True","41","0"
"it","C:\Users\Sipka\Desktop\Converter\languages\it\convertire\wav\tiff-in-wav\index.html","True","41","0"
"it","C:\Users\Sipka\Desktop\Converter\languages\it\convertire\wav\tsv-in-wav\index.html","True","41","0"
"it","C:\Users\Sipka\Desktop\Converter\languages\it\convertire\wav\txt-in-wav\index.html","True","41","0"
"it","C:\Users\Sipka\Desktop\Converter\languages\it\convertire\wav\txz-in-wav\index.html","True","41","0"
"it","C:\Users\Sipka\Desktop\Converter\languages\it\convertire\wav\webm-in-wav\index.html","True","41","0"
"it","C:\Users\Sipka\Desktop\Converter\languages\it\convertire\wav\webp-in-wav\index.html","True","41","0"
"it","C:\Users\Sipka\Desktop\Converter\languages\it\convertire\wav\xlsx-in-wav\index.html","True","41","0"
"it","C:\Users\Sipka\Desktop\Converter\languages\it\convertire\wav\zip-in-wav\index.html","True","41","0"
"it","C:\Users\Sipka\Desktop\Converter\languages\it\convertire\webm\7z-in-webm\index.html","True","41","0"
"it","C:\Users\Sipka\Desktop\Converter\languages\it\convertire\webm\aac-in-webm\index.html","True","41","0"
"it","C:\Users\Sipka\Desktop\Converter\languages\it\convertire\webm\aiff-in-webm\index.html","True","41","0"
"it","C:\Users\Sipka\Desktop\Converter\languages\it\convertire\webm\bmp-in-webm\index.html","True","41","0"
"it","C:\Users\Sipka\Desktop\Converter\languages\it\convertire\webm\csv-in-webm\index.html","True","41","0"
"it","C:\Users\Sipka\Desktop\Converter\languages\it\convertire\webm\docx-in-webm\index.html","True","41","0"
"it","C:\Users\Sipka\Desktop\Converter\languages\it\convertire\webm\flac-in-webm\index.html","True","41","0"
"it","C:\Users\Sipka\Desktop\Converter\languages\it\convertire\webm\gif-in-webm\index.html","True","41","0"
"it","C:\Users\Sipka\Desktop\Converter\languages\it\convertire\webm\html-in-webm\index.html","True","41","0"
"it","C:\Users\Sipka\Desktop\Converter\languages\it\convertire\webm\jpeg-in-webm\index.html","True","41","0"
"it","C:\Users\Sipka\Desktop\Converter\languages\it\convertire\webm\jpg-in-webm\index.html","True","41","0"
"it","C:\Users\Sipka\Desktop\Converter\languages\it\convertire\webm\json-in-webm\index.html","True","41","0"
"it","C:\Users\Sipka\Desktop\Converter\languages\it\convertire\webm\jsonl-in-webm\index.html","True","41","0"
"it","C:\Users\Sipka\Desktop\Converter\languages\it\convertire\webm\m4a-in-webm\index.html","True","41","0"
"it","C:\Users\Sipka\Desktop\Converter\languages\it\convertire\webm\m4v-in-webm\index.html","True","41","0"
"it","C:\Users\Sipka\Desktop\Converter\languages\it\convertire\webm\md-in-webm\index.html","True","41","0"
"it","C:\Users\Sipka\Desktop\Converter\languages\it\convertire\webm\mkv-in-webm\index.html","True","41","0"
"it","C:\Users\Sipka\Desktop\Converter\languages\it\convertire\webm\mov-in-webm\index.html","True","41","0"
"it","C:\Users\Sipka\Desktop\Converter\languages\it\convertire\webm\mp3-in-webm\index.html","True","41","0"
"it","C:\Users\Sipka\Desktop\Converter\languages\it\convertire\webm\mp4-in-webm\index.html","True","41","0"
"it","C:\Users\Sipka\Desktop\Converter\languages\it\convertire\webm\ogg-in-webm\index.html","True","41","0"
"it","C:\Users\Sipka\Desktop\Converter\languages\it\convertire\webm\opus-in-webm\index.html","True","41","0"
"it","C:\Users\Sipka\Desktop\Converter\languages\it\convertire\webm\pdf-in-webm\index.html","True","41","0"
"it","C:\Users\Sipka\Desktop\Converter\languages\it\convertire\webm\png-in-webm\index.html","True","41","0"
"it","C:\Users\Sipka\Desktop\Converter\languages\it\convertire\webm\pptx-in-webm\index.html","True","41","0"
"it","C:\Users\Sipka\Desktop\Converter\languages\it\convertire\webm\rar-in-webm\index.html","True","41","0"
"it","C:\Users\Sipka\Desktop\Converter\languages\it\convertire\webm\rtf-in-webm\index.html","True","41","0"
"it","C:\Users\Sipka\Desktop\Converter\languages\it\convertire\webm\svg-in-webm\index.html","True","41","0"
"it","C:\Users\Sipka\Desktop\Converter\languages\it\convertire\webm\tar-in-webm\index.html","True","41","0"
"it","C:\Users\Sipka\Desktop\Converter\languages\it\convertire\webm\tar.bz2-in-webm\index.html","True","41","0"
"it","C:\Users\Sipka\Desktop\Converter\languages\it\convertire\webm\tar.gz-in-webm\index.html","True","41","0"
"it","C:\Users\Sipka\Desktop\Converter\languages\it\convertire\webm\tar.xz-in-webm\index.html","True","41","0"
"it","C:\Users\Sipka\Desktop\Converter\languages\it\convertire\webm\tbz-in-webm\index.html","True","41","0"
"it","C:\Users\Sipka\Desktop\Converter\languages\it\convertire\webm\tgz-in-webm\index.html","True","41","0"
"it","C:\Users\Sipka\Desktop\Converter\languages\it\convertire\webm\tiff-in-webm\index.html","True","41","0"
"it","C:\Users\Sipka\Desktop\Converter\languages\it\convertire\webm\tsv-in-webm\index.html","True","41","0"
"it","C:\Users\Sipka\Desktop\Converter\languages\it\convertire\webm\txt-in-webm\index.html","True","41","0"
"it","C:\Users\Sipka\Desktop\Converter\languages\it\convertire\webm\txz-in-webm\index.html","True","41","0"
"it","C:\Users\Sipka\Desktop\Converter\languages\it\convertire\webm\wav-in-webm\index.html","True","41","0"
"it","C:\Users\Sipka\Desktop\Converter\languages\it\convertire\webm\webp-in-webm\index.html","True","41","0"
"it","C:\Users\Sipka\Desktop\Converter\languages\it\convertire\webm\xlsx-in-webm\index.html","True","41","0"
"it","C:\Users\Sipka\Desktop\Converter\languages\it\convertire\webm\zip-in-webm\index.html","True","41","0"
"it","C:\Users\Sipka\Desktop\Converter\languages\it\convertire\webp\7z-in-webp\index.html","True","41","0"
"it","C:\Users\Sipka\Desktop\Converter\languages\it\convertire\webp\aac-in-webp\index.html","True","41","0"
"it","C:\Users\Sipka\Desktop\Converter\languages\it\convertire\webp\aiff-in-webp\index.html","True","41","0"
"it","C:\Users\Sipka\Desktop\Converter\languages\it\convertire\webp\bmp-in-webp\index.html","True","41","0"
"it","C:\Users\Sipka\Desktop\Converter\languages\it\convertire\webp\csv-in-webp\index.html","True","41","0"
"it","C:\Users\Sipka\Desktop\Converter\languages\it\convertire\webp\docx-in-webp\index.html","True","41","0"
"it","C:\Users\Sipka\Desktop\Converter\languages\it\convertire\webp\flac-in-webp\index.html","True","41","0"
"it","C:\Users\Sipka\Desktop\Converter\languages\it\convertire\webp\gif-in-webp\index.html","True","41","0"
"it","C:\Users\Sipka\Desktop\Converter\languages\it\convertire\webp\html-in-webp\index.html","True","41","0"
"it","C:\Users\Sipka\Desktop\Converter\languages\it\convertire\webp\jpeg-in-webp\index.html","True","41","0"
"it","C:\Users\Sipka\Desktop\Converter\languages\it\convertire\webp\jpg-in-webp\index.html","True","41","0"
"it","C:\Users\Sipka\Desktop\Converter\languages\it\convertire\webp\json-in-webp\index.html","True","41","0"
"it","C:\Users\Sipka\Desktop\Converter\languages\it\convertire\webp\jsonl-in-webp\index.html","True","41","0"
"it","C:\Users\Sipka\Desktop\Converter\languages\it\convertire\webp\m4a-in-webp\index.html","True","41","0"
"it","C:\Users\Sipka\Desktop\Converter\languages\it\convertire\webp\m4v-in-webp\index.html","True","41","0"
"it","C:\Users\Sipka\Desktop\Converter\languages\it\convertire\webp\md-in-webp\index.html","True","41","0"
"it","C:\Users\Sipka\Desktop\Converter\languages\it\convertire\webp\mkv-in-webp\index.html","True","41","0"
"it","C:\Users\Sipka\Desktop\Converter\languages\it\convertire\webp\mov-in-webp\index.html","True","41","0"
"it","C:\Users\Sipka\Desktop\Converter\languages\it\convertire\webp\mp3-in-webp\index.html","True","41","0"
"it","C:\Users\Sipka\Desktop\Converter\languages\it\convertire\webp\mp4-in-webp\index.html","True","41","0"
"it","C:\Users\Sipka\Desktop\Converter\languages\it\convertire\webp\ogg-in-webp\index.html","True","41","0"
"it","C:\Users\Sipka\Desktop\Converter\languages\it\convertire\webp\opus-in-webp\index.html","True","41","0"
"it","C:\Users\Sipka\Desktop\Converter\languages\it\convertire\webp\pdf-in-webp\index.html","True","41","0"
"it","C:\Users\Sipka\Desktop\Converter\languages\it\convertire\webp\png-in-webp\index.html","True","41","0"
"it","C:\Users\Sipka\Desktop\Converter\languages\it\convertire\webp\pptx-in-webp\index.html","True","41","0"
"it","C:\Users\Sipka\Desktop\Converter\languages\it\convertire\webp\rar-in-webp\index.html","True","41","0"
"it","C:\Users\Sipka\Desktop\Converter\languages\it\convertire\webp\rtf-in-webp\index.html","True","41","0"
"it","C:\Users\Sipka\Desktop\Converter\languages\it\convertire\webp\svg-in-webp\index.html","True","41","0"
"it","C:\Users\Sipka\Desktop\Converter\languages\it\convertire\webp\tar-in-webp\index.html","True","41","0"
"it","C:\Users\Sipka\Desktop\Converter\languages\it\convertire\webp\tar.bz2-in-webp\index.html","True","41","0"
"it","C:\Users\Sipka\Desktop\Converter\languages\it\convertire\webp\tar.gz-in-webp\index.html","True","41","0"
"it","C:\Users\Sipka\Desktop\Converter\languages\it\convertire\webp\tar.xz-in-webp\index.html","True","41","0"
"it","C:\Users\Sipka\Desktop\Converter\languages\it\convertire\webp\tbz-in-webp\index.html","True","41","0"
"it","C:\Users\Sipka\Desktop\Converter\languages\it\convertire\webp\tgz-in-webp\index.html","True","41","0"
"it","C:\Users\Sipka\Desktop\Converter\languages\it\convertire\webp\tiff-in-webp\index.html","True","41","0"
"it","C:\Users\Sipka\Desktop\Converter\languages\it\convertire\webp\tsv-in-webp\index.html","True","41","0"
"it","C:\Users\Sipka\Desktop\Converter\languages\it\convertire\webp\txt-in-webp\index.html","True","41","0"
"it","C:\Users\Sipka\Desktop\Converter\languages\it\convertire\webp\txz-in-webp\index.html","True","41","0"
"it","C:\Users\Sipka\Desktop\Converter\languages\it\convertire\webp\wav-in-webp\index.html","True","41","0"
"it","C:\Users\Sipka\Desktop\Converter\languages\it\convertire\webp\webm-in-webp\index.html","True","41","0"
"it","C:\Users\Sipka\Desktop\Converter\languages\it\convertire\webp\xlsx-in-webp\index.html","True","41","0"
"it","C:\Users\Sipka\Desktop\Converter\languages\it\convertire\webp\zip-in-webp\index.html","True","41","0"
"it","C:\Users\Sipka\Desktop\Converter\languages\it\convertire\xlsx\7z-in-xlsx\index.html","True","41","0"
"it","C:\Users\Sipka\Desktop\Converter\languages\it\convertire\xlsx\aac-in-xlsx\index.html","True","41","0"
"it","C:\Users\Sipka\Desktop\Converter\languages\it\convertire\xlsx\aiff-in-xlsx\index.html","True","41","0"
"it","C:\Users\Sipka\Desktop\Converter\languages\it\convertire\xlsx\bmp-in-xlsx\index.html","True","41","0"
"it","C:\Users\Sipka\Desktop\Converter\languages\it\convertire\xlsx\csv-in-xlsx\index.html","True","41","0"
"it","C:\Users\Sipka\Desktop\Converter\languages\it\convertire\xlsx\docx-in-xlsx\index.html","True","41","0"
"it","C:\Users\Sipka\Desktop\Converter\languages\it\convertire\xlsx\flac-in-xlsx\index.html","True","41","0"
"it","C:\Users\Sipka\Desktop\Converter\languages\it\convertire\xlsx\gif-in-xlsx\index.html","True","41","0"
"it","C:\Users\Sipka\Desktop\Converter\languages\it\convertire\xlsx\html-in-xlsx\index.html","True","41","0"
"it","C:\Users\Sipka\Desktop\Converter\languages\it\convertire\xlsx\jpeg-in-xlsx\index.html","True","41","0"
"it","C:\Users\Sipka\Desktop\Converter\languages\it\convertire\xlsx\jpg-in-xlsx\index.html","True","41","0"
"it","C:\Users\Sipka\Desktop\Converter\languages\it\convertire\xlsx\json-in-xlsx\index.html","True","41","0"
"it","C:\Users\Sipka\Desktop\Converter\languages\it\convertire\xlsx\jsonl-in-xlsx\index.html","True","41","0"
"it","C:\Users\Sipka\Desktop\Converter\languages\it\convertire\xlsx\m4a-in-xlsx\index.html","True","41","0"
"it","C:\Users\Sipka\Desktop\Converter\languages\it\convertire\xlsx\m4v-in-xlsx\index.html","True","41","0"
"it","C:\Users\Sipka\Desktop\Converter\languages\it\convertire\xlsx\md-in-xlsx\index.html","True","41","0"
"it","C:\Users\Sipka\Desktop\Converter\languages\it\convertire\xlsx\mkv-in-xlsx\index.html","True","41","0"
"it","C:\Users\Sipka\Desktop\Converter\languages\it\convertire\xlsx\mov-in-xlsx\index.html","True","41","0"
"it","C:\Users\Sipka\Desktop\Converter\languages\it\convertire\xlsx\mp3-in-xlsx\index.html","True","41","0"
"it","C:\Users\Sipka\Desktop\Converter\languages\it\convertire\xlsx\mp4-in-xlsx\index.html","True","41","0"
"it","C:\Users\Sipka\Desktop\Converter\languages\it\convertire\xlsx\ogg-in-xlsx\index.html","True","41","0"
"it","C:\Users\Sipka\Desktop\Converter\languages\it\convertire\xlsx\opus-in-xlsx\index.html","True","41","0"
"it","C:\Users\Sipka\Desktop\Converter\languages\it\convertire\xlsx\pdf-in-xlsx\index.html","True","41","0"
"it","C:\Users\Sipka\Desktop\Converter\languages\it\convertire\xlsx\png-in-xlsx\index.html","True","41","0"
"it","C:\Users\Sipka\Desktop\Converter\languages\it\convertire\xlsx\pptx-in-xlsx\index.html","True","41","0"
"it","C:\Users\Sipka\Desktop\Converter\languages\it\convertire\xlsx\rar-in-xlsx\index.html","True","41","0"
"it","C:\Users\Sipka\Desktop\Converter\languages\it\convertire\xlsx\rtf-in-xlsx\index.html","True","41","0"
"it","C:\Users\Sipka\Desktop\Converter\languages\it\convertire\xlsx\svg-in-xlsx\index.html","True","41","0"
"it","C:\Users\Sipka\Desktop\Converter\languages\it\convertire\xlsx\tar-in-xlsx\index.html","True","41","0"
"it","C:\Users\Sipka\Desktop\Converter\languages\it\convertire\xlsx\tar.bz2-in-xlsx\index.html","True","41","0"
"it","C:\Users\Sipka\Desktop\Converter\languages\it\convertire\xlsx\tar.gz-in-xlsx\index.html","True","41","0"
"it","C:\Users\Sipka\Desktop\Converter\languages\it\convertire\xlsx\tar.xz-in-xlsx\index.html","True","41","0"
"it","C:\Users\Sipka\Desktop\Converter\languages\it\convertire\xlsx\tbz-in-xlsx\index.html","True","41","0"
"it","C:\Users\Sipka\Desktop\Converter\languages\it\convertire\xlsx\tgz-in-xlsx\index.html","True","41","0"
"it","C:\Users\Sipka\Desktop\Converter\languages\it\convertire\xlsx\tiff-in-xlsx\index.html","True","41","0"
"it","C:\Users\Sipka\Desktop\Converter\languages\it\convertire\xlsx\tsv-in-xlsx\index.html","True","41","0"
"it","C:\Users\Sipka\Desktop\Converter\languages\it\convertire\xlsx\txt-in-xlsx\index.html","True","41","0"
"it","C:\Users\Sipka\Desktop\Converter\languages\it\convertire\xlsx\txz-in-xlsx\index.html","True","41","0"
"it","C:\Users\Sipka\Desktop\Converter\languages\it\convertire\xlsx\wav-in-xlsx\index.html","True","41","0"
"it","C:\Users\Sipka\Desktop\Converter\languages\it\convertire\xlsx\webm-in-xlsx\index.html","True","41","0"
"it","C:\Users\Sipka\Desktop\Converter\languages\it\convertire\xlsx\webp-in-xlsx\index.html","True","41","0"
"it","C:\Users\Sipka\Desktop\Converter\languages\it\convertire\xlsx\zip-in-xlsx\index.html","True","41","0"
"it","C:\Users\Sipka\Desktop\Converter\languages\it\convertire\zip\7z-in-zip\index.html","True","41","0"
"it","C:\Users\Sipka\Desktop\Converter\languages\it\convertire\zip\aac-in-zip\index.html","True","41","0"
"it","C:\Users\Sipka\Desktop\Converter\languages\it\convertire\zip\aiff-in-zip\index.html","True","41","0"
"it","C:\Users\Sipka\Desktop\Converter\languages\it\convertire\zip\bmp-in-zip\index.html","True","41","0"
"it","C:\Users\Sipka\Desktop\Converter\languages\it\convertire\zip\csv-in-zip\index.html","True","41","0"
"it","C:\Users\Sipka\Desktop\Converter\languages\it\convertire\zip\docx-in-zip\index.html","True","41","0"
"it","C:\Users\Sipka\Desktop\Converter\languages\it\convertire\zip\flac-in-zip\index.html","True","41","0"
"it","C:\Users\Sipka\Desktop\Converter\languages\it\convertire\zip\gif-in-zip\index.html","True","41","0"
"it","C:\Users\Sipka\Desktop\Converter\languages\it\convertire\zip\html-in-zip\index.html","True","41","0"
"it","C:\Users\Sipka\Desktop\Converter\languages\it\convertire\zip\jpeg-in-zip\index.html","True","41","0"
"it","C:\Users\Sipka\Desktop\Converter\languages\it\convertire\zip\jpg-in-zip\index.html","True","41","0"
"it","C:\Users\Sipka\Desktop\Converter\languages\it\convertire\zip\json-in-zip\index.html","True","41","0"
"it","C:\Users\Sipka\Desktop\Converter\languages\it\convertire\zip\jsonl-in-zip\index.html","True","41","0"
"it","C:\Users\Sipka\Desktop\Converter\languages\it\convertire\zip\m4a-in-zip\index.html","True","41","0"
"it","C:\Users\Sipka\Desktop\Converter\languages\it\convertire\zip\m4v-in-zip\index.html","True","41","0"
"it","C:\Users\Sipka\Desktop\Converter\languages\it\convertire\zip\md-in-zip\index.html","True","41","0"
"it","C:\Users\Sipka\Desktop\Converter\languages\it\convertire\zip\mkv-in-zip\index.html","True","41","0"
"it","C:\Users\Sipka\Desktop\Converter\languages\it\convertire\zip\mov-in-zip\index.html","True","41","0"
"it","C:\Users\Sipka\Desktop\Converter\languages\it\convertire\zip\mp3-in-zip\index.html","True","41","0"
"it","C:\Users\Sipka\Desktop\Converter\languages\it\convertire\zip\mp4-in-zip\index.html","True","41","0"
"it","C:\Users\Sipka\Desktop\Converter\languages\it\convertire\zip\ogg-in-zip\index.html","True","41","0"
"it","C:\Users\Sipka\Desktop\Converter\languages\it\convertire\zip\opus-in-zip\index.html","True","41","0"
"it","C:\Users\Sipka\Desktop\Converter\languages\it\convertire\zip\pdf-in-zip\index.html","True","41","0"
"it","C:\Users\Sipka\Desktop\Converter\languages\it\convertire\zip\png-in-zip\index.html","True","41","0"
"it","C:\Users\Sipka\Desktop\Converter\languages\it\convertire\zip\pptx-in-zip\index.html","True","41","0"
"it","C:\Users\Sipka\Desktop\Converter\languages\it\convertire\zip\rar-in-zip\index.html","True","41","0"
"it","C:\Users\Sipka\Desktop\Converter\languages\it\convertire\zip\rtf-in-zip\index.html","True","41","0"
"it","C:\Users\Sipka\Desktop\Converter\languages\it\convertire\zip\svg-in-zip\index.html","True","41","0"
"it","C:\Users\Sipka\Desktop\Converter\languages\it\convertire\zip\tar-in-zip\index.html","True","41","0"
"it","C:\Users\Sipka\Desktop\Converter\languages\it\convertire\zip\tar.bz2-in-zip\index.html","True","41","0"
"it","C:\Users\Sipka\Desktop\Converter\languages\it\convertire\zip\tar.gz-in-zip\index.html","True","41","0"
"it","C:\Users\Sipka\Desktop\Converter\languages\it\convertire\zip\tar.xz-in-zip\index.html","True","41","0"
"it","C:\Users\Sipka\Desktop\Converter\languages\it\convertire\zip\tbz-in-zip\index.html","True","41","0"
"it","C:\Users\Sipka\Desktop\Converter\languages\it\convertire\zip\tgz-in-zip\index.html","True","41","0"
"it","C:\Users\Sipka\Desktop\Converter\languages\it\convertire\zip\tiff-in-zip\index.html","True","41","0"
"it","C:\Users\Sipka\Desktop\Converter\languages\it\convertire\zip\tsv-in-zip\index.html","True","41","0"
"it","C:\Users\Sipka\Desktop\Converter\languages\it\convertire\zip\txt-in-zip\index.html","True","41","0"
"it","C:\Users\Sipka\Desktop\Converter\languages\it\convertire\zip\txz-in-zip\index.html","True","41","0"
"it","C:\Users\Sipka\Desktop\Converter\languages\it\convertire\zip\wav-in-zip\index.html","True","41","0"
"it","C:\Users\Sipka\Desktop\Converter\languages\it\convertire\zip\webm-in-zip\index.html","True","41","0"
"it","C:\Users\Sipka\Desktop\Converter\languages\it\convertire\zip\webp-in-zip\index.html","True","41","0"
"it","C:\Users\Sipka\Desktop\Converter\languages\it\convertire\zip\xlsx-in-zip\index.html","True","41","0"
"nl","C:\Users\Sipka\Desktop\Converter\languages\nl\converter\7z\aac-naar-7z\index.html","True","41","0"
"nl","C:\Users\Sipka\Desktop\Converter\languages\nl\converter\7z\aiff-naar-7z\index.html","True","41","0"
"nl","C:\Users\Sipka\Desktop\Converter\languages\nl\converter\7z\bmp-naar-7z\index.html","True","41","0"
"nl","C:\Users\Sipka\Desktop\Converter\languages\nl\converter\7z\csv-naar-7z\index.html","True","41","0"
"nl","C:\Users\Sipka\Desktop\Converter\languages\nl\converter\7z\docx-naar-7z\index.html","True","41","0"
"nl","C:\Users\Sipka\Desktop\Converter\languages\nl\converter\7z\flac-naar-7z\index.html","True","41","0"
"nl","C:\Users\Sipka\Desktop\Converter\languages\nl\converter\7z\gif-naar-7z\index.html","True","41","0"
"nl","C:\Users\Sipka\Desktop\Converter\languages\nl\converter\7z\html-naar-7z\index.html","True","41","0"
"nl","C:\Users\Sipka\Desktop\Converter\languages\nl\converter\7z\jpeg-naar-7z\index.html","True","41","0"
"nl","C:\Users\Sipka\Desktop\Converter\languages\nl\converter\7z\jpg-naar-7z\index.html","True","41","0"
"nl","C:\Users\Sipka\Desktop\Converter\languages\nl\converter\7z\json-naar-7z\index.html","True","41","0"
"nl","C:\Users\Sipka\Desktop\Converter\languages\nl\converter\7z\jsonl-naar-7z\index.html","True","41","0"
"nl","C:\Users\Sipka\Desktop\Converter\languages\nl\converter\7z\m4a-naar-7z\index.html","True","41","0"
"nl","C:\Users\Sipka\Desktop\Converter\languages\nl\converter\7z\m4v-naar-7z\index.html","True","41","0"
"nl","C:\Users\Sipka\Desktop\Converter\languages\nl\converter\7z\md-naar-7z\index.html","True","41","0"
"nl","C:\Users\Sipka\Desktop\Converter\languages\nl\converter\7z\mkv-naar-7z\index.html","True","41","0"
"nl","C:\Users\Sipka\Desktop\Converter\languages\nl\converter\7z\mov-naar-7z\index.html","True","41","0"
"nl","C:\Users\Sipka\Desktop\Converter\languages\nl\converter\7z\mp3-naar-7z\index.html","True","41","0"
"nl","C:\Users\Sipka\Desktop\Converter\languages\nl\converter\7z\mp4-naar-7z\index.html","True","41","0"
"nl","C:\Users\Sipka\Desktop\Converter\languages\nl\converter\7z\ogg-naar-7z\index.html","True","41","0"
"nl","C:\Users\Sipka\Desktop\Converter\languages\nl\converter\7z\opus-naar-7z\index.html","True","41","0"
"nl","C:\Users\Sipka\Desktop\Converter\languages\nl\converter\7z\pdf-naar-7z\index.html","True","41","0"
"nl","C:\Users\Sipka\Desktop\Converter\languages\nl\converter\7z\png-naar-7z\index.html","True","41","0"
"nl","C:\Users\Sipka\Desktop\Converter\languages\nl\converter\7z\pptx-naar-7z\index.html","True","41","0"
"nl","C:\Users\Sipka\Desktop\Converter\languages\nl\converter\7z\rar-naar-7z\index.html","True","41","0"
"nl","C:\Users\Sipka\Desktop\Converter\languages\nl\converter\7z\rtf-naar-7z\index.html","True","41","0"
"nl","C:\Users\Sipka\Desktop\Converter\languages\nl\converter\7z\svg-naar-7z\index.html","True","41","0"
"nl","C:\Users\Sipka\Desktop\Converter\languages\nl\converter\7z\tar-naar-7z\index.html","True","41","0"
"nl","C:\Users\Sipka\Desktop\Converter\languages\nl\converter\7z\tar.bz2-naar-7z\index.html","True","41","0"
"nl","C:\Users\Sipka\Desktop\Converter\languages\nl\converter\7z\tar.gz-naar-7z\index.html","True","41","0"
"nl","C:\Users\Sipka\Desktop\Converter\languages\nl\converter\7z\tar.xz-naar-7z\index.html","True","41","0"
"nl","C:\Users\Sipka\Desktop\Converter\languages\nl\converter\7z\tbz-naar-7z\index.html","True","41","0"
"nl","C:\Users\Sipka\Desktop\Converter\languages\nl\converter\7z\tgz-naar-7z\index.html","True","41","0"
"nl","C:\Users\Sipka\Desktop\Converter\languages\nl\converter\7z\tiff-naar-7z\index.html","True","41","0"
"nl","C:\Users\Sipka\Desktop\Converter\languages\nl\converter\7z\tsv-naar-7z\index.html","True","41","0"
"nl","C:\Users\Sipka\Desktop\Converter\languages\nl\converter\7z\txt-naar-7z\index.html","True","41","0"
"nl","C:\Users\Sipka\Desktop\Converter\languages\nl\converter\7z\txz-naar-7z\index.html","True","41","0"
"nl","C:\Users\Sipka\Desktop\Converter\languages\nl\converter\7z\wav-naar-7z\index.html","True","41","0"
"nl","C:\Users\Sipka\Desktop\Converter\languages\nl\converter\7z\webm-naar-7z\index.html","True","41","0"
"nl","C:\Users\Sipka\Desktop\Converter\languages\nl\converter\7z\webp-naar-7z\index.html","True","41","0"
"nl","C:\Users\Sipka\Desktop\Converter\languages\nl\converter\7z\xlsx-naar-7z\index.html","True","41","0"
"nl","C:\Users\Sipka\Desktop\Converter\languages\nl\converter\7z\zip-naar-7z\index.html","True","41","0"
"nl","C:\Users\Sipka\Desktop\Converter\languages\nl\converter\aac\7z-naar-aac\index.html","True","41","0"
"nl","C:\Users\Sipka\Desktop\Converter\languages\nl\converter\aac\aiff-naar-aac\index.html","True","41","0"
"nl","C:\Users\Sipka\Desktop\Converter\languages\nl\converter\aac\bmp-naar-aac\index.html","True","41","0"
"nl","C:\Users\Sipka\Desktop\Converter\languages\nl\converter\aac\csv-naar-aac\index.html","True","41","0"
"nl","C:\Users\Sipka\Desktop\Converter\languages\nl\converter\aac\docx-naar-aac\index.html","True","41","0"
"nl","C:\Users\Sipka\Desktop\Converter\languages\nl\converter\aac\flac-naar-aac\index.html","True","41","0"
"nl","C:\Users\Sipka\Desktop\Converter\languages\nl\converter\aac\gif-naar-aac\index.html","True","41","0"
"nl","C:\Users\Sipka\Desktop\Converter\languages\nl\converter\aac\html-naar-aac\index.html","True","41","0"
"nl","C:\Users\Sipka\Desktop\Converter\languages\nl\converter\aac\jpeg-naar-aac\index.html","True","41","0"
"nl","C:\Users\Sipka\Desktop\Converter\languages\nl\converter\aac\jpg-naar-aac\index.html","True","41","0"
"nl","C:\Users\Sipka\Desktop\Converter\languages\nl\converter\aac\json-naar-aac\index.html","True","41","0"
"nl","C:\Users\Sipka\Desktop\Converter\languages\nl\converter\aac\jsonl-naar-aac\index.html","True","41","0"
"nl","C:\Users\Sipka\Desktop\Converter\languages\nl\converter\aac\m4a-naar-aac\index.html","True","41","0"
"nl","C:\Users\Sipka\Desktop\Converter\languages\nl\converter\aac\m4v-naar-aac\index.html","True","41","0"
"nl","C:\Users\Sipka\Desktop\Converter\languages\nl\converter\aac\md-naar-aac\index.html","True","41","0"
"nl","C:\Users\Sipka\Desktop\Converter\languages\nl\converter\aac\mkv-naar-aac\index.html","True","41","0"
"nl","C:\Users\Sipka\Desktop\Converter\languages\nl\converter\aac\mov-naar-aac\index.html","True","41","0"
"nl","C:\Users\Sipka\Desktop\Converter\languages\nl\converter\aac\mp3-naar-aac\index.html","True","41","0"
"nl","C:\Users\Sipka\Desktop\Converter\languages\nl\converter\aac\mp4-naar-aac\index.html","True","41","0"
"nl","C:\Users\Sipka\Desktop\Converter\languages\nl\converter\aac\ogg-naar-aac\index.html","True","41","0"
"nl","C:\Users\Sipka\Desktop\Converter\languages\nl\converter\aac\opus-naar-aac\index.html","True","41","0"
"nl","C:\Users\Sipka\Desktop\Converter\languages\nl\converter\aac\pdf-naar-aac\index.html","True","41","0"
"nl","C:\Users\Sipka\Desktop\Converter\languages\nl\converter\aac\png-naar-aac\index.html","True","41","0"
"nl","C:\Users\Sipka\Desktop\Converter\languages\nl\converter\aac\pptx-naar-aac\index.html","True","41","0"
"nl","C:\Users\Sipka\Desktop\Converter\languages\nl\converter\aac\rar-naar-aac\index.html","True","41","0"
"nl","C:\Users\Sipka\Desktop\Converter\languages\nl\converter\aac\rtf-naar-aac\index.html","True","41","0"
"nl","C:\Users\Sipka\Desktop\Converter\languages\nl\converter\aac\svg-naar-aac\index.html","True","41","0"
"nl","C:\Users\Sipka\Desktop\Converter\languages\nl\converter\aac\tar-naar-aac\index.html","True","41","0"
"nl","C:\Users\Sipka\Desktop\Converter\languages\nl\converter\aac\tar.bz2-naar-aac\index.html","True","41","0"
"nl","C:\Users\Sipka\Desktop\Converter\languages\nl\converter\aac\tar.gz-naar-aac\index.html","True","41","0"
"nl","C:\Users\Sipka\Desktop\Converter\languages\nl\converter\aac\tar.xz-naar-aac\index.html","True","41","0"
"nl","C:\Users\Sipka\Desktop\Converter\languages\nl\converter\aac\tbz-naar-aac\index.html","True","41","0"
"nl","C:\Users\Sipka\Desktop\Converter\languages\nl\converter\aac\tgz-naar-aac\index.html","True","41","0"
"nl","C:\Users\Sipka\Desktop\Converter\languages\nl\converter\aac\tiff-naar-aac\index.html","True","41","0"
"nl","C:\Users\Sipka\Desktop\Converter\languages\nl\converter\aac\tsv-naar-aac\index.html","True","41","0"
"nl","C:\Users\Sipka\Desktop\Converter\languages\nl\converter\aac\txt-naar-aac\index.html","True","41","0"
"nl","C:\Users\Sipka\Desktop\Converter\languages\nl\converter\aac\txz-naar-aac\index.html","True","41","0"
"nl","C:\Users\Sipka\Desktop\Converter\languages\nl\converter\aac\wav-naar-aac\index.html","True","41","0"
"nl","C:\Users\Sipka\Desktop\Converter\languages\nl\converter\aac\webm-naar-aac\index.html","True","41","0"
"nl","C:\Users\Sipka\Desktop\Converter\languages\nl\converter\aac\webp-naar-aac\index.html","True","41","0"
"nl","C:\Users\Sipka\Desktop\Converter\languages\nl\converter\aac\xlsx-naar-aac\index.html","True","41","0"
"nl","C:\Users\Sipka\Desktop\Converter\languages\nl\converter\aac\zip-naar-aac\index.html","True","41","0"
"nl","C:\Users\Sipka\Desktop\Converter\languages\nl\converter\aiff\7z-naar-aiff\index.html","True","41","0"
"nl","C:\Users\Sipka\Desktop\Converter\languages\nl\converter\aiff\aac-naar-aiff\index.html","True","41","0"
"nl","C:\Users\Sipka\Desktop\Converter\languages\nl\converter\aiff\bmp-naar-aiff\index.html","True","41","0"
"nl","C:\Users\Sipka\Desktop\Converter\languages\nl\converter\aiff\csv-naar-aiff\index.html","True","41","0"
"nl","C:\Users\Sipka\Desktop\Converter\languages\nl\converter\aiff\docx-naar-aiff\index.html","True","41","0"
"nl","C:\Users\Sipka\Desktop\Converter\languages\nl\converter\aiff\flac-naar-aiff\index.html","True","41","0"
"nl","C:\Users\Sipka\Desktop\Converter\languages\nl\converter\aiff\gif-naar-aiff\index.html","True","41","0"
"nl","C:\Users\Sipka\Desktop\Converter\languages\nl\converter\aiff\html-naar-aiff\index.html","True","41","0"
"nl","C:\Users\Sipka\Desktop\Converter\languages\nl\converter\aiff\jpeg-naar-aiff\index.html","True","41","0"
"nl","C:\Users\Sipka\Desktop\Converter\languages\nl\converter\aiff\jpg-naar-aiff\index.html","True","41","0"
"nl","C:\Users\Sipka\Desktop\Converter\languages\nl\converter\aiff\json-naar-aiff\index.html","True","41","0"
"nl","C:\Users\Sipka\Desktop\Converter\languages\nl\converter\aiff\jsonl-naar-aiff\index.html","True","41","0"
"nl","C:\Users\Sipka\Desktop\Converter\languages\nl\converter\aiff\m4a-naar-aiff\index.html","True","41","0"
"nl","C:\Users\Sipka\Desktop\Converter\languages\nl\converter\aiff\m4v-naar-aiff\index.html","True","41","0"
"nl","C:\Users\Sipka\Desktop\Converter\languages\nl\converter\aiff\md-naar-aiff\index.html","True","41","0"
"nl","C:\Users\Sipka\Desktop\Converter\languages\nl\converter\aiff\mkv-naar-aiff\index.html","True","41","0"
"nl","C:\Users\Sipka\Desktop\Converter\languages\nl\converter\aiff\mov-naar-aiff\index.html","True","41","0"
"nl","C:\Users\Sipka\Desktop\Converter\languages\nl\converter\aiff\mp3-naar-aiff\index.html","True","41","0"
"nl","C:\Users\Sipka\Desktop\Converter\languages\nl\converter\aiff\mp4-naar-aiff\index.html","True","41","0"
"nl","C:\Users\Sipka\Desktop\Converter\languages\nl\converter\aiff\ogg-naar-aiff\index.html","True","41","0"
"nl","C:\Users\Sipka\Desktop\Converter\languages\nl\converter\aiff\opus-naar-aiff\index.html","True","41","0"
"nl","C:\Users\Sipka\Desktop\Converter\languages\nl\converter\aiff\pdf-naar-aiff\index.html","True","41","0"
"nl","C:\Users\Sipka\Desktop\Converter\languages\nl\converter\aiff\png-naar-aiff\index.html","True","41","0"
"nl","C:\Users\Sipka\Desktop\Converter\languages\nl\converter\aiff\pptx-naar-aiff\index.html","True","41","0"
"nl","C:\Users\Sipka\Desktop\Converter\languages\nl\converter\aiff\rar-naar-aiff\index.html","True","41","0"
"nl","C:\Users\Sipka\Desktop\Converter\languages\nl\converter\aiff\rtf-naar-aiff\index.html","True","41","0"
"nl","C:\Users\Sipka\Desktop\Converter\languages\nl\converter\aiff\svg-naar-aiff\index.html","True","41","0"
"nl","C:\Users\Sipka\Desktop\Converter\languages\nl\converter\aiff\tar-naar-aiff\index.html","True","41","0"
"nl","C:\Users\Sipka\Desktop\Converter\languages\nl\converter\aiff\tar.bz2-naar-aiff\index.html","True","41","0"
"nl","C:\Users\Sipka\Desktop\Converter\languages\nl\converter\aiff\tar.gz-naar-aiff\index.html","True","41","0"
"nl","C:\Users\Sipka\Desktop\Converter\languages\nl\converter\aiff\tar.xz-naar-aiff\index.html","True","41","0"
"nl","C:\Users\Sipka\Desktop\Converter\languages\nl\converter\aiff\tbz-naar-aiff\index.html","True","41","0"
"nl","C:\Users\Sipka\Desktop\Converter\languages\nl\converter\aiff\tgz-naar-aiff\index.html","True","41","0"
"nl","C:\Users\Sipka\Desktop\Converter\languages\nl\converter\aiff\tiff-naar-aiff\index.html","True","41","0"
"nl","C:\Users\Sipka\Desktop\Converter\languages\nl\converter\aiff\tsv-naar-aiff\index.html","True","41","0"
"nl","C:\Users\Sipka\Desktop\Converter\languages\nl\converter\aiff\txt-naar-aiff\index.html","True","41","0"
"nl","C:\Users\Sipka\Desktop\Converter\languages\nl\converter\aiff\txz-naar-aiff\index.html","True","41","0"
"nl","C:\Users\Sipka\Desktop\Converter\languages\nl\converter\aiff\wav-naar-aiff\index.html","True","41","0"
"nl","C:\Users\Sipka\Desktop\Converter\languages\nl\converter\aiff\webm-naar-aiff\index.html","True","41","0"
"nl","C:\Users\Sipka\Desktop\Converter\languages\nl\converter\aiff\webp-naar-aiff\index.html","True","41","0"
"nl","C:\Users\Sipka\Desktop\Converter\languages\nl\converter\aiff\xlsx-naar-aiff\index.html","True","41","0"
"nl","C:\Users\Sipka\Desktop\Converter\languages\nl\converter\aiff\zip-naar-aiff\index.html","True","41","0"
"nl","C:\Users\Sipka\Desktop\Converter\languages\nl\converter\bmp\7z-naar-bmp\index.html","True","41","0"
"nl","C:\Users\Sipka\Desktop\Converter\languages\nl\converter\bmp\aac-naar-bmp\index.html","True","41","0"
"nl","C:\Users\Sipka\Desktop\Converter\languages\nl\converter\bmp\aiff-naar-bmp\index.html","True","41","0"
"nl","C:\Users\Sipka\Desktop\Converter\languages\nl\converter\bmp\csv-naar-bmp\index.html","True","41","0"
"nl","C:\Users\Sipka\Desktop\Converter\languages\nl\converter\bmp\docx-naar-bmp\index.html","True","41","0"
"nl","C:\Users\Sipka\Desktop\Converter\languages\nl\converter\bmp\flac-naar-bmp\index.html","True","41","0"
"nl","C:\Users\Sipka\Desktop\Converter\languages\nl\converter\bmp\gif-naar-bmp\index.html","True","41","0"
"nl","C:\Users\Sipka\Desktop\Converter\languages\nl\converter\bmp\html-naar-bmp\index.html","True","41","0"
"nl","C:\Users\Sipka\Desktop\Converter\languages\nl\converter\bmp\jpeg-naar-bmp\index.html","True","41","0"
"nl","C:\Users\Sipka\Desktop\Converter\languages\nl\converter\bmp\jpg-naar-bmp\index.html","True","41","0"
"nl","C:\Users\Sipka\Desktop\Converter\languages\nl\converter\bmp\json-naar-bmp\index.html","True","41","0"
"nl","C:\Users\Sipka\Desktop\Converter\languages\nl\converter\bmp\jsonl-naar-bmp\index.html","True","41","0"
"nl","C:\Users\Sipka\Desktop\Converter\languages\nl\converter\bmp\m4a-naar-bmp\index.html","True","41","0"
"nl","C:\Users\Sipka\Desktop\Converter\languages\nl\converter\bmp\m4v-naar-bmp\index.html","True","41","0"
"nl","C:\Users\Sipka\Desktop\Converter\languages\nl\converter\bmp\md-naar-bmp\index.html","True","41","0"
"nl","C:\Users\Sipka\Desktop\Converter\languages\nl\converter\bmp\mkv-naar-bmp\index.html","True","41","0"
"nl","C:\Users\Sipka\Desktop\Converter\languages\nl\converter\bmp\mov-naar-bmp\index.html","True","41","0"
"nl","C:\Users\Sipka\Desktop\Converter\languages\nl\converter\bmp\mp3-naar-bmp\index.html","True","41","0"
"nl","C:\Users\Sipka\Desktop\Converter\languages\nl\converter\bmp\mp4-naar-bmp\index.html","True","41","0"
"nl","C:\Users\Sipka\Desktop\Converter\languages\nl\converter\bmp\ogg-naar-bmp\index.html","True","41","0"
"nl","C:\Users\Sipka\Desktop\Converter\languages\nl\converter\bmp\opus-naar-bmp\index.html","True","41","0"
"nl","C:\Users\Sipka\Desktop\Converter\languages\nl\converter\bmp\pdf-naar-bmp\index.html","True","41","0"
"nl","C:\Users\Sipka\Desktop\Converter\languages\nl\converter\bmp\png-naar-bmp\index.html","True","41","0"
"nl","C:\Users\Sipka\Desktop\Converter\languages\nl\converter\bmp\pptx-naar-bmp\index.html","True","41","0"
"nl","C:\Users\Sipka\Desktop\Converter\languages\nl\converter\bmp\rar-naar-bmp\index.html","True","41","0"
"nl","C:\Users\Sipka\Desktop\Converter\languages\nl\converter\bmp\rtf-naar-bmp\index.html","True","41","0"
"nl","C:\Users\Sipka\Desktop\Converter\languages\nl\converter\bmp\svg-naar-bmp\index.html","True","41","0"
"nl","C:\Users\Sipka\Desktop\Converter\languages\nl\converter\bmp\tar-naar-bmp\index.html","True","41","0"
"nl","C:\Users\Sipka\Desktop\Converter\languages\nl\converter\bmp\tar.bz2-naar-bmp\index.html","True","41","0"
"nl","C:\Users\Sipka\Desktop\Converter\languages\nl\converter\bmp\tar.gz-naar-bmp\index.html","True","41","0"
"nl","C:\Users\Sipka\Desktop\Converter\languages\nl\converter\bmp\tar.xz-naar-bmp\index.html","True","41","0"
"nl","C:\Users\Sipka\Desktop\Converter\languages\nl\converter\bmp\tbz-naar-bmp\index.html","True","41","0"
"nl","C:\Users\Sipka\Desktop\Converter\languages\nl\converter\bmp\tgz-naar-bmp\index.html","True","41","0"
"nl","C:\Users\Sipka\Desktop\Converter\languages\nl\converter\bmp\tiff-naar-bmp\index.html","True","41","0"
"nl","C:\Users\Sipka\Desktop\Converter\languages\nl\converter\bmp\tsv-naar-bmp\index.html","True","41","0"
"nl","C:\Users\Sipka\Desktop\Converter\languages\nl\converter\bmp\txt-naar-bmp\index.html","True","41","0"
"nl","C:\Users\Sipka\Desktop\Converter\languages\nl\converter\bmp\txz-naar-bmp\index.html","True","41","0"
"nl","C:\Users\Sipka\Desktop\Converter\languages\nl\converter\bmp\wav-naar-bmp\index.html","True","41","0"
"nl","C:\Users\Sipka\Desktop\Converter\languages\nl\converter\bmp\webm-naar-bmp\index.html","True","41","0"
"nl","C:\Users\Sipka\Desktop\Converter\languages\nl\converter\bmp\webp-naar-bmp\index.html","True","41","0"
"nl","C:\Users\Sipka\Desktop\Converter\languages\nl\converter\bmp\xlsx-naar-bmp\index.html","True","41","0"
"nl","C:\Users\Sipka\Desktop\Converter\languages\nl\converter\bmp\zip-naar-bmp\index.html","True","41","0"
"nl","C:\Users\Sipka\Desktop\Converter\languages\nl\converter\csv\7z-naar-csv\index.html","True","41","0"
"nl","C:\Users\Sipka\Desktop\Converter\languages\nl\converter\csv\aac-naar-csv\index.html","True","41","0"
"nl","C:\Users\Sipka\Desktop\Converter\languages\nl\converter\csv\aiff-naar-csv\index.html","True","41","0"
"nl","C:\Users\Sipka\Desktop\Converter\languages\nl\converter\csv\bmp-naar-csv\index.html","True","41","0"
"nl","C:\Users\Sipka\Desktop\Converter\languages\nl\converter\csv\docx-naar-csv\index.html","True","41","0"
"nl","C:\Users\Sipka\Desktop\Converter\languages\nl\converter\csv\flac-naar-csv\index.html","True","41","0"
"nl","C:\Users\Sipka\Desktop\Converter\languages\nl\converter\csv\gif-naar-csv\index.html","True","41","0"
"nl","C:\Users\Sipka\Desktop\Converter\languages\nl\converter\csv\html-naar-csv\index.html","True","41","0"
"nl","C:\Users\Sipka\Desktop\Converter\languages\nl\converter\csv\jpeg-naar-csv\index.html","True","41","0"
"nl","C:\Users\Sipka\Desktop\Converter\languages\nl\converter\csv\jpg-naar-csv\index.html","True","41","0"
"nl","C:\Users\Sipka\Desktop\Converter\languages\nl\converter\csv\json-naar-csv\index.html","True","41","0"
"nl","C:\Users\Sipka\Desktop\Converter\languages\nl\converter\csv\jsonl-naar-csv\index.html","True","41","0"
"nl","C:\Users\Sipka\Desktop\Converter\languages\nl\converter\csv\m4a-naar-csv\index.html","True","41","0"
"nl","C:\Users\Sipka\Desktop\Converter\languages\nl\converter\csv\m4v-naar-csv\index.html","True","41","0"
"nl","C:\Users\Sipka\Desktop\Converter\languages\nl\converter\csv\md-naar-csv\index.html","True","41","0"
"nl","C:\Users\Sipka\Desktop\Converter\languages\nl\converter\csv\mkv-naar-csv\index.html","True","41","0"
"nl","C:\Users\Sipka\Desktop\Converter\languages\nl\converter\csv\mov-naar-csv\index.html","True","41","0"
"nl","C:\Users\Sipka\Desktop\Converter\languages\nl\converter\csv\mp3-naar-csv\index.html","True","41","0"
"nl","C:\Users\Sipka\Desktop\Converter\languages\nl\converter\csv\mp4-naar-csv\index.html","True","41","0"
"nl","C:\Users\Sipka\Desktop\Converter\languages\nl\converter\csv\ogg-naar-csv\index.html","True","41","0"
"nl","C:\Users\Sipka\Desktop\Converter\languages\nl\converter\csv\opus-naar-csv\index.html","True","41","0"
"nl","C:\Users\Sipka\Desktop\Converter\languages\nl\converter\csv\pdf-naar-csv\index.html","True","41","0"
"nl","C:\Users\Sipka\Desktop\Converter\languages\nl\converter\csv\png-naar-csv\index.html","True","41","0"
"nl","C:\Users\Sipka\Desktop\Converter\languages\nl\converter\csv\pptx-naar-csv\index.html","True","41","0"
"nl","C:\Users\Sipka\Desktop\Converter\languages\nl\converter\csv\rar-naar-csv\index.html","True","41","0"
"nl","C:\Users\Sipka\Desktop\Converter\languages\nl\converter\csv\rtf-naar-csv\index.html","True","41","0"
"nl","C:\Users\Sipka\Desktop\Converter\languages\nl\converter\csv\svg-naar-csv\index.html","True","41","0"
"nl","C:\Users\Sipka\Desktop\Converter\languages\nl\converter\csv\tar-naar-csv\index.html","True","41","0"
"nl","C:\Users\Sipka\Desktop\Converter\languages\nl\converter\csv\tar.bz2-naar-csv\index.html","True","41","0"
"nl","C:\Users\Sipka\Desktop\Converter\languages\nl\converter\csv\tar.gz-naar-csv\index.html","True","41","0"
"nl","C:\Users\Sipka\Desktop\Converter\languages\nl\converter\csv\tar.xz-naar-csv\index.html","True","41","0"
"nl","C:\Users\Sipka\Desktop\Converter\languages\nl\converter\csv\tbz-naar-csv\index.html","True","41","0"
"nl","C:\Users\Sipka\Desktop\Converter\languages\nl\converter\csv\tgz-naar-csv\index.html","True","41","0"
"nl","C:\Users\Sipka\Desktop\Converter\languages\nl\converter\csv\tiff-naar-csv\index.html","True","41","0"
"nl","C:\Users\Sipka\Desktop\Converter\languages\nl\converter\csv\tsv-naar-csv\index.html","True","41","0"
"nl","C:\Users\Sipka\Desktop\Converter\languages\nl\converter\csv\txt-naar-csv\index.html","True","41","0"
"nl","C:\Users\Sipka\Desktop\Converter\languages\nl\converter\csv\txz-naar-csv\index.html","True","41","0"
"nl","C:\Users\Sipka\Desktop\Converter\languages\nl\converter\csv\wav-naar-csv\index.html","True","41","0"
"nl","C:\Users\Sipka\Desktop\Converter\languages\nl\converter\csv\webm-naar-csv\index.html","True","41","0"
"nl","C:\Users\Sipka\Desktop\Converter\languages\nl\converter\csv\webp-naar-csv\index.html","True","41","0"
"nl","C:\Users\Sipka\Desktop\Converter\languages\nl\converter\csv\xlsx-naar-csv\index.html","True","41","0"
"nl","C:\Users\Sipka\Desktop\Converter\languages\nl\converter\csv\zip-naar-csv\index.html","True","41","0"
"nl","C:\Users\Sipka\Desktop\Converter\languages\nl\converter\docx\7z-naar-docx\index.html","True","41","0"
"nl","C:\Users\Sipka\Desktop\Converter\languages\nl\converter\docx\aac-naar-docx\index.html","True","41","0"
"nl","C:\Users\Sipka\Desktop\Converter\languages\nl\converter\docx\aiff-naar-docx\index.html","True","41","0"
"nl","C:\Users\Sipka\Desktop\Converter\languages\nl\converter\docx\bmp-naar-docx\index.html","True","41","0"
"nl","C:\Users\Sipka\Desktop\Converter\languages\nl\converter\docx\csv-naar-docx\index.html","True","41","0"
"nl","C:\Users\Sipka\Desktop\Converter\languages\nl\converter\docx\flac-naar-docx\index.html","True","41","0"
"nl","C:\Users\Sipka\Desktop\Converter\languages\nl\converter\docx\gif-naar-docx\index.html","True","41","0"
"nl","C:\Users\Sipka\Desktop\Converter\languages\nl\converter\docx\html-naar-docx\index.html","True","41","0"
"nl","C:\Users\Sipka\Desktop\Converter\languages\nl\converter\docx\jpeg-naar-docx\index.html","True","41","0"
"nl","C:\Users\Sipka\Desktop\Converter\languages\nl\converter\docx\jpg-naar-docx\index.html","True","41","0"
"nl","C:\Users\Sipka\Desktop\Converter\languages\nl\converter\docx\json-naar-docx\index.html","True","41","0"
"nl","C:\Users\Sipka\Desktop\Converter\languages\nl\converter\docx\jsonl-naar-docx\index.html","True","41","0"
"nl","C:\Users\Sipka\Desktop\Converter\languages\nl\converter\docx\m4a-naar-docx\index.html","True","41","0"
"nl","C:\Users\Sipka\Desktop\Converter\languages\nl\converter\docx\m4v-naar-docx\index.html","True","41","0"
"nl","C:\Users\Sipka\Desktop\Converter\languages\nl\converter\docx\md-naar-docx\index.html","True","41","0"
"nl","C:\Users\Sipka\Desktop\Converter\languages\nl\converter\docx\mkv-naar-docx\index.html","True","41","0"
"nl","C:\Users\Sipka\Desktop\Converter\languages\nl\converter\docx\mov-naar-docx\index.html","True","41","0"
"nl","C:\Users\Sipka\Desktop\Converter\languages\nl\converter\docx\mp3-naar-docx\index.html","True","41","0"
"nl","C:\Users\Sipka\Desktop\Converter\languages\nl\converter\docx\mp4-naar-docx\index.html","True","41","0"
"nl","C:\Users\Sipka\Desktop\Converter\languages\nl\converter\docx\ogg-naar-docx\index.html","True","41","0"
"nl","C:\Users\Sipka\Desktop\Converter\languages\nl\converter\docx\opus-naar-docx\index.html","True","41","0"
"nl","C:\Users\Sipka\Desktop\Converter\languages\nl\converter\docx\pdf-naar-docx\index.html","True","41","0"
"nl","C:\Users\Sipka\Desktop\Converter\languages\nl\converter\docx\png-naar-docx\index.html","True","41","0"
"nl","C:\Users\Sipka\Desktop\Converter\languages\nl\converter\docx\pptx-naar-docx\index.html","True","41","0"
"nl","C:\Users\Sipka\Desktop\Converter\languages\nl\converter\docx\rar-naar-docx\index.html","True","41","0"
"nl","C:\Users\Sipka\Desktop\Converter\languages\nl\converter\docx\rtf-naar-docx\index.html","True","41","0"
"nl","C:\Users\Sipka\Desktop\Converter\languages\nl\converter\docx\svg-naar-docx\index.html","True","41","0"
"nl","C:\Users\Sipka\Desktop\Converter\languages\nl\converter\docx\tar-naar-docx\index.html","True","41","0"
"nl","C:\Users\Sipka\Desktop\Converter\languages\nl\converter\docx\tar.bz2-naar-docx\index.html","True","41","0"
"nl","C:\Users\Sipka\Desktop\Converter\languages\nl\converter\docx\tar.gz-naar-docx\index.html","True","41","0"
"nl","C:\Users\Sipka\Desktop\Converter\languages\nl\converter\docx\tar.xz-naar-docx\index.html","True","41","0"
"nl","C:\Users\Sipka\Desktop\Converter\languages\nl\converter\docx\tbz-naar-docx\index.html","True","41","0"
"nl","C:\Users\Sipka\Desktop\Converter\languages\nl\converter\docx\tgz-naar-docx\index.html","True","41","0"
"nl","C:\Users\Sipka\Desktop\Converter\languages\nl\converter\docx\tiff-naar-docx\index.html","True","41","0"
"nl","C:\Users\Sipka\Desktop\Converter\languages\nl\converter\docx\tsv-naar-docx\index.html","True","41","0"
"nl","C:\Users\Sipka\Desktop\Converter\languages\nl\converter\docx\txt-naar-docx\index.html","True","41","0"
"nl","C:\Users\Sipka\Desktop\Converter\languages\nl\converter\docx\txz-naar-docx\index.html","True","41","0"
"nl","C:\Users\Sipka\Desktop\Converter\languages\nl\converter\docx\wav-naar-docx\index.html","True","41","0"
"nl","C:\Users\Sipka\Desktop\Converter\languages\nl\converter\docx\webm-naar-docx\index.html","True","41","0"
"nl","C:\Users\Sipka\Desktop\Converter\languages\nl\converter\docx\webp-naar-docx\index.html","True","41","0"
"nl","C:\Users\Sipka\Desktop\Converter\languages\nl\converter\docx\xlsx-naar-docx\index.html","True","41","0"
"nl","C:\Users\Sipka\Desktop\Converter\languages\nl\converter\docx\zip-naar-docx\index.html","True","41","0"
"nl","C:\Users\Sipka\Desktop\Converter\languages\nl\converter\flac\7z-naar-flac\index.html","True","41","0"
"nl","C:\Users\Sipka\Desktop\Converter\languages\nl\converter\flac\aac-naar-flac\index.html","True","41","0"
"nl","C:\Users\Sipka\Desktop\Converter\languages\nl\converter\flac\aiff-naar-flac\index.html","True","41","0"
"nl","C:\Users\Sipka\Desktop\Converter\languages\nl\converter\flac\bmp-naar-flac\index.html","True","41","0"
"nl","C:\Users\Sipka\Desktop\Converter\languages\nl\converter\flac\csv-naar-flac\index.html","True","41","0"
"nl","C:\Users\Sipka\Desktop\Converter\languages\nl\converter\flac\docx-naar-flac\index.html","True","41","0"
"nl","C:\Users\Sipka\Desktop\Converter\languages\nl\converter\flac\gif-naar-flac\index.html","True","41","0"
"nl","C:\Users\Sipka\Desktop\Converter\languages\nl\converter\flac\html-naar-flac\index.html","True","41","0"
"nl","C:\Users\Sipka\Desktop\Converter\languages\nl\converter\flac\jpeg-naar-flac\index.html","True","41","0"
"nl","C:\Users\Sipka\Desktop\Converter\languages\nl\converter\flac\jpg-naar-flac\index.html","True","41","0"
"nl","C:\Users\Sipka\Desktop\Converter\languages\nl\converter\flac\json-naar-flac\index.html","True","41","0"
"nl","C:\Users\Sipka\Desktop\Converter\languages\nl\converter\flac\jsonl-naar-flac\index.html","True","41","0"
"nl","C:\Users\Sipka\Desktop\Converter\languages\nl\converter\flac\m4a-naar-flac\index.html","True","41","0"
"nl","C:\Users\Sipka\Desktop\Converter\languages\nl\converter\flac\m4v-naar-flac\index.html","True","41","0"
"nl","C:\Users\Sipka\Desktop\Converter\languages\nl\converter\flac\md-naar-flac\index.html","True","41","0"
"nl","C:\Users\Sipka\Desktop\Converter\languages\nl\converter\flac\mkv-naar-flac\index.html","True","41","0"
"nl","C:\Users\Sipka\Desktop\Converter\languages\nl\converter\flac\mov-naar-flac\index.html","True","41","0"
"nl","C:\Users\Sipka\Desktop\Converter\languages\nl\converter\flac\mp3-naar-flac\index.html","True","41","0"
"nl","C:\Users\Sipka\Desktop\Converter\languages\nl\converter\flac\mp4-naar-flac\index.html","True","41","0"
"nl","C:\Users\Sipka\Desktop\Converter\languages\nl\converter\flac\ogg-naar-flac\index.html","True","41","0"
"nl","C:\Users\Sipka\Desktop\Converter\languages\nl\converter\flac\opus-naar-flac\index.html","True","41","0"
"nl","C:\Users\Sipka\Desktop\Converter\languages\nl\converter\flac\pdf-naar-flac\index.html","True","41","0"
"nl","C:\Users\Sipka\Desktop\Converter\languages\nl\converter\flac\png-naar-flac\index.html","True","41","0"
"nl","C:\Users\Sipka\Desktop\Converter\languages\nl\converter\flac\pptx-naar-flac\index.html","True","41","0"
"nl","C:\Users\Sipka\Desktop\Converter\languages\nl\converter\flac\rar-naar-flac\index.html","True","41","0"
"nl","C:\Users\Sipka\Desktop\Converter\languages\nl\converter\flac\rtf-naar-flac\index.html","True","41","0"
"nl","C:\Users\Sipka\Desktop\Converter\languages\nl\converter\flac\svg-naar-flac\index.html","True","41","0"
"nl","C:\Users\Sipka\Desktop\Converter\languages\nl\converter\flac\tar-naar-flac\index.html","True","41","0"
"nl","C:\Users\Sipka\Desktop\Converter\languages\nl\converter\flac\tar.bz2-naar-flac\index.html","True","41","0"
"nl","C:\Users\Sipka\Desktop\Converter\languages\nl\converter\flac\tar.gz-naar-flac\index.html","True","41","0"
"nl","C:\Users\Sipka\Desktop\Converter\languages\nl\converter\flac\tar.xz-naar-flac\index.html","True","41","0"
"nl","C:\Users\Sipka\Desktop\Converter\languages\nl\converter\flac\tbz-naar-flac\index.html","True","41","0"
"nl","C:\Users\Sipka\Desktop\Converter\languages\nl\converter\flac\tgz-naar-flac\index.html","True","41","0"
"nl","C:\Users\Sipka\Desktop\Converter\languages\nl\converter\flac\tiff-naar-flac\index.html","True","41","0"
"nl","C:\Users\Sipka\Desktop\Converter\languages\nl\converter\flac\tsv-naar-flac\index.html","True","41","0"
"nl","C:\Users\Sipka\Desktop\Converter\languages\nl\converter\flac\txt-naar-flac\index.html","True","41","0"
"nl","C:\Users\Sipka\Desktop\Converter\languages\nl\converter\flac\txz-naar-flac\index.html","True","41","0"
"nl","C:\Users\Sipka\Desktop\Converter\languages\nl\converter\flac\wav-naar-flac\index.html","True","41","0"
"nl","C:\Users\Sipka\Desktop\Converter\languages\nl\converter\flac\webm-naar-flac\index.html","True","41","0"
"nl","C:\Users\Sipka\Desktop\Converter\languages\nl\converter\flac\webp-naar-flac\index.html","True","41","0"
"nl","C:\Users\Sipka\Desktop\Converter\languages\nl\converter\flac\xlsx-naar-flac\index.html","True","41","0"
"nl","C:\Users\Sipka\Desktop\Converter\languages\nl\converter\flac\zip-naar-flac\index.html","True","41","0"
"nl","C:\Users\Sipka\Desktop\Converter\languages\nl\converter\gif\7z-naar-gif\index.html","True","41","0"
"nl","C:\Users\Sipka\Desktop\Converter\languages\nl\converter\gif\aac-naar-gif\index.html","True","41","0"
"nl","C:\Users\Sipka\Desktop\Converter\languages\nl\converter\gif\aiff-naar-gif\index.html","True","41","0"
"nl","C:\Users\Sipka\Desktop\Converter\languages\nl\converter\gif\bmp-naar-gif\index.html","True","41","0"
"nl","C:\Users\Sipka\Desktop\Converter\languages\nl\converter\gif\csv-naar-gif\index.html","True","41","0"
"nl","C:\Users\Sipka\Desktop\Converter\languages\nl\converter\gif\docx-naar-gif\index.html","True","41","0"
"nl","C:\Users\Sipka\Desktop\Converter\languages\nl\converter\gif\flac-naar-gif\index.html","True","41","0"
"nl","C:\Users\Sipka\Desktop\Converter\languages\nl\converter\gif\html-naar-gif\index.html","True","41","0"
"nl","C:\Users\Sipka\Desktop\Converter\languages\nl\converter\gif\jpeg-naar-gif\index.html","True","41","0"
"nl","C:\Users\Sipka\Desktop\Converter\languages\nl\converter\gif\jpg-naar-gif\index.html","True","41","0"
"nl","C:\Users\Sipka\Desktop\Converter\languages\nl\converter\gif\json-naar-gif\index.html","True","41","0"
"nl","C:\Users\Sipka\Desktop\Converter\languages\nl\converter\gif\jsonl-naar-gif\index.html","True","41","0"
"nl","C:\Users\Sipka\Desktop\Converter\languages\nl\converter\gif\m4a-naar-gif\index.html","True","41","0"
"nl","C:\Users\Sipka\Desktop\Converter\languages\nl\converter\gif\m4v-naar-gif\index.html","True","41","0"
"nl","C:\Users\Sipka\Desktop\Converter\languages\nl\converter\gif\md-naar-gif\index.html","True","41","0"
"nl","C:\Users\Sipka\Desktop\Converter\languages\nl\converter\gif\mkv-naar-gif\index.html","True","41","0"
"nl","C:\Users\Sipka\Desktop\Converter\languages\nl\converter\gif\mov-naar-gif\index.html","True","41","0"
"nl","C:\Users\Sipka\Desktop\Converter\languages\nl\converter\gif\mp3-naar-gif\index.html","True","41","0"
"nl","C:\Users\Sipka\Desktop\Converter\languages\nl\converter\gif\mp4-naar-gif\index.html","True","41","0"
"nl","C:\Users\Sipka\Desktop\Converter\languages\nl\converter\gif\ogg-naar-gif\index.html","True","41","0"
"nl","C:\Users\Sipka\Desktop\Converter\languages\nl\converter\gif\opus-naar-gif\index.html","True","41","0"
"nl","C:\Users\Sipka\Desktop\Converter\languages\nl\converter\gif\pdf-naar-gif\index.html","True","41","0"
"nl","C:\Users\Sipka\Desktop\Converter\languages\nl\converter\gif\png-naar-gif\index.html","True","41","0"
"nl","C:\Users\Sipka\Desktop\Converter\languages\nl\converter\gif\pptx-naar-gif\index.html","True","41","0"
"nl","C:\Users\Sipka\Desktop\Converter\languages\nl\converter\gif\rar-naar-gif\index.html","True","41","0"
"nl","C:\Users\Sipka\Desktop\Converter\languages\nl\converter\gif\rtf-naar-gif\index.html","True","41","0"
"nl","C:\Users\Sipka\Desktop\Converter\languages\nl\converter\gif\svg-naar-gif\index.html","True","41","0"
"nl","C:\Users\Sipka\Desktop\Converter\languages\nl\converter\gif\tar-naar-gif\index.html","True","41","0"
"nl","C:\Users\Sipka\Desktop\Converter\languages\nl\converter\gif\tar.bz2-naar-gif\index.html","True","41","0"
"nl","C:\Users\Sipka\Desktop\Converter\languages\nl\converter\gif\tar.gz-naar-gif\index.html","True","41","0"
"nl","C:\Users\Sipka\Desktop\Converter\languages\nl\converter\gif\tar.xz-naar-gif\index.html","True","41","0"
"nl","C:\Users\Sipka\Desktop\Converter\languages\nl\converter\gif\tbz-naar-gif\index.html","True","41","0"
"nl","C:\Users\Sipka\Desktop\Converter\languages\nl\converter\gif\tgz-naar-gif\index.html","True","41","0"
"nl","C:\Users\Sipka\Desktop\Converter\languages\nl\converter\gif\tiff-naar-gif\index.html","True","41","0"
"nl","C:\Users\Sipka\Desktop\Converter\languages\nl\converter\gif\tsv-naar-gif\index.html","True","41","0"
"nl","C:\Users\Sipka\Desktop\Converter\languages\nl\converter\gif\txt-naar-gif\index.html","True","41","0"
"nl","C:\Users\Sipka\Desktop\Converter\languages\nl\converter\gif\txz-naar-gif\index.html","True","41","0"
"nl","C:\Users\Sipka\Desktop\Converter\languages\nl\converter\gif\wav-naar-gif\index.html","True","41","0"
"nl","C:\Users\Sipka\Desktop\Converter\languages\nl\converter\gif\webm-naar-gif\index.html","True","41","0"
"nl","C:\Users\Sipka\Desktop\Converter\languages\nl\converter\gif\webp-naar-gif\index.html","True","41","0"
"nl","C:\Users\Sipka\Desktop\Converter\languages\nl\converter\gif\xlsx-naar-gif\index.html","True","41","0"
"nl","C:\Users\Sipka\Desktop\Converter\languages\nl\converter\gif\zip-naar-gif\index.html","True","41","0"
"nl","C:\Users\Sipka\Desktop\Converter\languages\nl\converter\html\7z-naar-html\index.html","True","41","0"
"nl","C:\Users\Sipka\Desktop\Converter\languages\nl\converter\html\aac-naar-html\index.html","True","41","0"
"nl","C:\Users\Sipka\Desktop\Converter\languages\nl\converter\html\aiff-naar-html\index.html","True","41","0"
"nl","C:\Users\Sipka\Desktop\Converter\languages\nl\converter\html\bmp-naar-html\index.html","True","41","0"
"nl","C:\Users\Sipka\Desktop\Converter\languages\nl\converter\html\csv-naar-html\index.html","True","41","0"
"nl","C:\Users\Sipka\Desktop\Converter\languages\nl\converter\html\docx-naar-html\index.html","True","41","0"
"nl","C:\Users\Sipka\Desktop\Converter\languages\nl\converter\html\flac-naar-html\index.html","True","41","0"
"nl","C:\Users\Sipka\Desktop\Converter\languages\nl\converter\html\gif-naar-html\index.html","True","41","0"
"nl","C:\Users\Sipka\Desktop\Converter\languages\nl\converter\html\jpeg-naar-html\index.html","True","41","0"
"nl","C:\Users\Sipka\Desktop\Converter\languages\nl\converter\html\jpg-naar-html\index.html","True","41","0"
"nl","C:\Users\Sipka\Desktop\Converter\languages\nl\converter\html\json-naar-html\index.html","True","41","0"
"nl","C:\Users\Sipka\Desktop\Converter\languages\nl\converter\html\jsonl-naar-html\index.html","True","41","0"
"nl","C:\Users\Sipka\Desktop\Converter\languages\nl\converter\html\m4a-naar-html\index.html","True","41","0"
"nl","C:\Users\Sipka\Desktop\Converter\languages\nl\converter\html\m4v-naar-html\index.html","True","41","0"
"nl","C:\Users\Sipka\Desktop\Converter\languages\nl\converter\html\md-naar-html\index.html","True","41","0"
"nl","C:\Users\Sipka\Desktop\Converter\languages\nl\converter\html\mkv-naar-html\index.html","True","41","0"
"nl","C:\Users\Sipka\Desktop\Converter\languages\nl\converter\html\mov-naar-html\index.html","True","41","0"
"nl","C:\Users\Sipka\Desktop\Converter\languages\nl\converter\html\mp3-naar-html\index.html","True","41","0"
"nl","C:\Users\Sipka\Desktop\Converter\languages\nl\converter\html\mp4-naar-html\index.html","True","41","0"
"nl","C:\Users\Sipka\Desktop\Converter\languages\nl\converter\html\ogg-naar-html\index.html","True","41","0"
"nl","C:\Users\Sipka\Desktop\Converter\languages\nl\converter\html\opus-naar-html\index.html","True","41","0"
"nl","C:\Users\Sipka\Desktop\Converter\languages\nl\converter\html\pdf-naar-html\index.html","True","41","0"
"nl","C:\Users\Sipka\Desktop\Converter\languages\nl\converter\html\png-naar-html\index.html","True","41","0"
"nl","C:\Users\Sipka\Desktop\Converter\languages\nl\converter\html\pptx-naar-html\index.html","True","41","0"
"nl","C:\Users\Sipka\Desktop\Converter\languages\nl\converter\html\rar-naar-html\index.html","True","41","0"
"nl","C:\Users\Sipka\Desktop\Converter\languages\nl\converter\html\rtf-naar-html\index.html","True","41","0"
"nl","C:\Users\Sipka\Desktop\Converter\languages\nl\converter\html\svg-naar-html\index.html","True","41","0"
"nl","C:\Users\Sipka\Desktop\Converter\languages\nl\converter\html\tar-naar-html\index.html","True","41","0"
"nl","C:\Users\Sipka\Desktop\Converter\languages\nl\converter\html\tar.bz2-naar-html\index.html","True","41","0"
"nl","C:\Users\Sipka\Desktop\Converter\languages\nl\converter\html\tar.gz-naar-html\index.html","True","41","0"
"nl","C:\Users\Sipka\Desktop\Converter\languages\nl\converter\html\tar.xz-naar-html\index.html","True","41","0"
"nl","C:\Users\Sipka\Desktop\Converter\languages\nl\converter\html\tbz-naar-html\index.html","True","41","0"
"nl","C:\Users\Sipka\Desktop\Converter\languages\nl\converter\html\tgz-naar-html\index.html","True","41","0"
"nl","C:\Users\Sipka\Desktop\Converter\languages\nl\converter\html\tiff-naar-html\index.html","True","41","0"
"nl","C:\Users\Sipka\Desktop\Converter\languages\nl\converter\html\tsv-naar-html\index.html","True","41","0"
"nl","C:\Users\Sipka\Desktop\Converter\languages\nl\converter\html\txt-naar-html\index.html","True","41","0"
"nl","C:\Users\Sipka\Desktop\Converter\languages\nl\converter\html\txz-naar-html\index.html","True","41","0"
"nl","C:\Users\Sipka\Desktop\Converter\languages\nl\converter\html\wav-naar-html\index.html","True","41","0"
"nl","C:\Users\Sipka\Desktop\Converter\languages\nl\converter\html\webm-naar-html\index.html","True","41","0"
"nl","C:\Users\Sipka\Desktop\Converter\languages\nl\converter\html\webp-naar-html\index.html","True","41","0"
"nl","C:\Users\Sipka\Desktop\Converter\languages\nl\converter\html\xlsx-naar-html\index.html","True","41","0"
"nl","C:\Users\Sipka\Desktop\Converter\languages\nl\converter\html\zip-naar-html\index.html","True","41","0"
"nl","C:\Users\Sipka\Desktop\Converter\languages\nl\converter\jpeg\7z-naar-jpeg\index.html","True","41","0"
"nl","C:\Users\Sipka\Desktop\Converter\languages\nl\converter\jpeg\aac-naar-jpeg\index.html","True","41","0"
"nl","C:\Users\Sipka\Desktop\Converter\languages\nl\converter\jpeg\aiff-naar-jpeg\index.html","True","41","0"
"nl","C:\Users\Sipka\Desktop\Converter\languages\nl\converter\jpeg\bmp-naar-jpeg\index.html","True","41","0"
"nl","C:\Users\Sipka\Desktop\Converter\languages\nl\converter\jpeg\csv-naar-jpeg\index.html","True","41","0"
"nl","C:\Users\Sipka\Desktop\Converter\languages\nl\converter\jpeg\docx-naar-jpeg\index.html","True","41","0"
"nl","C:\Users\Sipka\Desktop\Converter\languages\nl\converter\jpeg\flac-naar-jpeg\index.html","True","41","0"
"nl","C:\Users\Sipka\Desktop\Converter\languages\nl\converter\jpeg\gif-naar-jpeg\index.html","True","41","0"
"nl","C:\Users\Sipka\Desktop\Converter\languages\nl\converter\jpeg\html-naar-jpeg\index.html","True","41","0"
"nl","C:\Users\Sipka\Desktop\Converter\languages\nl\converter\jpeg\jpg-naar-jpeg\index.html","True","41","0"
"nl","C:\Users\Sipka\Desktop\Converter\languages\nl\converter\jpeg\json-naar-jpeg\index.html","True","41","0"
"nl","C:\Users\Sipka\Desktop\Converter\languages\nl\converter\jpeg\jsonl-naar-jpeg\index.html","True","41","0"
"nl","C:\Users\Sipka\Desktop\Converter\languages\nl\converter\jpeg\m4a-naar-jpeg\index.html","True","41","0"
"nl","C:\Users\Sipka\Desktop\Converter\languages\nl\converter\jpeg\m4v-naar-jpeg\index.html","True","41","0"
"nl","C:\Users\Sipka\Desktop\Converter\languages\nl\converter\jpeg\md-naar-jpeg\index.html","True","41","0"
"nl","C:\Users\Sipka\Desktop\Converter\languages\nl\converter\jpeg\mkv-naar-jpeg\index.html","True","41","0"
"nl","C:\Users\Sipka\Desktop\Converter\languages\nl\converter\jpeg\mov-naar-jpeg\index.html","True","41","0"
"nl","C:\Users\Sipka\Desktop\Converter\languages\nl\converter\jpeg\mp3-naar-jpeg\index.html","True","41","0"
"nl","C:\Users\Sipka\Desktop\Converter\languages\nl\converter\jpeg\mp4-naar-jpeg\index.html","True","41","0"
"nl","C:\Users\Sipka\Desktop\Converter\languages\nl\converter\jpeg\ogg-naar-jpeg\index.html","True","41","0"
"nl","C:\Users\Sipka\Desktop\Converter\languages\nl\converter\jpeg\opus-naar-jpeg\index.html","True","41","0"
"nl","C:\Users\Sipka\Desktop\Converter\languages\nl\converter\jpeg\pdf-naar-jpeg\index.html","True","41","0"
"nl","C:\Users\Sipka\Desktop\Converter\languages\nl\converter\jpeg\png-naar-jpeg\index.html","True","41","0"
"nl","C:\Users\Sipka\Desktop\Converter\languages\nl\converter\jpeg\pptx-naar-jpeg\index.html","True","41","0"
"nl","C:\Users\Sipka\Desktop\Converter\languages\nl\converter\jpeg\rar-naar-jpeg\index.html","True","41","0"
"nl","C:\Users\Sipka\Desktop\Converter\languages\nl\converter\jpeg\rtf-naar-jpeg\index.html","True","41","0"
"nl","C:\Users\Sipka\Desktop\Converter\languages\nl\converter\jpeg\svg-naar-jpeg\index.html","True","41","0"
"nl","C:\Users\Sipka\Desktop\Converter\languages\nl\converter\jpeg\tar-naar-jpeg\index.html","True","41","0"
"nl","C:\Users\Sipka\Desktop\Converter\languages\nl\converter\jpeg\tar.bz2-naar-jpeg\index.html","True","41","0"
"nl","C:\Users\Sipka\Desktop\Converter\languages\nl\converter\jpeg\tar.gz-naar-jpeg\index.html","True","41","0"
"nl","C:\Users\Sipka\Desktop\Converter\languages\nl\converter\jpeg\tar.xz-naar-jpeg\index.html","True","41","0"
"nl","C:\Users\Sipka\Desktop\Converter\languages\nl\converter\jpeg\tbz-naar-jpeg\index.html","True","41","0"
"nl","C:\Users\Sipka\Desktop\Converter\languages\nl\converter\jpeg\tgz-naar-jpeg\index.html","True","41","0"
"nl","C:\Users\Sipka\Desktop\Converter\languages\nl\converter\jpeg\tiff-naar-jpeg\index.html","True","41","0"
"nl","C:\Users\Sipka\Desktop\Converter\languages\nl\converter\jpeg\tsv-naar-jpeg\index.html","True","41","0"
"nl","C:\Users\Sipka\Desktop\Converter\languages\nl\converter\jpeg\txt-naar-jpeg\index.html","True","41","0"
"nl","C:\Users\Sipka\Desktop\Converter\languages\nl\converter\jpeg\txz-naar-jpeg\index.html","True","41","0"
"nl","C:\Users\Sipka\Desktop\Converter\languages\nl\converter\jpeg\wav-naar-jpeg\index.html","True","41","0"
"nl","C:\Users\Sipka\Desktop\Converter\languages\nl\converter\jpeg\webm-naar-jpeg\index.html","True","41","0"
"nl","C:\Users\Sipka\Desktop\Converter\languages\nl\converter\jpeg\webp-naar-jpeg\index.html","True","41","0"
"nl","C:\Users\Sipka\Desktop\Converter\languages\nl\converter\jpeg\xlsx-naar-jpeg\index.html","True","41","0"
"nl","C:\Users\Sipka\Desktop\Converter\languages\nl\converter\jpeg\zip-naar-jpeg\index.html","True","41","0"
"nl","C:\Users\Sipka\Desktop\Converter\languages\nl\converter\jpg\7z-naar-jpg\index.html","True","41","0"
"nl","C:\Users\Sipka\Desktop\Converter\languages\nl\converter\jpg\aac-naar-jpg\index.html","True","41","0"
"nl","C:\Users\Sipka\Desktop\Converter\languages\nl\converter\jpg\aiff-naar-jpg\index.html","True","41","0"
"nl","C:\Users\Sipka\Desktop\Converter\languages\nl\converter\jpg\bmp-naar-jpg\index.html","True","41","0"
"nl","C:\Users\Sipka\Desktop\Converter\languages\nl\converter\jpg\csv-naar-jpg\index.html","True","41","0"
"nl","C:\Users\Sipka\Desktop\Converter\languages\nl\converter\jpg\docx-naar-jpg\index.html","True","41","0"
"nl","C:\Users\Sipka\Desktop\Converter\languages\nl\converter\jpg\flac-naar-jpg\index.html","True","41","0"
"nl","C:\Users\Sipka\Desktop\Converter\languages\nl\converter\jpg\gif-naar-jpg\index.html","True","41","0"
"nl","C:\Users\Sipka\Desktop\Converter\languages\nl\converter\jpg\html-naar-jpg\index.html","True","41","0"
"nl","C:\Users\Sipka\Desktop\Converter\languages\nl\converter\jpg\jpeg-naar-jpg\index.html","True","41","0"
"nl","C:\Users\Sipka\Desktop\Converter\languages\nl\converter\jpg\json-naar-jpg\index.html","True","41","0"
"nl","C:\Users\Sipka\Desktop\Converter\languages\nl\converter\jpg\jsonl-naar-jpg\index.html","True","41","0"
"nl","C:\Users\Sipka\Desktop\Converter\languages\nl\converter\jpg\m4a-naar-jpg\index.html","True","41","0"
"nl","C:\Users\Sipka\Desktop\Converter\languages\nl\converter\jpg\m4v-naar-jpg\index.html","True","41","0"
"nl","C:\Users\Sipka\Desktop\Converter\languages\nl\converter\jpg\md-naar-jpg\index.html","True","41","0"
"nl","C:\Users\Sipka\Desktop\Converter\languages\nl\converter\jpg\mkv-naar-jpg\index.html","True","41","0"
"nl","C:\Users\Sipka\Desktop\Converter\languages\nl\converter\jpg\mov-naar-jpg\index.html","True","41","0"
"nl","C:\Users\Sipka\Desktop\Converter\languages\nl\converter\jpg\mp3-naar-jpg\index.html","True","41","0"
"nl","C:\Users\Sipka\Desktop\Converter\languages\nl\converter\jpg\mp4-naar-jpg\index.html","True","41","0"
"nl","C:\Users\Sipka\Desktop\Converter\languages\nl\converter\jpg\ogg-naar-jpg\index.html","True","41","0"
"nl","C:\Users\Sipka\Desktop\Converter\languages\nl\converter\jpg\opus-naar-jpg\index.html","True","41","0"
"nl","C:\Users\Sipka\Desktop\Converter\languages\nl\converter\jpg\pdf-naar-jpg\index.html","True","41","0"
"nl","C:\Users\Sipka\Desktop\Converter\languages\nl\converter\jpg\png-naar-jpg\index.html","True","41","0"
"nl","C:\Users\Sipka\Desktop\Converter\languages\nl\converter\jpg\pptx-naar-jpg\index.html","True","41","0"
"nl","C:\Users\Sipka\Desktop\Converter\languages\nl\converter\jpg\rar-naar-jpg\index.html","True","41","0"
"nl","C:\Users\Sipka\Desktop\Converter\languages\nl\converter\jpg\rtf-naar-jpg\index.html","True","41","0"
"nl","C:\Users\Sipka\Desktop\Converter\languages\nl\converter\jpg\svg-naar-jpg\index.html","True","41","0"
"nl","C:\Users\Sipka\Desktop\Converter\languages\nl\converter\jpg\tar-naar-jpg\index.html","True","41","0"
"nl","C:\Users\Sipka\Desktop\Converter\languages\nl\converter\jpg\tar.bz2-naar-jpg\index.html","True","41","0"
"nl","C:\Users\Sipka\Desktop\Converter\languages\nl\converter\jpg\tar.gz-naar-jpg\index.html","True","41","0"
"nl","C:\Users\Sipka\Desktop\Converter\languages\nl\converter\jpg\tar.xz-naar-jpg\index.html","True","41","0"
"nl","C:\Users\Sipka\Desktop\Converter\languages\nl\converter\jpg\tbz-naar-jpg\index.html","True","41","0"
"nl","C:\Users\Sipka\Desktop\Converter\languages\nl\converter\jpg\tgz-naar-jpg\index.html","True","41","0"
"nl","C:\Users\Sipka\Desktop\Converter\languages\nl\converter\jpg\tiff-naar-jpg\index.html","True","41","0"
"nl","C:\Users\Sipka\Desktop\Converter\languages\nl\converter\jpg\tsv-naar-jpg\index.html","True","41","0"
"nl","C:\Users\Sipka\Desktop\Converter\languages\nl\converter\jpg\txt-naar-jpg\index.html","True","41","0"
"nl","C:\Users\Sipka\Desktop\Converter\languages\nl\converter\jpg\txz-naar-jpg\index.html","True","41","0"
"nl","C:\Users\Sipka\Desktop\Converter\languages\nl\converter\jpg\wav-naar-jpg\index.html","True","41","0"
"nl","C:\Users\Sipka\Desktop\Converter\languages\nl\converter\jpg\webm-naar-jpg\index.html","True","41","0"
"nl","C:\Users\Sipka\Desktop\Converter\languages\nl\converter\jpg\webp-naar-jpg\index.html","True","41","0"
"nl","C:\Users\Sipka\Desktop\Converter\languages\nl\converter\jpg\xlsx-naar-jpg\index.html","True","41","0"
"nl","C:\Users\Sipka\Desktop\Converter\languages\nl\converter\jpg\zip-naar-jpg\index.html","True","41","0"
"nl","C:\Users\Sipka\Desktop\Converter\languages\nl\converter\json\7z-naar-json\index.html","True","41","0"
"nl","C:\Users\Sipka\Desktop\Converter\languages\nl\converter\json\aac-naar-json\index.html","True","41","0"
"nl","C:\Users\Sipka\Desktop\Converter\languages\nl\converter\json\aiff-naar-json\index.html","True","41","0"
"nl","C:\Users\Sipka\Desktop\Converter\languages\nl\converter\json\bmp-naar-json\index.html","True","41","0"
"nl","C:\Users\Sipka\Desktop\Converter\languages\nl\converter\json\csv-naar-json\index.html","True","41","0"
"nl","C:\Users\Sipka\Desktop\Converter\languages\nl\converter\json\docx-naar-json\index.html","True","41","0"
"nl","C:\Users\Sipka\Desktop\Converter\languages\nl\converter\json\flac-naar-json\index.html","True","41","0"
"nl","C:\Users\Sipka\Desktop\Converter\languages\nl\converter\json\gif-naar-json\index.html","True","41","0"
"nl","C:\Users\Sipka\Desktop\Converter\languages\nl\converter\json\html-naar-json\index.html","True","41","0"
"nl","C:\Users\Sipka\Desktop\Converter\languages\nl\converter\json\jpeg-naar-json\index.html","True","41","0"
"nl","C:\Users\Sipka\Desktop\Converter\languages\nl\converter\json\jpg-naar-json\index.html","True","41","0"
"nl","C:\Users\Sipka\Desktop\Converter\languages\nl\converter\json\jsonl-naar-json\index.html","True","41","0"
"nl","C:\Users\Sipka\Desktop\Converter\languages\nl\converter\json\m4a-naar-json\index.html","True","41","0"
"nl","C:\Users\Sipka\Desktop\Converter\languages\nl\converter\json\m4v-naar-json\index.html","True","41","0"
"nl","C:\Users\Sipka\Desktop\Converter\languages\nl\converter\json\md-naar-json\index.html","True","41","0"
"nl","C:\Users\Sipka\Desktop\Converter\languages\nl\converter\json\mkv-naar-json\index.html","True","41","0"
"nl","C:\Users\Sipka\Desktop\Converter\languages\nl\converter\json\mov-naar-json\index.html","True","41","0"
"nl","C:\Users\Sipka\Desktop\Converter\languages\nl\converter\json\mp3-naar-json\index.html","True","41","0"
"nl","C:\Users\Sipka\Desktop\Converter\languages\nl\converter\json\mp4-naar-json\index.html","True","41","0"
"nl","C:\Users\Sipka\Desktop\Converter\languages\nl\converter\json\ogg-naar-json\index.html","True","41","0"
"nl","C:\Users\Sipka\Desktop\Converter\languages\nl\converter\json\opus-naar-json\index.html","True","41","0"
"nl","C:\Users\Sipka\Desktop\Converter\languages\nl\converter\json\pdf-naar-json\index.html","True","41","0"
"nl","C:\Users\Sipka\Desktop\Converter\languages\nl\converter\json\png-naar-json\index.html","True","41","0"
"nl","C:\Users\Sipka\Desktop\Converter\languages\nl\converter\json\pptx-naar-json\index.html","True","41","0"
"nl","C:\Users\Sipka\Desktop\Converter\languages\nl\converter\json\rar-naar-json\index.html","True","41","0"
"nl","C:\Users\Sipka\Desktop\Converter\languages\nl\converter\json\rtf-naar-json\index.html","True","41","0"
"nl","C:\Users\Sipka\Desktop\Converter\languages\nl\converter\json\svg-naar-json\index.html","True","41","0"
"nl","C:\Users\Sipka\Desktop\Converter\languages\nl\converter\json\tar-naar-json\index.html","True","41","0"
"nl","C:\Users\Sipka\Desktop\Converter\languages\nl\converter\json\tar.bz2-naar-json\index.html","True","41","0"
"nl","C:\Users\Sipka\Desktop\Converter\languages\nl\converter\json\tar.gz-naar-json\index.html","True","41","0"
"nl","C:\Users\Sipka\Desktop\Converter\languages\nl\converter\json\tar.xz-naar-json\index.html","True","41","0"
"nl","C:\Users\Sipka\Desktop\Converter\languages\nl\converter\json\tbz-naar-json\index.html","True","41","0"
"nl","C:\Users\Sipka\Desktop\Converter\languages\nl\converter\json\tgz-naar-json\index.html","True","41","0"
"nl","C:\Users\Sipka\Desktop\Converter\languages\nl\converter\json\tiff-naar-json\index.html","True","41","0"
"nl","C:\Users\Sipka\Desktop\Converter\languages\nl\converter\json\tsv-naar-json\index.html","True","41","0"
"nl","C:\Users\Sipka\Desktop\Converter\languages\nl\converter\json\txt-naar-json\index.html","True","41","0"
"nl","C:\Users\Sipka\Desktop\Converter\languages\nl\converter\json\txz-naar-json\index.html","True","41","0"
"nl","C:\Users\Sipka\Desktop\Converter\languages\nl\converter\json\wav-naar-json\index.html","True","41","0"
"nl","C:\Users\Sipka\Desktop\Converter\languages\nl\converter\json\webm-naar-json\index.html","True","41","0"
"nl","C:\Users\Sipka\Desktop\Converter\languages\nl\converter\json\webp-naar-json\index.html","True","41","0"
"nl","C:\Users\Sipka\Desktop\Converter\languages\nl\converter\json\xlsx-naar-json\index.html","True","41","0"
"nl","C:\Users\Sipka\Desktop\Converter\languages\nl\converter\json\zip-naar-json\index.html","True","41","0"
"nl","C:\Users\Sipka\Desktop\Converter\languages\nl\converter\jsonl\7z-naar-jsonl\index.html","True","41","0"
"nl","C:\Users\Sipka\Desktop\Converter\languages\nl\converter\jsonl\aac-naar-jsonl\index.html","True","41","0"
"nl","C:\Users\Sipka\Desktop\Converter\languages\nl\converter\jsonl\aiff-naar-jsonl\index.html","True","41","0"
"nl","C:\Users\Sipka\Desktop\Converter\languages\nl\converter\jsonl\bmp-naar-jsonl\index.html","True","41","0"
"nl","C:\Users\Sipka\Desktop\Converter\languages\nl\converter\jsonl\csv-naar-jsonl\index.html","True","41","0"
"nl","C:\Users\Sipka\Desktop\Converter\languages\nl\converter\jsonl\docx-naar-jsonl\index.html","True","41","0"
"nl","C:\Users\Sipka\Desktop\Converter\languages\nl\converter\jsonl\flac-naar-jsonl\index.html","True","41","0"
"nl","C:\Users\Sipka\Desktop\Converter\languages\nl\converter\jsonl\gif-naar-jsonl\index.html","True","41","0"
"nl","C:\Users\Sipka\Desktop\Converter\languages\nl\converter\jsonl\html-naar-jsonl\index.html","True","41","0"
"nl","C:\Users\Sipka\Desktop\Converter\languages\nl\converter\jsonl\jpeg-naar-jsonl\index.html","True","41","0"
"nl","C:\Users\Sipka\Desktop\Converter\languages\nl\converter\jsonl\jpg-naar-jsonl\index.html","True","41","0"
"nl","C:\Users\Sipka\Desktop\Converter\languages\nl\converter\jsonl\json-naar-jsonl\index.html","True","41","0"
"nl","C:\Users\Sipka\Desktop\Converter\languages\nl\converter\jsonl\m4a-naar-jsonl\index.html","True","41","0"
"nl","C:\Users\Sipka\Desktop\Converter\languages\nl\converter\jsonl\m4v-naar-jsonl\index.html","True","41","0"
"nl","C:\Users\Sipka\Desktop\Converter\languages\nl\converter\jsonl\md-naar-jsonl\index.html","True","41","0"
"nl","C:\Users\Sipka\Desktop\Converter\languages\nl\converter\jsonl\mkv-naar-jsonl\index.html","True","41","0"
"nl","C:\Users\Sipka\Desktop\Converter\languages\nl\converter\jsonl\mov-naar-jsonl\index.html","True","41","0"
"nl","C:\Users\Sipka\Desktop\Converter\languages\nl\converter\jsonl\mp3-naar-jsonl\index.html","True","41","0"
"nl","C:\Users\Sipka\Desktop\Converter\languages\nl\converter\jsonl\mp4-naar-jsonl\index.html","True","41","0"
"nl","C:\Users\Sipka\Desktop\Converter\languages\nl\converter\jsonl\ogg-naar-jsonl\index.html","True","41","0"
"nl","C:\Users\Sipka\Desktop\Converter\languages\nl\converter\jsonl\opus-naar-jsonl\index.html","True","41","0"
"nl","C:\Users\Sipka\Desktop\Converter\languages\nl\converter\jsonl\pdf-naar-jsonl\index.html","True","41","0"
"nl","C:\Users\Sipka\Desktop\Converter\languages\nl\converter\jsonl\png-naar-jsonl\index.html","True","41","0"
"nl","C:\Users\Sipka\Desktop\Converter\languages\nl\converter\jsonl\pptx-naar-jsonl\index.html","True","41","0"
"nl","C:\Users\Sipka\Desktop\Converter\languages\nl\converter\jsonl\rar-naar-jsonl\index.html","True","41","0"
"nl","C:\Users\Sipka\Desktop\Converter\languages\nl\converter\jsonl\rtf-naar-jsonl\index.html","True","41","0"
"nl","C:\Users\Sipka\Desktop\Converter\languages\nl\converter\jsonl\svg-naar-jsonl\index.html","True","41","0"
"nl","C:\Users\Sipka\Desktop\Converter\languages\nl\converter\jsonl\tar-naar-jsonl\index.html","True","41","0"
"nl","C:\Users\Sipka\Desktop\Converter\languages\nl\converter\jsonl\tar.bz2-naar-jsonl\index.html","True","41","0"
"nl","C:\Users\Sipka\Desktop\Converter\languages\nl\converter\jsonl\tar.gz-naar-jsonl\index.html","True","41","0"
"nl","C:\Users\Sipka\Desktop\Converter\languages\nl\converter\jsonl\tar.xz-naar-jsonl\index.html","True","41","0"
"nl","C:\Users\Sipka\Desktop\Converter\languages\nl\converter\jsonl\tbz-naar-jsonl\index.html","True","41","0"
"nl","C:\Users\Sipka\Desktop\Converter\languages\nl\converter\jsonl\tgz-naar-jsonl\index.html","True","41","0"
"nl","C:\Users\Sipka\Desktop\Converter\languages\nl\converter\jsonl\tiff-naar-jsonl\index.html","True","41","0"
"nl","C:\Users\Sipka\Desktop\Converter\languages\nl\converter\jsonl\tsv-naar-jsonl\index.html","True","41","0"
"nl","C:\Users\Sipka\Desktop\Converter\languages\nl\converter\jsonl\txt-naar-jsonl\index.html","True","41","0"
"nl","C:\Users\Sipka\Desktop\Converter\languages\nl\converter\jsonl\txz-naar-jsonl\index.html","True","41","0"
"nl","C:\Users\Sipka\Desktop\Converter\languages\nl\converter\jsonl\wav-naar-jsonl\index.html","True","41","0"
"nl","C:\Users\Sipka\Desktop\Converter\languages\nl\converter\jsonl\webm-naar-jsonl\index.html","True","41","0"
"nl","C:\Users\Sipka\Desktop\Converter\languages\nl\converter\jsonl\webp-naar-jsonl\index.html","True","41","0"
"nl","C:\Users\Sipka\Desktop\Converter\languages\nl\converter\jsonl\xlsx-naar-jsonl\index.html","True","41","0"
"nl","C:\Users\Sipka\Desktop\Converter\languages\nl\converter\jsonl\zip-naar-jsonl\index.html","True","41","0"
"nl","C:\Users\Sipka\Desktop\Converter\languages\nl\converter\m4a\7z-naar-m4a\index.html","True","41","0"
"nl","C:\Users\Sipka\Desktop\Converter\languages\nl\converter\m4a\aac-naar-m4a\index.html","True","41","0"
"nl","C:\Users\Sipka\Desktop\Converter\languages\nl\converter\m4a\aiff-naar-m4a\index.html","True","41","0"
"nl","C:\Users\Sipka\Desktop\Converter\languages\nl\converter\m4a\bmp-naar-m4a\index.html","True","41","0"
"nl","C:\Users\Sipka\Desktop\Converter\languages\nl\converter\m4a\csv-naar-m4a\index.html","True","41","0"
"nl","C:\Users\Sipka\Desktop\Converter\languages\nl\converter\m4a\docx-naar-m4a\index.html","True","41","0"
"nl","C:\Users\Sipka\Desktop\Converter\languages\nl\converter\m4a\flac-naar-m4a\index.html","True","41","0"
"nl","C:\Users\Sipka\Desktop\Converter\languages\nl\converter\m4a\gif-naar-m4a\index.html","True","41","0"
"nl","C:\Users\Sipka\Desktop\Converter\languages\nl\converter\m4a\html-naar-m4a\index.html","True","41","0"
"nl","C:\Users\Sipka\Desktop\Converter\languages\nl\converter\m4a\jpeg-naar-m4a\index.html","True","41","0"
"nl","C:\Users\Sipka\Desktop\Converter\languages\nl\converter\m4a\jpg-naar-m4a\index.html","True","41","0"
"nl","C:\Users\Sipka\Desktop\Converter\languages\nl\converter\m4a\json-naar-m4a\index.html","True","41","0"
"nl","C:\Users\Sipka\Desktop\Converter\languages\nl\converter\m4a\jsonl-naar-m4a\index.html","True","41","0"
"nl","C:\Users\Sipka\Desktop\Converter\languages\nl\converter\m4a\m4v-naar-m4a\index.html","True","41","0"
"nl","C:\Users\Sipka\Desktop\Converter\languages\nl\converter\m4a\md-naar-m4a\index.html","True","41","0"
"nl","C:\Users\Sipka\Desktop\Converter\languages\nl\converter\m4a\mkv-naar-m4a\index.html","True","41","0"
"nl","C:\Users\Sipka\Desktop\Converter\languages\nl\converter\m4a\mov-naar-m4a\index.html","True","41","0"
"nl","C:\Users\Sipka\Desktop\Converter\languages\nl\converter\m4a\mp3-naar-m4a\index.html","True","41","0"
"nl","C:\Users\Sipka\Desktop\Converter\languages\nl\converter\m4a\mp4-naar-m4a\index.html","True","41","0"
"nl","C:\Users\Sipka\Desktop\Converter\languages\nl\converter\m4a\ogg-naar-m4a\index.html","True","41","0"
"nl","C:\Users\Sipka\Desktop\Converter\languages\nl\converter\m4a\opus-naar-m4a\index.html","True","41","0"
"nl","C:\Users\Sipka\Desktop\Converter\languages\nl\converter\m4a\pdf-naar-m4a\index.html","True","41","0"
"nl","C:\Users\Sipka\Desktop\Converter\languages\nl\converter\m4a\png-naar-m4a\index.html","True","41","0"
"nl","C:\Users\Sipka\Desktop\Converter\languages\nl\converter\m4a\pptx-naar-m4a\index.html","True","41","0"
"nl","C:\Users\Sipka\Desktop\Converter\languages\nl\converter\m4a\rar-naar-m4a\index.html","True","41","0"
"nl","C:\Users\Sipka\Desktop\Converter\languages\nl\converter\m4a\rtf-naar-m4a\index.html","True","41","0"
"nl","C:\Users\Sipka\Desktop\Converter\languages\nl\converter\m4a\svg-naar-m4a\index.html","True","41","0"
"nl","C:\Users\Sipka\Desktop\Converter\languages\nl\converter\m4a\tar-naar-m4a\index.html","True","41","0"
"nl","C:\Users\Sipka\Desktop\Converter\languages\nl\converter\m4a\tar.bz2-naar-m4a\index.html","True","41","0"
"nl","C:\Users\Sipka\Desktop\Converter\languages\nl\converter\m4a\tar.gz-naar-m4a\index.html","True","41","0"
"nl","C:\Users\Sipka\Desktop\Converter\languages\nl\converter\m4a\tar.xz-naar-m4a\index.html","True","41","0"
"nl","C:\Users\Sipka\Desktop\Converter\languages\nl\converter\m4a\tbz-naar-m4a\index.html","True","41","0"
"nl","C:\Users\Sipka\Desktop\Converter\languages\nl\converter\m4a\tgz-naar-m4a\index.html","True","41","0"
"nl","C:\Users\Sipka\Desktop\Converter\languages\nl\converter\m4a\tiff-naar-m4a\index.html","True","41","0"
"nl","C:\Users\Sipka\Desktop\Converter\languages\nl\converter\m4a\tsv-naar-m4a\index.html","True","41","0"
"nl","C:\Users\Sipka\Desktop\Converter\languages\nl\converter\m4a\txt-naar-m4a\index.html","True","41","0"
"nl","C:\Users\Sipka\Desktop\Converter\languages\nl\converter\m4a\txz-naar-m4a\index.html","True","41","0"
"nl","C:\Users\Sipka\Desktop\Converter\languages\nl\converter\m4a\wav-naar-m4a\index.html","True","41","0"
"nl","C:\Users\Sipka\Desktop\Converter\languages\nl\converter\m4a\webm-naar-m4a\index.html","True","41","0"
"nl","C:\Users\Sipka\Desktop\Converter\languages\nl\converter\m4a\webp-naar-m4a\index.html","True","41","0"
"nl","C:\Users\Sipka\Desktop\Converter\languages\nl\converter\m4a\xlsx-naar-m4a\index.html","True","41","0"
"nl","C:\Users\Sipka\Desktop\Converter\languages\nl\converter\m4a\zip-naar-m4a\index.html","True","41","0"
"nl","C:\Users\Sipka\Desktop\Converter\languages\nl\converter\m4v\7z-naar-m4v\index.html","True","41","0"
"nl","C:\Users\Sipka\Desktop\Converter\languages\nl\converter\m4v\aac-naar-m4v\index.html","True","41","0"
"nl","C:\Users\Sipka\Desktop\Converter\languages\nl\converter\m4v\aiff-naar-m4v\index.html","True","41","0"
"nl","C:\Users\Sipka\Desktop\Converter\languages\nl\converter\m4v\bmp-naar-m4v\index.html","True","41","0"
"nl","C:\Users\Sipka\Desktop\Converter\languages\nl\converter\m4v\csv-naar-m4v\index.html","True","41","0"
"nl","C:\Users\Sipka\Desktop\Converter\languages\nl\converter\m4v\docx-naar-m4v\index.html","True","41","0"
"nl","C:\Users\Sipka\Desktop\Converter\languages\nl\converter\m4v\flac-naar-m4v\index.html","True","41","0"
"nl","C:\Users\Sipka\Desktop\Converter\languages\nl\converter\m4v\gif-naar-m4v\index.html","True","41","0"
"nl","C:\Users\Sipka\Desktop\Converter\languages\nl\converter\m4v\html-naar-m4v\index.html","True","41","0"
"nl","C:\Users\Sipka\Desktop\Converter\languages\nl\converter\m4v\jpeg-naar-m4v\index.html","True","41","0"
"nl","C:\Users\Sipka\Desktop\Converter\languages\nl\converter\m4v\jpg-naar-m4v\index.html","True","41","0"
"nl","C:\Users\Sipka\Desktop\Converter\languages\nl\converter\m4v\json-naar-m4v\index.html","True","41","0"
"nl","C:\Users\Sipka\Desktop\Converter\languages\nl\converter\m4v\jsonl-naar-m4v\index.html","True","41","0"
"nl","C:\Users\Sipka\Desktop\Converter\languages\nl\converter\m4v\m4a-naar-m4v\index.html","True","41","0"
"nl","C:\Users\Sipka\Desktop\Converter\languages\nl\converter\m4v\md-naar-m4v\index.html","True","41","0"
"nl","C:\Users\Sipka\Desktop\Converter\languages\nl\converter\m4v\mkv-naar-m4v\index.html","True","41","0"
"nl","C:\Users\Sipka\Desktop\Converter\languages\nl\converter\m4v\mov-naar-m4v\index.html","True","41","0"
"nl","C:\Users\Sipka\Desktop\Converter\languages\nl\converter\m4v\mp3-naar-m4v\index.html","True","41","0"
"nl","C:\Users\Sipka\Desktop\Converter\languages\nl\converter\m4v\mp4-naar-m4v\index.html","True","41","0"
"nl","C:\Users\Sipka\Desktop\Converter\languages\nl\converter\m4v\ogg-naar-m4v\index.html","True","41","0"
"nl","C:\Users\Sipka\Desktop\Converter\languages\nl\converter\m4v\opus-naar-m4v\index.html","True","41","0"
"nl","C:\Users\Sipka\Desktop\Converter\languages\nl\converter\m4v\pdf-naar-m4v\index.html","True","41","0"
"nl","C:\Users\Sipka\Desktop\Converter\languages\nl\converter\m4v\png-naar-m4v\index.html","True","41","0"
"nl","C:\Users\Sipka\Desktop\Converter\languages\nl\converter\m4v\pptx-naar-m4v\index.html","True","41","0"
"nl","C:\Users\Sipka\Desktop\Converter\languages\nl\converter\m4v\rar-naar-m4v\index.html","True","41","0"
"nl","C:\Users\Sipka\Desktop\Converter\languages\nl\converter\m4v\rtf-naar-m4v\index.html","True","41","0"
"nl","C:\Users\Sipka\Desktop\Converter\languages\nl\converter\m4v\svg-naar-m4v\index.html","True","41","0"
"nl","C:\Users\Sipka\Desktop\Converter\languages\nl\converter\m4v\tar-naar-m4v\index.html","True","41","0"
"nl","C:\Users\Sipka\Desktop\Converter\languages\nl\converter\m4v\tar.bz2-naar-m4v\index.html","True","41","0"
"nl","C:\Users\Sipka\Desktop\Converter\languages\nl\converter\m4v\tar.gz-naar-m4v\index.html","True","41","0"
"nl","C:\Users\Sipka\Desktop\Converter\languages\nl\converter\m4v\tar.xz-naar-m4v\index.html","True","41","0"
"nl","C:\Users\Sipka\Desktop\Converter\languages\nl\converter\m4v\tbz-naar-m4v\index.html","True","41","0"
"nl","C:\Users\Sipka\Desktop\Converter\languages\nl\converter\m4v\tgz-naar-m4v\index.html","True","41","0"
"nl","C:\Users\Sipka\Desktop\Converter\languages\nl\converter\m4v\tiff-naar-m4v\index.html","True","41","0"
"nl","C:\Users\Sipka\Desktop\Converter\languages\nl\converter\m4v\tsv-naar-m4v\index.html","True","41","0"
"nl","C:\Users\Sipka\Desktop\Converter\languages\nl\converter\m4v\txt-naar-m4v\index.html","True","41","0"
"nl","C:\Users\Sipka\Desktop\Converter\languages\nl\converter\m4v\txz-naar-m4v\index.html","True","41","0"
"nl","C:\Users\Sipka\Desktop\Converter\languages\nl\converter\m4v\wav-naar-m4v\index.html","True","41","0"
"nl","C:\Users\Sipka\Desktop\Converter\languages\nl\converter\m4v\webm-naar-m4v\index.html","True","41","0"
"nl","C:\Users\Sipka\Desktop\Converter\languages\nl\converter\m4v\webp-naar-m4v\index.html","True","41","0"
"nl","C:\Users\Sipka\Desktop\Converter\languages\nl\converter\m4v\xlsx-naar-m4v\index.html","True","41","0"
"nl","C:\Users\Sipka\Desktop\Converter\languages\nl\converter\m4v\zip-naar-m4v\index.html","True","41","0"
"nl","C:\Users\Sipka\Desktop\Converter\languages\nl\converter\md\7z-naar-md\index.html","True","41","0"
"nl","C:\Users\Sipka\Desktop\Converter\languages\nl\converter\md\aac-naar-md\index.html","True","41","0"
"nl","C:\Users\Sipka\Desktop\Converter\languages\nl\converter\md\aiff-naar-md\index.html","True","41","0"
"nl","C:\Users\Sipka\Desktop\Converter\languages\nl\converter\md\bmp-naar-md\index.html","True","41","0"
"nl","C:\Users\Sipka\Desktop\Converter\languages\nl\converter\md\csv-naar-md\index.html","True","41","0"
"nl","C:\Users\Sipka\Desktop\Converter\languages\nl\converter\md\docx-naar-md\index.html","True","41","0"
"nl","C:\Users\Sipka\Desktop\Converter\languages\nl\converter\md\flac-naar-md\index.html","True","41","0"
"nl","C:\Users\Sipka\Desktop\Converter\languages\nl\converter\md\gif-naar-md\index.html","True","41","0"
"nl","C:\Users\Sipka\Desktop\Converter\languages\nl\converter\md\html-naar-md\index.html","True","41","0"
"nl","C:\Users\Sipka\Desktop\Converter\languages\nl\converter\md\jpeg-naar-md\index.html","True","41","0"
"nl","C:\Users\Sipka\Desktop\Converter\languages\nl\converter\md\jpg-naar-md\index.html","True","41","0"
"nl","C:\Users\Sipka\Desktop\Converter\languages\nl\converter\md\json-naar-md\index.html","True","41","0"
"nl","C:\Users\Sipka\Desktop\Converter\languages\nl\converter\md\jsonl-naar-md\index.html","True","41","0"
"nl","C:\Users\Sipka\Desktop\Converter\languages\nl\converter\md\m4a-naar-md\index.html","True","41","0"
"nl","C:\Users\Sipka\Desktop\Converter\languages\nl\converter\md\m4v-naar-md\index.html","True","41","0"
"nl","C:\Users\Sipka\Desktop\Converter\languages\nl\converter\md\mkv-naar-md\index.html","True","41","0"
"nl","C:\Users\Sipka\Desktop\Converter\languages\nl\converter\md\mov-naar-md\index.html","True","41","0"
"nl","C:\Users\Sipka\Desktop\Converter\languages\nl\converter\md\mp3-naar-md\index.html","True","41","0"
"nl","C:\Users\Sipka\Desktop\Converter\languages\nl\converter\md\mp4-naar-md\index.html","True","41","0"
"nl","C:\Users\Sipka\Desktop\Converter\languages\nl\converter\md\ogg-naar-md\index.html","True","41","0"
"nl","C:\Users\Sipka\Desktop\Converter\languages\nl\converter\md\opus-naar-md\index.html","True","41","0"
"nl","C:\Users\Sipka\Desktop\Converter\languages\nl\converter\md\pdf-naar-md\index.html","True","41","0"
"nl","C:\Users\Sipka\Desktop\Converter\languages\nl\converter\md\png-naar-md\index.html","True","41","0"
"nl","C:\Users\Sipka\Desktop\Converter\languages\nl\converter\md\pptx-naar-md\index.html","True","41","0"
"nl","C:\Users\Sipka\Desktop\Converter\languages\nl\converter\md\rar-naar-md\index.html","True","41","0"
"nl","C:\Users\Sipka\Desktop\Converter\languages\nl\converter\md\rtf-naar-md\index.html","True","41","0"
"nl","C:\Users\Sipka\Desktop\Converter\languages\nl\converter\md\svg-naar-md\index.html","True","41","0"
"nl","C:\Users\Sipka\Desktop\Converter\languages\nl\converter\md\tar-naar-md\index.html","True","41","0"
"nl","C:\Users\Sipka\Desktop\Converter\languages\nl\converter\md\tar.bz2-naar-md\index.html","True","41","0"
"nl","C:\Users\Sipka\Desktop\Converter\languages\nl\converter\md\tar.gz-naar-md\index.html","True","41","0"
"nl","C:\Users\Sipka\Desktop\Converter\languages\nl\converter\md\tar.xz-naar-md\index.html","True","41","0"
"nl","C:\Users\Sipka\Desktop\Converter\languages\nl\converter\md\tbz-naar-md\index.html","True","41","0"
"nl","C:\Users\Sipka\Desktop\Converter\languages\nl\converter\md\tgz-naar-md\index.html","True","41","0"
"nl","C:\Users\Sipka\Desktop\Converter\languages\nl\converter\md\tiff-naar-md\index.html","True","41","0"
"nl","C:\Users\Sipka\Desktop\Converter\languages\nl\converter\md\tsv-naar-md\index.html","True","41","0"
"nl","C:\Users\Sipka\Desktop\Converter\languages\nl\converter\md\txt-naar-md\index.html","True","41","0"
"nl","C:\Users\Sipka\Desktop\Converter\languages\nl\converter\md\txz-naar-md\index.html","True","41","0"
"nl","C:\Users\Sipka\Desktop\Converter\languages\nl\converter\md\wav-naar-md\index.html","True","41","0"
"nl","C:\Users\Sipka\Desktop\Converter\languages\nl\converter\md\webm-naar-md\index.html","True","41","0"
"nl","C:\Users\Sipka\Desktop\Converter\languages\nl\converter\md\webp-naar-md\index.html","True","41","0"
"nl","C:\Users\Sipka\Desktop\Converter\languages\nl\converter\md\xlsx-naar-md\index.html","True","41","0"
"nl","C:\Users\Sipka\Desktop\Converter\languages\nl\converter\md\zip-naar-md\index.html","True","41","0"
"nl","C:\Users\Sipka\Desktop\Converter\languages\nl\converter\mkv\7z-naar-mkv\index.html","True","41","0"
"nl","C:\Users\Sipka\Desktop\Converter\languages\nl\converter\mkv\aac-naar-mkv\index.html","True","41","0"
"nl","C:\Users\Sipka\Desktop\Converter\languages\nl\converter\mkv\aiff-naar-mkv\index.html","True","41","0"
"nl","C:\Users\Sipka\Desktop\Converter\languages\nl\converter\mkv\bmp-naar-mkv\index.html","True","41","0"
"nl","C:\Users\Sipka\Desktop\Converter\languages\nl\converter\mkv\csv-naar-mkv\index.html","True","41","0"
"nl","C:\Users\Sipka\Desktop\Converter\languages\nl\converter\mkv\docx-naar-mkv\index.html","True","41","0"
"nl","C:\Users\Sipka\Desktop\Converter\languages\nl\converter\mkv\flac-naar-mkv\index.html","True","41","0"
"nl","C:\Users\Sipka\Desktop\Converter\languages\nl\converter\mkv\gif-naar-mkv\index.html","True","41","0"
"nl","C:\Users\Sipka\Desktop\Converter\languages\nl\converter\mkv\html-naar-mkv\index.html","True","41","0"
"nl","C:\Users\Sipka\Desktop\Converter\languages\nl\converter\mkv\jpeg-naar-mkv\index.html","True","41","0"
"nl","C:\Users\Sipka\Desktop\Converter\languages\nl\converter\mkv\jpg-naar-mkv\index.html","True","41","0"
"nl","C:\Users\Sipka\Desktop\Converter\languages\nl\converter\mkv\json-naar-mkv\index.html","True","41","0"
"nl","C:\Users\Sipka\Desktop\Converter\languages\nl\converter\mkv\jsonl-naar-mkv\index.html","True","41","0"
"nl","C:\Users\Sipka\Desktop\Converter\languages\nl\converter\mkv\m4a-naar-mkv\index.html","True","41","0"
"nl","C:\Users\Sipka\Desktop\Converter\languages\nl\converter\mkv\m4v-naar-mkv\index.html","True","41","0"
"nl","C:\Users\Sipka\Desktop\Converter\languages\nl\converter\mkv\md-naar-mkv\index.html","True","41","0"
"nl","C:\Users\Sipka\Desktop\Converter\languages\nl\converter\mkv\mov-naar-mkv\index.html","True","41","0"
"nl","C:\Users\Sipka\Desktop\Converter\languages\nl\converter\mkv\mp3-naar-mkv\index.html","True","41","0"
"nl","C:\Users\Sipka\Desktop\Converter\languages\nl\converter\mkv\mp4-naar-mkv\index.html","True","41","0"
"nl","C:\Users\Sipka\Desktop\Converter\languages\nl\converter\mkv\ogg-naar-mkv\index.html","True","41","0"
"nl","C:\Users\Sipka\Desktop\Converter\languages\nl\converter\mkv\opus-naar-mkv\index.html","True","41","0"
"nl","C:\Users\Sipka\Desktop\Converter\languages\nl\converter\mkv\pdf-naar-mkv\index.html","True","41","0"
"nl","C:\Users\Sipka\Desktop\Converter\languages\nl\converter\mkv\png-naar-mkv\index.html","True","41","0"
"nl","C:\Users\Sipka\Desktop\Converter\languages\nl\converter\mkv\pptx-naar-mkv\index.html","True","41","0"
"nl","C:\Users\Sipka\Desktop\Converter\languages\nl\converter\mkv\rar-naar-mkv\index.html","True","41","0"
"nl","C:\Users\Sipka\Desktop\Converter\languages\nl\converter\mkv\rtf-naar-mkv\index.html","True","41","0"
"nl","C:\Users\Sipka\Desktop\Converter\languages\nl\converter\mkv\svg-naar-mkv\index.html","True","41","0"
"nl","C:\Users\Sipka\Desktop\Converter\languages\nl\converter\mkv\tar-naar-mkv\index.html","True","41","0"
"nl","C:\Users\Sipka\Desktop\Converter\languages\nl\converter\mkv\tar.bz2-naar-mkv\index.html","True","41","0"
"nl","C:\Users\Sipka\Desktop\Converter\languages\nl\converter\mkv\tar.gz-naar-mkv\index.html","True","41","0"
"nl","C:\Users\Sipka\Desktop\Converter\languages\nl\converter\mkv\tar.xz-naar-mkv\index.html","True","41","0"
"nl","C:\Users\Sipka\Desktop\Converter\languages\nl\converter\mkv\tbz-naar-mkv\index.html","True","41","0"
"nl","C:\Users\Sipka\Desktop\Converter\languages\nl\converter\mkv\tgz-naar-mkv\index.html","True","41","0"
"nl","C:\Users\Sipka\Desktop\Converter\languages\nl\converter\mkv\tiff-naar-mkv\index.html","True","41","0"
"nl","C:\Users\Sipka\Desktop\Converter\languages\nl\converter\mkv\tsv-naar-mkv\index.html","True","41","0"
"nl","C:\Users\Sipka\Desktop\Converter\languages\nl\converter\mkv\txt-naar-mkv\index.html","True","41","0"
"nl","C:\Users\Sipka\Desktop\Converter\languages\nl\converter\mkv\txz-naar-mkv\index.html","True","41","0"
"nl","C:\Users\Sipka\Desktop\Converter\languages\nl\converter\mkv\wav-naar-mkv\index.html","True","41","0"
"nl","C:\Users\Sipka\Desktop\Converter\languages\nl\converter\mkv\webm-naar-mkv\index.html","True","41","0"
"nl","C:\Users\Sipka\Desktop\Converter\languages\nl\converter\mkv\webp-naar-mkv\index.html","True","41","0"
"nl","C:\Users\Sipka\Desktop\Converter\languages\nl\converter\mkv\xlsx-naar-mkv\index.html","True","41","0"
"nl","C:\Users\Sipka\Desktop\Converter\languages\nl\converter\mkv\zip-naar-mkv\index.html","True","41","0"
"nl","C:\Users\Sipka\Desktop\Converter\languages\nl\converter\mov\7z-naar-mov\index.html","True","41","0"
"nl","C:\Users\Sipka\Desktop\Converter\languages\nl\converter\mov\aac-naar-mov\index.html","True","41","0"
"nl","C:\Users\Sipka\Desktop\Converter\languages\nl\converter\mov\aiff-naar-mov\index.html","True","41","0"
"nl","C:\Users\Sipka\Desktop\Converter\languages\nl\converter\mov\bmp-naar-mov\index.html","True","41","0"
"nl","C:\Users\Sipka\Desktop\Converter\languages\nl\converter\mov\csv-naar-mov\index.html","True","41","0"
"nl","C:\Users\Sipka\Desktop\Converter\languages\nl\converter\mov\docx-naar-mov\index.html","True","41","0"
"nl","C:\Users\Sipka\Desktop\Converter\languages\nl\converter\mov\flac-naar-mov\index.html","True","41","0"
"nl","C:\Users\Sipka\Desktop\Converter\languages\nl\converter\mov\gif-naar-mov\index.html","True","41","0"
"nl","C:\Users\Sipka\Desktop\Converter\languages\nl\converter\mov\html-naar-mov\index.html","True","41","0"
"nl","C:\Users\Sipka\Desktop\Converter\languages\nl\converter\mov\jpeg-naar-mov\index.html","True","41","0"
"nl","C:\Users\Sipka\Desktop\Converter\languages\nl\converter\mov\jpg-naar-mov\index.html","True","41","0"
"nl","C:\Users\Sipka\Desktop\Converter\languages\nl\converter\mov\json-naar-mov\index.html","True","41","0"
"nl","C:\Users\Sipka\Desktop\Converter\languages\nl\converter\mov\jsonl-naar-mov\index.html","True","41","0"
"nl","C:\Users\Sipka\Desktop\Converter\languages\nl\converter\mov\m4a-naar-mov\index.html","True","41","0"
"nl","C:\Users\Sipka\Desktop\Converter\languages\nl\converter\mov\m4v-naar-mov\index.html","True","41","0"
"nl","C:\Users\Sipka\Desktop\Converter\languages\nl\converter\mov\md-naar-mov\index.html","True","41","0"
"nl","C:\Users\Sipka\Desktop\Converter\languages\nl\converter\mov\mkv-naar-mov\index.html","True","41","0"
"nl","C:\Users\Sipka\Desktop\Converter\languages\nl\converter\mov\mp3-naar-mov\index.html","True","41","0"
"nl","C:\Users\Sipka\Desktop\Converter\languages\nl\converter\mov\mp4-naar-mov\index.html","True","41","0"
"nl","C:\Users\Sipka\Desktop\Converter\languages\nl\converter\mov\ogg-naar-mov\index.html","True","41","0"
"nl","C:\Users\Sipka\Desktop\Converter\languages\nl\converter\mov\opus-naar-mov\index.html","True","41","0"
"nl","C:\Users\Sipka\Desktop\Converter\languages\nl\converter\mov\pdf-naar-mov\index.html","True","41","0"
"nl","C:\Users\Sipka\Desktop\Converter\languages\nl\converter\mov\png-naar-mov\index.html","True","41","0"
"nl","C:\Users\Sipka\Desktop\Converter\languages\nl\converter\mov\pptx-naar-mov\index.html","True","41","0"
"nl","C:\Users\Sipka\Desktop\Converter\languages\nl\converter\mov\rar-naar-mov\index.html","True","41","0"
"nl","C:\Users\Sipka\Desktop\Converter\languages\nl\converter\mov\rtf-naar-mov\index.html","True","41","0"
"nl","C:\Users\Sipka\Desktop\Converter\languages\nl\converter\mov\svg-naar-mov\index.html","True","41","0"
"nl","C:\Users\Sipka\Desktop\Converter\languages\nl\converter\mov\tar-naar-mov\index.html","True","41","0"
"nl","C:\Users\Sipka\Desktop\Converter\languages\nl\converter\mov\tar.bz2-naar-mov\index.html","True","41","0"
"nl","C:\Users\Sipka\Desktop\Converter\languages\nl\converter\mov\tar.gz-naar-mov\index.html","True","41","0"
"nl","C:\Users\Sipka\Desktop\Converter\languages\nl\converter\mov\tar.xz-naar-mov\index.html","True","41","0"
"nl","C:\Users\Sipka\Desktop\Converter\languages\nl\converter\mov\tbz-naar-mov\index.html","True","41","0"
"nl","C:\Users\Sipka\Desktop\Converter\languages\nl\converter\mov\tgz-naar-mov\index.html","True","41","0"
"nl","C:\Users\Sipka\Desktop\Converter\languages\nl\converter\mov\tiff-naar-mov\index.html","True","41","0"
"nl","C:\Users\Sipka\Desktop\Converter\languages\nl\converter\mov\tsv-naar-mov\index.html","True","41","0"
"nl","C:\Users\Sipka\Desktop\Converter\languages\nl\converter\mov\txt-naar-mov\index.html","True","41","0"
"nl","C:\Users\Sipka\Desktop\Converter\languages\nl\converter\mov\txz-naar-mov\index.html","True","41","0"
"nl","C:\Users\Sipka\Desktop\Converter\languages\nl\converter\mov\wav-naar-mov\index.html","True","41","0"
"nl","C:\Users\Sipka\Desktop\Converter\languages\nl\converter\mov\webm-naar-mov\index.html","True","41","0"
"nl","C:\Users\Sipka\Desktop\Converter\languages\nl\converter\mov\webp-naar-mov\index.html","True","41","0"
"nl","C:\Users\Sipka\Desktop\Converter\languages\nl\converter\mov\xlsx-naar-mov\index.html","True","41","0"
"nl","C:\Users\Sipka\Desktop\Converter\languages\nl\converter\mov\zip-naar-mov\index.html","True","41","0"
"nl","C:\Users\Sipka\Desktop\Converter\languages\nl\converter\mp3\7z-naar-mp3\index.html","True","41","0"
"nl","C:\Users\Sipka\Desktop\Converter\languages\nl\converter\mp3\aac-naar-mp3\index.html","True","41","0"
"nl","C:\Users\Sipka\Desktop\Converter\languages\nl\converter\mp3\aiff-naar-mp3\index.html","True","41","0"
"nl","C:\Users\Sipka\Desktop\Converter\languages\nl\converter\mp3\bmp-naar-mp3\index.html","True","41","0"
"nl","C:\Users\Sipka\Desktop\Converter\languages\nl\converter\mp3\csv-naar-mp3\index.html","True","41","0"
"nl","C:\Users\Sipka\Desktop\Converter\languages\nl\converter\mp3\docx-naar-mp3\index.html","True","41","0"
"nl","C:\Users\Sipka\Desktop\Converter\languages\nl\converter\mp3\flac-naar-mp3\index.html","True","41","0"
"nl","C:\Users\Sipka\Desktop\Converter\languages\nl\converter\mp3\gif-naar-mp3\index.html","True","41","0"
"nl","C:\Users\Sipka\Desktop\Converter\languages\nl\converter\mp3\html-naar-mp3\index.html","True","41","0"
"nl","C:\Users\Sipka\Desktop\Converter\languages\nl\converter\mp3\jpeg-naar-mp3\index.html","True","41","0"
"nl","C:\Users\Sipka\Desktop\Converter\languages\nl\converter\mp3\jpg-naar-mp3\index.html","True","41","0"
"nl","C:\Users\Sipka\Desktop\Converter\languages\nl\converter\mp3\json-naar-mp3\index.html","True","41","0"
"nl","C:\Users\Sipka\Desktop\Converter\languages\nl\converter\mp3\jsonl-naar-mp3\index.html","True","41","0"
"nl","C:\Users\Sipka\Desktop\Converter\languages\nl\converter\mp3\m4a-naar-mp3\index.html","True","41","0"
"nl","C:\Users\Sipka\Desktop\Converter\languages\nl\converter\mp3\m4v-naar-mp3\index.html","True","41","0"
"nl","C:\Users\Sipka\Desktop\Converter\languages\nl\converter\mp3\md-naar-mp3\index.html","True","41","0"
"nl","C:\Users\Sipka\Desktop\Converter\languages\nl\converter\mp3\mkv-naar-mp3\index.html","True","41","0"
"nl","C:\Users\Sipka\Desktop\Converter\languages\nl\converter\mp3\mov-naar-mp3\index.html","True","41","0"
"nl","C:\Users\Sipka\Desktop\Converter\languages\nl\converter\mp3\mp4-naar-mp3\index.html","True","41","0"
"nl","C:\Users\Sipka\Desktop\Converter\languages\nl\converter\mp3\ogg-naar-mp3\index.html","True","41","0"
"nl","C:\Users\Sipka\Desktop\Converter\languages\nl\converter\mp3\opus-naar-mp3\index.html","True","41","0"
"nl","C:\Users\Sipka\Desktop\Converter\languages\nl\converter\mp3\pdf-naar-mp3\index.html","True","41","0"
"nl","C:\Users\Sipka\Desktop\Converter\languages\nl\converter\mp3\png-naar-mp3\index.html","True","41","0"
"nl","C:\Users\Sipka\Desktop\Converter\languages\nl\converter\mp3\pptx-naar-mp3\index.html","True","41","0"
"nl","C:\Users\Sipka\Desktop\Converter\languages\nl\converter\mp3\rar-naar-mp3\index.html","True","41","0"
"nl","C:\Users\Sipka\Desktop\Converter\languages\nl\converter\mp3\rtf-naar-mp3\index.html","True","41","0"
"nl","C:\Users\Sipka\Desktop\Converter\languages\nl\converter\mp3\svg-naar-mp3\index.html","True","41","0"
"nl","C:\Users\Sipka\Desktop\Converter\languages\nl\converter\mp3\tar-naar-mp3\index.html","True","41","0"
"nl","C:\Users\Sipka\Desktop\Converter\languages\nl\converter\mp3\tar.bz2-naar-mp3\index.html","True","41","0"
"nl","C:\Users\Sipka\Desktop\Converter\languages\nl\converter\mp3\tar.gz-naar-mp3\index.html","True","41","0"
"nl","C:\Users\Sipka\Desktop\Converter\languages\nl\converter\mp3\tar.xz-naar-mp3\index.html","True","41","0"
"nl","C:\Users\Sipka\Desktop\Converter\languages\nl\converter\mp3\tbz-naar-mp3\index.html","True","41","0"
"nl","C:\Users\Sipka\Desktop\Converter\languages\nl\converter\mp3\tgz-naar-mp3\index.html","True","41","0"
"nl","C:\Users\Sipka\Desktop\Converter\languages\nl\converter\mp3\tiff-naar-mp3\index.html","True","41","0"
"nl","C:\Users\Sipka\Desktop\Converter\languages\nl\converter\mp3\tsv-naar-mp3\index.html","True","41","0"
"nl","C:\Users\Sipka\Desktop\Converter\languages\nl\converter\mp3\txt-naar-mp3\index.html","True","41","0"
"nl","C:\Users\Sipka\Desktop\Converter\languages\nl\converter\mp3\txz-naar-mp3\index.html","True","41","0"
"nl","C:\Users\Sipka\Desktop\Converter\languages\nl\converter\mp3\wav-naar-mp3\index.html","True","41","0"
"nl","C:\Users\Sipka\Desktop\Converter\languages\nl\converter\mp3\webm-naar-mp3\index.html","True","41","0"
"nl","C:\Users\Sipka\Desktop\Converter\languages\nl\converter\mp3\webp-naar-mp3\index.html","True","41","0"
"nl","C:\Users\Sipka\Desktop\Converter\languages\nl\converter\mp3\xlsx-naar-mp3\index.html","True","41","0"
"nl","C:\Users\Sipka\Desktop\Converter\languages\nl\converter\mp3\zip-naar-mp3\index.html","True","41","0"
"nl","C:\Users\Sipka\Desktop\Converter\languages\nl\converter\mp4\7z-naar-mp4\index.html","True","41","0"
"nl","C:\Users\Sipka\Desktop\Converter\languages\nl\converter\mp4\aac-naar-mp4\index.html","True","41","0"
"nl","C:\Users\Sipka\Desktop\Converter\languages\nl\converter\mp4\aiff-naar-mp4\index.html","True","41","0"
"nl","C:\Users\Sipka\Desktop\Converter\languages\nl\converter\mp4\bmp-naar-mp4\index.html","True","41","0"
"nl","C:\Users\Sipka\Desktop\Converter\languages\nl\converter\mp4\csv-naar-mp4\index.html","True","41","0"
"nl","C:\Users\Sipka\Desktop\Converter\languages\nl\converter\mp4\docx-naar-mp4\index.html","True","41","0"
"nl","C:\Users\Sipka\Desktop\Converter\languages\nl\converter\mp4\flac-naar-mp4\index.html","True","41","0"
"nl","C:\Users\Sipka\Desktop\Converter\languages\nl\converter\mp4\gif-naar-mp4\index.html","True","41","0"
"nl","C:\Users\Sipka\Desktop\Converter\languages\nl\converter\mp4\html-naar-mp4\index.html","True","41","0"
"nl","C:\Users\Sipka\Desktop\Converter\languages\nl\converter\mp4\jpeg-naar-mp4\index.html","True","41","0"
"nl","C:\Users\Sipka\Desktop\Converter\languages\nl\converter\mp4\jpg-naar-mp4\index.html","True","41","0"
"nl","C:\Users\Sipka\Desktop\Converter\languages\nl\converter\mp4\json-naar-mp4\index.html","True","41","0"
"nl","C:\Users\Sipka\Desktop\Converter\languages\nl\converter\mp4\jsonl-naar-mp4\index.html","True","41","0"
"nl","C:\Users\Sipka\Desktop\Converter\languages\nl\converter\mp4\m4a-naar-mp4\index.html","True","41","0"
"nl","C:\Users\Sipka\Desktop\Converter\languages\nl\converter\mp4\m4v-naar-mp4\index.html","True","41","0"
"nl","C:\Users\Sipka\Desktop\Converter\languages\nl\converter\mp4\md-naar-mp4\index.html","True","41","0"
"nl","C:\Users\Sipka\Desktop\Converter\languages\nl\converter\mp4\mkv-naar-mp4\index.html","True","41","0"
"nl","C:\Users\Sipka\Desktop\Converter\languages\nl\converter\mp4\mov-naar-mp4\index.html","True","41","0"
"nl","C:\Users\Sipka\Desktop\Converter\languages\nl\converter\mp4\mp3-naar-mp4\index.html","True","41","0"
"nl","C:\Users\Sipka\Desktop\Converter\languages\nl\converter\mp4\ogg-naar-mp4\index.html","True","41","0"
"nl","C:\Users\Sipka\Desktop\Converter\languages\nl\converter\mp4\opus-naar-mp4\index.html","True","41","0"
"nl","C:\Users\Sipka\Desktop\Converter\languages\nl\converter\mp4\pdf-naar-mp4\index.html","True","41","0"
"nl","C:\Users\Sipka\Desktop\Converter\languages\nl\converter\mp4\png-naar-mp4\index.html","True","41","0"
"nl","C:\Users\Sipka\Desktop\Converter\languages\nl\converter\mp4\pptx-naar-mp4\index.html","True","41","0"
"nl","C:\Users\Sipka\Desktop\Converter\languages\nl\converter\mp4\rar-naar-mp4\index.html","True","41","0"
"nl","C:\Users\Sipka\Desktop\Converter\languages\nl\converter\mp4\rtf-naar-mp4\index.html","True","41","0"
"nl","C:\Users\Sipka\Desktop\Converter\languages\nl\converter\mp4\svg-naar-mp4\index.html","True","41","0"
"nl","C:\Users\Sipka\Desktop\Converter\languages\nl\converter\mp4\tar-naar-mp4\index.html","True","41","0"
"nl","C:\Users\Sipka\Desktop\Converter\languages\nl\converter\mp4\tar.bz2-naar-mp4\index.html","True","41","0"
"nl","C:\Users\Sipka\Desktop\Converter\languages\nl\converter\mp4\tar.gz-naar-mp4\index.html","True","41","0"
"nl","C:\Users\Sipka\Desktop\Converter\languages\nl\converter\mp4\tar.xz-naar-mp4\index.html","True","41","0"
"nl","C:\Users\Sipka\Desktop\Converter\languages\nl\converter\mp4\tbz-naar-mp4\index.html","True","41","0"
"nl","C:\Users\Sipka\Desktop\Converter\languages\nl\converter\mp4\tgz-naar-mp4\index.html","True","41","0"
"nl","C:\Users\Sipka\Desktop\Converter\languages\nl\converter\mp4\tiff-naar-mp4\index.html","True","41","0"
"nl","C:\Users\Sipka\Desktop\Converter\languages\nl\converter\mp4\tsv-naar-mp4\index.html","True","41","0"
"nl","C:\Users\Sipka\Desktop\Converter\languages\nl\converter\mp4\txt-naar-mp4\index.html","True","41","0"
"nl","C:\Users\Sipka\Desktop\Converter\languages\nl\converter\mp4\txz-naar-mp4\index.html","True","41","0"
"nl","C:\Users\Sipka\Desktop\Converter\languages\nl\converter\mp4\wav-naar-mp4\index.html","True","41","0"
"nl","C:\Users\Sipka\Desktop\Converter\languages\nl\converter\mp4\webm-naar-mp4\index.html","True","41","0"
"nl","C:\Users\Sipka\Desktop\Converter\languages\nl\converter\mp4\webp-naar-mp4\index.html","True","41","0"
"nl","C:\Users\Sipka\Desktop\Converter\languages\nl\converter\mp4\xlsx-naar-mp4\index.html","True","41","0"
"nl","C:\Users\Sipka\Desktop\Converter\languages\nl\converter\mp4\zip-naar-mp4\index.html","True","41","0"
"nl","C:\Users\Sipka\Desktop\Converter\languages\nl\converter\ogg\7z-naar-ogg\index.html","True","41","0"
"nl","C:\Users\Sipka\Desktop\Converter\languages\nl\converter\ogg\aac-naar-ogg\index.html","True","41","0"
"nl","C:\Users\Sipka\Desktop\Converter\languages\nl\converter\ogg\aiff-naar-ogg\index.html","True","41","0"
"nl","C:\Users\Sipka\Desktop\Converter\languages\nl\converter\ogg\bmp-naar-ogg\index.html","True","41","0"
"nl","C:\Users\Sipka\Desktop\Converter\languages\nl\converter\ogg\csv-naar-ogg\index.html","True","41","0"
"nl","C:\Users\Sipka\Desktop\Converter\languages\nl\converter\ogg\docx-naar-ogg\index.html","True","41","0"
"nl","C:\Users\Sipka\Desktop\Converter\languages\nl\converter\ogg\flac-naar-ogg\index.html","True","41","0"
"nl","C:\Users\Sipka\Desktop\Converter\languages\nl\converter\ogg\gif-naar-ogg\index.html","True","41","0"
"nl","C:\Users\Sipka\Desktop\Converter\languages\nl\converter\ogg\html-naar-ogg\index.html","True","41","0"
"nl","C:\Users\Sipka\Desktop\Converter\languages\nl\converter\ogg\jpeg-naar-ogg\index.html","True","41","0"
"nl","C:\Users\Sipka\Desktop\Converter\languages\nl\converter\ogg\jpg-naar-ogg\index.html","True","41","0"
"nl","C:\Users\Sipka\Desktop\Converter\languages\nl\converter\ogg\json-naar-ogg\index.html","True","41","0"
"nl","C:\Users\Sipka\Desktop\Converter\languages\nl\converter\ogg\jsonl-naar-ogg\index.html","True","41","0"
"nl","C:\Users\Sipka\Desktop\Converter\languages\nl\converter\ogg\m4a-naar-ogg\index.html","True","41","0"
"nl","C:\Users\Sipka\Desktop\Converter\languages\nl\converter\ogg\m4v-naar-ogg\index.html","True","41","0"
"nl","C:\Users\Sipka\Desktop\Converter\languages\nl\converter\ogg\md-naar-ogg\index.html","True","41","0"
"nl","C:\Users\Sipka\Desktop\Converter\languages\nl\converter\ogg\mkv-naar-ogg\index.html","True","41","0"
"nl","C:\Users\Sipka\Desktop\Converter\languages\nl\converter\ogg\mov-naar-ogg\index.html","True","41","0"
"nl","C:\Users\Sipka\Desktop\Converter\languages\nl\converter\ogg\mp3-naar-ogg\index.html","True","41","0"
"nl","C:\Users\Sipka\Desktop\Converter\languages\nl\converter\ogg\mp4-naar-ogg\index.html","True","41","0"
"nl","C:\Users\Sipka\Desktop\Converter\languages\nl\converter\ogg\opus-naar-ogg\index.html","True","41","0"
"nl","C:\Users\Sipka\Desktop\Converter\languages\nl\converter\ogg\pdf-naar-ogg\index.html","True","41","0"
"nl","C:\Users\Sipka\Desktop\Converter\languages\nl\converter\ogg\png-naar-ogg\index.html","True","41","0"
"nl","C:\Users\Sipka\Desktop\Converter\languages\nl\converter\ogg\pptx-naar-ogg\index.html","True","41","0"
"nl","C:\Users\Sipka\Desktop\Converter\languages\nl\converter\ogg\rar-naar-ogg\index.html","True","41","0"
"nl","C:\Users\Sipka\Desktop\Converter\languages\nl\converter\ogg\rtf-naar-ogg\index.html","True","41","0"
"nl","C:\Users\Sipka\Desktop\Converter\languages\nl\converter\ogg\svg-naar-ogg\index.html","True","41","0"
"nl","C:\Users\Sipka\Desktop\Converter\languages\nl\converter\ogg\tar-naar-ogg\index.html","True","41","0"
"nl","C:\Users\Sipka\Desktop\Converter\languages\nl\converter\ogg\tar.bz2-naar-ogg\index.html","True","41","0"
"nl","C:\Users\Sipka\Desktop\Converter\languages\nl\converter\ogg\tar.gz-naar-ogg\index.html","True","41","0"
"nl","C:\Users\Sipka\Desktop\Converter\languages\nl\converter\ogg\tar.xz-naar-ogg\index.html","True","41","0"
"nl","C:\Users\Sipka\Desktop\Converter\languages\nl\converter\ogg\tbz-naar-ogg\index.html","True","41","0"
"nl","C:\Users\Sipka\Desktop\Converter\languages\nl\converter\ogg\tgz-naar-ogg\index.html","True","41","0"
"nl","C:\Users\Sipka\Desktop\Converter\languages\nl\converter\ogg\tiff-naar-ogg\index.html","True","41","0"
"nl","C:\Users\Sipka\Desktop\Converter\languages\nl\converter\ogg\tsv-naar-ogg\index.html","True","41","0"
"nl","C:\Users\Sipka\Desktop\Converter\languages\nl\converter\ogg\txt-naar-ogg\index.html","True","41","0"
"nl","C:\Users\Sipka\Desktop\Converter\languages\nl\converter\ogg\txz-naar-ogg\index.html","True","41","0"
"nl","C:\Users\Sipka\Desktop\Converter\languages\nl\converter\ogg\wav-naar-ogg\index.html","True","41","0"
"nl","C:\Users\Sipka\Desktop\Converter\languages\nl\converter\ogg\webm-naar-ogg\index.html","True","41","0"
"nl","C:\Users\Sipka\Desktop\Converter\languages\nl\converter\ogg\webp-naar-ogg\index.html","True","41","0"
"nl","C:\Users\Sipka\Desktop\Converter\languages\nl\converter\ogg\xlsx-naar-ogg\index.html","True","41","0"
"nl","C:\Users\Sipka\Desktop\Converter\languages\nl\converter\ogg\zip-naar-ogg\index.html","True","41","0"
"nl","C:\Users\Sipka\Desktop\Converter\languages\nl\converter\opus\7z-naar-opus\index.html","True","41","0"
"nl","C:\Users\Sipka\Desktop\Converter\languages\nl\converter\opus\aac-naar-opus\index.html","True","41","0"
"nl","C:\Users\Sipka\Desktop\Converter\languages\nl\converter\opus\aiff-naar-opus\index.html","True","41","0"
"nl","C:\Users\Sipka\Desktop\Converter\languages\nl\converter\opus\bmp-naar-opus\index.html","True","41","0"
"nl","C:\Users\Sipka\Desktop\Converter\languages\nl\converter\opus\csv-naar-opus\index.html","True","41","0"
"nl","C:\Users\Sipka\Desktop\Converter\languages\nl\converter\opus\docx-naar-opus\index.html","True","41","0"
"nl","C:\Users\Sipka\Desktop\Converter\languages\nl\converter\opus\flac-naar-opus\index.html","True","41","0"
"nl","C:\Users\Sipka\Desktop\Converter\languages\nl\converter\opus\gif-naar-opus\index.html","True","41","0"
"nl","C:\Users\Sipka\Desktop\Converter\languages\nl\converter\opus\html-naar-opus\index.html","True","41","0"
"nl","C:\Users\Sipka\Desktop\Converter\languages\nl\converter\opus\jpeg-naar-opus\index.html","True","41","0"
"nl","C:\Users\Sipka\Desktop\Converter\languages\nl\converter\opus\jpg-naar-opus\index.html","True","41","0"
"nl","C:\Users\Sipka\Desktop\Converter\languages\nl\converter\opus\json-naar-opus\index.html","True","41","0"
"nl","C:\Users\Sipka\Desktop\Converter\languages\nl\converter\opus\jsonl-naar-opus\index.html","True","41","0"
"nl","C:\Users\Sipka\Desktop\Converter\languages\nl\converter\opus\m4a-naar-opus\index.html","True","41","0"
"nl","C:\Users\Sipka\Desktop\Converter\languages\nl\converter\opus\m4v-naar-opus\index.html","True","41","0"
"nl","C:\Users\Sipka\Desktop\Converter\languages\nl\converter\opus\md-naar-opus\index.html","True","41","0"
"nl","C:\Users\Sipka\Desktop\Converter\languages\nl\converter\opus\mkv-naar-opus\index.html","True","41","0"
"nl","C:\Users\Sipka\Desktop\Converter\languages\nl\converter\opus\mov-naar-opus\index.html","True","41","0"
"nl","C:\Users\Sipka\Desktop\Converter\languages\nl\converter\opus\mp3-naar-opus\index.html","True","41","0"
"nl","C:\Users\Sipka\Desktop\Converter\languages\nl\converter\opus\mp4-naar-opus\index.html","True","41","0"
"nl","C:\Users\Sipka\Desktop\Converter\languages\nl\converter\opus\ogg-naar-opus\index.html","True","41","0"
"nl","C:\Users\Sipka\Desktop\Converter\languages\nl\converter\opus\pdf-naar-opus\index.html","True","41","0"
"nl","C:\Users\Sipka\Desktop\Converter\languages\nl\converter\opus\png-naar-opus\index.html","True","41","0"
"nl","C:\Users\Sipka\Desktop\Converter\languages\nl\converter\opus\pptx-naar-opus\index.html","True","41","0"
"nl","C:\Users\Sipka\Desktop\Converter\languages\nl\converter\opus\rar-naar-opus\index.html","True","41","0"
"nl","C:\Users\Sipka\Desktop\Converter\languages\nl\converter\opus\rtf-naar-opus\index.html","True","41","0"
"nl","C:\Users\Sipka\Desktop\Converter\languages\nl\converter\opus\svg-naar-opus\index.html","True","41","0"
"nl","C:\Users\Sipka\Desktop\Converter\languages\nl\converter\opus\tar-naar-opus\index.html","True","41","0"
"nl","C:\Users\Sipka\Desktop\Converter\languages\nl\converter\opus\tar.bz2-naar-opus\index.html","True","41","0"
"nl","C:\Users\Sipka\Desktop\Converter\languages\nl\converter\opus\tar.gz-naar-opus\index.html","True","41","0"
"nl","C:\Users\Sipka\Desktop\Converter\languages\nl\converter\opus\tar.xz-naar-opus\index.html","True","41","0"
"nl","C:\Users\Sipka\Desktop\Converter\languages\nl\converter\opus\tbz-naar-opus\index.html","True","41","0"
"nl","C:\Users\Sipka\Desktop\Converter\languages\nl\converter\opus\tgz-naar-opus\index.html","True","41","0"
"nl","C:\Users\Sipka\Desktop\Converter\languages\nl\converter\opus\tiff-naar-opus\index.html","True","41","0"
"nl","C:\Users\Sipka\Desktop\Converter\languages\nl\converter\opus\tsv-naar-opus\index.html","True","41","0"
"nl","C:\Users\Sipka\Desktop\Converter\languages\nl\converter\opus\txt-naar-opus\index.html","True","41","0"
"nl","C:\Users\Sipka\Desktop\Converter\languages\nl\converter\opus\txz-naar-opus\index.html","True","41","0"
"nl","C:\Users\Sipka\Desktop\Converter\languages\nl\converter\opus\wav-naar-opus\index.html","True","41","0"
"nl","C:\Users\Sipka\Desktop\Converter\languages\nl\converter\opus\webm-naar-opus\index.html","True","41","0"
"nl","C:\Users\Sipka\Desktop\Converter\languages\nl\converter\opus\webp-naar-opus\index.html","True","41","0"
"nl","C:\Users\Sipka\Desktop\Converter\languages\nl\converter\opus\xlsx-naar-opus\index.html","True","41","0"
"nl","C:\Users\Sipka\Desktop\Converter\languages\nl\converter\opus\zip-naar-opus\index.html","True","41","0"
"nl","C:\Users\Sipka\Desktop\Converter\languages\nl\converter\pdf\7z-naar-pdf\index.html","True","41","0"
"nl","C:\Users\Sipka\Desktop\Converter\languages\nl\converter\pdf\aac-naar-pdf\index.html","True","41","0"
"nl","C:\Users\Sipka\Desktop\Converter\languages\nl\converter\pdf\aiff-naar-pdf\index.html","True","41","0"
"nl","C:\Users\Sipka\Desktop\Converter\languages\nl\converter\pdf\bmp-naar-pdf\index.html","True","41","0"
"nl","C:\Users\Sipka\Desktop\Converter\languages\nl\converter\pdf\csv-naar-pdf\index.html","True","41","0"
"nl","C:\Users\Sipka\Desktop\Converter\languages\nl\converter\pdf\docx-naar-pdf\index.html","True","41","0"
"nl","C:\Users\Sipka\Desktop\Converter\languages\nl\converter\pdf\flac-naar-pdf\index.html","True","41","0"
"nl","C:\Users\Sipka\Desktop\Converter\languages\nl\converter\pdf\gif-naar-pdf\index.html","True","41","0"
"nl","C:\Users\Sipka\Desktop\Converter\languages\nl\converter\pdf\html-naar-pdf\index.html","True","41","0"
"nl","C:\Users\Sipka\Desktop\Converter\languages\nl\converter\pdf\jpeg-naar-pdf\index.html","True","41","0"
"nl","C:\Users\Sipka\Desktop\Converter\languages\nl\converter\pdf\jpg-naar-pdf\index.html","True","41","0"
"nl","C:\Users\Sipka\Desktop\Converter\languages\nl\converter\pdf\json-naar-pdf\index.html","True","41","0"
"nl","C:\Users\Sipka\Desktop\Converter\languages\nl\converter\pdf\jsonl-naar-pdf\index.html","True","41","0"
"nl","C:\Users\Sipka\Desktop\Converter\languages\nl\converter\pdf\m4a-naar-pdf\index.html","True","41","0"
"nl","C:\Users\Sipka\Desktop\Converter\languages\nl\converter\pdf\m4v-naar-pdf\index.html","True","41","0"
"nl","C:\Users\Sipka\Desktop\Converter\languages\nl\converter\pdf\md-naar-pdf\index.html","True","41","0"
"nl","C:\Users\Sipka\Desktop\Converter\languages\nl\converter\pdf\mkv-naar-pdf\index.html","True","41","0"
"nl","C:\Users\Sipka\Desktop\Converter\languages\nl\converter\pdf\mov-naar-pdf\index.html","True","41","0"
"nl","C:\Users\Sipka\Desktop\Converter\languages\nl\converter\pdf\mp3-naar-pdf\index.html","True","41","0"
"nl","C:\Users\Sipka\Desktop\Converter\languages\nl\converter\pdf\mp4-naar-pdf\index.html","True","41","0"
"nl","C:\Users\Sipka\Desktop\Converter\languages\nl\converter\pdf\ogg-naar-pdf\index.html","True","41","0"
"nl","C:\Users\Sipka\Desktop\Converter\languages\nl\converter\pdf\opus-naar-pdf\index.html","True","41","0"
"nl","C:\Users\Sipka\Desktop\Converter\languages\nl\converter\pdf\png-naar-pdf\index.html","True","41","0"
"nl","C:\Users\Sipka\Desktop\Converter\languages\nl\converter\pdf\pptx-naar-pdf\index.html","True","41","0"
"nl","C:\Users\Sipka\Desktop\Converter\languages\nl\converter\pdf\rar-naar-pdf\index.html","True","41","0"
"nl","C:\Users\Sipka\Desktop\Converter\languages\nl\converter\pdf\rtf-naar-pdf\index.html","True","41","0"
"nl","C:\Users\Sipka\Desktop\Converter\languages\nl\converter\pdf\svg-naar-pdf\index.html","True","41","0"
"nl","C:\Users\Sipka\Desktop\Converter\languages\nl\converter\pdf\tar-naar-pdf\index.html","True","41","0"
"nl","C:\Users\Sipka\Desktop\Converter\languages\nl\converter\pdf\tar.bz2-naar-pdf\index.html","True","41","0"
"nl","C:\Users\Sipka\Desktop\Converter\languages\nl\converter\pdf\tar.gz-naar-pdf\index.html","True","41","0"
"nl","C:\Users\Sipka\Desktop\Converter\languages\nl\converter\pdf\tar.xz-naar-pdf\index.html","True","41","0"
"nl","C:\Users\Sipka\Desktop\Converter\languages\nl\converter\pdf\tbz-naar-pdf\index.html","True","41","0"
"nl","C:\Users\Sipka\Desktop\Converter\languages\nl\converter\pdf\tgz-naar-pdf\index.html","True","41","0"
"nl","C:\Users\Sipka\Desktop\Converter\languages\nl\converter\pdf\tiff-naar-pdf\index.html","True","41","0"
"nl","C:\Users\Sipka\Desktop\Converter\languages\nl\converter\pdf\tsv-naar-pdf\index.html","True","41","0"
"nl","C:\Users\Sipka\Desktop\Converter\languages\nl\converter\pdf\txt-naar-pdf\index.html","True","41","0"
"nl","C:\Users\Sipka\Desktop\Converter\languages\nl\converter\pdf\txz-naar-pdf\index.html","True","41","0"
"nl","C:\Users\Sipka\Desktop\Converter\languages\nl\converter\pdf\wav-naar-pdf\index.html","True","41","0"
"nl","C:\Users\Sipka\Desktop\Converter\languages\nl\converter\pdf\webm-naar-pdf\index.html","True","41","0"
"nl","C:\Users\Sipka\Desktop\Converter\languages\nl\converter\pdf\webp-naar-pdf\index.html","True","41","0"
"nl","C:\Users\Sipka\Desktop\Converter\languages\nl\converter\pdf\xlsx-naar-pdf\index.html","True","41","0"
"nl","C:\Users\Sipka\Desktop\Converter\languages\nl\converter\pdf\zip-naar-pdf\index.html","True","41","0"
"nl","C:\Users\Sipka\Desktop\Converter\languages\nl\converter\png\7z-naar-png\index.html","True","41","0"
"nl","C:\Users\Sipka\Desktop\Converter\languages\nl\converter\png\aac-naar-png\index.html","True","41","0"
"nl","C:\Users\Sipka\Desktop\Converter\languages\nl\converter\png\aiff-naar-png\index.html","True","41","0"
"nl","C:\Users\Sipka\Desktop\Converter\languages\nl\converter\png\bmp-naar-png\index.html","True","41","0"
"nl","C:\Users\Sipka\Desktop\Converter\languages\nl\converter\png\csv-naar-png\index.html","True","41","0"
"nl","C:\Users\Sipka\Desktop\Converter\languages\nl\converter\png\docx-naar-png\index.html","True","41","0"
"nl","C:\Users\Sipka\Desktop\Converter\languages\nl\converter\png\flac-naar-png\index.html","True","41","0"
"nl","C:\Users\Sipka\Desktop\Converter\languages\nl\converter\png\gif-naar-png\index.html","True","41","0"
"nl","C:\Users\Sipka\Desktop\Converter\languages\nl\converter\png\html-naar-png\index.html","True","41","0"
"nl","C:\Users\Sipka\Desktop\Converter\languages\nl\converter\png\jpeg-naar-png\index.html","True","41","0"
"nl","C:\Users\Sipka\Desktop\Converter\languages\nl\converter\png\jpg-naar-png\index.html","True","41","0"
"nl","C:\Users\Sipka\Desktop\Converter\languages\nl\converter\png\json-naar-png\index.html","True","41","0"
"nl","C:\Users\Sipka\Desktop\Converter\languages\nl\converter\png\jsonl-naar-png\index.html","True","41","0"
"nl","C:\Users\Sipka\Desktop\Converter\languages\nl\converter\png\m4a-naar-png\index.html","True","41","0"
"nl","C:\Users\Sipka\Desktop\Converter\languages\nl\converter\png\m4v-naar-png\index.html","True","41","0"
"nl","C:\Users\Sipka\Desktop\Converter\languages\nl\converter\png\md-naar-png\index.html","True","41","0"
"nl","C:\Users\Sipka\Desktop\Converter\languages\nl\converter\png\mkv-naar-png\index.html","True","41","0"
"nl","C:\Users\Sipka\Desktop\Converter\languages\nl\converter\png\mov-naar-png\index.html","True","41","0"
"nl","C:\Users\Sipka\Desktop\Converter\languages\nl\converter\png\mp3-naar-png\index.html","True","41","0"
"nl","C:\Users\Sipka\Desktop\Converter\languages\nl\converter\png\mp4-naar-png\index.html","True","41","0"
"nl","C:\Users\Sipka\Desktop\Converter\languages\nl\converter\png\ogg-naar-png\index.html","True","41","0"
"nl","C:\Users\Sipka\Desktop\Converter\languages\nl\converter\png\opus-naar-png\index.html","True","41","0"
"nl","C:\Users\Sipka\Desktop\Converter\languages\nl\converter\png\pdf-naar-png\index.html","True","41","0"
"nl","C:\Users\Sipka\Desktop\Converter\languages\nl\converter\png\pptx-naar-png\index.html","True","41","0"
"nl","C:\Users\Sipka\Desktop\Converter\languages\nl\converter\png\rar-naar-png\index.html","True","41","0"
"nl","C:\Users\Sipka\Desktop\Converter\languages\nl\converter\png\rtf-naar-png\index.html","True","41","0"
"nl","C:\Users\Sipka\Desktop\Converter\languages\nl\converter\png\svg-naar-png\index.html","True","41","0"
"nl","C:\Users\Sipka\Desktop\Converter\languages\nl\converter\png\tar-naar-png\index.html","True","41","0"
"nl","C:\Users\Sipka\Desktop\Converter\languages\nl\converter\png\tar.bz2-naar-png\index.html","True","41","0"
"nl","C:\Users\Sipka\Desktop\Converter\languages\nl\converter\png\tar.gz-naar-png\index.html","True","41","0"
"nl","C:\Users\Sipka\Desktop\Converter\languages\nl\converter\png\tar.xz-naar-png\index.html","True","41","0"
"nl","C:\Users\Sipka\Desktop\Converter\languages\nl\converter\png\tbz-naar-png\index.html","True","41","0"
"nl","C:\Users\Sipka\Desktop\Converter\languages\nl\converter\png\tgz-naar-png\index.html","True","41","0"
"nl","C:\Users\Sipka\Desktop\Converter\languages\nl\converter\png\tiff-naar-png\index.html","True","41","0"
"nl","C:\Users\Sipka\Desktop\Converter\languages\nl\converter\png\tsv-naar-png\index.html","True","41","0"
"nl","C:\Users\Sipka\Desktop\Converter\languages\nl\converter\png\txt-naar-png\index.html","True","41","0"
"nl","C:\Users\Sipka\Desktop\Converter\languages\nl\converter\png\txz-naar-png\index.html","True","41","0"
"nl","C:\Users\Sipka\Desktop\Converter\languages\nl\converter\png\wav-naar-png\index.html","True","41","0"
"nl","C:\Users\Sipka\Desktop\Converter\languages\nl\converter\png\webm-naar-png\index.html","True","41","0"
"nl","C:\Users\Sipka\Desktop\Converter\languages\nl\converter\png\webp-naar-png\index.html","True","41","0"
"nl","C:\Users\Sipka\Desktop\Converter\languages\nl\converter\png\xlsx-naar-png\index.html","True","41","0"
"nl","C:\Users\Sipka\Desktop\Converter\languages\nl\converter\png\zip-naar-png\index.html","True","41","0"
"nl","C:\Users\Sipka\Desktop\Converter\languages\nl\converter\pptx\7z-naar-pptx\index.html","True","41","0"
"nl","C:\Users\Sipka\Desktop\Converter\languages\nl\converter\pptx\aac-naar-pptx\index.html","True","41","0"
"nl","C:\Users\Sipka\Desktop\Converter\languages\nl\converter\pptx\aiff-naar-pptx\index.html","True","41","0"
"nl","C:\Users\Sipka\Desktop\Converter\languages\nl\converter\pptx\bmp-naar-pptx\index.html","True","41","0"
"nl","C:\Users\Sipka\Desktop\Converter\languages\nl\converter\pptx\csv-naar-pptx\index.html","True","41","0"
"nl","C:\Users\Sipka\Desktop\Converter\languages\nl\converter\pptx\docx-naar-pptx\index.html","True","41","0"
"nl","C:\Users\Sipka\Desktop\Converter\languages\nl\converter\pptx\flac-naar-pptx\index.html","True","41","0"
"nl","C:\Users\Sipka\Desktop\Converter\languages\nl\converter\pptx\gif-naar-pptx\index.html","True","41","0"
"nl","C:\Users\Sipka\Desktop\Converter\languages\nl\converter\pptx\html-naar-pptx\index.html","True","41","0"
"nl","C:\Users\Sipka\Desktop\Converter\languages\nl\converter\pptx\jpeg-naar-pptx\index.html","True","41","0"
"nl","C:\Users\Sipka\Desktop\Converter\languages\nl\converter\pptx\jpg-naar-pptx\index.html","True","41","0"
"nl","C:\Users\Sipka\Desktop\Converter\languages\nl\converter\pptx\json-naar-pptx\index.html","True","41","0"
"nl","C:\Users\Sipka\Desktop\Converter\languages\nl\converter\pptx\jsonl-naar-pptx\index.html","True","41","0"
"nl","C:\Users\Sipka\Desktop\Converter\languages\nl\converter\pptx\m4a-naar-pptx\index.html","True","41","0"
"nl","C:\Users\Sipka\Desktop\Converter\languages\nl\converter\pptx\m4v-naar-pptx\index.html","True","41","0"
"nl","C:\Users\Sipka\Desktop\Converter\languages\nl\converter\pptx\md-naar-pptx\index.html","True","41","0"
"nl","C:\Users\Sipka\Desktop\Converter\languages\nl\converter\pptx\mkv-naar-pptx\index.html","True","41","0"
"nl","C:\Users\Sipka\Desktop\Converter\languages\nl\converter\pptx\mov-naar-pptx\index.html","True","41","0"
"nl","C:\Users\Sipka\Desktop\Converter\languages\nl\converter\pptx\mp3-naar-pptx\index.html","True","41","0"
"nl","C:\Users\Sipka\Desktop\Converter\languages\nl\converter\pptx\mp4-naar-pptx\index.html","True","41","0"
"nl","C:\Users\Sipka\Desktop\Converter\languages\nl\converter\pptx\ogg-naar-pptx\index.html","True","41","0"
"nl","C:\Users\Sipka\Desktop\Converter\languages\nl\converter\pptx\opus-naar-pptx\index.html","True","41","0"
"nl","C:\Users\Sipka\Desktop\Converter\languages\nl\converter\pptx\pdf-naar-pptx\index.html","True","41","0"
"nl","C:\Users\Sipka\Desktop\Converter\languages\nl\converter\pptx\png-naar-pptx\index.html","True","41","0"
"nl","C:\Users\Sipka\Desktop\Converter\languages\nl\converter\pptx\rar-naar-pptx\index.html","True","41","0"
"nl","C:\Users\Sipka\Desktop\Converter\languages\nl\converter\pptx\rtf-naar-pptx\index.html","True","41","0"
"nl","C:\Users\Sipka\Desktop\Converter\languages\nl\converter\pptx\svg-naar-pptx\index.html","True","41","0"
"nl","C:\Users\Sipka\Desktop\Converter\languages\nl\converter\pptx\tar-naar-pptx\index.html","True","41","0"
"nl","C:\Users\Sipka\Desktop\Converter\languages\nl\converter\pptx\tar.bz2-naar-pptx\index.html","True","41","0"
"nl","C:\Users\Sipka\Desktop\Converter\languages\nl\converter\pptx\tar.gz-naar-pptx\index.html","True","41","0"
"nl","C:\Users\Sipka\Desktop\Converter\languages\nl\converter\pptx\tar.xz-naar-pptx\index.html","True","41","0"
"nl","C:\Users\Sipka\Desktop\Converter\languages\nl\converter\pptx\tbz-naar-pptx\index.html","True","41","0"
"nl","C:\Users\Sipka\Desktop\Converter\languages\nl\converter\pptx\tgz-naar-pptx\index.html","True","41","0"
"nl","C:\Users\Sipka\Desktop\Converter\languages\nl\converter\pptx\tiff-naar-pptx\index.html","True","41","0"
"nl","C:\Users\Sipka\Desktop\Converter\languages\nl\converter\pptx\tsv-naar-pptx\index.html","True","41","0"
"nl","C:\Users\Sipka\Desktop\Converter\languages\nl\converter\pptx\txt-naar-pptx\index.html","True","41","0"
"nl","C:\Users\Sipka\Desktop\Converter\languages\nl\converter\pptx\txz-naar-pptx\index.html","True","41","0"
"nl","C:\Users\Sipka\Desktop\Converter\languages\nl\converter\pptx\wav-naar-pptx\index.html","True","41","0"
"nl","C:\Users\Sipka\Desktop\Converter\languages\nl\converter\pptx\webm-naar-pptx\index.html","True","41","0"
"nl","C:\Users\Sipka\Desktop\Converter\languages\nl\converter\pptx\webp-naar-pptx\index.html","True","41","0"
"nl","C:\Users\Sipka\Desktop\Converter\languages\nl\converter\pptx\xlsx-naar-pptx\index.html","True","41","0"
"nl","C:\Users\Sipka\Desktop\Converter\languages\nl\converter\pptx\zip-naar-pptx\index.html","True","41","0"
"nl","C:\Users\Sipka\Desktop\Converter\languages\nl\converter\rar\7z-naar-rar\index.html","True","41","0"
"nl","C:\Users\Sipka\Desktop\Converter\languages\nl\converter\rar\aac-naar-rar\index.html","True","41","0"
"nl","C:\Users\Sipka\Desktop\Converter\languages\nl\converter\rar\aiff-naar-rar\index.html","True","41","0"
"nl","C:\Users\Sipka\Desktop\Converter\languages\nl\converter\rar\bmp-naar-rar\index.html","True","41","0"
"nl","C:\Users\Sipka\Desktop\Converter\languages\nl\converter\rar\csv-naar-rar\index.html","True","41","0"
"nl","C:\Users\Sipka\Desktop\Converter\languages\nl\converter\rar\docx-naar-rar\index.html","True","41","0"
"nl","C:\Users\Sipka\Desktop\Converter\languages\nl\converter\rar\flac-naar-rar\index.html","True","41","0"
"nl","C:\Users\Sipka\Desktop\Converter\languages\nl\converter\rar\gif-naar-rar\index.html","True","41","0"
"nl","C:\Users\Sipka\Desktop\Converter\languages\nl\converter\rar\html-naar-rar\index.html","True","41","0"
"nl","C:\Users\Sipka\Desktop\Converter\languages\nl\converter\rar\jpeg-naar-rar\index.html","True","41","0"
"nl","C:\Users\Sipka\Desktop\Converter\languages\nl\converter\rar\jpg-naar-rar\index.html","True","41","0"
"nl","C:\Users\Sipka\Desktop\Converter\languages\nl\converter\rar\json-naar-rar\index.html","True","41","0"
"nl","C:\Users\Sipka\Desktop\Converter\languages\nl\converter\rar\jsonl-naar-rar\index.html","True","41","0"
"nl","C:\Users\Sipka\Desktop\Converter\languages\nl\converter\rar\m4a-naar-rar\index.html","True","41","0"
"nl","C:\Users\Sipka\Desktop\Converter\languages\nl\converter\rar\m4v-naar-rar\index.html","True","41","0"
"nl","C:\Users\Sipka\Desktop\Converter\languages\nl\converter\rar\md-naar-rar\index.html","True","41","0"
"nl","C:\Users\Sipka\Desktop\Converter\languages\nl\converter\rar\mkv-naar-rar\index.html","True","41","0"
"nl","C:\Users\Sipka\Desktop\Converter\languages\nl\converter\rar\mov-naar-rar\index.html","True","41","0"
"nl","C:\Users\Sipka\Desktop\Converter\languages\nl\converter\rar\mp3-naar-rar\index.html","True","41","0"
"nl","C:\Users\Sipka\Desktop\Converter\languages\nl\converter\rar\mp4-naar-rar\index.html","True","41","0"
"nl","C:\Users\Sipka\Desktop\Converter\languages\nl\converter\rar\ogg-naar-rar\index.html","True","41","0"
"nl","C:\Users\Sipka\Desktop\Converter\languages\nl\converter\rar\opus-naar-rar\index.html","True","41","0"
"nl","C:\Users\Sipka\Desktop\Converter\languages\nl\converter\rar\pdf-naar-rar\index.html","True","41","0"
"nl","C:\Users\Sipka\Desktop\Converter\languages\nl\converter\rar\png-naar-rar\index.html","True","41","0"
"nl","C:\Users\Sipka\Desktop\Converter\languages\nl\converter\rar\pptx-naar-rar\index.html","True","41","0"
"nl","C:\Users\Sipka\Desktop\Converter\languages\nl\converter\rar\rtf-naar-rar\index.html","True","41","0"
"nl","C:\Users\Sipka\Desktop\Converter\languages\nl\converter\rar\svg-naar-rar\index.html","True","41","0"
"nl","C:\Users\Sipka\Desktop\Converter\languages\nl\converter\rar\tar-naar-rar\index.html","True","41","0"
"nl","C:\Users\Sipka\Desktop\Converter\languages\nl\converter\rar\tar.bz2-naar-rar\index.html","True","41","0"
"nl","C:\Users\Sipka\Desktop\Converter\languages\nl\converter\rar\tar.gz-naar-rar\index.html","True","41","0"
"nl","C:\Users\Sipka\Desktop\Converter\languages\nl\converter\rar\tar.xz-naar-rar\index.html","True","41","0"
"nl","C:\Users\Sipka\Desktop\Converter\languages\nl\converter\rar\tbz-naar-rar\index.html","True","41","0"
"nl","C:\Users\Sipka\Desktop\Converter\languages\nl\converter\rar\tgz-naar-rar\index.html","True","41","0"
"nl","C:\Users\Sipka\Desktop\Converter\languages\nl\converter\rar\tiff-naar-rar\index.html","True","41","0"
"nl","C:\Users\Sipka\Desktop\Converter\languages\nl\converter\rar\tsv-naar-rar\index.html","True","41","0"
"nl","C:\Users\Sipka\Desktop\Converter\languages\nl\converter\rar\txt-naar-rar\index.html","True","41","0"
"nl","C:\Users\Sipka\Desktop\Converter\languages\nl\converter\rar\txz-naar-rar\index.html","True","41","0"
"nl","C:\Users\Sipka\Desktop\Converter\languages\nl\converter\rar\wav-naar-rar\index.html","True","41","0"
"nl","C:\Users\Sipka\Desktop\Converter\languages\nl\converter\rar\webm-naar-rar\index.html","True","41","0"
"nl","C:\Users\Sipka\Desktop\Converter\languages\nl\converter\rar\webp-naar-rar\index.html","True","41","0"
"nl","C:\Users\Sipka\Desktop\Converter\languages\nl\converter\rar\xlsx-naar-rar\index.html","True","41","0"
"nl","C:\Users\Sipka\Desktop\Converter\languages\nl\converter\rar\zip-naar-rar\index.html","True","41","0"
"nl","C:\Users\Sipka\Desktop\Converter\languages\nl\converter\rtf\7z-naar-rtf\index.html","True","41","0"
"nl","C:\Users\Sipka\Desktop\Converter\languages\nl\converter\rtf\aac-naar-rtf\index.html","True","41","0"
"nl","C:\Users\Sipka\Desktop\Converter\languages\nl\converter\rtf\aiff-naar-rtf\index.html","True","41","0"
"nl","C:\Users\Sipka\Desktop\Converter\languages\nl\converter\rtf\bmp-naar-rtf\index.html","True","41","0"
"nl","C:\Users\Sipka\Desktop\Converter\languages\nl\converter\rtf\csv-naar-rtf\index.html","True","41","0"
"nl","C:\Users\Sipka\Desktop\Converter\languages\nl\converter\rtf\docx-naar-rtf\index.html","True","41","0"
"nl","C:\Users\Sipka\Desktop\Converter\languages\nl\converter\rtf\flac-naar-rtf\index.html","True","41","0"
"nl","C:\Users\Sipka\Desktop\Converter\languages\nl\converter\rtf\gif-naar-rtf\index.html","True","41","0"
"nl","C:\Users\Sipka\Desktop\Converter\languages\nl\converter\rtf\html-naar-rtf\index.html","True","41","0"
"nl","C:\Users\Sipka\Desktop\Converter\languages\nl\converter\rtf\jpeg-naar-rtf\index.html","True","41","0"
"nl","C:\Users\Sipka\Desktop\Converter\languages\nl\converter\rtf\jpg-naar-rtf\index.html","True","41","0"
"nl","C:\Users\Sipka\Desktop\Converter\languages\nl\converter\rtf\json-naar-rtf\index.html","True","41","0"
"nl","C:\Users\Sipka\Desktop\Converter\languages\nl\converter\rtf\jsonl-naar-rtf\index.html","True","41","0"
"nl","C:\Users\Sipka\Desktop\Converter\languages\nl\converter\rtf\m4a-naar-rtf\index.html","True","41","0"
"nl","C:\Users\Sipka\Desktop\Converter\languages\nl\converter\rtf\m4v-naar-rtf\index.html","True","41","0"
"nl","C:\Users\Sipka\Desktop\Converter\languages\nl\converter\rtf\md-naar-rtf\index.html","True","41","0"
"nl","C:\Users\Sipka\Desktop\Converter\languages\nl\converter\rtf\mkv-naar-rtf\index.html","True","41","0"
"nl","C:\Users\Sipka\Desktop\Converter\languages\nl\converter\rtf\mov-naar-rtf\index.html","True","41","0"
"nl","C:\Users\Sipka\Desktop\Converter\languages\nl\converter\rtf\mp3-naar-rtf\index.html","True","41","0"
"nl","C:\Users\Sipka\Desktop\Converter\languages\nl\converter\rtf\mp4-naar-rtf\index.html","True","41","0"
"nl","C:\Users\Sipka\Desktop\Converter\languages\nl\converter\rtf\ogg-naar-rtf\index.html","True","41","0"
"nl","C:\Users\Sipka\Desktop\Converter\languages\nl\converter\rtf\opus-naar-rtf\index.html","True","41","0"
"nl","C:\Users\Sipka\Desktop\Converter\languages\nl\converter\rtf\pdf-naar-rtf\index.html","True","41","0"
"nl","C:\Users\Sipka\Desktop\Converter\languages\nl\converter\rtf\png-naar-rtf\index.html","True","41","0"
"nl","C:\Users\Sipka\Desktop\Converter\languages\nl\converter\rtf\pptx-naar-rtf\index.html","True","41","0"
"nl","C:\Users\Sipka\Desktop\Converter\languages\nl\converter\rtf\rar-naar-rtf\index.html","True","41","0"
"nl","C:\Users\Sipka\Desktop\Converter\languages\nl\converter\rtf\svg-naar-rtf\index.html","True","41","0"
"nl","C:\Users\Sipka\Desktop\Converter\languages\nl\converter\rtf\tar-naar-rtf\index.html","True","41","0"
"nl","C:\Users\Sipka\Desktop\Converter\languages\nl\converter\rtf\tar.bz2-naar-rtf\index.html","True","41","0"
"nl","C:\Users\Sipka\Desktop\Converter\languages\nl\converter\rtf\tar.gz-naar-rtf\index.html","True","41","0"
"nl","C:\Users\Sipka\Desktop\Converter\languages\nl\converter\rtf\tar.xz-naar-rtf\index.html","True","41","0"
"nl","C:\Users\Sipka\Desktop\Converter\languages\nl\converter\rtf\tbz-naar-rtf\index.html","True","41","0"
"nl","C:\Users\Sipka\Desktop\Converter\languages\nl\converter\rtf\tgz-naar-rtf\index.html","True","41","0"
"nl","C:\Users\Sipka\Desktop\Converter\languages\nl\converter\rtf\tiff-naar-rtf\index.html","True","41","0"
"nl","C:\Users\Sipka\Desktop\Converter\languages\nl\converter\rtf\tsv-naar-rtf\index.html","True","41","0"
"nl","C:\Users\Sipka\Desktop\Converter\languages\nl\converter\rtf\txt-naar-rtf\index.html","True","41","0"
"nl","C:\Users\Sipka\Desktop\Converter\languages\nl\converter\rtf\txz-naar-rtf\index.html","True","41","0"
"nl","C:\Users\Sipka\Desktop\Converter\languages\nl\converter\rtf\wav-naar-rtf\index.html","True","41","0"
"nl","C:\Users\Sipka\Desktop\Converter\languages\nl\converter\rtf\webm-naar-rtf\index.html","True","41","0"
"nl","C:\Users\Sipka\Desktop\Converter\languages\nl\converter\rtf\webp-naar-rtf\index.html","True","41","0"
"nl","C:\Users\Sipka\Desktop\Converter\languages\nl\converter\rtf\xlsx-naar-rtf\index.html","True","41","0"
"nl","C:\Users\Sipka\Desktop\Converter\languages\nl\converter\rtf\zip-naar-rtf\index.html","True","41","0"
"nl","C:\Users\Sipka\Desktop\Converter\languages\nl\converter\svg\7z-naar-svg\index.html","True","41","0"
"nl","C:\Users\Sipka\Desktop\Converter\languages\nl\converter\svg\aac-naar-svg\index.html","True","41","0"
"nl","C:\Users\Sipka\Desktop\Converter\languages\nl\converter\svg\aiff-naar-svg\index.html","True","41","0"
"nl","C:\Users\Sipka\Desktop\Converter\languages\nl\converter\svg\bmp-naar-svg\index.html","True","41","0"
"nl","C:\Users\Sipka\Desktop\Converter\languages\nl\converter\svg\csv-naar-svg\index.html","True","41","0"
"nl","C:\Users\Sipka\Desktop\Converter\languages\nl\converter\svg\docx-naar-svg\index.html","True","41","0"
"nl","C:\Users\Sipka\Desktop\Converter\languages\nl\converter\svg\flac-naar-svg\index.html","True","41","0"
"nl","C:\Users\Sipka\Desktop\Converter\languages\nl\converter\svg\gif-naar-svg\index.html","True","41","0"
"nl","C:\Users\Sipka\Desktop\Converter\languages\nl\converter\svg\html-naar-svg\index.html","True","41","0"
"nl","C:\Users\Sipka\Desktop\Converter\languages\nl\converter\svg\jpeg-naar-svg\index.html","True","41","0"
"nl","C:\Users\Sipka\Desktop\Converter\languages\nl\converter\svg\jpg-naar-svg\index.html","True","41","0"
"nl","C:\Users\Sipka\Desktop\Converter\languages\nl\converter\svg\json-naar-svg\index.html","True","41","0"
"nl","C:\Users\Sipka\Desktop\Converter\languages\nl\converter\svg\jsonl-naar-svg\index.html","True","41","0"
"nl","C:\Users\Sipka\Desktop\Converter\languages\nl\converter\svg\m4a-naar-svg\index.html","True","41","0"
"nl","C:\Users\Sipka\Desktop\Converter\languages\nl\converter\svg\m4v-naar-svg\index.html","True","41","0"
"nl","C:\Users\Sipka\Desktop\Converter\languages\nl\converter\svg\md-naar-svg\index.html","True","41","0"
"nl","C:\Users\Sipka\Desktop\Converter\languages\nl\converter\svg\mkv-naar-svg\index.html","True","41","0"
"nl","C:\Users\Sipka\Desktop\Converter\languages\nl\converter\svg\mov-naar-svg\index.html","True","41","0"
"nl","C:\Users\Sipka\Desktop\Converter\languages\nl\converter\svg\mp3-naar-svg\index.html","True","41","0"
"nl","C:\Users\Sipka\Desktop\Converter\languages\nl\converter\svg\mp4-naar-svg\index.html","True","41","0"
"nl","C:\Users\Sipka\Desktop\Converter\languages\nl\converter\svg\ogg-naar-svg\index.html","True","41","0"
"nl","C:\Users\Sipka\Desktop\Converter\languages\nl\converter\svg\opus-naar-svg\index.html","True","41","0"
"nl","C:\Users\Sipka\Desktop\Converter\languages\nl\converter\svg\pdf-naar-svg\index.html","True","41","0"
"nl","C:\Users\Sipka\Desktop\Converter\languages\nl\converter\svg\png-naar-svg\index.html","True","41","0"
"nl","C:\Users\Sipka\Desktop\Converter\languages\nl\converter\svg\pptx-naar-svg\index.html","True","41","0"
"nl","C:\Users\Sipka\Desktop\Converter\languages\nl\converter\svg\rar-naar-svg\index.html","True","41","0"
"nl","C:\Users\Sipka\Desktop\Converter\languages\nl\converter\svg\rtf-naar-svg\index.html","True","41","0"
"nl","C:\Users\Sipka\Desktop\Converter\languages\nl\converter\svg\tar-naar-svg\index.html","True","41","0"
"nl","C:\Users\Sipka\Desktop\Converter\languages\nl\converter\svg\tar.bz2-naar-svg\index.html","True","41","0"
"nl","C:\Users\Sipka\Desktop\Converter\languages\nl\converter\svg\tar.gz-naar-svg\index.html","True","41","0"
"nl","C:\Users\Sipka\Desktop\Converter\languages\nl\converter\svg\tar.xz-naar-svg\index.html","True","41","0"
"nl","C:\Users\Sipka\Desktop\Converter\languages\nl\converter\svg\tbz-naar-svg\index.html","True","41","0"
"nl","C:\Users\Sipka\Desktop\Converter\languages\nl\converter\svg\tgz-naar-svg\index.html","True","41","0"
"nl","C:\Users\Sipka\Desktop\Converter\languages\nl\converter\svg\tiff-naar-svg\index.html","True","41","0"
"nl","C:\Users\Sipka\Desktop\Converter\languages\nl\converter\svg\tsv-naar-svg\index.html","True","41","0"
"nl","C:\Users\Sipka\Desktop\Converter\languages\nl\converter\svg\txt-naar-svg\index.html","True","41","0"
"nl","C:\Users\Sipka\Desktop\Converter\languages\nl\converter\svg\txz-naar-svg\index.html","True","41","0"
"nl","C:\Users\Sipka\Desktop\Converter\languages\nl\converter\svg\wav-naar-svg\index.html","True","41","0"
"nl","C:\Users\Sipka\Desktop\Converter\languages\nl\converter\svg\webm-naar-svg\index.html","True","41","0"
"nl","C:\Users\Sipka\Desktop\Converter\languages\nl\converter\svg\webp-naar-svg\index.html","True","41","0"
"nl","C:\Users\Sipka\Desktop\Converter\languages\nl\converter\svg\xlsx-naar-svg\index.html","True","41","0"
"nl","C:\Users\Sipka\Desktop\Converter\languages\nl\converter\svg\zip-naar-svg\index.html","True","41","0"
"nl","C:\Users\Sipka\Desktop\Converter\languages\nl\converter\tar\7z-naar-tar\index.html","True","41","0"
"nl","C:\Users\Sipka\Desktop\Converter\languages\nl\converter\tar\aac-naar-tar\index.html","True","41","0"
"nl","C:\Users\Sipka\Desktop\Converter\languages\nl\converter\tar\aiff-naar-tar\index.html","True","41","0"
"nl","C:\Users\Sipka\Desktop\Converter\languages\nl\converter\tar\bmp-naar-tar\index.html","True","41","0"
"nl","C:\Users\Sipka\Desktop\Converter\languages\nl\converter\tar\csv-naar-tar\index.html","True","41","0"
"nl","C:\Users\Sipka\Desktop\Converter\languages\nl\converter\tar\docx-naar-tar\index.html","True","41","0"
"nl","C:\Users\Sipka\Desktop\Converter\languages\nl\converter\tar\flac-naar-tar\index.html","True","41","0"
"nl","C:\Users\Sipka\Desktop\Converter\languages\nl\converter\tar\gif-naar-tar\index.html","True","41","0"
"nl","C:\Users\Sipka\Desktop\Converter\languages\nl\converter\tar\html-naar-tar\index.html","True","41","0"
"nl","C:\Users\Sipka\Desktop\Converter\languages\nl\converter\tar\jpeg-naar-tar\index.html","True","41","0"
"nl","C:\Users\Sipka\Desktop\Converter\languages\nl\converter\tar\jpg-naar-tar\index.html","True","41","0"
"nl","C:\Users\Sipka\Desktop\Converter\languages\nl\converter\tar\json-naar-tar\index.html","True","41","0"
"nl","C:\Users\Sipka\Desktop\Converter\languages\nl\converter\tar\jsonl-naar-tar\index.html","True","41","0"
"nl","C:\Users\Sipka\Desktop\Converter\languages\nl\converter\tar\m4a-naar-tar\index.html","True","41","0"
"nl","C:\Users\Sipka\Desktop\Converter\languages\nl\converter\tar\m4v-naar-tar\index.html","True","41","0"
"nl","C:\Users\Sipka\Desktop\Converter\languages\nl\converter\tar\md-naar-tar\index.html","True","41","0"
"nl","C:\Users\Sipka\Desktop\Converter\languages\nl\converter\tar\mkv-naar-tar\index.html","True","41","0"
"nl","C:\Users\Sipka\Desktop\Converter\languages\nl\converter\tar\mov-naar-tar\index.html","True","41","0"
"nl","C:\Users\Sipka\Desktop\Converter\languages\nl\converter\tar\mp3-naar-tar\index.html","True","41","0"
"nl","C:\Users\Sipka\Desktop\Converter\languages\nl\converter\tar\mp4-naar-tar\index.html","True","41","0"
"nl","C:\Users\Sipka\Desktop\Converter\languages\nl\converter\tar\ogg-naar-tar\index.html","True","41","0"
"nl","C:\Users\Sipka\Desktop\Converter\languages\nl\converter\tar\opus-naar-tar\index.html","True","41","0"
"nl","C:\Users\Sipka\Desktop\Converter\languages\nl\converter\tar\pdf-naar-tar\index.html","True","41","0"
"nl","C:\Users\Sipka\Desktop\Converter\languages\nl\converter\tar\png-naar-tar\index.html","True","41","0"
"nl","C:\Users\Sipka\Desktop\Converter\languages\nl\converter\tar\pptx-naar-tar\index.html","True","41","0"
"nl","C:\Users\Sipka\Desktop\Converter\languages\nl\converter\tar\rar-naar-tar\index.html","True","41","0"
"nl","C:\Users\Sipka\Desktop\Converter\languages\nl\converter\tar\rtf-naar-tar\index.html","True","41","0"
"nl","C:\Users\Sipka\Desktop\Converter\languages\nl\converter\tar\svg-naar-tar\index.html","True","41","0"
"nl","C:\Users\Sipka\Desktop\Converter\languages\nl\converter\tar\tar.bz2-naar-tar\index.html","True","41","0"
"nl","C:\Users\Sipka\Desktop\Converter\languages\nl\converter\tar\tar.gz-naar-tar\index.html","True","41","0"
"nl","C:\Users\Sipka\Desktop\Converter\languages\nl\converter\tar\tar.xz-naar-tar\index.html","True","41","0"
"nl","C:\Users\Sipka\Desktop\Converter\languages\nl\converter\tar\tbz-naar-tar\index.html","True","41","0"
"nl","C:\Users\Sipka\Desktop\Converter\languages\nl\converter\tar\tgz-naar-tar\index.html","True","41","0"
"nl","C:\Users\Sipka\Desktop\Converter\languages\nl\converter\tar\tiff-naar-tar\index.html","True","41","0"
"nl","C:\Users\Sipka\Desktop\Converter\languages\nl\converter\tar\tsv-naar-tar\index.html","True","41","0"
"nl","C:\Users\Sipka\Desktop\Converter\languages\nl\converter\tar\txt-naar-tar\index.html","True","41","0"
"nl","C:\Users\Sipka\Desktop\Converter\languages\nl\converter\tar\txz-naar-tar\index.html","True","41","0"
"nl","C:\Users\Sipka\Desktop\Converter\languages\nl\converter\tar\wav-naar-tar\index.html","True","41","0"
"nl","C:\Users\Sipka\Desktop\Converter\languages\nl\converter\tar\webm-naar-tar\index.html","True","41","0"
"nl","C:\Users\Sipka\Desktop\Converter\languages\nl\converter\tar\webp-naar-tar\index.html","True","41","0"
"nl","C:\Users\Sipka\Desktop\Converter\languages\nl\converter\tar\xlsx-naar-tar\index.html","True","41","0"
"nl","C:\Users\Sipka\Desktop\Converter\languages\nl\converter\tar\zip-naar-tar\index.html","True","41","0"
"nl","C:\Users\Sipka\Desktop\Converter\languages\nl\converter\tar.bz2\7z-naar-tar.bz2\index.html","True","41","0"
"nl","C:\Users\Sipka\Desktop\Converter\languages\nl\converter\tar.bz2\aac-naar-tar.bz2\index.html","True","41","0"
"nl","C:\Users\Sipka\Desktop\Converter\languages\nl\converter\tar.bz2\aiff-naar-tar.bz2\index.html","True","41","0"
"nl","C:\Users\Sipka\Desktop\Converter\languages\nl\converter\tar.bz2\bmp-naar-tar.bz2\index.html","True","41","0"
"nl","C:\Users\Sipka\Desktop\Converter\languages\nl\converter\tar.bz2\csv-naar-tar.bz2\index.html","True","41","0"
"nl","C:\Users\Sipka\Desktop\Converter\languages\nl\converter\tar.bz2\docx-naar-tar.bz2\index.html","True","41","0"
"nl","C:\Users\Sipka\Desktop\Converter\languages\nl\converter\tar.bz2\flac-naar-tar.bz2\index.html","True","41","0"
"nl","C:\Users\Sipka\Desktop\Converter\languages\nl\converter\tar.bz2\gif-naar-tar.bz2\index.html","True","41","0"
"nl","C:\Users\Sipka\Desktop\Converter\languages\nl\converter\tar.bz2\html-naar-tar.bz2\index.html","True","41","0"
"nl","C:\Users\Sipka\Desktop\Converter\languages\nl\converter\tar.bz2\jpeg-naar-tar.bz2\index.html","True","41","0"
"nl","C:\Users\Sipka\Desktop\Converter\languages\nl\converter\tar.bz2\jpg-naar-tar.bz2\index.html","True","41","0"
"nl","C:\Users\Sipka\Desktop\Converter\languages\nl\converter\tar.bz2\json-naar-tar.bz2\index.html","True","41","0"
"nl","C:\Users\Sipka\Desktop\Converter\languages\nl\converter\tar.bz2\jsonl-naar-tar.bz2\index.html","True","41","0"
"nl","C:\Users\Sipka\Desktop\Converter\languages\nl\converter\tar.bz2\m4a-naar-tar.bz2\index.html","True","41","0"
"nl","C:\Users\Sipka\Desktop\Converter\languages\nl\converter\tar.bz2\m4v-naar-tar.bz2\index.html","True","41","0"
"nl","C:\Users\Sipka\Desktop\Converter\languages\nl\converter\tar.bz2\md-naar-tar.bz2\index.html","True","41","0"
"nl","C:\Users\Sipka\Desktop\Converter\languages\nl\converter\tar.bz2\mkv-naar-tar.bz2\index.html","True","41","0"
"nl","C:\Users\Sipka\Desktop\Converter\languages\nl\converter\tar.bz2\mov-naar-tar.bz2\index.html","True","41","0"
"nl","C:\Users\Sipka\Desktop\Converter\languages\nl\converter\tar.bz2\mp3-naar-tar.bz2\index.html","True","41","0"
"nl","C:\Users\Sipka\Desktop\Converter\languages\nl\converter\tar.bz2\mp4-naar-tar.bz2\index.html","True","41","0"
"nl","C:\Users\Sipka\Desktop\Converter\languages\nl\converter\tar.bz2\ogg-naar-tar.bz2\index.html","True","41","0"
"nl","C:\Users\Sipka\Desktop\Converter\languages\nl\converter\tar.bz2\opus-naar-tar.bz2\index.html","True","41","0"
"nl","C:\Users\Sipka\Desktop\Converter\languages\nl\converter\tar.bz2\pdf-naar-tar.bz2\index.html","True","41","0"
"nl","C:\Users\Sipka\Desktop\Converter\languages\nl\converter\tar.bz2\png-naar-tar.bz2\index.html","True","41","0"
"nl","C:\Users\Sipka\Desktop\Converter\languages\nl\converter\tar.bz2\pptx-naar-tar.bz2\index.html","True","41","0"
"nl","C:\Users\Sipka\Desktop\Converter\languages\nl\converter\tar.bz2\rar-naar-tar.bz2\index.html","True","41","0"
"nl","C:\Users\Sipka\Desktop\Converter\languages\nl\converter\tar.bz2\rtf-naar-tar.bz2\index.html","True","41","0"
"nl","C:\Users\Sipka\Desktop\Converter\languages\nl\converter\tar.bz2\svg-naar-tar.bz2\index.html","True","41","0"
"nl","C:\Users\Sipka\Desktop\Converter\languages\nl\converter\tar.bz2\tar-naar-tar.bz2\index.html","True","41","0"
"nl","C:\Users\Sipka\Desktop\Converter\languages\nl\converter\tar.bz2\tar.gz-naar-tar.bz2\index.html","True","41","0"
"nl","C:\Users\Sipka\Desktop\Converter\languages\nl\converter\tar.bz2\tar.xz-naar-tar.bz2\index.html","True","41","0"
"nl","C:\Users\Sipka\Desktop\Converter\languages\nl\converter\tar.bz2\tbz-naar-tar.bz2\index.html","True","41","0"
"nl","C:\Users\Sipka\Desktop\Converter\languages\nl\converter\tar.bz2\tgz-naar-tar.bz2\index.html","True","41","0"
"nl","C:\Users\Sipka\Desktop\Converter\languages\nl\converter\tar.bz2\tiff-naar-tar.bz2\index.html","True","41","0"
"nl","C:\Users\Sipka\Desktop\Converter\languages\nl\converter\tar.bz2\tsv-naar-tar.bz2\index.html","True","41","0"
"nl","C:\Users\Sipka\Desktop\Converter\languages\nl\converter\tar.bz2\txt-naar-tar.bz2\index.html","True","41","0"
"nl","C:\Users\Sipka\Desktop\Converter\languages\nl\converter\tar.bz2\txz-naar-tar.bz2\index.html","True","41","0"
"nl","C:\Users\Sipka\Desktop\Converter\languages\nl\converter\tar.bz2\wav-naar-tar.bz2\index.html","True","41","0"
"nl","C:\Users\Sipka\Desktop\Converter\languages\nl\converter\tar.bz2\webm-naar-tar.bz2\index.html","True","41","0"
"nl","C:\Users\Sipka\Desktop\Converter\languages\nl\converter\tar.bz2\webp-naar-tar.bz2\index.html","True","41","0"
"nl","C:\Users\Sipka\Desktop\Converter\languages\nl\converter\tar.bz2\xlsx-naar-tar.bz2\index.html","True","41","0"
"nl","C:\Users\Sipka\Desktop\Converter\languages\nl\converter\tar.bz2\zip-naar-tar.bz2\index.html","True","41","0"
"nl","C:\Users\Sipka\Desktop\Converter\languages\nl\converter\tar.gz\7z-naar-tar.gz\index.html","True","41","0"
"nl","C:\Users\Sipka\Desktop\Converter\languages\nl\converter\tar.gz\aac-naar-tar.gz\index.html","True","41","0"
"nl","C:\Users\Sipka\Desktop\Converter\languages\nl\converter\tar.gz\aiff-naar-tar.gz\index.html","True","41","0"
"nl","C:\Users\Sipka\Desktop\Converter\languages\nl\converter\tar.gz\bmp-naar-tar.gz\index.html","True","41","0"
"nl","C:\Users\Sipka\Desktop\Converter\languages\nl\converter\tar.gz\csv-naar-tar.gz\index.html","True","41","0"
"nl","C:\Users\Sipka\Desktop\Converter\languages\nl\converter\tar.gz\docx-naar-tar.gz\index.html","True","41","0"
"nl","C:\Users\Sipka\Desktop\Converter\languages\nl\converter\tar.gz\flac-naar-tar.gz\index.html","True","41","0"
"nl","C:\Users\Sipka\Desktop\Converter\languages\nl\converter\tar.gz\gif-naar-tar.gz\index.html","True","41","0"
"nl","C:\Users\Sipka\Desktop\Converter\languages\nl\converter\tar.gz\html-naar-tar.gz\index.html","True","41","0"
"nl","C:\Users\Sipka\Desktop\Converter\languages\nl\converter\tar.gz\jpeg-naar-tar.gz\index.html","True","41","0"
"nl","C:\Users\Sipka\Desktop\Converter\languages\nl\converter\tar.gz\jpg-naar-tar.gz\index.html","True","41","0"
"nl","C:\Users\Sipka\Desktop\Converter\languages\nl\converter\tar.gz\json-naar-tar.gz\index.html","True","41","0"
"nl","C:\Users\Sipka\Desktop\Converter\languages\nl\converter\tar.gz\jsonl-naar-tar.gz\index.html","True","41","0"
"nl","C:\Users\Sipka\Desktop\Converter\languages\nl\converter\tar.gz\m4a-naar-tar.gz\index.html","True","41","0"
"nl","C:\Users\Sipka\Desktop\Converter\languages\nl\converter\tar.gz\m4v-naar-tar.gz\index.html","True","41","0"
"nl","C:\Users\Sipka\Desktop\Converter\languages\nl\converter\tar.gz\md-naar-tar.gz\index.html","True","41","0"
"nl","C:\Users\Sipka\Desktop\Converter\languages\nl\converter\tar.gz\mkv-naar-tar.gz\index.html","True","41","0"
"nl","C:\Users\Sipka\Desktop\Converter\languages\nl\converter\tar.gz\mov-naar-tar.gz\index.html","True","41","0"
"nl","C:\Users\Sipka\Desktop\Converter\languages\nl\converter\tar.gz\mp3-naar-tar.gz\index.html","True","41","0"
"nl","C:\Users\Sipka\Desktop\Converter\languages\nl\converter\tar.gz\mp4-naar-tar.gz\index.html","True","41","0"
"nl","C:\Users\Sipka\Desktop\Converter\languages\nl\converter\tar.gz\ogg-naar-tar.gz\index.html","True","41","0"
"nl","C:\Users\Sipka\Desktop\Converter\languages\nl\converter\tar.gz\opus-naar-tar.gz\index.html","True","41","0"
"nl","C:\Users\Sipka\Desktop\Converter\languages\nl\converter\tar.gz\pdf-naar-tar.gz\index.html","True","41","0"
"nl","C:\Users\Sipka\Desktop\Converter\languages\nl\converter\tar.gz\png-naar-tar.gz\index.html","True","41","0"
"nl","C:\Users\Sipka\Desktop\Converter\languages\nl\converter\tar.gz\pptx-naar-tar.gz\index.html","True","41","0"
"nl","C:\Users\Sipka\Desktop\Converter\languages\nl\converter\tar.gz\rar-naar-tar.gz\index.html","True","41","0"
"nl","C:\Users\Sipka\Desktop\Converter\languages\nl\converter\tar.gz\rtf-naar-tar.gz\index.html","True","41","0"
"nl","C:\Users\Sipka\Desktop\Converter\languages\nl\converter\tar.gz\svg-naar-tar.gz\index.html","True","41","0"
"nl","C:\Users\Sipka\Desktop\Converter\languages\nl\converter\tar.gz\tar-naar-tar.gz\index.html","True","41","0"
"nl","C:\Users\Sipka\Desktop\Converter\languages\nl\converter\tar.gz\tar.bz2-naar-tar.gz\index.html","True","41","0"
"nl","C:\Users\Sipka\Desktop\Converter\languages\nl\converter\tar.gz\tar.xz-naar-tar.gz\index.html","True","41","0"
"nl","C:\Users\Sipka\Desktop\Converter\languages\nl\converter\tar.gz\tbz-naar-tar.gz\index.html","True","41","0"
"nl","C:\Users\Sipka\Desktop\Converter\languages\nl\converter\tar.gz\tgz-naar-tar.gz\index.html","True","41","0"
"nl","C:\Users\Sipka\Desktop\Converter\languages\nl\converter\tar.gz\tiff-naar-tar.gz\index.html","True","41","0"
"nl","C:\Users\Sipka\Desktop\Converter\languages\nl\converter\tar.gz\tsv-naar-tar.gz\index.html","True","41","0"
"nl","C:\Users\Sipka\Desktop\Converter\languages\nl\converter\tar.gz\txt-naar-tar.gz\index.html","True","41","0"
"nl","C:\Users\Sipka\Desktop\Converter\languages\nl\converter\tar.gz\txz-naar-tar.gz\index.html","True","41","0"
"nl","C:\Users\Sipka\Desktop\Converter\languages\nl\converter\tar.gz\wav-naar-tar.gz\index.html","True","41","0"
"nl","C:\Users\Sipka\Desktop\Converter\languages\nl\converter\tar.gz\webm-naar-tar.gz\index.html","True","41","0"
"nl","C:\Users\Sipka\Desktop\Converter\languages\nl\converter\tar.gz\webp-naar-tar.gz\index.html","True","41","0"
"nl","C:\Users\Sipka\Desktop\Converter\languages\nl\converter\tar.gz\xlsx-naar-tar.gz\index.html","True","41","0"
"nl","C:\Users\Sipka\Desktop\Converter\languages\nl\converter\tar.gz\zip-naar-tar.gz\index.html","True","41","0"
"nl","C:\Users\Sipka\Desktop\Converter\languages\nl\converter\tar.xz\7z-naar-tar.xz\index.html","True","41","0"
"nl","C:\Users\Sipka\Desktop\Converter\languages\nl\converter\tar.xz\aac-naar-tar.xz\index.html","True","41","0"
"nl","C:\Users\Sipka\Desktop\Converter\languages\nl\converter\tar.xz\aiff-naar-tar.xz\index.html","True","41","0"
"nl","C:\Users\Sipka\Desktop\Converter\languages\nl\converter\tar.xz\bmp-naar-tar.xz\index.html","True","41","0"
"nl","C:\Users\Sipka\Desktop\Converter\languages\nl\converter\tar.xz\csv-naar-tar.xz\index.html","True","41","0"
"nl","C:\Users\Sipka\Desktop\Converter\languages\nl\converter\tar.xz\docx-naar-tar.xz\index.html","True","41","0"
"nl","C:\Users\Sipka\Desktop\Converter\languages\nl\converter\tar.xz\flac-naar-tar.xz\index.html","True","41","0"
"nl","C:\Users\Sipka\Desktop\Converter\languages\nl\converter\tar.xz\gif-naar-tar.xz\index.html","True","41","0"
"nl","C:\Users\Sipka\Desktop\Converter\languages\nl\converter\tar.xz\html-naar-tar.xz\index.html","True","41","0"
"nl","C:\Users\Sipka\Desktop\Converter\languages\nl\converter\tar.xz\jpeg-naar-tar.xz\index.html","True","41","0"
"nl","C:\Users\Sipka\Desktop\Converter\languages\nl\converter\tar.xz\jpg-naar-tar.xz\index.html","True","41","0"
"nl","C:\Users\Sipka\Desktop\Converter\languages\nl\converter\tar.xz\json-naar-tar.xz\index.html","True","41","0"
"nl","C:\Users\Sipka\Desktop\Converter\languages\nl\converter\tar.xz\jsonl-naar-tar.xz\index.html","True","41","0"
"nl","C:\Users\Sipka\Desktop\Converter\languages\nl\converter\tar.xz\m4a-naar-tar.xz\index.html","True","41","0"
"nl","C:\Users\Sipka\Desktop\Converter\languages\nl\converter\tar.xz\m4v-naar-tar.xz\index.html","True","41","0"
"nl","C:\Users\Sipka\Desktop\Converter\languages\nl\converter\tar.xz\md-naar-tar.xz\index.html","True","41","0"
"nl","C:\Users\Sipka\Desktop\Converter\languages\nl\converter\tar.xz\mkv-naar-tar.xz\index.html","True","41","0"
"nl","C:\Users\Sipka\Desktop\Converter\languages\nl\converter\tar.xz\mov-naar-tar.xz\index.html","True","41","0"
"nl","C:\Users\Sipka\Desktop\Converter\languages\nl\converter\tar.xz\mp3-naar-tar.xz\index.html","True","41","0"
"nl","C:\Users\Sipka\Desktop\Converter\languages\nl\converter\tar.xz\mp4-naar-tar.xz\index.html","True","41","0"
"nl","C:\Users\Sipka\Desktop\Converter\languages\nl\converter\tar.xz\ogg-naar-tar.xz\index.html","True","41","0"
"nl","C:\Users\Sipka\Desktop\Converter\languages\nl\converter\tar.xz\opus-naar-tar.xz\index.html","True","41","0"
"nl","C:\Users\Sipka\Desktop\Converter\languages\nl\converter\tar.xz\pdf-naar-tar.xz\index.html","True","41","0"
"nl","C:\Users\Sipka\Desktop\Converter\languages\nl\converter\tar.xz\png-naar-tar.xz\index.html","True","41","0"
"nl","C:\Users\Sipka\Desktop\Converter\languages\nl\converter\tar.xz\pptx-naar-tar.xz\index.html","True","41","0"
"nl","C:\Users\Sipka\Desktop\Converter\languages\nl\converter\tar.xz\rar-naar-tar.xz\index.html","True","41","0"
"nl","C:\Users\Sipka\Desktop\Converter\languages\nl\converter\tar.xz\rtf-naar-tar.xz\index.html","True","41","0"
"nl","C:\Users\Sipka\Desktop\Converter\languages\nl\converter\tar.xz\svg-naar-tar.xz\index.html","True","41","0"
"nl","C:\Users\Sipka\Desktop\Converter\languages\nl\converter\tar.xz\tar-naar-tar.xz\index.html","True","41","0"
"nl","C:\Users\Sipka\Desktop\Converter\languages\nl\converter\tar.xz\tar.bz2-naar-tar.xz\index.html","True","41","0"
"nl","C:\Users\Sipka\Desktop\Converter\languages\nl\converter\tar.xz\tar.gz-naar-tar.xz\index.html","True","41","0"
"nl","C:\Users\Sipka\Desktop\Converter\languages\nl\converter\tar.xz\tbz-naar-tar.xz\index.html","True","41","0"
"nl","C:\Users\Sipka\Desktop\Converter\languages\nl\converter\tar.xz\tgz-naar-tar.xz\index.html","True","41","0"
"nl","C:\Users\Sipka\Desktop\Converter\languages\nl\converter\tar.xz\tiff-naar-tar.xz\index.html","True","41","0"
"nl","C:\Users\Sipka\Desktop\Converter\languages\nl\converter\tar.xz\tsv-naar-tar.xz\index.html","True","41","0"
"nl","C:\Users\Sipka\Desktop\Converter\languages\nl\converter\tar.xz\txt-naar-tar.xz\index.html","True","41","0"
"nl","C:\Users\Sipka\Desktop\Converter\languages\nl\converter\tar.xz\txz-naar-tar.xz\index.html","True","41","0"
"nl","C:\Users\Sipka\Desktop\Converter\languages\nl\converter\tar.xz\wav-naar-tar.xz\index.html","True","41","0"
"nl","C:\Users\Sipka\Desktop\Converter\languages\nl\converter\tar.xz\webm-naar-tar.xz\index.html","True","41","0"
"nl","C:\Users\Sipka\Desktop\Converter\languages\nl\converter\tar.xz\webp-naar-tar.xz\index.html","True","41","0"
"nl","C:\Users\Sipka\Desktop\Converter\languages\nl\converter\tar.xz\xlsx-naar-tar.xz\index.html","True","41","0"
"nl","C:\Users\Sipka\Desktop\Converter\languages\nl\converter\tar.xz\zip-naar-tar.xz\index.html","True","41","0"
"nl","C:\Users\Sipka\Desktop\Converter\languages\nl\converter\tbz\7z-naar-tbz\index.html","True","41","0"
"nl","C:\Users\Sipka\Desktop\Converter\languages\nl\converter\tbz\aac-naar-tbz\index.html","True","41","0"
"nl","C:\Users\Sipka\Desktop\Converter\languages\nl\converter\tbz\aiff-naar-tbz\index.html","True","41","0"
"nl","C:\Users\Sipka\Desktop\Converter\languages\nl\converter\tbz\bmp-naar-tbz\index.html","True","41","0"
"nl","C:\Users\Sipka\Desktop\Converter\languages\nl\converter\tbz\csv-naar-tbz\index.html","True","41","0"
"nl","C:\Users\Sipka\Desktop\Converter\languages\nl\converter\tbz\docx-naar-tbz\index.html","True","41","0"
"nl","C:\Users\Sipka\Desktop\Converter\languages\nl\converter\tbz\flac-naar-tbz\index.html","True","41","0"
"nl","C:\Users\Sipka\Desktop\Converter\languages\nl\converter\tbz\gif-naar-tbz\index.html","True","41","0"
"nl","C:\Users\Sipka\Desktop\Converter\languages\nl\converter\tbz\html-naar-tbz\index.html","True","41","0"
"nl","C:\Users\Sipka\Desktop\Converter\languages\nl\converter\tbz\jpeg-naar-tbz\index.html","True","41","0"
"nl","C:\Users\Sipka\Desktop\Converter\languages\nl\converter\tbz\jpg-naar-tbz\index.html","True","41","0"
"nl","C:\Users\Sipka\Desktop\Converter\languages\nl\converter\tbz\json-naar-tbz\index.html","True","41","0"
"nl","C:\Users\Sipka\Desktop\Converter\languages\nl\converter\tbz\jsonl-naar-tbz\index.html","True","41","0"
"nl","C:\Users\Sipka\Desktop\Converter\languages\nl\converter\tbz\m4a-naar-tbz\index.html","True","41","0"
"nl","C:\Users\Sipka\Desktop\Converter\languages\nl\converter\tbz\m4v-naar-tbz\index.html","True","41","0"
"nl","C:\Users\Sipka\Desktop\Converter\languages\nl\converter\tbz\md-naar-tbz\index.html","True","41","0"
"nl","C:\Users\Sipka\Desktop\Converter\languages\nl\converter\tbz\mkv-naar-tbz\index.html","True","41","0"
"nl","C:\Users\Sipka\Desktop\Converter\languages\nl\converter\tbz\mov-naar-tbz\index.html","True","41","0"
"nl","C:\Users\Sipka\Desktop\Converter\languages\nl\converter\tbz\mp3-naar-tbz\index.html","True","41","0"
"nl","C:\Users\Sipka\Desktop\Converter\languages\nl\converter\tbz\mp4-naar-tbz\index.html","True","41","0"
"nl","C:\Users\Sipka\Desktop\Converter\languages\nl\converter\tbz\ogg-naar-tbz\index.html","True","41","0"
"nl","C:\Users\Sipka\Desktop\Converter\languages\nl\converter\tbz\opus-naar-tbz\index.html","True","41","0"
"nl","C:\Users\Sipka\Desktop\Converter\languages\nl\converter\tbz\pdf-naar-tbz\index.html","True","41","0"
"nl","C:\Users\Sipka\Desktop\Converter\languages\nl\converter\tbz\png-naar-tbz\index.html","True","41","0"
"nl","C:\Users\Sipka\Desktop\Converter\languages\nl\converter\tbz\pptx-naar-tbz\index.html","True","41","0"
"nl","C:\Users\Sipka\Desktop\Converter\languages\nl\converter\tbz\rar-naar-tbz\index.html","True","41","0"
"nl","C:\Users\Sipka\Desktop\Converter\languages\nl\converter\tbz\rtf-naar-tbz\index.html","True","41","0"
"nl","C:\Users\Sipka\Desktop\Converter\languages\nl\converter\tbz\svg-naar-tbz\index.html","True","41","0"
"nl","C:\Users\Sipka\Desktop\Converter\languages\nl\converter\tbz\tar-naar-tbz\index.html","True","41","0"
"nl","C:\Users\Sipka\Desktop\Converter\languages\nl\converter\tbz\tar.bz2-naar-tbz\index.html","True","41","0"
"nl","C:\Users\Sipka\Desktop\Converter\languages\nl\converter\tbz\tar.gz-naar-tbz\index.html","True","41","0"
"nl","C:\Users\Sipka\Desktop\Converter\languages\nl\converter\tbz\tar.xz-naar-tbz\index.html","True","41","0"
"nl","C:\Users\Sipka\Desktop\Converter\languages\nl\converter\tbz\tgz-naar-tbz\index.html","True","41","0"
"nl","C:\Users\Sipka\Desktop\Converter\languages\nl\converter\tbz\tiff-naar-tbz\index.html","True","41","0"
"nl","C:\Users\Sipka\Desktop\Converter\languages\nl\converter\tbz\tsv-naar-tbz\index.html","True","41","0"
"nl","C:\Users\Sipka\Desktop\Converter\languages\nl\converter\tbz\txt-naar-tbz\index.html","True","41","0"
"nl","C:\Users\Sipka\Desktop\Converter\languages\nl\converter\tbz\txz-naar-tbz\index.html","True","41","0"
"nl","C:\Users\Sipka\Desktop\Converter\languages\nl\converter\tbz\wav-naar-tbz\index.html","True","41","0"
"nl","C:\Users\Sipka\Desktop\Converter\languages\nl\converter\tbz\webm-naar-tbz\index.html","True","41","0"
"nl","C:\Users\Sipka\Desktop\Converter\languages\nl\converter\tbz\webp-naar-tbz\index.html","True","41","0"
"nl","C:\Users\Sipka\Desktop\Converter\languages\nl\converter\tbz\xlsx-naar-tbz\index.html","True","41","0"
"nl","C:\Users\Sipka\Desktop\Converter\languages\nl\converter\tbz\zip-naar-tbz\index.html","True","41","0"
"nl","C:\Users\Sipka\Desktop\Converter\languages\nl\converter\tgz\7z-naar-tgz\index.html","True","41","0"
"nl","C:\Users\Sipka\Desktop\Converter\languages\nl\converter\tgz\aac-naar-tgz\index.html","True","41","0"
"nl","C:\Users\Sipka\Desktop\Converter\languages\nl\converter\tgz\aiff-naar-tgz\index.html","True","41","0"
"nl","C:\Users\Sipka\Desktop\Converter\languages\nl\converter\tgz\bmp-naar-tgz\index.html","True","41","0"
"nl","C:\Users\Sipka\Desktop\Converter\languages\nl\converter\tgz\csv-naar-tgz\index.html","True","41","0"
"nl","C:\Users\Sipka\Desktop\Converter\languages\nl\converter\tgz\docx-naar-tgz\index.html","True","41","0"
"nl","C:\Users\Sipka\Desktop\Converter\languages\nl\converter\tgz\flac-naar-tgz\index.html","True","41","0"
"nl","C:\Users\Sipka\Desktop\Converter\languages\nl\converter\tgz\gif-naar-tgz\index.html","True","41","0"
"nl","C:\Users\Sipka\Desktop\Converter\languages\nl\converter\tgz\html-naar-tgz\index.html","True","41","0"
"nl","C:\Users\Sipka\Desktop\Converter\languages\nl\converter\tgz\jpeg-naar-tgz\index.html","True","41","0"
"nl","C:\Users\Sipka\Desktop\Converter\languages\nl\converter\tgz\jpg-naar-tgz\index.html","True","41","0"
"nl","C:\Users\Sipka\Desktop\Converter\languages\nl\converter\tgz\json-naar-tgz\index.html","True","41","0"
"nl","C:\Users\Sipka\Desktop\Converter\languages\nl\converter\tgz\jsonl-naar-tgz\index.html","True","41","0"
"nl","C:\Users\Sipka\Desktop\Converter\languages\nl\converter\tgz\m4a-naar-tgz\index.html","True","41","0"
"nl","C:\Users\Sipka\Desktop\Converter\languages\nl\converter\tgz\m4v-naar-tgz\index.html","True","41","0"
"nl","C:\Users\Sipka\Desktop\Converter\languages\nl\converter\tgz\md-naar-tgz\index.html","True","41","0"
"nl","C:\Users\Sipka\Desktop\Converter\languages\nl\converter\tgz\mkv-naar-tgz\index.html","True","41","0"
"nl","C:\Users\Sipka\Desktop\Converter\languages\nl\converter\tgz\mov-naar-tgz\index.html","True","41","0"
"nl","C:\Users\Sipka\Desktop\Converter\languages\nl\converter\tgz\mp3-naar-tgz\index.html","True","41","0"
"nl","C:\Users\Sipka\Desktop\Converter\languages\nl\converter\tgz\mp4-naar-tgz\index.html","True","41","0"
"nl","C:\Users\Sipka\Desktop\Converter\languages\nl\converter\tgz\ogg-naar-tgz\index.html","True","41","0"
"nl","C:\Users\Sipka\Desktop\Converter\languages\nl\converter\tgz\opus-naar-tgz\index.html","True","41","0"
"nl","C:\Users\Sipka\Desktop\Converter\languages\nl\converter\tgz\pdf-naar-tgz\index.html","True","41","0"
"nl","C:\Users\Sipka\Desktop\Converter\languages\nl\converter\tgz\png-naar-tgz\index.html","True","41","0"
"nl","C:\Users\Sipka\Desktop\Converter\languages\nl\converter\tgz\pptx-naar-tgz\index.html","True","41","0"
"nl","C:\Users\Sipka\Desktop\Converter\languages\nl\converter\tgz\rar-naar-tgz\index.html","True","41","0"
"nl","C:\Users\Sipka\Desktop\Converter\languages\nl\converter\tgz\rtf-naar-tgz\index.html","True","41","0"
"nl","C:\Users\Sipka\Desktop\Converter\languages\nl\converter\tgz\svg-naar-tgz\index.html","True","41","0"
"nl","C:\Users\Sipka\Desktop\Converter\languages\nl\converter\tgz\tar-naar-tgz\index.html","True","41","0"
"nl","C:\Users\Sipka\Desktop\Converter\languages\nl\converter\tgz\tar.bz2-naar-tgz\index.html","True","41","0"
"nl","C:\Users\Sipka\Desktop\Converter\languages\nl\converter\tgz\tar.gz-naar-tgz\index.html","True","41","0"
"nl","C:\Users\Sipka\Desktop\Converter\languages\nl\converter\tgz\tar.xz-naar-tgz\index.html","True","41","0"
"nl","C:\Users\Sipka\Desktop\Converter\languages\nl\converter\tgz\tbz-naar-tgz\index.html","True","41","0"
"nl","C:\Users\Sipka\Desktop\Converter\languages\nl\converter\tgz\tiff-naar-tgz\index.html","True","41","0"
"nl","C:\Users\Sipka\Desktop\Converter\languages\nl\converter\tgz\tsv-naar-tgz\index.html","True","41","0"
"nl","C:\Users\Sipka\Desktop\Converter\languages\nl\converter\tgz\txt-naar-tgz\index.html","True","41","0"
"nl","C:\Users\Sipka\Desktop\Converter\languages\nl\converter\tgz\txz-naar-tgz\index.html","True","41","0"
"nl","C:\Users\Sipka\Desktop\Converter\languages\nl\converter\tgz\wav-naar-tgz\index.html","True","41","0"
"nl","C:\Users\Sipka\Desktop\Converter\languages\nl\converter\tgz\webm-naar-tgz\index.html","True","41","0"
"nl","C:\Users\Sipka\Desktop\Converter\languages\nl\converter\tgz\webp-naar-tgz\index.html","True","41","0"
"nl","C:\Users\Sipka\Desktop\Converter\languages\nl\converter\tgz\xlsx-naar-tgz\index.html","True","41","0"
"nl","C:\Users\Sipka\Desktop\Converter\languages\nl\converter\tgz\zip-naar-tgz\index.html","True","41","0"
"nl","C:\Users\Sipka\Desktop\Converter\languages\nl\converter\tiff\7z-naar-tiff\index.html","True","41","0"
"nl","C:\Users\Sipka\Desktop\Converter\languages\nl\converter\tiff\aac-naar-tiff\index.html","True","41","0"
"nl","C:\Users\Sipka\Desktop\Converter\languages\nl\converter\tiff\aiff-naar-tiff\index.html","True","41","0"
"nl","C:\Users\Sipka\Desktop\Converter\languages\nl\converter\tiff\bmp-naar-tiff\index.html","True","41","0"
"nl","C:\Users\Sipka\Desktop\Converter\languages\nl\converter\tiff\csv-naar-tiff\index.html","True","41","0"
"nl","C:\Users\Sipka\Desktop\Converter\languages\nl\converter\tiff\docx-naar-tiff\index.html","True","41","0"
"nl","C:\Users\Sipka\Desktop\Converter\languages\nl\converter\tiff\flac-naar-tiff\index.html","True","41","0"
"nl","C:\Users\Sipka\Desktop\Converter\languages\nl\converter\tiff\gif-naar-tiff\index.html","True","41","0"
"nl","C:\Users\Sipka\Desktop\Converter\languages\nl\converter\tiff\html-naar-tiff\index.html","True","41","0"
"nl","C:\Users\Sipka\Desktop\Converter\languages\nl\converter\tiff\jpeg-naar-tiff\index.html","True","41","0"
"nl","C:\Users\Sipka\Desktop\Converter\languages\nl\converter\tiff\jpg-naar-tiff\index.html","True","41","0"
"nl","C:\Users\Sipka\Desktop\Converter\languages\nl\converter\tiff\json-naar-tiff\index.html","True","41","0"
"nl","C:\Users\Sipka\Desktop\Converter\languages\nl\converter\tiff\jsonl-naar-tiff\index.html","True","41","0"
"nl","C:\Users\Sipka\Desktop\Converter\languages\nl\converter\tiff\m4a-naar-tiff\index.html","True","41","0"
"nl","C:\Users\Sipka\Desktop\Converter\languages\nl\converter\tiff\m4v-naar-tiff\index.html","True","41","0"
"nl","C:\Users\Sipka\Desktop\Converter\languages\nl\converter\tiff\md-naar-tiff\index.html","True","41","0"
"nl","C:\Users\Sipka\Desktop\Converter\languages\nl\converter\tiff\mkv-naar-tiff\index.html","True","41","0"
"nl","C:\Users\Sipka\Desktop\Converter\languages\nl\converter\tiff\mov-naar-tiff\index.html","True","41","0"
"nl","C:\Users\Sipka\Desktop\Converter\languages\nl\converter\tiff\mp3-naar-tiff\index.html","True","41","0"
"nl","C:\Users\Sipka\Desktop\Converter\languages\nl\converter\tiff\mp4-naar-tiff\index.html","True","41","0"
"nl","C:\Users\Sipka\Desktop\Converter\languages\nl\converter\tiff\ogg-naar-tiff\index.html","True","41","0"
"nl","C:\Users\Sipka\Desktop\Converter\languages\nl\converter\tiff\opus-naar-tiff\index.html","True","41","0"
"nl","C:\Users\Sipka\Desktop\Converter\languages\nl\converter\tiff\pdf-naar-tiff\index.html","True","41","0"
"nl","C:\Users\Sipka\Desktop\Converter\languages\nl\converter\tiff\png-naar-tiff\index.html","True","41","0"
"nl","C:\Users\Sipka\Desktop\Converter\languages\nl\converter\tiff\pptx-naar-tiff\index.html","True","41","0"
"nl","C:\Users\Sipka\Desktop\Converter\languages\nl\converter\tiff\rar-naar-tiff\index.html","True","41","0"
"nl","C:\Users\Sipka\Desktop\Converter\languages\nl\converter\tiff\rtf-naar-tiff\index.html","True","41","0"
"nl","C:\Users\Sipka\Desktop\Converter\languages\nl\converter\tiff\svg-naar-tiff\index.html","True","41","0"
"nl","C:\Users\Sipka\Desktop\Converter\languages\nl\converter\tiff\tar-naar-tiff\index.html","True","41","0"
"nl","C:\Users\Sipka\Desktop\Converter\languages\nl\converter\tiff\tar.bz2-naar-tiff\index.html","True","41","0"
"nl","C:\Users\Sipka\Desktop\Converter\languages\nl\converter\tiff\tar.gz-naar-tiff\index.html","True","41","0"
"nl","C:\Users\Sipka\Desktop\Converter\languages\nl\converter\tiff\tar.xz-naar-tiff\index.html","True","41","0"
"nl","C:\Users\Sipka\Desktop\Converter\languages\nl\converter\tiff\tbz-naar-tiff\index.html","True","41","0"
"nl","C:\Users\Sipka\Desktop\Converter\languages\nl\converter\tiff\tgz-naar-tiff\index.html","True","41","0"
"nl","C:\Users\Sipka\Desktop\Converter\languages\nl\converter\tiff\tsv-naar-tiff\index.html","True","41","0"
"nl","C:\Users\Sipka\Desktop\Converter\languages\nl\converter\tiff\txt-naar-tiff\index.html","True","41","0"
"nl","C:\Users\Sipka\Desktop\Converter\languages\nl\converter\tiff\txz-naar-tiff\index.html","True","41","0"
"nl","C:\Users\Sipka\Desktop\Converter\languages\nl\converter\tiff\wav-naar-tiff\index.html","True","41","0"
"nl","C:\Users\Sipka\Desktop\Converter\languages\nl\converter\tiff\webm-naar-tiff\index.html","True","41","0"
"nl","C:\Users\Sipka\Desktop\Converter\languages\nl\converter\tiff\webp-naar-tiff\index.html","True","41","0"
"nl","C:\Users\Sipka\Desktop\Converter\languages\nl\converter\tiff\xlsx-naar-tiff\index.html","True","41","0"
"nl","C:\Users\Sipka\Desktop\Converter\languages\nl\converter\tiff\zip-naar-tiff\index.html","True","41","0"
"nl","C:\Users\Sipka\Desktop\Converter\languages\nl\converter\tsv\7z-naar-tsv\index.html","True","41","0"
"nl","C:\Users\Sipka\Desktop\Converter\languages\nl\converter\tsv\aac-naar-tsv\index.html","True","41","0"
"nl","C:\Users\Sipka\Desktop\Converter\languages\nl\converter\tsv\aiff-naar-tsv\index.html","True","41","0"
"nl","C:\Users\Sipka\Desktop\Converter\languages\nl\converter\tsv\bmp-naar-tsv\index.html","True","41","0"
"nl","C:\Users\Sipka\Desktop\Converter\languages\nl\converter\tsv\csv-naar-tsv\index.html","True","41","0"
"nl","C:\Users\Sipka\Desktop\Converter\languages\nl\converter\tsv\docx-naar-tsv\index.html","True","41","0"
"nl","C:\Users\Sipka\Desktop\Converter\languages\nl\converter\tsv\flac-naar-tsv\index.html","True","41","0"
"nl","C:\Users\Sipka\Desktop\Converter\languages\nl\converter\tsv\gif-naar-tsv\index.html","True","41","0"
"nl","C:\Users\Sipka\Desktop\Converter\languages\nl\converter\tsv\html-naar-tsv\index.html","True","41","0"
"nl","C:\Users\Sipka\Desktop\Converter\languages\nl\converter\tsv\jpeg-naar-tsv\index.html","True","41","0"
"nl","C:\Users\Sipka\Desktop\Converter\languages\nl\converter\tsv\jpg-naar-tsv\index.html","True","41","0"
"nl","C:\Users\Sipka\Desktop\Converter\languages\nl\converter\tsv\json-naar-tsv\index.html","True","41","0"
"nl","C:\Users\Sipka\Desktop\Converter\languages\nl\converter\tsv\jsonl-naar-tsv\index.html","True","41","0"
"nl","C:\Users\Sipka\Desktop\Converter\languages\nl\converter\tsv\m4a-naar-tsv\index.html","True","41","0"
"nl","C:\Users\Sipka\Desktop\Converter\languages\nl\converter\tsv\m4v-naar-tsv\index.html","True","41","0"
"nl","C:\Users\Sipka\Desktop\Converter\languages\nl\converter\tsv\md-naar-tsv\index.html","True","41","0"
"nl","C:\Users\Sipka\Desktop\Converter\languages\nl\converter\tsv\mkv-naar-tsv\index.html","True","41","0"
"nl","C:\Users\Sipka\Desktop\Converter\languages\nl\converter\tsv\mov-naar-tsv\index.html","True","41","0"
"nl","C:\Users\Sipka\Desktop\Converter\languages\nl\converter\tsv\mp3-naar-tsv\index.html","True","41","0"
"nl","C:\Users\Sipka\Desktop\Converter\languages\nl\converter\tsv\mp4-naar-tsv\index.html","True","41","0"
"nl","C:\Users\Sipka\Desktop\Converter\languages\nl\converter\tsv\ogg-naar-tsv\index.html","True","41","0"
"nl","C:\Users\Sipka\Desktop\Converter\languages\nl\converter\tsv\opus-naar-tsv\index.html","True","41","0"
"nl","C:\Users\Sipka\Desktop\Converter\languages\nl\converter\tsv\pdf-naar-tsv\index.html","True","41","0"
"nl","C:\Users\Sipka\Desktop\Converter\languages\nl\converter\tsv\png-naar-tsv\index.html","True","41","0"
"nl","C:\Users\Sipka\Desktop\Converter\languages\nl\converter\tsv\pptx-naar-tsv\index.html","True","41","0"
"nl","C:\Users\Sipka\Desktop\Converter\languages\nl\converter\tsv\rar-naar-tsv\index.html","True","41","0"
"nl","C:\Users\Sipka\Desktop\Converter\languages\nl\converter\tsv\rtf-naar-tsv\index.html","True","41","0"
"nl","C:\Users\Sipka\Desktop\Converter\languages\nl\converter\tsv\svg-naar-tsv\index.html","True","41","0"
"nl","C:\Users\Sipka\Desktop\Converter\languages\nl\converter\tsv\tar-naar-tsv\index.html","True","41","0"
"nl","C:\Users\Sipka\Desktop\Converter\languages\nl\converter\tsv\tar.bz2-naar-tsv\index.html","True","41","0"
"nl","C:\Users\Sipka\Desktop\Converter\languages\nl\converter\tsv\tar.gz-naar-tsv\index.html","True","41","0"
"nl","C:\Users\Sipka\Desktop\Converter\languages\nl\converter\tsv\tar.xz-naar-tsv\index.html","True","41","0"
"nl","C:\Users\Sipka\Desktop\Converter\languages\nl\converter\tsv\tbz-naar-tsv\index.html","True","41","0"
"nl","C:\Users\Sipka\Desktop\Converter\languages\nl\converter\tsv\tgz-naar-tsv\index.html","True","41","0"
"nl","C:\Users\Sipka\Desktop\Converter\languages\nl\converter\tsv\tiff-naar-tsv\index.html","True","41","0"
"nl","C:\Users\Sipka\Desktop\Converter\languages\nl\converter\tsv\txt-naar-tsv\index.html","True","41","0"
"nl","C:\Users\Sipka\Desktop\Converter\languages\nl\converter\tsv\txz-naar-tsv\index.html","True","41","0"
"nl","C:\Users\Sipka\Desktop\Converter\languages\nl\converter\tsv\wav-naar-tsv\index.html","True","41","0"
"nl","C:\Users\Sipka\Desktop\Converter\languages\nl\converter\tsv\webm-naar-tsv\index.html","True","41","0"
"nl","C:\Users\Sipka\Desktop\Converter\languages\nl\converter\tsv\webp-naar-tsv\index.html","True","41","0"
"nl","C:\Users\Sipka\Desktop\Converter\languages\nl\converter\tsv\xlsx-naar-tsv\index.html","True","41","0"
"nl","C:\Users\Sipka\Desktop\Converter\languages\nl\converter\tsv\zip-naar-tsv\index.html","True","41","0"
"nl","C:\Users\Sipka\Desktop\Converter\languages\nl\converter\txt\7z-naar-txt\index.html","True","41","0"
"nl","C:\Users\Sipka\Desktop\Converter\languages\nl\converter\txt\aac-naar-txt\index.html","True","41","0"
"nl","C:\Users\Sipka\Desktop\Converter\languages\nl\converter\txt\aiff-naar-txt\index.html","True","41","0"
"nl","C:\Users\Sipka\Desktop\Converter\languages\nl\converter\txt\bmp-naar-txt\index.html","True","41","0"
"nl","C:\Users\Sipka\Desktop\Converter\languages\nl\converter\txt\csv-naar-txt\index.html","True","41","0"
"nl","C:\Users\Sipka\Desktop\Converter\languages\nl\converter\txt\docx-naar-txt\index.html","True","41","0"
"nl","C:\Users\Sipka\Desktop\Converter\languages\nl\converter\txt\flac-naar-txt\index.html","True","41","0"
"nl","C:\Users\Sipka\Desktop\Converter\languages\nl\converter\txt\gif-naar-txt\index.html","True","41","0"
"nl","C:\Users\Sipka\Desktop\Converter\languages\nl\converter\txt\html-naar-txt\index.html","True","41","0"
"nl","C:\Users\Sipka\Desktop\Converter\languages\nl\converter\txt\jpeg-naar-txt\index.html","True","41","0"
"nl","C:\Users\Sipka\Desktop\Converter\languages\nl\converter\txt\jpg-naar-txt\index.html","True","41","0"
"nl","C:\Users\Sipka\Desktop\Converter\languages\nl\converter\txt\json-naar-txt\index.html","True","41","0"
"nl","C:\Users\Sipka\Desktop\Converter\languages\nl\converter\txt\jsonl-naar-txt\index.html","True","41","0"
"nl","C:\Users\Sipka\Desktop\Converter\languages\nl\converter\txt\m4a-naar-txt\index.html","True","41","0"
"nl","C:\Users\Sipka\Desktop\Converter\languages\nl\converter\txt\m4v-naar-txt\index.html","True","41","0"
"nl","C:\Users\Sipka\Desktop\Converter\languages\nl\converter\txt\md-naar-txt\index.html","True","41","0"
"nl","C:\Users\Sipka\Desktop\Converter\languages\nl\converter\txt\mkv-naar-txt\index.html","True","41","0"
"nl","C:\Users\Sipka\Desktop\Converter\languages\nl\converter\txt\mov-naar-txt\index.html","True","41","0"
"nl","C:\Users\Sipka\Desktop\Converter\languages\nl\converter\txt\mp3-naar-txt\index.html","True","41","0"
"nl","C:\Users\Sipka\Desktop\Converter\languages\nl\converter\txt\mp4-naar-txt\index.html","True","41","0"
"nl","C:\Users\Sipka\Desktop\Converter\languages\nl\converter\txt\ogg-naar-txt\index.html","True","41","0"
"nl","C:\Users\Sipka\Desktop\Converter\languages\nl\converter\txt\opus-naar-txt\index.html","True","41","0"
"nl","C:\Users\Sipka\Desktop\Converter\languages\nl\converter\txt\pdf-naar-txt\index.html","True","41","0"
"nl","C:\Users\Sipka\Desktop\Converter\languages\nl\converter\txt\png-naar-txt\index.html","True","41","0"
"nl","C:\Users\Sipka\Desktop\Converter\languages\nl\converter\txt\pptx-naar-txt\index.html","True","41","0"
"nl","C:\Users\Sipka\Desktop\Converter\languages\nl\converter\txt\rar-naar-txt\index.html","True","41","0"
"nl","C:\Users\Sipka\Desktop\Converter\languages\nl\converter\txt\rtf-naar-txt\index.html","True","41","0"
"nl","C:\Users\Sipka\Desktop\Converter\languages\nl\converter\txt\svg-naar-txt\index.html","True","41","0"
"nl","C:\Users\Sipka\Desktop\Converter\languages\nl\converter\txt\tar-naar-txt\index.html","True","41","0"
"nl","C:\Users\Sipka\Desktop\Converter\languages\nl\converter\txt\tar.bz2-naar-txt\index.html","True","41","0"
"nl","C:\Users\Sipka\Desktop\Converter\languages\nl\converter\txt\tar.gz-naar-txt\index.html","True","41","0"
"nl","C:\Users\Sipka\Desktop\Converter\languages\nl\converter\txt\tar.xz-naar-txt\index.html","True","41","0"
"nl","C:\Users\Sipka\Desktop\Converter\languages\nl\converter\txt\tbz-naar-txt\index.html","True","41","0"
"nl","C:\Users\Sipka\Desktop\Converter\languages\nl\converter\txt\tgz-naar-txt\index.html","True","41","0"
"nl","C:\Users\Sipka\Desktop\Converter\languages\nl\converter\txt\tiff-naar-txt\index.html","True","41","0"
"nl","C:\Users\Sipka\Desktop\Converter\languages\nl\converter\txt\tsv-naar-txt\index.html","True","41","0"
"nl","C:\Users\Sipka\Desktop\Converter\languages\nl\converter\txt\txz-naar-txt\index.html","True","41","0"
"nl","C:\Users\Sipka\Desktop\Converter\languages\nl\converter\txt\wav-naar-txt\index.html","True","41","0"
"nl","C:\Users\Sipka\Desktop\Converter\languages\nl\converter\txt\webm-naar-txt\index.html","True","41","0"
"nl","C:\Users\Sipka\Desktop\Converter\languages\nl\converter\txt\webp-naar-txt\index.html","True","41","0"
"nl","C:\Users\Sipka\Desktop\Converter\languages\nl\converter\txt\xlsx-naar-txt\index.html","True","41","0"
"nl","C:\Users\Sipka\Desktop\Converter\languages\nl\converter\txt\zip-naar-txt\index.html","True","41","0"
"nl","C:\Users\Sipka\Desktop\Converter\languages\nl\converter\txz\7z-naar-txz\index.html","True","41","0"
"nl","C:\Users\Sipka\Desktop\Converter\languages\nl\converter\txz\aac-naar-txz\index.html","True","41","0"
"nl","C:\Users\Sipka\Desktop\Converter\languages\nl\converter\txz\aiff-naar-txz\index.html","True","41","0"
"nl","C:\Users\Sipka\Desktop\Converter\languages\nl\converter\txz\bmp-naar-txz\index.html","True","41","0"
"nl","C:\Users\Sipka\Desktop\Converter\languages\nl\converter\txz\csv-naar-txz\index.html","True","41","0"
"nl","C:\Users\Sipka\Desktop\Converter\languages\nl\converter\txz\docx-naar-txz\index.html","True","41","0"
"nl","C:\Users\Sipka\Desktop\Converter\languages\nl\converter\txz\flac-naar-txz\index.html","True","41","0"
"nl","C:\Users\Sipka\Desktop\Converter\languages\nl\converter\txz\gif-naar-txz\index.html","True","41","0"
"nl","C:\Users\Sipka\Desktop\Converter\languages\nl\converter\txz\html-naar-txz\index.html","True","41","0"
"nl","C:\Users\Sipka\Desktop\Converter\languages\nl\converter\txz\jpeg-naar-txz\index.html","True","41","0"
"nl","C:\Users\Sipka\Desktop\Converter\languages\nl\converter\txz\jpg-naar-txz\index.html","True","41","0"
"nl","C:\Users\Sipka\Desktop\Converter\languages\nl\converter\txz\json-naar-txz\index.html","True","41","0"
"nl","C:\Users\Sipka\Desktop\Converter\languages\nl\converter\txz\jsonl-naar-txz\index.html","True","41","0"
"nl","C:\Users\Sipka\Desktop\Converter\languages\nl\converter\txz\m4a-naar-txz\index.html","True","41","0"
"nl","C:\Users\Sipka\Desktop\Converter\languages\nl\converter\txz\m4v-naar-txz\index.html","True","41","0"
"nl","C:\Users\Sipka\Desktop\Converter\languages\nl\converter\txz\md-naar-txz\index.html","True","41","0"
"nl","C:\Users\Sipka\Desktop\Converter\languages\nl\converter\txz\mkv-naar-txz\index.html","True","41","0"
"nl","C:\Users\Sipka\Desktop\Converter\languages\nl\converter\txz\mov-naar-txz\index.html","True","41","0"
"nl","C:\Users\Sipka\Desktop\Converter\languages\nl\converter\txz\mp3-naar-txz\index.html","True","41","0"
"nl","C:\Users\Sipka\Desktop\Converter\languages\nl\converter\txz\mp4-naar-txz\index.html","True","41","0"
"nl","C:\Users\Sipka\Desktop\Converter\languages\nl\converter\txz\ogg-naar-txz\index.html","True","41","0"
"nl","C:\Users\Sipka\Desktop\Converter\languages\nl\converter\txz\opus-naar-txz\index.html","True","41","0"
"nl","C:\Users\Sipka\Desktop\Converter\languages\nl\converter\txz\pdf-naar-txz\index.html","True","41","0"
"nl","C:\Users\Sipka\Desktop\Converter\languages\nl\converter\txz\png-naar-txz\index.html","True","41","0"
"nl","C:\Users\Sipka\Desktop\Converter\languages\nl\converter\txz\pptx-naar-txz\index.html","True","41","0"
"nl","C:\Users\Sipka\Desktop\Converter\languages\nl\converter\txz\rar-naar-txz\index.html","True","41","0"
"nl","C:\Users\Sipka\Desktop\Converter\languages\nl\converter\txz\rtf-naar-txz\index.html","True","41","0"
"nl","C:\Users\Sipka\Desktop\Converter\languages\nl\converter\txz\svg-naar-txz\index.html","True","41","0"
"nl","C:\Users\Sipka\Desktop\Converter\languages\nl\converter\txz\tar-naar-txz\index.html","True","41","0"
"nl","C:\Users\Sipka\Desktop\Converter\languages\nl\converter\txz\tar.bz2-naar-txz\index.html","True","41","0"
"nl","C:\Users\Sipka\Desktop\Converter\languages\nl\converter\txz\tar.gz-naar-txz\index.html","True","41","0"
"nl","C:\Users\Sipka\Desktop\Converter\languages\nl\converter\txz\tar.xz-naar-txz\index.html","True","41","0"
"nl","C:\Users\Sipka\Desktop\Converter\languages\nl\converter\txz\tbz-naar-txz\index.html","True","41","0"
"nl","C:\Users\Sipka\Desktop\Converter\languages\nl\converter\txz\tgz-naar-txz\index.html","True","41","0"
"nl","C:\Users\Sipka\Desktop\Converter\languages\nl\converter\txz\tiff-naar-txz\index.html","True","41","0"
"nl","C:\Users\Sipka\Desktop\Converter\languages\nl\converter\txz\tsv-naar-txz\index.html","True","41","0"
"nl","C:\Users\Sipka\Desktop\Converter\languages\nl\converter\txz\txt-naar-txz\index.html","True","41","0"
"nl","C:\Users\Sipka\Desktop\Converter\languages\nl\converter\txz\wav-naar-txz\index.html","True","41","0"
"nl","C:\Users\Sipka\Desktop\Converter\languages\nl\converter\txz\webm-naar-txz\index.html","True","41","0"
"nl","C:\Users\Sipka\Desktop\Converter\languages\nl\converter\txz\webp-naar-txz\index.html","True","41","0"
"nl","C:\Users\Sipka\Desktop\Converter\languages\nl\converter\txz\xlsx-naar-txz\index.html","True","41","0"
"nl","C:\Users\Sipka\Desktop\Converter\languages\nl\converter\txz\zip-naar-txz\index.html","True","41","0"
"nl","C:\Users\Sipka\Desktop\Converter\languages\nl\converter\wav\7z-naar-wav\index.html","True","41","0"
"nl","C:\Users\Sipka\Desktop\Converter\languages\nl\converter\wav\aac-naar-wav\index.html","True","41","0"
"nl","C:\Users\Sipka\Desktop\Converter\languages\nl\converter\wav\aiff-naar-wav\index.html","True","41","0"
"nl","C:\Users\Sipka\Desktop\Converter\languages\nl\converter\wav\bmp-naar-wav\index.html","True","41","0"
"nl","C:\Users\Sipka\Desktop\Converter\languages\nl\converter\wav\csv-naar-wav\index.html","True","41","0"
"nl","C:\Users\Sipka\Desktop\Converter\languages\nl\converter\wav\docx-naar-wav\index.html","True","41","0"
"nl","C:\Users\Sipka\Desktop\Converter\languages\nl\converter\wav\flac-naar-wav\index.html","True","41","0"
"nl","C:\Users\Sipka\Desktop\Converter\languages\nl\converter\wav\gif-naar-wav\index.html","True","41","0"
"nl","C:\Users\Sipka\Desktop\Converter\languages\nl\converter\wav\html-naar-wav\index.html","True","41","0"
"nl","C:\Users\Sipka\Desktop\Converter\languages\nl\converter\wav\jpeg-naar-wav\index.html","True","41","0"
"nl","C:\Users\Sipka\Desktop\Converter\languages\nl\converter\wav\jpg-naar-wav\index.html","True","41","0"
"nl","C:\Users\Sipka\Desktop\Converter\languages\nl\converter\wav\json-naar-wav\index.html","True","41","0"
"nl","C:\Users\Sipka\Desktop\Converter\languages\nl\converter\wav\jsonl-naar-wav\index.html","True","41","0"
"nl","C:\Users\Sipka\Desktop\Converter\languages\nl\converter\wav\m4a-naar-wav\index.html","True","41","0"
"nl","C:\Users\Sipka\Desktop\Converter\languages\nl\converter\wav\m4v-naar-wav\index.html","True","41","0"
"nl","C:\Users\Sipka\Desktop\Converter\languages\nl\converter\wav\md-naar-wav\index.html","True","41","0"
"nl","C:\Users\Sipka\Desktop\Converter\languages\nl\converter\wav\mkv-naar-wav\index.html","True","41","0"
"nl","C:\Users\Sipka\Desktop\Converter\languages\nl\converter\wav\mov-naar-wav\index.html","True","41","0"
"nl","C:\Users\Sipka\Desktop\Converter\languages\nl\converter\wav\mp3-naar-wav\index.html","True","41","0"
"nl","C:\Users\Sipka\Desktop\Converter\languages\nl\converter\wav\mp4-naar-wav\index.html","True","41","0"
"nl","C:\Users\Sipka\Desktop\Converter\languages\nl\converter\wav\ogg-naar-wav\index.html","True","41","0"
"nl","C:\Users\Sipka\Desktop\Converter\languages\nl\converter\wav\opus-naar-wav\index.html","True","41","0"
"nl","C:\Users\Sipka\Desktop\Converter\languages\nl\converter\wav\pdf-naar-wav\index.html","True","41","0"
"nl","C:\Users\Sipka\Desktop\Converter\languages\nl\converter\wav\png-naar-wav\index.html","True","41","0"
"nl","C:\Users\Sipka\Desktop\Converter\languages\nl\converter\wav\pptx-naar-wav\index.html","True","41","0"
"nl","C:\Users\Sipka\Desktop\Converter\languages\nl\converter\wav\rar-naar-wav\index.html","True","41","0"
"nl","C:\Users\Sipka\Desktop\Converter\languages\nl\converter\wav\rtf-naar-wav\index.html","True","41","0"
"nl","C:\Users\Sipka\Desktop\Converter\languages\nl\converter\wav\svg-naar-wav\index.html","True","41","0"
"nl","C:\Users\Sipka\Desktop\Converter\languages\nl\converter\wav\tar-naar-wav\index.html","True","41","0"
"nl","C:\Users\Sipka\Desktop\Converter\languages\nl\converter\wav\tar.bz2-naar-wav\index.html","True","41","0"
"nl","C:\Users\Sipka\Desktop\Converter\languages\nl\converter\wav\tar.gz-naar-wav\index.html","True","41","0"
"nl","C:\Users\Sipka\Desktop\Converter\languages\nl\converter\wav\tar.xz-naar-wav\index.html","True","41","0"
"nl","C:\Users\Sipka\Desktop\Converter\languages\nl\converter\wav\tbz-naar-wav\index.html","True","41","0"
"nl","C:\Users\Sipka\Desktop\Converter\languages\nl\converter\wav\tgz-naar-wav\index.html","True","41","0"
"nl","C:\Users\Sipka\Desktop\Converter\languages\nl\converter\wav\tiff-naar-wav\index.html","True","41","0"
"nl","C:\Users\Sipka\Desktop\Converter\languages\nl\converter\wav\tsv-naar-wav\index.html","True","41","0"
"nl","C:\Users\Sipka\Desktop\Converter\languages\nl\converter\wav\txt-naar-wav\index.html","True","41","0"
"nl","C:\Users\Sipka\Desktop\Converter\languages\nl\converter\wav\txz-naar-wav\index.html","True","41","0"
"nl","C:\Users\Sipka\Desktop\Converter\languages\nl\converter\wav\webm-naar-wav\index.html","True","41","0"
"nl","C:\Users\Sipka\Desktop\Converter\languages\nl\converter\wav\webp-naar-wav\index.html","True","41","0"
"nl","C:\Users\Sipka\Desktop\Converter\languages\nl\converter\wav\xlsx-naar-wav\index.html","True","41","0"
"nl","C:\Users\Sipka\Desktop\Converter\languages\nl\converter\wav\zip-naar-wav\index.html","True","41","0"
"nl","C:\Users\Sipka\Desktop\Converter\languages\nl\converter\webm\7z-naar-webm\index.html","True","41","0"
"nl","C:\Users\Sipka\Desktop\Converter\languages\nl\converter\webm\aac-naar-webm\index.html","True","41","0"
"nl","C:\Users\Sipka\Desktop\Converter\languages\nl\converter\webm\aiff-naar-webm\index.html","True","41","0"
"nl","C:\Users\Sipka\Desktop\Converter\languages\nl\converter\webm\bmp-naar-webm\index.html","True","41","0"
"nl","C:\Users\Sipka\Desktop\Converter\languages\nl\converter\webm\csv-naar-webm\index.html","True","41","0"
"nl","C:\Users\Sipka\Desktop\Converter\languages\nl\converter\webm\docx-naar-webm\index.html","True","41","0"
"nl","C:\Users\Sipka\Desktop\Converter\languages\nl\converter\webm\flac-naar-webm\index.html","True","41","0"
"nl","C:\Users\Sipka\Desktop\Converter\languages\nl\converter\webm\gif-naar-webm\index.html","True","41","0"
"nl","C:\Users\Sipka\Desktop\Converter\languages\nl\converter\webm\html-naar-webm\index.html","True","41","0"
"nl","C:\Users\Sipka\Desktop\Converter\languages\nl\converter\webm\jpeg-naar-webm\index.html","True","41","0"
"nl","C:\Users\Sipka\Desktop\Converter\languages\nl\converter\webm\jpg-naar-webm\index.html","True","41","0"
"nl","C:\Users\Sipka\Desktop\Converter\languages\nl\converter\webm\json-naar-webm\index.html","True","41","0"
"nl","C:\Users\Sipka\Desktop\Converter\languages\nl\converter\webm\jsonl-naar-webm\index.html","True","41","0"
"nl","C:\Users\Sipka\Desktop\Converter\languages\nl\converter\webm\m4a-naar-webm\index.html","True","41","0"
"nl","C:\Users\Sipka\Desktop\Converter\languages\nl\converter\webm\m4v-naar-webm\index.html","True","41","0"
"nl","C:\Users\Sipka\Desktop\Converter\languages\nl\converter\webm\md-naar-webm\index.html","True","41","0"
"nl","C:\Users\Sipka\Desktop\Converter\languages\nl\converter\webm\mkv-naar-webm\index.html","True","41","0"
"nl","C:\Users\Sipka\Desktop\Converter\languages\nl\converter\webm\mov-naar-webm\index.html","True","41","0"
"nl","C:\Users\Sipka\Desktop\Converter\languages\nl\converter\webm\mp3-naar-webm\index.html","True","41","0"
"nl","C:\Users\Sipka\Desktop\Converter\languages\nl\converter\webm\mp4-naar-webm\index.html","True","41","0"
"nl","C:\Users\Sipka\Desktop\Converter\languages\nl\converter\webm\ogg-naar-webm\index.html","True","41","0"
"nl","C:\Users\Sipka\Desktop\Converter\languages\nl\converter\webm\opus-naar-webm\index.html","True","41","0"
"nl","C:\Users\Sipka\Desktop\Converter\languages\nl\converter\webm\pdf-naar-webm\index.html","True","41","0"
"nl","C:\Users\Sipka\Desktop\Converter\languages\nl\converter\webm\png-naar-webm\index.html","True","41","0"
"nl","C:\Users\Sipka\Desktop\Converter\languages\nl\converter\webm\pptx-naar-webm\index.html","True","41","0"
"nl","C:\Users\Sipka\Desktop\Converter\languages\nl\converter\webm\rar-naar-webm\index.html","True","41","0"
"nl","C:\Users\Sipka\Desktop\Converter\languages\nl\converter\webm\rtf-naar-webm\index.html","True","41","0"
"nl","C:\Users\Sipka\Desktop\Converter\languages\nl\converter\webm\svg-naar-webm\index.html","True","41","0"
"nl","C:\Users\Sipka\Desktop\Converter\languages\nl\converter\webm\tar-naar-webm\index.html","True","41","0"
"nl","C:\Users\Sipka\Desktop\Converter\languages\nl\converter\webm\tar.bz2-naar-webm\index.html","True","41","0"
"nl","C:\Users\Sipka\Desktop\Converter\languages\nl\converter\webm\tar.gz-naar-webm\index.html","True","41","0"
"nl","C:\Users\Sipka\Desktop\Converter\languages\nl\converter\webm\tar.xz-naar-webm\index.html","True","41","0"
"nl","C:\Users\Sipka\Desktop\Converter\languages\nl\converter\webm\tbz-naar-webm\index.html","True","41","0"
"nl","C:\Users\Sipka\Desktop\Converter\languages\nl\converter\webm\tgz-naar-webm\index.html","True","41","0"
"nl","C:\Users\Sipka\Desktop\Converter\languages\nl\converter\webm\tiff-naar-webm\index.html","True","41","0"
"nl","C:\Users\Sipka\Desktop\Converter\languages\nl\converter\webm\tsv-naar-webm\index.html","True","41","0"
"nl","C:\Users\Sipka\Desktop\Converter\languages\nl\converter\webm\txt-naar-webm\index.html","True","41","0"
"nl","C:\Users\Sipka\Desktop\Converter\languages\nl\converter\webm\txz-naar-webm\index.html","True","41","0"
"nl","C:\Users\Sipka\Desktop\Converter\languages\nl\converter\webm\wav-naar-webm\index.html","True","41","0"
"nl","C:\Users\Sipka\Desktop\Converter\languages\nl\converter\webm\webp-naar-webm\index.html","True","41","0"
"nl","C:\Users\Sipka\Desktop\Converter\languages\nl\converter\webm\xlsx-naar-webm\index.html","True","41","0"
"nl","C:\Users\Sipka\Desktop\Converter\languages\nl\converter\webm\zip-naar-webm\index.html","True","41","0"
"nl","C:\Users\Sipka\Desktop\Converter\languages\nl\converter\webp\7z-naar-webp\index.html","True","41","0"
"nl","C:\Users\Sipka\Desktop\Converter\languages\nl\converter\webp\aac-naar-webp\index.html","True","41","0"
"nl","C:\Users\Sipka\Desktop\Converter\languages\nl\converter\webp\aiff-naar-webp\index.html","True","41","0"
"nl","C:\Users\Sipka\Desktop\Converter\languages\nl\converter\webp\bmp-naar-webp\index.html","True","41","0"
"nl","C:\Users\Sipka\Desktop\Converter\languages\nl\converter\webp\csv-naar-webp\index.html","True","41","0"
"nl","C:\Users\Sipka\Desktop\Converter\languages\nl\converter\webp\docx-naar-webp\index.html","True","41","0"
"nl","C:\Users\Sipka\Desktop\Converter\languages\nl\converter\webp\flac-naar-webp\index.html","True","41","0"
"nl","C:\Users\Sipka\Desktop\Converter\languages\nl\converter\webp\gif-naar-webp\index.html","True","41","0"
"nl","C:\Users\Sipka\Desktop\Converter\languages\nl\converter\webp\html-naar-webp\index.html","True","41","0"
"nl","C:\Users\Sipka\Desktop\Converter\languages\nl\converter\webp\jpeg-naar-webp\index.html","True","41","0"
"nl","C:\Users\Sipka\Desktop\Converter\languages\nl\converter\webp\jpg-naar-webp\index.html","True","41","0"
"nl","C:\Users\Sipka\Desktop\Converter\languages\nl\converter\webp\json-naar-webp\index.html","True","41","0"
"nl","C:\Users\Sipka\Desktop\Converter\languages\nl\converter\webp\jsonl-naar-webp\index.html","True","41","0"
"nl","C:\Users\Sipka\Desktop\Converter\languages\nl\converter\webp\m4a-naar-webp\index.html","True","41","0"
"nl","C:\Users\Sipka\Desktop\Converter\languages\nl\converter\webp\m4v-naar-webp\index.html","True","41","0"
"nl","C:\Users\Sipka\Desktop\Converter\languages\nl\converter\webp\md-naar-webp\index.html","True","41","0"
"nl","C:\Users\Sipka\Desktop\Converter\languages\nl\converter\webp\mkv-naar-webp\index.html","True","41","0"
"nl","C:\Users\Sipka\Desktop\Converter\languages\nl\converter\webp\mov-naar-webp\index.html","True","41","0"
"nl","C:\Users\Sipka\Desktop\Converter\languages\nl\converter\webp\mp3-naar-webp\index.html","True","41","0"
"nl","C:\Users\Sipka\Desktop\Converter\languages\nl\converter\webp\mp4-naar-webp\index.html","True","41","0"
"nl","C:\Users\Sipka\Desktop\Converter\languages\nl\converter\webp\ogg-naar-webp\index.html","True","41","0"
"nl","C:\Users\Sipka\Desktop\Converter\languages\nl\converter\webp\opus-naar-webp\index.html","True","41","0"
"nl","C:\Users\Sipka\Desktop\Converter\languages\nl\converter\webp\pdf-naar-webp\index.html","True","41","0"
"nl","C:\Users\Sipka\Desktop\Converter\languages\nl\converter\webp\png-naar-webp\index.html","True","41","0"
"nl","C:\Users\Sipka\Desktop\Converter\languages\nl\converter\webp\pptx-naar-webp\index.html","True","41","0"
"nl","C:\Users\Sipka\Desktop\Converter\languages\nl\converter\webp\rar-naar-webp\index.html","True","41","0"
"nl","C:\Users\Sipka\Desktop\Converter\languages\nl\converter\webp\rtf-naar-webp\index.html","True","41","0"
"nl","C:\Users\Sipka\Desktop\Converter\languages\nl\converter\webp\svg-naar-webp\index.html","True","41","0"
"nl","C:\Users\Sipka\Desktop\Converter\languages\nl\converter\webp\tar-naar-webp\index.html","True","41","0"
"nl","C:\Users\Sipka\Desktop\Converter\languages\nl\converter\webp\tar.bz2-naar-webp\index.html","True","41","0"
"nl","C:\Users\Sipka\Desktop\Converter\languages\nl\converter\webp\tar.gz-naar-webp\index.html","True","41","0"
"nl","C:\Users\Sipka\Desktop\Converter\languages\nl\converter\webp\tar.xz-naar-webp\index.html","True","41","0"
"nl","C:\Users\Sipka\Desktop\Converter\languages\nl\converter\webp\tbz-naar-webp\index.html","True","41","0"
"nl","C:\Users\Sipka\Desktop\Converter\languages\nl\converter\webp\tgz-naar-webp\index.html","True","41","0"
"nl","C:\Users\Sipka\Desktop\Converter\languages\nl\converter\webp\tiff-naar-webp\index.html","True","41","0"
"nl","C:\Users\Sipka\Desktop\Converter\languages\nl\converter\webp\tsv-naar-webp\index.html","True","41","0"
"nl","C:\Users\Sipka\Desktop\Converter\languages\nl\converter\webp\txt-naar-webp\index.html","True","41","0"
"nl","C:\Users\Sipka\Desktop\Converter\languages\nl\converter\webp\txz-naar-webp\index.html","True","41","0"
"nl","C:\Users\Sipka\Desktop\Converter\languages\nl\converter\webp\wav-naar-webp\index.html","True","41","0"
"nl","C:\Users\Sipka\Desktop\Converter\languages\nl\converter\webp\webm-naar-webp\index.html","True","41","0"
"nl","C:\Users\Sipka\Desktop\Converter\languages\nl\converter\webp\xlsx-naar-webp\index.html","True","41","0"
"nl","C:\Users\Sipka\Desktop\Converter\languages\nl\converter\webp\zip-naar-webp\index.html","True","41","0"
"nl","C:\Users\Sipka\Desktop\Converter\languages\nl\converter\xlsx\7z-naar-xlsx\index.html","True","41","0"
"nl","C:\Users\Sipka\Desktop\Converter\languages\nl\converter\xlsx\aac-naar-xlsx\index.html","True","41","0"
"nl","C:\Users\Sipka\Desktop\Converter\languages\nl\converter\xlsx\aiff-naar-xlsx\index.html","True","41","0"
"nl","C:\Users\Sipka\Desktop\Converter\languages\nl\converter\xlsx\bmp-naar-xlsx\index.html","True","41","0"
"nl","C:\Users\Sipka\Desktop\Converter\languages\nl\converter\xlsx\csv-naar-xlsx\index.html","True","41","0"
"nl","C:\Users\Sipka\Desktop\Converter\languages\nl\converter\xlsx\docx-naar-xlsx\index.html","True","41","0"
"nl","C:\Users\Sipka\Desktop\Converter\languages\nl\converter\xlsx\flac-naar-xlsx\index.html","True","41","0"
"nl","C:\Users\Sipka\Desktop\Converter\languages\nl\converter\xlsx\gif-naar-xlsx\index.html","True","41","0"
"nl","C:\Users\Sipka\Desktop\Converter\languages\nl\converter\xlsx\html-naar-xlsx\index.html","True","41","0"
"nl","C:\Users\Sipka\Desktop\Converter\languages\nl\converter\xlsx\jpeg-naar-xlsx\index.html","True","41","0"
"nl","C:\Users\Sipka\Desktop\Converter\languages\nl\converter\xlsx\jpg-naar-xlsx\index.html","True","41","0"
"nl","C:\Users\Sipka\Desktop\Converter\languages\nl\converter\xlsx\json-naar-xlsx\index.html","True","41","0"
"nl","C:\Users\Sipka\Desktop\Converter\languages\nl\converter\xlsx\jsonl-naar-xlsx\index.html","True","41","0"
"nl","C:\Users\Sipka\Desktop\Converter\languages\nl\converter\xlsx\m4a-naar-xlsx\index.html","True","41","0"
"nl","C:\Users\Sipka\Desktop\Converter\languages\nl\converter\xlsx\m4v-naar-xlsx\index.html","True","41","0"
"nl","C:\Users\Sipka\Desktop\Converter\languages\nl\converter\xlsx\md-naar-xlsx\index.html","True","41","0"
"nl","C:\Users\Sipka\Desktop\Converter\languages\nl\converter\xlsx\mkv-naar-xlsx\index.html","True","41","0"
"nl","C:\Users\Sipka\Desktop\Converter\languages\nl\converter\xlsx\mov-naar-xlsx\index.html","True","41","0"
"nl","C:\Users\Sipka\Desktop\Converter\languages\nl\converter\xlsx\mp3-naar-xlsx\index.html","True","41","0"
"nl","C:\Users\Sipka\Desktop\Converter\languages\nl\converter\xlsx\mp4-naar-xlsx\index.html","True","41","0"
"nl","C:\Users\Sipka\Desktop\Converter\languages\nl\converter\xlsx\ogg-naar-xlsx\index.html","True","41","0"
"nl","C:\Users\Sipka\Desktop\Converter\languages\nl\converter\xlsx\opus-naar-xlsx\index.html","True","41","0"
"nl","C:\Users\Sipka\Desktop\Converter\languages\nl\converter\xlsx\pdf-naar-xlsx\index.html","True","41","0"
"nl","C:\Users\Sipka\Desktop\Converter\languages\nl\converter\xlsx\png-naar-xlsx\index.html","True","41","0"
"nl","C:\Users\Sipka\Desktop\Converter\languages\nl\converter\xlsx\pptx-naar-xlsx\index.html","True","41","0"
"nl","C:\Users\Sipka\Desktop\Converter\languages\nl\converter\xlsx\rar-naar-xlsx\index.html","True","41","0"
"nl","C:\Users\Sipka\Desktop\Converter\languages\nl\converter\xlsx\rtf-naar-xlsx\index.html","True","41","0"
"nl","C:\Users\Sipka\Desktop\Converter\languages\nl\converter\xlsx\svg-naar-xlsx\index.html","True","41","0"
"nl","C:\Users\Sipka\Desktop\Converter\languages\nl\converter\xlsx\tar-naar-xlsx\index.html","True","41","0"
"nl","C:\Users\Sipka\Desktop\Converter\languages\nl\converter\xlsx\tar.bz2-naar-xlsx\index.html","True","41","0"
"nl","C:\Users\Sipka\Desktop\Converter\languages\nl\converter\xlsx\tar.gz-naar-xlsx\index.html","True","41","0"
"nl","C:\Users\Sipka\Desktop\Converter\languages\nl\converter\xlsx\tar.xz-naar-xlsx\index.html","True","41","0"
"nl","C:\Users\Sipka\Desktop\Converter\languages\nl\converter\xlsx\tbz-naar-xlsx\index.html","True","41","0"
"nl","C:\Users\Sipka\Desktop\Converter\languages\nl\converter\xlsx\tgz-naar-xlsx\index.html","True","41","0"
"nl","C:\Users\Sipka\Desktop\Converter\languages\nl\converter\xlsx\tiff-naar-xlsx\index.html","True","41","0"
"nl","C:\Users\Sipka\Desktop\Converter\languages\nl\converter\xlsx\tsv-naar-xlsx\index.html","True","41","0"
"nl","C:\Users\Sipka\Desktop\Converter\languages\nl\converter\xlsx\txt-naar-xlsx\index.html","True","41","0"
"nl","C:\Users\Sipka\Desktop\Converter\languages\nl\converter\xlsx\txz-naar-xlsx\index.html","True","41","0"
"nl","C:\Users\Sipka\Desktop\Converter\languages\nl\converter\xlsx\wav-naar-xlsx\index.html","True","41","0"
"nl","C:\Users\Sipka\Desktop\Converter\languages\nl\converter\xlsx\webm-naar-xlsx\index.html","True","41","0"
"nl","C:\Users\Sipka\Desktop\Converter\languages\nl\converter\xlsx\webp-naar-xlsx\index.html","True","41","0"
"nl","C:\Users\Sipka\Desktop\Converter\languages\nl\converter\xlsx\zip-naar-xlsx\index.html","True","41","0"
"nl","C:\Users\Sipka\Desktop\Converter\languages\nl\converter\zip\7z-naar-zip\index.html","True","41","0"
"nl","C:\Users\Sipka\Desktop\Converter\languages\nl\converter\zip\aac-naar-zip\index.html","True","41","0"
"nl","C:\Users\Sipka\Desktop\Converter\languages\nl\converter\zip\aiff-naar-zip\index.html","True","41","0"
"nl","C:\Users\Sipka\Desktop\Converter\languages\nl\converter\zip\bmp-naar-zip\index.html","True","41","0"
"nl","C:\Users\Sipka\Desktop\Converter\languages\nl\converter\zip\csv-naar-zip\index.html","True","41","0"
"nl","C:\Users\Sipka\Desktop\Converter\languages\nl\converter\zip\docx-naar-zip\index.html","True","41","0"
"nl","C:\Users\Sipka\Desktop\Converter\languages\nl\converter\zip\flac-naar-zip\index.html","True","41","0"
"nl","C:\Users\Sipka\Desktop\Converter\languages\nl\converter\zip\gif-naar-zip\index.html","True","41","0"
"nl","C:\Users\Sipka\Desktop\Converter\languages\nl\converter\zip\html-naar-zip\index.html","True","41","0"
"nl","C:\Users\Sipka\Desktop\Converter\languages\nl\converter\zip\jpeg-naar-zip\index.html","True","41","0"
"nl","C:\Users\Sipka\Desktop\Converter\languages\nl\converter\zip\jpg-naar-zip\index.html","True","41","0"
"nl","C:\Users\Sipka\Desktop\Converter\languages\nl\converter\zip\json-naar-zip\index.html","True","41","0"
"nl","C:\Users\Sipka\Desktop\Converter\languages\nl\converter\zip\jsonl-naar-zip\index.html","True","41","0"
"nl","C:\Users\Sipka\Desktop\Converter\languages\nl\converter\zip\m4a-naar-zip\index.html","True","41","0"
"nl","C:\Users\Sipka\Desktop\Converter\languages\nl\converter\zip\m4v-naar-zip\index.html","True","41","0"
"nl","C:\Users\Sipka\Desktop\Converter\languages\nl\converter\zip\md-naar-zip\index.html","True","41","0"
"nl","C:\Users\Sipka\Desktop\Converter\languages\nl\converter\zip\mkv-naar-zip\index.html","True","41","0"
"nl","C:\Users\Sipka\Desktop\Converter\languages\nl\converter\zip\mov-naar-zip\index.html","True","41","0"
"nl","C:\Users\Sipka\Desktop\Converter\languages\nl\converter\zip\mp3-naar-zip\index.html","True","41","0"
"nl","C:\Users\Sipka\Desktop\Converter\languages\nl\converter\zip\mp4-naar-zip\index.html","True","41","0"
"nl","C:\Users\Sipka\Desktop\Converter\languages\nl\converter\zip\ogg-naar-zip\index.html","True","41","0"
"nl","C:\Users\Sipka\Desktop\Converter\languages\nl\converter\zip\opus-naar-zip\index.html","True","41","0"
"nl","C:\Users\Sipka\Desktop\Converter\languages\nl\converter\zip\pdf-naar-zip\index.html","True","41","0"
"nl","C:\Users\Sipka\Desktop\Converter\languages\nl\converter\zip\png-naar-zip\index.html","True","41","0"
"nl","C:\Users\Sipka\Desktop\Converter\languages\nl\converter\zip\pptx-naar-zip\index.html","True","41","0"
"nl","C:\Users\Sipka\Desktop\Converter\languages\nl\converter\zip\rar-naar-zip\index.html","True","41","0"
"nl","C:\Users\Sipka\Desktop\Converter\languages\nl\converter\zip\rtf-naar-zip\index.html","True","41","0"
"nl","C:\Users\Sipka\Desktop\Converter\languages\nl\converter\zip\svg-naar-zip\index.html","True","41","0"
"nl","C:\Users\Sipka\Desktop\Converter\languages\nl\converter\zip\tar-naar-zip\index.html","True","41","0"
"nl","C:\Users\Sipka\Desktop\Converter\languages\nl\converter\zip\tar.bz2-naar-zip\index.html","True","41","0"
"nl","C:\Users\Sipka\Desktop\Converter\languages\nl\converter\zip\tar.gz-naar-zip\index.html","True","41","0"
"nl","C:\Users\Sipka\Desktop\Converter\languages\nl\converter\zip\tar.xz-naar-zip\index.html","True","41","0"
"nl","C:\Users\Sipka\Desktop\Converter\languages\nl\converter\zip\tbz-naar-zip\index.html","True","41","0"
"nl","C:\Users\Sipka\Desktop\Converter\languages\nl\converter\zip\tgz-naar-zip\index.html","True","41","0"
"nl","C:\Users\Sipka\Desktop\Converter\languages\nl\converter\zip\tiff-naar-zip\index.html","True","41","0"
"nl","C:\Users\Sipka\Desktop\Converter\languages\nl\converter\zip\tsv-naar-zip\index.html","True","41","0"
"nl","C:\Users\Sipka\Desktop\Converter\languages\nl\converter\zip\txt-naar-zip\index.html","True","41","0"
"nl","C:\Users\Sipka\Desktop\Converter\languages\nl\converter\zip\txz-naar-zip\index.html","True","41","0"
"nl","C:\Users\Sipka\Desktop\Converter\languages\nl\converter\zip\wav-naar-zip\index.html","True","41","0"
"nl","C:\Users\Sipka\Desktop\Converter\languages\nl\converter\zip\webm-naar-zip\index.html","True","41","0"
"nl","C:\Users\Sipka\Desktop\Converter\languages\nl\converter\zip\webp-naar-zip\index.html","True","41","0"
"nl","C:\Users\Sipka\Desktop\Converter\languages\nl\converter\zip\xlsx-naar-zip\index.html","True","41","0"
