"Path","Lang","From","To","HasPanel","HasTech","HasHint","H2_Text","H3_Text","ToTextLen","FromTextLen"
"C:\Users\Sipka\Desktop\Converter\languages\en\convert\7z\aac-to-7z\index.html","en","aac","7z","True","True","True","7Z","AAC","207","189"
"C:\Users\Sipka\Desktop\Converter\languages\en\convert\7z\aiff-to-7z\index.html","en","aiff","7z","True","True","True","7Z","AIFF","207","175"
"C:\Users\Sipka\Desktop\Converter\languages\en\convert\7z\bmp-to-7z\index.html","en","bmp","7z","True","True","True","7Z","BMP","207","217"
"C:\Users\Sipka\Desktop\Converter\languages\en\convert\7z\csv-to-7z\index.html","en","csv","7z","True","True","True","7Z","CSV","207","158"
"C:\Users\Sipka\Desktop\Converter\languages\en\convert\7z\docx-to-7z\index.html","en","docx","7z","True","True","True","7Z","DOCX","207","195"
"C:\Users\Sipka\Desktop\Converter\languages\en\convert\7z\flac-to-7z\index.html","en","flac","7z","True","True","True","7Z","FLAC","207","185"
"C:\Users\Sipka\Desktop\Converter\languages\en\convert\7z\gif-to-7z\index.html","en","gif","7z","True","True","True","7Z","GIF","207","192"
"C:\Users\Sipka\Desktop\Converter\languages\en\convert\7z\html-to-7z\index.html","en","html","7z","True","True","True","7Z","HTML","207","166"
"C:\Users\Sipka\Desktop\Converter\languages\en\convert\7z\jpeg-to-7z\index.html","en","jpeg","7z","True","True","True","7Z","JPG","207","253"
"C:\Users\Sipka\Desktop\Converter\languages\en\convert\7z\jpg-to-7z\index.html","en","jpg","7z","True","True","True","7Z","JPG","207","253"
"C:\Users\Sipka\Desktop\Converter\languages\en\convert\7z\json-to-7z\index.html","en","json","7z","True","True","True","7Z","JSON","207","160"
"C:\Users\Sipka\Desktop\Converter\languages\en\convert\7z\jsonl-to-7z\index.html","en","jsonl","7z","True","True","True","7Z","JSON Lines","207","157"
"C:\Users\Sipka\Desktop\Converter\languages\en\convert\7z\m4a-to-7z\index.html","en","m4a","7z","True","True","True","7Z","M4A","207","231"
"C:\Users\Sipka\Desktop\Converter\languages\en\convert\7z\m4v-to-7z\index.html","en","m4v","7z","True","True","True","7Z","M4V","207","154"
"C:\Users\Sipka\Desktop\Converter\languages\en\convert\7z\md-to-7z\index.html","en","md","7z","True","True","True","7Z","Markdown","207","142"
"C:\Users\Sipka\Desktop\Converter\languages\en\convert\7z\mkv-to-7z\index.html","en","mkv","7z","True","True","True","7Z","MKV","207","190"
"C:\Users\Sipka\Desktop\Converter\languages\en\convert\7z\mov-to-7z\index.html","en","mov","7z","True","True","True","7Z","MOV","207","181"
"C:\Users\Sipka\Desktop\Converter\languages\en\convert\7z\mp3-to-7z\index.html","en","mp3","7z","True","True","True","7Z","MP3","207","247"
"C:\Users\Sipka\Desktop\Converter\languages\en\convert\7z\mp4-to-7z\index.html","en","mp4","7z","True","True","True","7Z","MP4","207","233"
"C:\Users\Sipka\Desktop\Converter\languages\en\convert\7z\ogg-to-7z\index.html","en","ogg","7z","True","True","True","7Z","Ogg Vorbis","207","196"
"C:\Users\Sipka\Desktop\Converter\languages\en\convert\7z\opus-to-7z\index.html","en","opus","7z","True","True","True","7Z","Opus","207","194"
"C:\Users\Sipka\Desktop\Converter\languages\en\convert\7z\pdf-to-7z\index.html","en","pdf","7z","True","True","True","7Z","PDF","207","191"
"C:\Users\Sipka\Desktop\Converter\languages\en\convert\7z\png-to-7z\index.html","en","png","7z","True","True","True","7Z","PNG","207","317"
"C:\Users\Sipka\Desktop\Converter\languages\en\convert\7z\pptx-to-7z\index.html","en","pptx","7z","True","True","True","7Z","PPTX","207","185"
"C:\Users\Sipka\Desktop\Converter\languages\en\convert\7z\rar-to-7z\index.html","en","rar","7z","True","True","True","7Z","RAR","207","128"
"C:\Users\Sipka\Desktop\Converter\languages\en\convert\7z\rtf-to-7z\index.html","en","rtf","7z","True","True","True","7Z","RTF","207","163"
"C:\Users\Sipka\Desktop\Converter\languages\en\convert\7z\svg-to-7z\index.html","en","svg","7z","True","True","True","7Z","SVG","207","249"
"C:\Users\Sipka\Desktop\Converter\languages\en\convert\7z\tar-to-7z\index.html","en","tar","7z","True","True","True","7Z","TAR","207","139"
"C:\Users\Sipka\Desktop\Converter\languages\en\convert\7z\tar.bz2-to-7z\index.html","en","tar.bz2","7z","True","True","True","7Z","TBZ2","207","79"
"C:\Users\Sipka\Desktop\Converter\languages\en\convert\7z\tar.gz-to-7z\index.html","en","tar.gz","7z","True","True","True","7Z","TGZ","207","109"
"C:\Users\Sipka\Desktop\Converter\languages\en\convert\7z\tar.xz-to-7z\index.html","en","tar.xz","7z","True","True","True","7Z","TXZ","207","105"
"C:\Users\Sipka\Desktop\Converter\languages\en\convert\7z\tbz-to-7z\index.html","en","tbz","7z","True","True","True","7Z","TBZ2","207","79"
"C:\Users\Sipka\Desktop\Converter\languages\en\convert\7z\tgz-to-7z\index.html","en","tgz","7z","True","True","True","7Z","TGZ","207","109"
"C:\Users\Sipka\Desktop\Converter\languages\en\convert\7z\tiff-to-7z\index.html","en","tiff","7z","True","True","True","7Z","TIFF","207","248"
"C:\Users\Sipka\Desktop\Converter\languages\en\convert\7z\tsv-to-7z\index.html","en","tsv","7z","True","True","True","7Z","TSV","207","120"
"C:\Users\Sipka\Desktop\Converter\languages\en\convert\7z\txt-to-7z\index.html","en","txt","7z","True","True","True","7Z","TXT","207","131"
"C:\Users\Sipka\Desktop\Converter\languages\en\convert\7z\txz-to-7z\index.html","en","txz","7z","True","True","True","7Z","TXZ","207","105"
"C:\Users\Sipka\Desktop\Converter\languages\en\convert\7z\wav-to-7z\index.html","en","wav","7z","True","True","True","7Z","WAV","207","233"
"C:\Users\Sipka\Desktop\Converter\languages\en\convert\7z\webm-to-7z\index.html","en","webm","7z","True","True","True","7Z","WebM","207","186"
"C:\Users\Sipka\Desktop\Converter\languages\en\convert\7z\webp-to-7z\index.html","en","webp","7z","True","True","True","7Z","WebP","207","221"
"C:\Users\Sipka\Desktop\Converter\languages\en\convert\7z\xlsx-to-7z\index.html","en","xlsx","7z","True","True","True","7Z","XLSX","207","153"
"C:\Users\Sipka\Desktop\Converter\languages\en\convert\7z\zip-to-7z\index.html","en","zip","7z","True","True","True","7Z","ZIP","207","132"
"C:\Users\Sipka\Desktop\Converter\languages\en\convert\aac\7z-to-aac\index.html","en","7z","aac","True","True","False","AAC","7Z","245","117"
"C:\Users\Sipka\Desktop\Converter\languages\en\convert\aac\aiff-to-aac\index.html","en","aiff","aac","True","True","False","AAC","AIFF","245","175"
"C:\Users\Sipka\Desktop\Converter\languages\en\convert\aac\bmp-to-aac\index.html","en","bmp","aac","True","True","False","AAC","BMP","245","217"
"C:\Users\Sipka\Desktop\Converter\languages\en\convert\aac\csv-to-aac\index.html","en","csv","aac","True","True","False","AAC","CSV","245","158"
"C:\Users\Sipka\Desktop\Converter\languages\en\convert\aac\docx-to-aac\index.html","en","docx","aac","True","True","False","AAC","DOCX","245","195"
"C:\Users\Sipka\Desktop\Converter\languages\en\convert\aac\flac-to-aac\index.html","en","flac","aac","True","True","False","AAC","FLAC","245","185"
"C:\Users\Sipka\Desktop\Converter\languages\en\convert\aac\gif-to-aac\index.html","en","gif","aac","True","True","False","AAC","GIF","245","192"
"C:\Users\Sipka\Desktop\Converter\languages\en\convert\aac\html-to-aac\index.html","en","html","aac","True","True","False","AAC","HTML","245","166"
"C:\Users\Sipka\Desktop\Converter\languages\en\convert\aac\jpeg-to-aac\index.html","en","jpeg","aac","True","True","False","AAC","JPG","245","253"
"C:\Users\Sipka\Desktop\Converter\languages\en\convert\aac\jpg-to-aac\index.html","en","jpg","aac","True","True","False","AAC","JPG","245","253"
"C:\Users\Sipka\Desktop\Converter\languages\en\convert\aac\json-to-aac\index.html","en","json","aac","True","True","False","AAC","JSON","245","160"
"C:\Users\Sipka\Desktop\Converter\languages\en\convert\aac\jsonl-to-aac\index.html","en","jsonl","aac","True","True","False","AAC","JSON Lines","245","157"
"C:\Users\Sipka\Desktop\Converter\languages\en\convert\aac\m4a-to-aac\index.html","en","m4a","aac","True","True","True","AAC","M4A","245","231"
"C:\Users\Sipka\Desktop\Converter\languages\en\convert\aac\m4v-to-aac\index.html","en","m4v","aac","True","True","False","AAC","M4V","245","154"
"C:\Users\Sipka\Desktop\Converter\languages\en\convert\aac\md-to-aac\index.html","en","md","aac","True","True","False","AAC","Markdown","245","142"
"C:\Users\Sipka\Desktop\Converter\languages\en\convert\aac\mkv-to-aac\index.html","en","mkv","aac","True","True","False","AAC","MKV","245","190"
"C:\Users\Sipka\Desktop\Converter\languages\en\convert\aac\mov-to-aac\index.html","en","mov","aac","True","True","False","AAC","MOV","245","181"
"C:\Users\Sipka\Desktop\Converter\languages\en\convert\aac\mp3-to-aac\index.html","en","mp3","aac","True","True","True","AAC","MP3","245","247"
"C:\Users\Sipka\Desktop\Converter\languages\en\convert\aac\mp4-to-aac\index.html","en","mp4","aac","True","True","False","AAC","MP4","245","233"
"C:\Users\Sipka\Desktop\Converter\languages\en\convert\aac\ogg-to-aac\index.html","en","ogg","aac","True","True","True","AAC","Ogg Vorbis","245","196"
"C:\Users\Sipka\Desktop\Converter\languages\en\convert\aac\opus-to-aac\index.html","en","opus","aac","True","True","True","AAC","Opus","245","194"
"C:\Users\Sipka\Desktop\Converter\languages\en\convert\aac\pdf-to-aac\index.html","en","pdf","aac","True","True","False","AAC","PDF","245","191"
"C:\Users\Sipka\Desktop\Converter\languages\en\convert\aac\png-to-aac\index.html","en","png","aac","True","True","False","AAC","PNG","245","317"
"C:\Users\Sipka\Desktop\Converter\languages\en\convert\aac\pptx-to-aac\index.html","en","pptx","aac","True","True","False","AAC","PPTX","245","185"
"C:\Users\Sipka\Desktop\Converter\languages\en\convert\aac\rar-to-aac\index.html","en","rar","aac","True","True","False","AAC","RAR","245","128"
"C:\Users\Sipka\Desktop\Converter\languages\en\convert\aac\rtf-to-aac\index.html","en","rtf","aac","True","True","False","AAC","RTF","245","163"
"C:\Users\Sipka\Desktop\Converter\languages\en\convert\aac\svg-to-aac\index.html","en","svg","aac","True","True","False","AAC","SVG","245","249"
"C:\Users\Sipka\Desktop\Converter\languages\en\convert\aac\tar-to-aac\index.html","en","tar","aac","True","True","False","AAC","TAR","245","139"
"C:\Users\Sipka\Desktop\Converter\languages\en\convert\aac\tar.bz2-to-aac\index.html","en","tar.bz2","aac","True","True","False","AAC","TBZ2","245","79"
"C:\Users\Sipka\Desktop\Converter\languages\en\convert\aac\tar.gz-to-aac\index.html","en","tar.gz","aac","True","True","False","AAC","TGZ","245","109"
"C:\Users\Sipka\Desktop\Converter\languages\en\convert\aac\tar.xz-to-aac\index.html","en","tar.xz","aac","True","True","False","AAC","TXZ","245","105"
"C:\Users\Sipka\Desktop\Converter\languages\en\convert\aac\tbz-to-aac\index.html","en","tbz","aac","True","True","False","AAC","TBZ2","245","79"
"C:\Users\Sipka\Desktop\Converter\languages\en\convert\aac\tgz-to-aac\index.html","en","tgz","aac","True","True","False","AAC","TGZ","245","109"
"C:\Users\Sipka\Desktop\Converter\languages\en\convert\aac\tiff-to-aac\index.html","en","tiff","aac","True","True","False","AAC","TIFF","245","248"
"C:\Users\Sipka\Desktop\Converter\languages\en\convert\aac\tsv-to-aac\index.html","en","tsv","aac","True","True","False","AAC","TSV","245","120"
"C:\Users\Sipka\Desktop\Converter\languages\en\convert\aac\txt-to-aac\index.html","en","txt","aac","True","True","False","AAC","TXT","245","131"
"C:\Users\Sipka\Desktop\Converter\languages\en\convert\aac\txz-to-aac\index.html","en","txz","aac","True","True","False","AAC","TXZ","245","105"
"C:\Users\Sipka\Desktop\Converter\languages\en\convert\aac\wav-to-aac\index.html","en","wav","aac","True","True","False","AAC","WAV","245","233"
"C:\Users\Sipka\Desktop\Converter\languages\en\convert\aac\webm-to-aac\index.html","en","webm","aac","True","True","False","AAC","WebM","245","186"
"C:\Users\Sipka\Desktop\Converter\languages\en\convert\aac\webp-to-aac\index.html","en","webp","aac","True","True","False","AAC","WebP","245","221"
"C:\Users\Sipka\Desktop\Converter\languages\en\convert\aac\xlsx-to-aac\index.html","en","xlsx","aac","True","True","False","AAC","XLSX","245","153"
"C:\Users\Sipka\Desktop\Converter\languages\en\convert\aac\zip-to-aac\index.html","en","zip","aac","True","True","False","AAC","ZIP","245","132"
"C:\Users\Sipka\Desktop\Converter\languages\en\convert\aiff\7z-to-aiff\index.html","en","7z","aiff","True","True","False","AIFF","7Z","250","117"
"C:\Users\Sipka\Desktop\Converter\languages\en\convert\aiff\aac-to-aiff\index.html","en","aac","aiff","True","True","False","AIFF","AAC","250","189"
"C:\Users\Sipka\Desktop\Converter\languages\en\convert\aiff\bmp-to-aiff\index.html","en","bmp","aiff","True","True","False","AIFF","BMP","250","217"
"C:\Users\Sipka\Desktop\Converter\languages\en\convert\aiff\csv-to-aiff\index.html","en","csv","aiff","True","True","False","AIFF","CSV","250","158"
"C:\Users\Sipka\Desktop\Converter\languages\en\convert\aiff\docx-to-aiff\index.html","en","docx","aiff","True","True","False","AIFF","DOCX","250","195"
"C:\Users\Sipka\Desktop\Converter\languages\en\convert\aiff\flac-to-aiff\index.html","en","flac","aiff","True","True","False","AIFF","FLAC","250","185"
"C:\Users\Sipka\Desktop\Converter\languages\en\convert\aiff\gif-to-aiff\index.html","en","gif","aiff","True","True","False","AIFF","GIF","250","192"
"C:\Users\Sipka\Desktop\Converter\languages\en\convert\aiff\html-to-aiff\index.html","en","html","aiff","True","True","False","AIFF","HTML","250","166"
"C:\Users\Sipka\Desktop\Converter\languages\en\convert\aiff\jpeg-to-aiff\index.html","en","jpeg","aiff","True","True","False","AIFF","JPG","250","253"
"C:\Users\Sipka\Desktop\Converter\languages\en\convert\aiff\jpg-to-aiff\index.html","en","jpg","aiff","True","True","False","AIFF","JPG","250","253"
"C:\Users\Sipka\Desktop\Converter\languages\en\convert\aiff\json-to-aiff\index.html","en","json","aiff","True","True","False","AIFF","JSON","250","160"
"C:\Users\Sipka\Desktop\Converter\languages\en\convert\aiff\jsonl-to-aiff\index.html","en","jsonl","aiff","True","True","False","AIFF","JSON Lines","250","157"
"C:\Users\Sipka\Desktop\Converter\languages\en\convert\aiff\m4a-to-aiff\index.html","en","m4a","aiff","True","True","False","AIFF","M4A","250","231"
"C:\Users\Sipka\Desktop\Converter\languages\en\convert\aiff\m4v-to-aiff\index.html","en","m4v","aiff","True","True","False","AIFF","M4V","250","154"
"C:\Users\Sipka\Desktop\Converter\languages\en\convert\aiff\md-to-aiff\index.html","en","md","aiff","True","True","False","AIFF","Markdown","250","142"
"C:\Users\Sipka\Desktop\Converter\languages\en\convert\aiff\mkv-to-aiff\index.html","en","mkv","aiff","True","True","False","AIFF","MKV","250","190"
"C:\Users\Sipka\Desktop\Converter\languages\en\convert\aiff\mov-to-aiff\index.html","en","mov","aiff","True","True","False","AIFF","MOV","250","181"
"C:\Users\Sipka\Desktop\Converter\languages\en\convert\aiff\mp3-to-aiff\index.html","en","mp3","aiff","True","True","False","AIFF","MP3","250","247"
"C:\Users\Sipka\Desktop\Converter\languages\en\convert\aiff\mp4-to-aiff\index.html","en","mp4","aiff","True","True","False","AIFF","MP4","250","233"
"C:\Users\Sipka\Desktop\Converter\languages\en\convert\aiff\ogg-to-aiff\index.html","en","ogg","aiff","True","True","False","AIFF","Ogg Vorbis","250","196"
"C:\Users\Sipka\Desktop\Converter\languages\en\convert\aiff\opus-to-aiff\index.html","en","opus","aiff","True","True","False","AIFF","Opus","250","194"
"C:\Users\Sipka\Desktop\Converter\languages\en\convert\aiff\pdf-to-aiff\index.html","en","pdf","aiff","True","True","False","AIFF","PDF","250","191"
"C:\Users\Sipka\Desktop\Converter\languages\en\convert\aiff\png-to-aiff\index.html","en","png","aiff","True","True","False","AIFF","PNG","250","317"
"C:\Users\Sipka\Desktop\Converter\languages\en\convert\aiff\pptx-to-aiff\index.html","en","pptx","aiff","True","True","False","AIFF","PPTX","250","185"
"C:\Users\Sipka\Desktop\Converter\languages\en\convert\aiff\rar-to-aiff\index.html","en","rar","aiff","True","True","False","AIFF","RAR","250","128"
"C:\Users\Sipka\Desktop\Converter\languages\en\convert\aiff\rtf-to-aiff\index.html","en","rtf","aiff","True","True","False","AIFF","RTF","250","163"
"C:\Users\Sipka\Desktop\Converter\languages\en\convert\aiff\svg-to-aiff\index.html","en","svg","aiff","True","True","False","AIFF","SVG","250","249"
"C:\Users\Sipka\Desktop\Converter\languages\en\convert\aiff\tar-to-aiff\index.html","en","tar","aiff","True","True","False","AIFF","TAR","250","139"
"C:\Users\Sipka\Desktop\Converter\languages\en\convert\aiff\tar.bz2-to-aiff\index.html","en","tar.bz2","aiff","True","True","False","AIFF","TBZ2","250","79"
"C:\Users\Sipka\Desktop\Converter\languages\en\convert\aiff\tar.gz-to-aiff\index.html","en","tar.gz","aiff","True","True","False","AIFF","TGZ","250","109"
"C:\Users\Sipka\Desktop\Converter\languages\en\convert\aiff\tar.xz-to-aiff\index.html","en","tar.xz","aiff","True","True","False","AIFF","TXZ","250","105"
"C:\Users\Sipka\Desktop\Converter\languages\en\convert\aiff\tbz-to-aiff\index.html","en","tbz","aiff","True","True","False","AIFF","TBZ2","250","79"
"C:\Users\Sipka\Desktop\Converter\languages\en\convert\aiff\tgz-to-aiff\index.html","en","tgz","aiff","True","True","False","AIFF","TGZ","250","109"
"C:\Users\Sipka\Desktop\Converter\languages\en\convert\aiff\tiff-to-aiff\index.html","en","tiff","aiff","True","True","False","AIFF","TIFF","250","248"
"C:\Users\Sipka\Desktop\Converter\languages\en\convert\aiff\tsv-to-aiff\index.html","en","tsv","aiff","True","True","False","AIFF","TSV","250","120"
"C:\Users\Sipka\Desktop\Converter\languages\en\convert\aiff\txt-to-aiff\index.html","en","txt","aiff","True","True","False","AIFF","TXT","250","131"
"C:\Users\Sipka\Desktop\Converter\languages\en\convert\aiff\txz-to-aiff\index.html","en","txz","aiff","True","True","False","AIFF","TXZ","250","105"
"C:\Users\Sipka\Desktop\Converter\languages\en\convert\aiff\wav-to-aiff\index.html","en","wav","aiff","True","True","False","AIFF","WAV","250","233"
"C:\Users\Sipka\Desktop\Converter\languages\en\convert\aiff\webm-to-aiff\index.html","en","webm","aiff","True","True","False","AIFF","WebM","250","186"
"C:\Users\Sipka\Desktop\Converter\languages\en\convert\aiff\webp-to-aiff\index.html","en","webp","aiff","True","True","False","AIFF","WebP","250","221"
"C:\Users\Sipka\Desktop\Converter\languages\en\convert\aiff\xlsx-to-aiff\index.html","en","xlsx","aiff","True","True","False","AIFF","XLSX","250","153"
"C:\Users\Sipka\Desktop\Converter\languages\en\convert\aiff\zip-to-aiff\index.html","en","zip","aiff","True","True","False","AIFF","ZIP","250","132"
"C:\Users\Sipka\Desktop\Converter\languages\en\convert\bmp\7z-to-bmp\index.html","en","7z","bmp","True","True","False","BMP","7Z","268","117"
"C:\Users\Sipka\Desktop\Converter\languages\en\convert\bmp\aac-to-bmp\index.html","en","aac","bmp","True","True","False","BMP","AAC","268","189"
"C:\Users\Sipka\Desktop\Converter\languages\en\convert\bmp\aiff-to-bmp\index.html","en","aiff","bmp","True","True","False","BMP","AIFF","268","175"
"C:\Users\Sipka\Desktop\Converter\languages\en\convert\bmp\csv-to-bmp\index.html","en","csv","bmp","True","True","False","BMP","CSV","268","158"
"C:\Users\Sipka\Desktop\Converter\languages\en\convert\bmp\docx-to-bmp\index.html","en","docx","bmp","True","True","False","BMP","DOCX","268","195"
"C:\Users\Sipka\Desktop\Converter\languages\en\convert\bmp\flac-to-bmp\index.html","en","flac","bmp","True","True","False","BMP","FLAC","268","185"
"C:\Users\Sipka\Desktop\Converter\languages\en\convert\bmp\gif-to-bmp\index.html","en","gif","bmp","True","True","False","BMP","GIF","268","192"
"C:\Users\Sipka\Desktop\Converter\languages\en\convert\bmp\html-to-bmp\index.html","en","html","bmp","True","True","False","BMP","HTML","268","166"
"C:\Users\Sipka\Desktop\Converter\languages\en\convert\bmp\jpeg-to-bmp\index.html","en","jpeg","bmp","True","True","False","BMP","JPG","268","253"
"C:\Users\Sipka\Desktop\Converter\languages\en\convert\bmp\jpg-to-bmp\index.html","en","jpg","bmp","True","True","False","BMP","JPG","268","253"
"C:\Users\Sipka\Desktop\Converter\languages\en\convert\bmp\json-to-bmp\index.html","en","json","bmp","True","True","False","BMP","JSON","268","160"
"C:\Users\Sipka\Desktop\Converter\languages\en\convert\bmp\jsonl-to-bmp\index.html","en","jsonl","bmp","True","True","False","BMP","JSON Lines","268","157"
"C:\Users\Sipka\Desktop\Converter\languages\en\convert\bmp\m4a-to-bmp\index.html","en","m4a","bmp","True","True","False","BMP","M4A","268","231"
"C:\Users\Sipka\Desktop\Converter\languages\en\convert\bmp\m4v-to-bmp\index.html","en","m4v","bmp","True","True","False","BMP","M4V","268","154"
"C:\Users\Sipka\Desktop\Converter\languages\en\convert\bmp\md-to-bmp\index.html","en","md","bmp","True","True","False","BMP","Markdown","268","142"
"C:\Users\Sipka\Desktop\Converter\languages\en\convert\bmp\mkv-to-bmp\index.html","en","mkv","bmp","True","True","False","BMP","MKV","268","190"
"C:\Users\Sipka\Desktop\Converter\languages\en\convert\bmp\mov-to-bmp\index.html","en","mov","bmp","True","True","False","BMP","MOV","268","181"
"C:\Users\Sipka\Desktop\Converter\languages\en\convert\bmp\mp3-to-bmp\index.html","en","mp3","bmp","True","True","False","BMP","MP3","268","247"
"C:\Users\Sipka\Desktop\Converter\languages\en\convert\bmp\mp4-to-bmp\index.html","en","mp4","bmp","True","True","False","BMP","MP4","268","233"
"C:\Users\Sipka\Desktop\Converter\languages\en\convert\bmp\ogg-to-bmp\index.html","en","ogg","bmp","True","True","False","BMP","Ogg Vorbis","268","196"
"C:\Users\Sipka\Desktop\Converter\languages\en\convert\bmp\opus-to-bmp\index.html","en","opus","bmp","True","True","False","BMP","Opus","268","194"
"C:\Users\Sipka\Desktop\Converter\languages\en\convert\bmp\pdf-to-bmp\index.html","en","pdf","bmp","True","True","False","BMP","PDF","268","191"
"C:\Users\Sipka\Desktop\Converter\languages\en\convert\bmp\png-to-bmp\index.html","en","png","bmp","True","True","False","BMP","PNG","268","317"
"C:\Users\Sipka\Desktop\Converter\languages\en\convert\bmp\pptx-to-bmp\index.html","en","pptx","bmp","True","True","False","BMP","PPTX","268","185"
"C:\Users\Sipka\Desktop\Converter\languages\en\convert\bmp\rar-to-bmp\index.html","en","rar","bmp","True","True","False","BMP","RAR","268","128"
"C:\Users\Sipka\Desktop\Converter\languages\en\convert\bmp\rtf-to-bmp\index.html","en","rtf","bmp","True","True","False","BMP","RTF","268","163"
"C:\Users\Sipka\Desktop\Converter\languages\en\convert\bmp\svg-to-bmp\index.html","en","svg","bmp","True","True","False","BMP","SVG","268","249"
"C:\Users\Sipka\Desktop\Converter\languages\en\convert\bmp\tar-to-bmp\index.html","en","tar","bmp","True","True","False","BMP","TAR","268","139"
"C:\Users\Sipka\Desktop\Converter\languages\en\convert\bmp\tar.bz2-to-bmp\index.html","en","tar.bz2","bmp","True","True","False","BMP","TBZ2","268","79"
"C:\Users\Sipka\Desktop\Converter\languages\en\convert\bmp\tar.gz-to-bmp\index.html","en","tar.gz","bmp","True","True","False","BMP","TGZ","268","109"
"C:\Users\Sipka\Desktop\Converter\languages\en\convert\bmp\tar.xz-to-bmp\index.html","en","tar.xz","bmp","True","True","False","BMP","TXZ","268","105"
"C:\Users\Sipka\Desktop\Converter\languages\en\convert\bmp\tbz-to-bmp\index.html","en","tbz","bmp","True","True","False","BMP","TBZ2","268","79"
"C:\Users\Sipka\Desktop\Converter\languages\en\convert\bmp\tgz-to-bmp\index.html","en","tgz","bmp","True","True","False","BMP","TGZ","268","109"
"C:\Users\Sipka\Desktop\Converter\languages\en\convert\bmp\tiff-to-bmp\index.html","en","tiff","bmp","True","True","False","BMP","TIFF","268","248"
"C:\Users\Sipka\Desktop\Converter\languages\en\convert\bmp\tsv-to-bmp\index.html","en","tsv","bmp","True","True","False","BMP","TSV","268","120"
"C:\Users\Sipka\Desktop\Converter\languages\en\convert\bmp\txt-to-bmp\index.html","en","txt","bmp","True","True","False","BMP","TXT","268","131"
"C:\Users\Sipka\Desktop\Converter\languages\en\convert\bmp\txz-to-bmp\index.html","en","txz","bmp","True","True","False","BMP","TXZ","268","105"
"C:\Users\Sipka\Desktop\Converter\languages\en\convert\bmp\wav-to-bmp\index.html","en","wav","bmp","True","True","False","BMP","WAV","268","233"
"C:\Users\Sipka\Desktop\Converter\languages\en\convert\bmp\webm-to-bmp\index.html","en","webm","bmp","True","True","False","BMP","WebM","268","186"
"C:\Users\Sipka\Desktop\Converter\languages\en\convert\bmp\webp-to-bmp\index.html","en","webp","bmp","True","True","False","BMP","WebP","268","221"
"C:\Users\Sipka\Desktop\Converter\languages\en\convert\bmp\xlsx-to-bmp\index.html","en","xlsx","bmp","True","True","False","BMP","XLSX","268","153"
"C:\Users\Sipka\Desktop\Converter\languages\en\convert\bmp\zip-to-bmp\index.html","en","zip","bmp","True","True","False","BMP","ZIP","268","132"
"C:\Users\Sipka\Desktop\Converter\languages\en\convert\csv\7z-to-csv\index.html","en","7z","csv","True","True","False","CSV","7Z","233","117"
"C:\Users\Sipka\Desktop\Converter\languages\en\convert\csv\aac-to-csv\index.html","en","aac","csv","True","True","False","CSV","AAC","233","189"
"C:\Users\Sipka\Desktop\Converter\languages\en\convert\csv\aiff-to-csv\index.html","en","aiff","csv","True","True","False","CSV","AIFF","233","175"
"C:\Users\Sipka\Desktop\Converter\languages\en\convert\csv\bmp-to-csv\index.html","en","bmp","csv","True","True","False","CSV","BMP","233","217"
"C:\Users\Sipka\Desktop\Converter\languages\en\convert\csv\docx-to-csv\index.html","en","docx","csv","True","True","False","CSV","DOCX","233","195"
"C:\Users\Sipka\Desktop\Converter\languages\en\convert\csv\flac-to-csv\index.html","en","flac","csv","True","True","False","CSV","FLAC","233","185"
"C:\Users\Sipka\Desktop\Converter\languages\en\convert\csv\gif-to-csv\index.html","en","gif","csv","True","True","False","CSV","GIF","233","192"
"C:\Users\Sipka\Desktop\Converter\languages\en\convert\csv\html-to-csv\index.html","en","html","csv","True","True","False","CSV","HTML","233","166"
"C:\Users\Sipka\Desktop\Converter\languages\en\convert\csv\jpeg-to-csv\index.html","en","jpeg","csv","True","True","False","CSV","JPG","233","253"
"C:\Users\Sipka\Desktop\Converter\languages\en\convert\csv\jpg-to-csv\index.html","en","jpg","csv","True","True","False","CSV","JPG","233","253"
"C:\Users\Sipka\Desktop\Converter\languages\en\convert\csv\json-to-csv\index.html","en","json","csv","True","True","False","CSV","JSON","233","160"
"C:\Users\Sipka\Desktop\Converter\languages\en\convert\csv\jsonl-to-csv\index.html","en","jsonl","csv","True","True","False","CSV","JSON Lines","233","157"
"C:\Users\Sipka\Desktop\Converter\languages\en\convert\csv\m4a-to-csv\index.html","en","m4a","csv","True","True","False","CSV","M4A","233","231"
"C:\Users\Sipka\Desktop\Converter\languages\en\convert\csv\m4v-to-csv\index.html","en","m4v","csv","True","True","False","CSV","M4V","233","154"
"C:\Users\Sipka\Desktop\Converter\languages\en\convert\csv\md-to-csv\index.html","en","md","csv","True","True","False","CSV","Markdown","233","142"
"C:\Users\Sipka\Desktop\Converter\languages\en\convert\csv\mkv-to-csv\index.html","en","mkv","csv","True","True","False","CSV","MKV","233","190"
"C:\Users\Sipka\Desktop\Converter\languages\en\convert\csv\mov-to-csv\index.html","en","mov","csv","True","True","False","CSV","MOV","233","181"
"C:\Users\Sipka\Desktop\Converter\languages\en\convert\csv\mp3-to-csv\index.html","en","mp3","csv","True","True","False","CSV","MP3","233","247"
"C:\Users\Sipka\Desktop\Converter\languages\en\convert\csv\mp4-to-csv\index.html","en","mp4","csv","True","True","False","CSV","MP4","233","233"
"C:\Users\Sipka\Desktop\Converter\languages\en\convert\csv\ogg-to-csv\index.html","en","ogg","csv","True","True","False","CSV","Ogg Vorbis","233","196"
"C:\Users\Sipka\Desktop\Converter\languages\en\convert\csv\opus-to-csv\index.html","en","opus","csv","True","True","False","CSV","Opus","233","194"
"C:\Users\Sipka\Desktop\Converter\languages\en\convert\csv\pdf-to-csv\index.html","en","pdf","csv","True","True","False","CSV","PDF","233","191"
"C:\Users\Sipka\Desktop\Converter\languages\en\convert\csv\png-to-csv\index.html","en","png","csv","True","True","False","CSV","PNG","233","317"
"C:\Users\Sipka\Desktop\Converter\languages\en\convert\csv\pptx-to-csv\index.html","en","pptx","csv","True","True","False","CSV","PPTX","233","185"
"C:\Users\Sipka\Desktop\Converter\languages\en\convert\csv\rar-to-csv\index.html","en","rar","csv","True","True","False","CSV","RAR","233","128"
"C:\Users\Sipka\Desktop\Converter\languages\en\convert\csv\rtf-to-csv\index.html","en","rtf","csv","True","True","False","CSV","RTF","233","163"
"C:\Users\Sipka\Desktop\Converter\languages\en\convert\csv\svg-to-csv\index.html","en","svg","csv","True","True","False","CSV","SVG","233","249"
"C:\Users\Sipka\Desktop\Converter\languages\en\convert\csv\tar-to-csv\index.html","en","tar","csv","True","True","False","CSV","TAR","233","139"
"C:\Users\Sipka\Desktop\Converter\languages\en\convert\csv\tar.bz2-to-csv\index.html","en","tar.bz2","csv","True","True","False","CSV","TBZ2","233","79"
"C:\Users\Sipka\Desktop\Converter\languages\en\convert\csv\tar.gz-to-csv\index.html","en","tar.gz","csv","True","True","False","CSV","TGZ","233","109"
"C:\Users\Sipka\Desktop\Converter\languages\en\convert\csv\tar.xz-to-csv\index.html","en","tar.xz","csv","True","True","False","CSV","TXZ","233","105"
"C:\Users\Sipka\Desktop\Converter\languages\en\convert\csv\tbz-to-csv\index.html","en","tbz","csv","True","True","False","CSV","TBZ2","233","79"
"C:\Users\Sipka\Desktop\Converter\languages\en\convert\csv\tgz-to-csv\index.html","en","tgz","csv","True","True","False","CSV","TGZ","233","109"
"C:\Users\Sipka\Desktop\Converter\languages\en\convert\csv\tiff-to-csv\index.html","en","tiff","csv","True","True","False","CSV","TIFF","233","248"
"C:\Users\Sipka\Desktop\Converter\languages\en\convert\csv\tsv-to-csv\index.html","en","tsv","csv","True","True","False","CSV","TSV","233","120"
"C:\Users\Sipka\Desktop\Converter\languages\en\convert\csv\txt-to-csv\index.html","en","txt","csv","True","True","False","CSV","TXT","233","131"
"C:\Users\Sipka\Desktop\Converter\languages\en\convert\csv\txz-to-csv\index.html","en","txz","csv","True","True","False","CSV","TXZ","233","105"
"C:\Users\Sipka\Desktop\Converter\languages\en\convert\csv\wav-to-csv\index.html","en","wav","csv","True","True","False","CSV","WAV","233","233"
"C:\Users\Sipka\Desktop\Converter\languages\en\convert\csv\webm-to-csv\index.html","en","webm","csv","True","True","False","CSV","WebM","233","186"
"C:\Users\Sipka\Desktop\Converter\languages\en\convert\csv\webp-to-csv\index.html","en","webp","csv","True","True","False","CSV","WebP","233","221"
"C:\Users\Sipka\Desktop\Converter\languages\en\convert\csv\xlsx-to-csv\index.html","en","xlsx","csv","True","True","False","CSV","XLSX","233","153"
"C:\Users\Sipka\Desktop\Converter\languages\en\convert\csv\zip-to-csv\index.html","en","zip","csv","True","True","False","CSV","ZIP","233","132"
"C:\Users\Sipka\Desktop\Converter\languages\en\convert\docx\7z-to-docx\index.html","en","7z","docx","True","True","False","DOCX","7Z","199","117"
"C:\Users\Sipka\Desktop\Converter\languages\en\convert\docx\aac-to-docx\index.html","en","aac","docx","True","True","False","DOCX","AAC","199","189"
"C:\Users\Sipka\Desktop\Converter\languages\en\convert\docx\aiff-to-docx\index.html","en","aiff","docx","True","True","False","DOCX","AIFF","199","175"
"C:\Users\Sipka\Desktop\Converter\languages\en\convert\docx\bmp-to-docx\index.html","en","bmp","docx","True","True","False","DOCX","BMP","199","217"
"C:\Users\Sipka\Desktop\Converter\languages\en\convert\docx\csv-to-docx\index.html","en","csv","docx","True","True","False","DOCX","CSV","199","158"
"C:\Users\Sipka\Desktop\Converter\languages\en\convert\docx\flac-to-docx\index.html","en","flac","docx","True","True","False","DOCX","FLAC","199","185"
"C:\Users\Sipka\Desktop\Converter\languages\en\convert\docx\gif-to-docx\index.html","en","gif","docx","True","True","False","DOCX","GIF","199","192"
"C:\Users\Sipka\Desktop\Converter\languages\en\convert\docx\html-to-docx\index.html","en","html","docx","True","True","False","DOCX","HTML","199","166"
"C:\Users\Sipka\Desktop\Converter\languages\en\convert\docx\jpeg-to-docx\index.html","en","jpeg","docx","True","True","False","DOCX","JPG","199","253"
"C:\Users\Sipka\Desktop\Converter\languages\en\convert\docx\jpg-to-docx\index.html","en","jpg","docx","True","True","False","DOCX","JPG","199","253"
"C:\Users\Sipka\Desktop\Converter\languages\en\convert\docx\json-to-docx\index.html","en","json","docx","True","True","False","DOCX","JSON","199","160"
"C:\Users\Sipka\Desktop\Converter\languages\en\convert\docx\jsonl-to-docx\index.html","en","jsonl","docx","True","True","False","DOCX","JSON Lines","199","157"
"C:\Users\Sipka\Desktop\Converter\languages\en\convert\docx\m4a-to-docx\index.html","en","m4a","docx","True","True","False","DOCX","M4A","199","231"
"C:\Users\Sipka\Desktop\Converter\languages\en\convert\docx\m4v-to-docx\index.html","en","m4v","docx","True","True","False","DOCX","M4V","199","154"
"C:\Users\Sipka\Desktop\Converter\languages\en\convert\docx\md-to-docx\index.html","en","md","docx","True","True","False","DOCX","Markdown","199","142"
"C:\Users\Sipka\Desktop\Converter\languages\en\convert\docx\mkv-to-docx\index.html","en","mkv","docx","True","True","False","DOCX","MKV","199","190"
"C:\Users\Sipka\Desktop\Converter\languages\en\convert\docx\mov-to-docx\index.html","en","mov","docx","True","True","False","DOCX","MOV","199","181"
"C:\Users\Sipka\Desktop\Converter\languages\en\convert\docx\mp3-to-docx\index.html","en","mp3","docx","True","True","False","DOCX","MP3","199","247"
"C:\Users\Sipka\Desktop\Converter\languages\en\convert\docx\mp4-to-docx\index.html","en","mp4","docx","True","True","False","DOCX","MP4","199","233"
"C:\Users\Sipka\Desktop\Converter\languages\en\convert\docx\ogg-to-docx\index.html","en","ogg","docx","True","True","False","DOCX","Ogg Vorbis","199","196"
"C:\Users\Sipka\Desktop\Converter\languages\en\convert\docx\opus-to-docx\index.html","en","opus","docx","True","True","False","DOCX","Opus","199","194"
"C:\Users\Sipka\Desktop\Converter\languages\en\convert\docx\pdf-to-docx\index.html","en","pdf","docx","True","True","False","DOCX","PDF","199","191"
"C:\Users\Sipka\Desktop\Converter\languages\en\convert\docx\png-to-docx\index.html","en","png","docx","True","True","False","DOCX","PNG","199","317"
"C:\Users\Sipka\Desktop\Converter\languages\en\convert\docx\pptx-to-docx\index.html","en","pptx","docx","True","True","False","DOCX","PPTX","199","185"
"C:\Users\Sipka\Desktop\Converter\languages\en\convert\docx\rar-to-docx\index.html","en","rar","docx","True","True","False","DOCX","RAR","199","128"
"C:\Users\Sipka\Desktop\Converter\languages\en\convert\docx\rtf-to-docx\index.html","en","rtf","docx","True","True","False","DOCX","RTF","199","163"
"C:\Users\Sipka\Desktop\Converter\languages\en\convert\docx\svg-to-docx\index.html","en","svg","docx","True","True","False","DOCX","SVG","199","249"
"C:\Users\Sipka\Desktop\Converter\languages\en\convert\docx\tar-to-docx\index.html","en","tar","docx","True","True","False","DOCX","TAR","199","139"
"C:\Users\Sipka\Desktop\Converter\languages\en\convert\docx\tar.bz2-to-docx\index.html","en","tar.bz2","docx","True","True","False","DOCX","TBZ2","199","79"
"C:\Users\Sipka\Desktop\Converter\languages\en\convert\docx\tar.gz-to-docx\index.html","en","tar.gz","docx","True","True","False","DOCX","TGZ","199","109"
"C:\Users\Sipka\Desktop\Converter\languages\en\convert\docx\tar.xz-to-docx\index.html","en","tar.xz","docx","True","True","False","DOCX","TXZ","199","105"
"C:\Users\Sipka\Desktop\Converter\languages\en\convert\docx\tbz-to-docx\index.html","en","tbz","docx","True","True","False","DOCX","TBZ2","199","79"
"C:\Users\Sipka\Desktop\Converter\languages\en\convert\docx\tgz-to-docx\index.html","en","tgz","docx","True","True","False","DOCX","TGZ","199","109"
"C:\Users\Sipka\Desktop\Converter\languages\en\convert\docx\tiff-to-docx\index.html","en","tiff","docx","True","True","False","DOCX","TIFF","199","248"
"C:\Users\Sipka\Desktop\Converter\languages\en\convert\docx\tsv-to-docx\index.html","en","tsv","docx","True","True","False","DOCX","TSV","199","120"
"C:\Users\Sipka\Desktop\Converter\languages\en\convert\docx\txt-to-docx\index.html","en","txt","docx","True","True","False","DOCX","TXT","199","131"
"C:\Users\Sipka\Desktop\Converter\languages\en\convert\docx\txz-to-docx\index.html","en","txz","docx","True","True","False","DOCX","TXZ","199","105"
"C:\Users\Sipka\Desktop\Converter\languages\en\convert\docx\wav-to-docx\index.html","en","wav","docx","True","True","False","DOCX","WAV","199","233"
"C:\Users\Sipka\Desktop\Converter\languages\en\convert\docx\webm-to-docx\index.html","en","webm","docx","True","True","False","DOCX","WebM","199","186"
"C:\Users\Sipka\Desktop\Converter\languages\en\convert\docx\webp-to-docx\index.html","en","webp","docx","True","True","False","DOCX","WebP","199","221"
"C:\Users\Sipka\Desktop\Converter\languages\en\convert\docx\xlsx-to-docx\index.html","en","xlsx","docx","True","True","False","DOCX","XLSX","199","153"
"C:\Users\Sipka\Desktop\Converter\languages\en\convert\docx\zip-to-docx\index.html","en","zip","docx","True","True","False","DOCX","ZIP","199","132"
"C:\Users\Sipka\Desktop\Converter\languages\en\convert\flac\7z-to-flac\index.html","en","7z","flac","True","True","False","FLAC","7Z","256","117"
"C:\Users\Sipka\Desktop\Converter\languages\en\convert\flac\aac-to-flac\index.html","en","aac","flac","True","True","False","FLAC","AAC","256","189"
"C:\Users\Sipka\Desktop\Converter\languages\en\convert\flac\aiff-to-flac\index.html","en","aiff","flac","True","True","False","FLAC","AIFF","256","175"
"C:\Users\Sipka\Desktop\Converter\languages\en\convert\flac\bmp-to-flac\index.html","en","bmp","flac","True","True","False","FLAC","BMP","256","217"
"C:\Users\Sipka\Desktop\Converter\languages\en\convert\flac\csv-to-flac\index.html","en","csv","flac","True","True","False","FLAC","CSV","256","158"
"C:\Users\Sipka\Desktop\Converter\languages\en\convert\flac\docx-to-flac\index.html","en","docx","flac","True","True","False","FLAC","DOCX","256","195"
"C:\Users\Sipka\Desktop\Converter\languages\en\convert\flac\gif-to-flac\index.html","en","gif","flac","True","True","False","FLAC","GIF","256","192"
"C:\Users\Sipka\Desktop\Converter\languages\en\convert\flac\html-to-flac\index.html","en","html","flac","True","True","False","FLAC","HTML","256","166"
"C:\Users\Sipka\Desktop\Converter\languages\en\convert\flac\jpeg-to-flac\index.html","en","jpeg","flac","True","True","False","FLAC","JPG","256","253"
"C:\Users\Sipka\Desktop\Converter\languages\en\convert\flac\jpg-to-flac\index.html","en","jpg","flac","True","True","False","FLAC","JPG","256","253"
"C:\Users\Sipka\Desktop\Converter\languages\en\convert\flac\json-to-flac\index.html","en","json","flac","True","True","False","FLAC","JSON","256","160"
"C:\Users\Sipka\Desktop\Converter\languages\en\convert\flac\jsonl-to-flac\index.html","en","jsonl","flac","True","True","False","FLAC","JSON Lines","256","157"
"C:\Users\Sipka\Desktop\Converter\languages\en\convert\flac\m4a-to-flac\index.html","en","m4a","flac","True","True","False","FLAC","M4A","256","231"
"C:\Users\Sipka\Desktop\Converter\languages\en\convert\flac\m4v-to-flac\index.html","en","m4v","flac","True","True","False","FLAC","M4V","256","154"
"C:\Users\Sipka\Desktop\Converter\languages\en\convert\flac\md-to-flac\index.html","en","md","flac","True","True","False","FLAC","Markdown","256","142"
"C:\Users\Sipka\Desktop\Converter\languages\en\convert\flac\mkv-to-flac\index.html","en","mkv","flac","True","True","False","FLAC","MKV","256","190"
"C:\Users\Sipka\Desktop\Converter\languages\en\convert\flac\mov-to-flac\index.html","en","mov","flac","True","True","False","FLAC","MOV","256","181"
"C:\Users\Sipka\Desktop\Converter\languages\en\convert\flac\mp3-to-flac\index.html","en","mp3","flac","True","True","False","FLAC","MP3","256","247"
"C:\Users\Sipka\Desktop\Converter\languages\en\convert\flac\mp4-to-flac\index.html","en","mp4","flac","True","True","False","FLAC","MP4","256","233"
"C:\Users\Sipka\Desktop\Converter\languages\en\convert\flac\ogg-to-flac\index.html","en","ogg","flac","True","True","False","FLAC","Ogg Vorbis","256","196"
"C:\Users\Sipka\Desktop\Converter\languages\en\convert\flac\opus-to-flac\index.html","en","opus","flac","True","True","False","FLAC","Opus","256","194"
"C:\Users\Sipka\Desktop\Converter\languages\en\convert\flac\pdf-to-flac\index.html","en","pdf","flac","True","True","False","FLAC","PDF","256","191"
"C:\Users\Sipka\Desktop\Converter\languages\en\convert\flac\png-to-flac\index.html","en","png","flac","True","True","False","FLAC","PNG","256","317"
"C:\Users\Sipka\Desktop\Converter\languages\en\convert\flac\pptx-to-flac\index.html","en","pptx","flac","True","True","False","FLAC","PPTX","256","185"
"C:\Users\Sipka\Desktop\Converter\languages\en\convert\flac\rar-to-flac\index.html","en","rar","flac","True","True","False","FLAC","RAR","256","128"
"C:\Users\Sipka\Desktop\Converter\languages\en\convert\flac\rtf-to-flac\index.html","en","rtf","flac","True","True","False","FLAC","RTF","256","163"
"C:\Users\Sipka\Desktop\Converter\languages\en\convert\flac\svg-to-flac\index.html","en","svg","flac","True","True","False","FLAC","SVG","256","249"
"C:\Users\Sipka\Desktop\Converter\languages\en\convert\flac\tar-to-flac\index.html","en","tar","flac","True","True","False","FLAC","TAR","256","139"
"C:\Users\Sipka\Desktop\Converter\languages\en\convert\flac\tar.bz2-to-flac\index.html","en","tar.bz2","flac","True","True","False","FLAC","TBZ2","256","79"
"C:\Users\Sipka\Desktop\Converter\languages\en\convert\flac\tar.gz-to-flac\index.html","en","tar.gz","flac","True","True","False","FLAC","TGZ","256","109"
"C:\Users\Sipka\Desktop\Converter\languages\en\convert\flac\tar.xz-to-flac\index.html","en","tar.xz","flac","True","True","False","FLAC","TXZ","256","105"
"C:\Users\Sipka\Desktop\Converter\languages\en\convert\flac\tbz-to-flac\index.html","en","tbz","flac","True","True","False","FLAC","TBZ2","256","79"
"C:\Users\Sipka\Desktop\Converter\languages\en\convert\flac\tgz-to-flac\index.html","en","tgz","flac","True","True","False","FLAC","TGZ","256","109"
"C:\Users\Sipka\Desktop\Converter\languages\en\convert\flac\tiff-to-flac\index.html","en","tiff","flac","True","True","False","FLAC","TIFF","256","248"
"C:\Users\Sipka\Desktop\Converter\languages\en\convert\flac\tsv-to-flac\index.html","en","tsv","flac","True","True","False","FLAC","TSV","256","120"
"C:\Users\Sipka\Desktop\Converter\languages\en\convert\flac\txt-to-flac\index.html","en","txt","flac","True","True","False","FLAC","TXT","256","131"
"C:\Users\Sipka\Desktop\Converter\languages\en\convert\flac\txz-to-flac\index.html","en","txz","flac","True","True","False","FLAC","TXZ","256","105"
"C:\Users\Sipka\Desktop\Converter\languages\en\convert\flac\wav-to-flac\index.html","en","wav","flac","True","True","False","FLAC","WAV","256","233"
"C:\Users\Sipka\Desktop\Converter\languages\en\convert\flac\webm-to-flac\index.html","en","webm","flac","True","True","False","FLAC","WebM","256","186"
"C:\Users\Sipka\Desktop\Converter\languages\en\convert\flac\webp-to-flac\index.html","en","webp","flac","True","True","False","FLAC","WebP","256","221"
"C:\Users\Sipka\Desktop\Converter\languages\en\convert\flac\xlsx-to-flac\index.html","en","xlsx","flac","True","True","False","FLAC","XLSX","256","153"
"C:\Users\Sipka\Desktop\Converter\languages\en\convert\flac\zip-to-flac\index.html","en","zip","flac","True","True","False","FLAC","ZIP","256","132"
"C:\Users\Sipka\Desktop\Converter\languages\en\convert\gif\7z-to-gif\index.html","en","7z","gif","True","True","False","GIF","7Z","340","117"
"C:\Users\Sipka\Desktop\Converter\languages\en\convert\gif\aac-to-gif\index.html","en","aac","gif","True","True","False","GIF","AAC","340","189"
"C:\Users\Sipka\Desktop\Converter\languages\en\convert\gif\aiff-to-gif\index.html","en","aiff","gif","True","True","False","GIF","AIFF","340","175"
"C:\Users\Sipka\Desktop\Converter\languages\en\convert\gif\bmp-to-gif\index.html","en","bmp","gif","True","True","False","GIF","BMP","340","217"
"C:\Users\Sipka\Desktop\Converter\languages\en\convert\gif\csv-to-gif\index.html","en","csv","gif","True","True","False","GIF","CSV","340","158"
"C:\Users\Sipka\Desktop\Converter\languages\en\convert\gif\docx-to-gif\index.html","en","docx","gif","True","True","False","GIF","DOCX","340","195"
"C:\Users\Sipka\Desktop\Converter\languages\en\convert\gif\flac-to-gif\index.html","en","flac","gif","True","True","False","GIF","FLAC","340","185"
"C:\Users\Sipka\Desktop\Converter\languages\en\convert\gif\html-to-gif\index.html","en","html","gif","True","True","False","GIF","HTML","340","166"
"C:\Users\Sipka\Desktop\Converter\languages\en\convert\gif\jpeg-to-gif\index.html","en","jpeg","gif","True","True","False","GIF","JPG","340","253"
"C:\Users\Sipka\Desktop\Converter\languages\en\convert\gif\jpg-to-gif\index.html","en","jpg","gif","True","True","False","GIF","JPG","340","253"
"C:\Users\Sipka\Desktop\Converter\languages\en\convert\gif\json-to-gif\index.html","en","json","gif","True","True","False","GIF","JSON","340","160"
"C:\Users\Sipka\Desktop\Converter\languages\en\convert\gif\jsonl-to-gif\index.html","en","jsonl","gif","True","True","False","GIF","JSON Lines","340","157"
"C:\Users\Sipka\Desktop\Converter\languages\en\convert\gif\m4a-to-gif\index.html","en","m4a","gif","True","True","False","GIF","M4A","340","231"
"C:\Users\Sipka\Desktop\Converter\languages\en\convert\gif\m4v-to-gif\index.html","en","m4v","gif","True","True","False","GIF","M4V","340","154"
"C:\Users\Sipka\Desktop\Converter\languages\en\convert\gif\md-to-gif\index.html","en","md","gif","True","True","False","GIF","Markdown","340","142"
"C:\Users\Sipka\Desktop\Converter\languages\en\convert\gif\mkv-to-gif\index.html","en","mkv","gif","True","True","False","GIF","MKV","340","190"
"C:\Users\Sipka\Desktop\Converter\languages\en\convert\gif\mov-to-gif\index.html","en","mov","gif","True","True","False","GIF","MOV","340","181"
"C:\Users\Sipka\Desktop\Converter\languages\en\convert\gif\mp3-to-gif\index.html","en","mp3","gif","True","True","False","GIF","MP3","340","247"
"C:\Users\Sipka\Desktop\Converter\languages\en\convert\gif\mp4-to-gif\index.html","en","mp4","gif","True","True","False","GIF","MP4","340","233"
"C:\Users\Sipka\Desktop\Converter\languages\en\convert\gif\ogg-to-gif\index.html","en","ogg","gif","True","True","False","GIF","Ogg Vorbis","340","196"
"C:\Users\Sipka\Desktop\Converter\languages\en\convert\gif\opus-to-gif\index.html","en","opus","gif","True","True","False","GIF","Opus","340","194"
"C:\Users\Sipka\Desktop\Converter\languages\en\convert\gif\pdf-to-gif\index.html","en","pdf","gif","True","True","False","GIF","PDF","340","191"
"C:\Users\Sipka\Desktop\Converter\languages\en\convert\gif\png-to-gif\index.html","en","png","gif","True","True","False","GIF","PNG","340","317"
"C:\Users\Sipka\Desktop\Converter\languages\en\convert\gif\pptx-to-gif\index.html","en","pptx","gif","True","True","False","GIF","PPTX","340","185"
"C:\Users\Sipka\Desktop\Converter\languages\en\convert\gif\rar-to-gif\index.html","en","rar","gif","True","True","False","GIF","RAR","340","128"
"C:\Users\Sipka\Desktop\Converter\languages\en\convert\gif\rtf-to-gif\index.html","en","rtf","gif","True","True","False","GIF","RTF","340","163"
"C:\Users\Sipka\Desktop\Converter\languages\en\convert\gif\svg-to-gif\index.html","en","svg","gif","True","True","False","GIF","SVG","340","249"
"C:\Users\Sipka\Desktop\Converter\languages\en\convert\gif\tar-to-gif\index.html","en","tar","gif","True","True","False","GIF","TAR","340","139"
"C:\Users\Sipka\Desktop\Converter\languages\en\convert\gif\tar.bz2-to-gif\index.html","en","tar.bz2","gif","True","True","False","GIF","TBZ2","340","79"
"C:\Users\Sipka\Desktop\Converter\languages\en\convert\gif\tar.gz-to-gif\index.html","en","tar.gz","gif","True","True","False","GIF","TGZ","340","109"
"C:\Users\Sipka\Desktop\Converter\languages\en\convert\gif\tar.xz-to-gif\index.html","en","tar.xz","gif","True","True","False","GIF","TXZ","340","105"
"C:\Users\Sipka\Desktop\Converter\languages\en\convert\gif\tbz-to-gif\index.html","en","tbz","gif","True","True","False","GIF","TBZ2","340","79"
"C:\Users\Sipka\Desktop\Converter\languages\en\convert\gif\tgz-to-gif\index.html","en","tgz","gif","True","True","False","GIF","TGZ","340","109"
"C:\Users\Sipka\Desktop\Converter\languages\en\convert\gif\tiff-to-gif\index.html","en","tiff","gif","True","True","False","GIF","TIFF","340","248"
"C:\Users\Sipka\Desktop\Converter\languages\en\convert\gif\tsv-to-gif\index.html","en","tsv","gif","True","True","False","GIF","TSV","340","120"
"C:\Users\Sipka\Desktop\Converter\languages\en\convert\gif\txt-to-gif\index.html","en","txt","gif","True","True","False","GIF","TXT","340","131"
"C:\Users\Sipka\Desktop\Converter\languages\en\convert\gif\txz-to-gif\index.html","en","txz","gif","True","True","False","GIF","TXZ","340","105"
"C:\Users\Sipka\Desktop\Converter\languages\en\convert\gif\wav-to-gif\index.html","en","wav","gif","True","True","False","GIF","WAV","340","233"
"C:\Users\Sipka\Desktop\Converter\languages\en\convert\gif\webm-to-gif\index.html","en","webm","gif","True","True","False","GIF","WebM","340","186"
"C:\Users\Sipka\Desktop\Converter\languages\en\convert\gif\webp-to-gif\index.html","en","webp","gif","True","True","False","GIF","WebP","340","221"
"C:\Users\Sipka\Desktop\Converter\languages\en\convert\gif\xlsx-to-gif\index.html","en","xlsx","gif","True","True","False","GIF","XLSX","340","153"
"C:\Users\Sipka\Desktop\Converter\languages\en\convert\gif\zip-to-gif\index.html","en","zip","gif","True","True","False","GIF","ZIP","340","132"
"C:\Users\Sipka\Desktop\Converter\languages\en\convert\html\7z-to-html\index.html","en","7z","html","True","True","False","HTML","7Z","247","117"
"C:\Users\Sipka\Desktop\Converter\languages\en\convert\html\aac-to-html\index.html","en","aac","html","True","True","False","HTML","AAC","247","189"
"C:\Users\Sipka\Desktop\Converter\languages\en\convert\html\aiff-to-html\index.html","en","aiff","html","True","True","False","HTML","AIFF","247","175"
"C:\Users\Sipka\Desktop\Converter\languages\en\convert\html\bmp-to-html\index.html","en","bmp","html","True","True","False","HTML","BMP","247","217"
"C:\Users\Sipka\Desktop\Converter\languages\en\convert\html\csv-to-html\index.html","en","csv","html","True","True","False","HTML","CSV","247","158"
"C:\Users\Sipka\Desktop\Converter\languages\en\convert\html\docx-to-html\index.html","en","docx","html","True","True","False","HTML","DOCX","247","195"
"C:\Users\Sipka\Desktop\Converter\languages\en\convert\html\flac-to-html\index.html","en","flac","html","True","True","False","HTML","FLAC","247","185"
"C:\Users\Sipka\Desktop\Converter\languages\en\convert\html\gif-to-html\index.html","en","gif","html","True","True","False","HTML","GIF","247","192"
"C:\Users\Sipka\Desktop\Converter\languages\en\convert\html\jpeg-to-html\index.html","en","jpeg","html","True","True","False","HTML","JPG","247","253"
"C:\Users\Sipka\Desktop\Converter\languages\en\convert\html\jpg-to-html\index.html","en","jpg","html","True","True","False","HTML","JPG","247","253"
"C:\Users\Sipka\Desktop\Converter\languages\en\convert\html\json-to-html\index.html","en","json","html","True","True","False","HTML","JSON","247","160"
"C:\Users\Sipka\Desktop\Converter\languages\en\convert\html\jsonl-to-html\index.html","en","jsonl","html","True","True","False","HTML","JSON Lines","247","157"
"C:\Users\Sipka\Desktop\Converter\languages\en\convert\html\m4a-to-html\index.html","en","m4a","html","True","True","False","HTML","M4A","247","231"
"C:\Users\Sipka\Desktop\Converter\languages\en\convert\html\m4v-to-html\index.html","en","m4v","html","True","True","False","HTML","M4V","247","154"
"C:\Users\Sipka\Desktop\Converter\languages\en\convert\html\md-to-html\index.html","en","md","html","True","True","False","HTML","Markdown","247","142"
"C:\Users\Sipka\Desktop\Converter\languages\en\convert\html\mkv-to-html\index.html","en","mkv","html","True","True","False","HTML","MKV","247","190"
"C:\Users\Sipka\Desktop\Converter\languages\en\convert\html\mov-to-html\index.html","en","mov","html","True","True","False","HTML","MOV","247","181"
"C:\Users\Sipka\Desktop\Converter\languages\en\convert\html\mp3-to-html\index.html","en","mp3","html","True","True","False","HTML","MP3","247","247"
"C:\Users\Sipka\Desktop\Converter\languages\en\convert\html\mp4-to-html\index.html","en","mp4","html","True","True","False","HTML","MP4","247","233"
"C:\Users\Sipka\Desktop\Converter\languages\en\convert\html\ogg-to-html\index.html","en","ogg","html","True","True","False","HTML","Ogg Vorbis","247","196"
"C:\Users\Sipka\Desktop\Converter\languages\en\convert\html\opus-to-html\index.html","en","opus","html","True","True","False","HTML","Opus","247","194"
"C:\Users\Sipka\Desktop\Converter\languages\en\convert\html\pdf-to-html\index.html","en","pdf","html","True","True","False","HTML","PDF","247","191"
"C:\Users\Sipka\Desktop\Converter\languages\en\convert\html\png-to-html\index.html","en","png","html","True","True","False","HTML","PNG","247","317"
"C:\Users\Sipka\Desktop\Converter\languages\en\convert\html\pptx-to-html\index.html","en","pptx","html","True","True","False","HTML","PPTX","247","185"
"C:\Users\Sipka\Desktop\Converter\languages\en\convert\html\rar-to-html\index.html","en","rar","html","True","True","False","HTML","RAR","247","128"
"C:\Users\Sipka\Desktop\Converter\languages\en\convert\html\rtf-to-html\index.html","en","rtf","html","True","True","False","HTML","RTF","247","163"
"C:\Users\Sipka\Desktop\Converter\languages\en\convert\html\svg-to-html\index.html","en","svg","html","True","True","False","HTML","SVG","247","249"
"C:\Users\Sipka\Desktop\Converter\languages\en\convert\html\tar-to-html\index.html","en","tar","html","True","True","False","HTML","TAR","247","139"
"C:\Users\Sipka\Desktop\Converter\languages\en\convert\html\tar.bz2-to-html\index.html","en","tar.bz2","html","True","True","False","HTML","TBZ2","247","79"
"C:\Users\Sipka\Desktop\Converter\languages\en\convert\html\tar.gz-to-html\index.html","en","tar.gz","html","True","True","False","HTML","TGZ","247","109"
"C:\Users\Sipka\Desktop\Converter\languages\en\convert\html\tar.xz-to-html\index.html","en","tar.xz","html","True","True","False","HTML","TXZ","247","105"
"C:\Users\Sipka\Desktop\Converter\languages\en\convert\html\tbz-to-html\index.html","en","tbz","html","True","True","False","HTML","TBZ2","247","79"
"C:\Users\Sipka\Desktop\Converter\languages\en\convert\html\tgz-to-html\index.html","en","tgz","html","True","True","False","HTML","TGZ","247","109"
"C:\Users\Sipka\Desktop\Converter\languages\en\convert\html\tiff-to-html\index.html","en","tiff","html","True","True","False","HTML","TIFF","247","248"
"C:\Users\Sipka\Desktop\Converter\languages\en\convert\html\tsv-to-html\index.html","en","tsv","html","True","True","False","HTML","TSV","247","120"
"C:\Users\Sipka\Desktop\Converter\languages\en\convert\html\txt-to-html\index.html","en","txt","html","True","True","False","HTML","TXT","247","131"
"C:\Users\Sipka\Desktop\Converter\languages\en\convert\html\txz-to-html\index.html","en","txz","html","True","True","False","HTML","TXZ","247","105"
"C:\Users\Sipka\Desktop\Converter\languages\en\convert\html\wav-to-html\index.html","en","wav","html","True","True","False","HTML","WAV","247","233"
"C:\Users\Sipka\Desktop\Converter\languages\en\convert\html\webm-to-html\index.html","en","webm","html","True","True","False","HTML","WebM","247","186"
"C:\Users\Sipka\Desktop\Converter\languages\en\convert\html\webp-to-html\index.html","en","webp","html","True","True","False","HTML","WebP","247","221"
"C:\Users\Sipka\Desktop\Converter\languages\en\convert\html\xlsx-to-html\index.html","en","xlsx","html","True","True","False","HTML","XLSX","247","153"
"C:\Users\Sipka\Desktop\Converter\languages\en\convert\html\zip-to-html\index.html","en","zip","html","True","True","False","HTML","ZIP","247","132"
"C:\Users\Sipka\Desktop\Converter\languages\en\convert\jpeg\7z-to-jpeg\index.html","en","7z","jpeg","True","True","False","JPG","7Z","390","117"
"C:\Users\Sipka\Desktop\Converter\languages\en\convert\jpeg\aac-to-jpeg\index.html","en","aac","jpeg","True","True","False","JPG","AAC","390","189"
"C:\Users\Sipka\Desktop\Converter\languages\en\convert\jpeg\aiff-to-jpeg\index.html","en","aiff","jpeg","True","True","False","JPG","AIFF","390","175"
"C:\Users\Sipka\Desktop\Converter\languages\en\convert\jpeg\bmp-to-jpeg\index.html","en","bmp","jpeg","True","True","False","JPG","BMP","390","217"
"C:\Users\Sipka\Desktop\Converter\languages\en\convert\jpeg\csv-to-jpeg\index.html","en","csv","jpeg","True","True","False","JPG","CSV","390","158"
"C:\Users\Sipka\Desktop\Converter\languages\en\convert\jpeg\docx-to-jpeg\index.html","en","docx","jpeg","True","True","False","JPG","DOCX","390","195"
"C:\Users\Sipka\Desktop\Converter\languages\en\convert\jpeg\flac-to-jpeg\index.html","en","flac","jpeg","True","True","False","JPG","FLAC","390","185"
"C:\Users\Sipka\Desktop\Converter\languages\en\convert\jpeg\gif-to-jpeg\index.html","en","gif","jpeg","True","True","False","JPG","GIF","390","192"
"C:\Users\Sipka\Desktop\Converter\languages\en\convert\jpeg\html-to-jpeg\index.html","en","html","jpeg","True","True","False","JPG","HTML","390","166"
"C:\Users\Sipka\Desktop\Converter\languages\en\convert\jpeg\jpg-to-jpeg\index.html","en","jpg","jpeg","True","True","False","JPG","JPG","390","253"
"C:\Users\Sipka\Desktop\Converter\languages\en\convert\jpeg\json-to-jpeg\index.html","en","json","jpeg","True","True","False","JPG","JSON","390","160"
"C:\Users\Sipka\Desktop\Converter\languages\en\convert\jpeg\jsonl-to-jpeg\index.html","en","jsonl","jpeg","True","True","False","JPG","JSON Lines","390","157"
"C:\Users\Sipka\Desktop\Converter\languages\en\convert\jpeg\m4a-to-jpeg\index.html","en","m4a","jpeg","True","True","False","JPG","M4A","390","231"
"C:\Users\Sipka\Desktop\Converter\languages\en\convert\jpeg\m4v-to-jpeg\index.html","en","m4v","jpeg","True","True","False","JPG","M4V","390","154"
"C:\Users\Sipka\Desktop\Converter\languages\en\convert\jpeg\md-to-jpeg\index.html","en","md","jpeg","True","True","False","JPG","Markdown","390","142"
"C:\Users\Sipka\Desktop\Converter\languages\en\convert\jpeg\mkv-to-jpeg\index.html","en","mkv","jpeg","True","True","False","JPG","MKV","390","190"
"C:\Users\Sipka\Desktop\Converter\languages\en\convert\jpeg\mov-to-jpeg\index.html","en","mov","jpeg","True","True","False","JPG","MOV","390","181"
"C:\Users\Sipka\Desktop\Converter\languages\en\convert\jpeg\mp3-to-jpeg\index.html","en","mp3","jpeg","True","True","False","JPG","MP3","390","247"
"C:\Users\Sipka\Desktop\Converter\languages\en\convert\jpeg\mp4-to-jpeg\index.html","en","mp4","jpeg","True","True","False","JPG","MP4","390","233"
"C:\Users\Sipka\Desktop\Converter\languages\en\convert\jpeg\ogg-to-jpeg\index.html","en","ogg","jpeg","True","True","False","JPG","Ogg Vorbis","390","196"
"C:\Users\Sipka\Desktop\Converter\languages\en\convert\jpeg\opus-to-jpeg\index.html","en","opus","jpeg","True","True","False","JPG","Opus","390","194"
"C:\Users\Sipka\Desktop\Converter\languages\en\convert\jpeg\pdf-to-jpeg\index.html","en","pdf","jpeg","True","True","False","JPG","PDF","390","191"
"C:\Users\Sipka\Desktop\Converter\languages\en\convert\jpeg\png-to-jpeg\index.html","en","png","jpeg","True","True","False","JPG","PNG","390","317"
"C:\Users\Sipka\Desktop\Converter\languages\en\convert\jpeg\pptx-to-jpeg\index.html","en","pptx","jpeg","True","True","False","JPG","PPTX","390","185"
"C:\Users\Sipka\Desktop\Converter\languages\en\convert\jpeg\rar-to-jpeg\index.html","en","rar","jpeg","True","True","False","JPG","RAR","390","128"
"C:\Users\Sipka\Desktop\Converter\languages\en\convert\jpeg\rtf-to-jpeg\index.html","en","rtf","jpeg","True","True","False","JPG","RTF","390","163"
"C:\Users\Sipka\Desktop\Converter\languages\en\convert\jpeg\svg-to-jpeg\index.html","en","svg","jpeg","True","True","False","JPG","SVG","390","249"
"C:\Users\Sipka\Desktop\Converter\languages\en\convert\jpeg\tar-to-jpeg\index.html","en","tar","jpeg","True","True","False","JPG","TAR","390","139"
"C:\Users\Sipka\Desktop\Converter\languages\en\convert\jpeg\tar.bz2-to-jpeg\index.html","en","tar.bz2","jpeg","True","True","False","JPG","TBZ2","390","79"
"C:\Users\Sipka\Desktop\Converter\languages\en\convert\jpeg\tar.gz-to-jpeg\index.html","en","tar.gz","jpeg","True","True","False","JPG","TGZ","390","109"
"C:\Users\Sipka\Desktop\Converter\languages\en\convert\jpeg\tar.xz-to-jpeg\index.html","en","tar.xz","jpeg","True","True","False","JPG","TXZ","390","105"
"C:\Users\Sipka\Desktop\Converter\languages\en\convert\jpeg\tbz-to-jpeg\index.html","en","tbz","jpeg","True","True","False","JPG","TBZ2","390","79"
"C:\Users\Sipka\Desktop\Converter\languages\en\convert\jpeg\tgz-to-jpeg\index.html","en","tgz","jpeg","True","True","False","JPG","TGZ","390","109"
"C:\Users\Sipka\Desktop\Converter\languages\en\convert\jpeg\tiff-to-jpeg\index.html","en","tiff","jpeg","True","True","False","JPG","TIFF","390","248"
"C:\Users\Sipka\Desktop\Converter\languages\en\convert\jpeg\tsv-to-jpeg\index.html","en","tsv","jpeg","True","True","False","JPG","TSV","390","120"
"C:\Users\Sipka\Desktop\Converter\languages\en\convert\jpeg\txt-to-jpeg\index.html","en","txt","jpeg","True","True","False","JPG","TXT","390","131"
"C:\Users\Sipka\Desktop\Converter\languages\en\convert\jpeg\txz-to-jpeg\index.html","en","txz","jpeg","True","True","False","JPG","TXZ","390","105"
"C:\Users\Sipka\Desktop\Converter\languages\en\convert\jpeg\wav-to-jpeg\index.html","en","wav","jpeg","True","True","False","JPG","WAV","390","233"
"C:\Users\Sipka\Desktop\Converter\languages\en\convert\jpeg\webm-to-jpeg\index.html","en","webm","jpeg","True","True","False","JPG","WebM","390","186"
"C:\Users\Sipka\Desktop\Converter\languages\en\convert\jpeg\webp-to-jpeg\index.html","en","webp","jpeg","True","True","False","JPG","WebP","390","221"
"C:\Users\Sipka\Desktop\Converter\languages\en\convert\jpeg\xlsx-to-jpeg\index.html","en","xlsx","jpeg","True","True","False","JPG","XLSX","390","153"
"C:\Users\Sipka\Desktop\Converter\languages\en\convert\jpeg\zip-to-jpeg\index.html","en","zip","jpeg","True","True","False","JPG","ZIP","390","132"
"C:\Users\Sipka\Desktop\Converter\languages\en\convert\jpg\7z-to-jpg\index.html","en","7z","jpg","True","True","False","JPG","7Z","390","117"
"C:\Users\Sipka\Desktop\Converter\languages\en\convert\jpg\aac-to-jpg\index.html","en","aac","jpg","True","True","False","JPG","AAC","390","189"
"C:\Users\Sipka\Desktop\Converter\languages\en\convert\jpg\aiff-to-jpg\index.html","en","aiff","jpg","True","True","False","JPG","AIFF","390","175"
"C:\Users\Sipka\Desktop\Converter\languages\en\convert\jpg\bmp-to-jpg\index.html","en","bmp","jpg","True","True","False","JPG","BMP","390","217"
"C:\Users\Sipka\Desktop\Converter\languages\en\convert\jpg\csv-to-jpg\index.html","en","csv","jpg","True","True","False","JPG","CSV","390","158"
"C:\Users\Sipka\Desktop\Converter\languages\en\convert\jpg\docx-to-jpg\index.html","en","docx","jpg","True","True","False","JPG","DOCX","390","195"
"C:\Users\Sipka\Desktop\Converter\languages\en\convert\jpg\flac-to-jpg\index.html","en","flac","jpg","True","True","False","JPG","FLAC","390","185"
"C:\Users\Sipka\Desktop\Converter\languages\en\convert\jpg\gif-to-jpg\index.html","en","gif","jpg","True","True","False","JPG","GIF","390","192"
"C:\Users\Sipka\Desktop\Converter\languages\en\convert\jpg\html-to-jpg\index.html","en","html","jpg","True","True","False","JPG","HTML","390","166"
"C:\Users\Sipka\Desktop\Converter\languages\en\convert\jpg\jpeg-to-jpg\index.html","en","jpeg","jpg","True","True","False","JPG","JPG","390","253"
"C:\Users\Sipka\Desktop\Converter\languages\en\convert\jpg\json-to-jpg\index.html","en","json","jpg","True","True","False","JPG","JSON","390","160"
"C:\Users\Sipka\Desktop\Converter\languages\en\convert\jpg\jsonl-to-jpg\index.html","en","jsonl","jpg","True","True","False","JPG","JSON Lines","390","157"
"C:\Users\Sipka\Desktop\Converter\languages\en\convert\jpg\m4a-to-jpg\index.html","en","m4a","jpg","True","True","False","JPG","M4A","390","231"
"C:\Users\Sipka\Desktop\Converter\languages\en\convert\jpg\m4v-to-jpg\index.html","en","m4v","jpg","True","True","False","JPG","M4V","390","154"
"C:\Users\Sipka\Desktop\Converter\languages\en\convert\jpg\md-to-jpg\index.html","en","md","jpg","True","True","False","JPG","Markdown","390","142"
"C:\Users\Sipka\Desktop\Converter\languages\en\convert\jpg\mkv-to-jpg\index.html","en","mkv","jpg","True","True","False","JPG","MKV","390","190"
"C:\Users\Sipka\Desktop\Converter\languages\en\convert\jpg\mov-to-jpg\index.html","en","mov","jpg","True","True","False","JPG","MOV","390","181"
"C:\Users\Sipka\Desktop\Converter\languages\en\convert\jpg\mp3-to-jpg\index.html","en","mp3","jpg","True","True","False","JPG","MP3","390","247"
"C:\Users\Sipka\Desktop\Converter\languages\en\convert\jpg\mp4-to-jpg\index.html","en","mp4","jpg","True","True","False","JPG","MP4","390","233"
"C:\Users\Sipka\Desktop\Converter\languages\en\convert\jpg\ogg-to-jpg\index.html","en","ogg","jpg","True","True","False","JPG","Ogg Vorbis","390","196"
"C:\Users\Sipka\Desktop\Converter\languages\en\convert\jpg\opus-to-jpg\index.html","en","opus","jpg","True","True","False","JPG","Opus","390","194"
"C:\Users\Sipka\Desktop\Converter\languages\en\convert\jpg\pdf-to-jpg\index.html","en","pdf","jpg","True","True","False","JPG","PDF","390","191"
"C:\Users\Sipka\Desktop\Converter\languages\en\convert\jpg\png-to-jpg\index.html","en","png","jpg","True","True","False","JPG","PNG","390","317"
"C:\Users\Sipka\Desktop\Converter\languages\en\convert\jpg\pptx-to-jpg\index.html","en","pptx","jpg","True","True","False","JPG","PPTX","390","185"
"C:\Users\Sipka\Desktop\Converter\languages\en\convert\jpg\rar-to-jpg\index.html","en","rar","jpg","True","True","False","JPG","RAR","390","128"
"C:\Users\Sipka\Desktop\Converter\languages\en\convert\jpg\rtf-to-jpg\index.html","en","rtf","jpg","True","True","False","JPG","RTF","390","163"
"C:\Users\Sipka\Desktop\Converter\languages\en\convert\jpg\svg-to-jpg\index.html","en","svg","jpg","True","True","False","JPG","SVG","390","249"
"C:\Users\Sipka\Desktop\Converter\languages\en\convert\jpg\tar-to-jpg\index.html","en","tar","jpg","True","True","False","JPG","TAR","390","139"
"C:\Users\Sipka\Desktop\Converter\languages\en\convert\jpg\tar.bz2-to-jpg\index.html","en","tar.bz2","jpg","True","True","False","JPG","TBZ2","390","79"
"C:\Users\Sipka\Desktop\Converter\languages\en\convert\jpg\tar.gz-to-jpg\index.html","en","tar.gz","jpg","True","True","False","JPG","TGZ","390","109"
"C:\Users\Sipka\Desktop\Converter\languages\en\convert\jpg\tar.xz-to-jpg\index.html","en","tar.xz","jpg","True","True","False","JPG","TXZ","390","105"
"C:\Users\Sipka\Desktop\Converter\languages\en\convert\jpg\tbz-to-jpg\index.html","en","tbz","jpg","True","True","False","JPG","TBZ2","390","79"
"C:\Users\Sipka\Desktop\Converter\languages\en\convert\jpg\tgz-to-jpg\index.html","en","tgz","jpg","True","True","False","JPG","TGZ","390","109"
"C:\Users\Sipka\Desktop\Converter\languages\en\convert\jpg\tiff-to-jpg\index.html","en","tiff","jpg","True","True","False","JPG","TIFF","390","248"
"C:\Users\Sipka\Desktop\Converter\languages\en\convert\jpg\tsv-to-jpg\index.html","en","tsv","jpg","True","True","False","JPG","TSV","390","120"
"C:\Users\Sipka\Desktop\Converter\languages\en\convert\jpg\txt-to-jpg\index.html","en","txt","jpg","True","True","False","JPG","TXT","390","131"
"C:\Users\Sipka\Desktop\Converter\languages\en\convert\jpg\txz-to-jpg\index.html","en","txz","jpg","True","True","False","JPG","TXZ","390","105"
"C:\Users\Sipka\Desktop\Converter\languages\en\convert\jpg\wav-to-jpg\index.html","en","wav","jpg","True","True","False","JPG","WAV","390","233"
"C:\Users\Sipka\Desktop\Converter\languages\en\convert\jpg\webm-to-jpg\index.html","en","webm","jpg","True","True","False","JPG","WebM","390","186"
"C:\Users\Sipka\Desktop\Converter\languages\en\convert\jpg\webp-to-jpg\index.html","en","webp","jpg","True","True","False","JPG","WebP","390","221"
"C:\Users\Sipka\Desktop\Converter\languages\en\convert\jpg\xlsx-to-jpg\index.html","en","xlsx","jpg","True","True","False","JPG","XLSX","390","153"
"C:\Users\Sipka\Desktop\Converter\languages\en\convert\jpg\zip-to-jpg\index.html","en","zip","jpg","True","True","False","JPG","ZIP","390","132"
"C:\Users\Sipka\Desktop\Converter\languages\en\convert\json\7z-to-json\index.html","en","7z","json","True","True","False","JSON","7Z","242","117"
"C:\Users\Sipka\Desktop\Converter\languages\en\convert\json\aac-to-json\index.html","en","aac","json","True","True","False","JSON","AAC","242","189"
"C:\Users\Sipka\Desktop\Converter\languages\en\convert\json\aiff-to-json\index.html","en","aiff","json","True","True","False","JSON","AIFF","242","175"
"C:\Users\Sipka\Desktop\Converter\languages\en\convert\json\bmp-to-json\index.html","en","bmp","json","True","True","False","JSON","BMP","242","217"
"C:\Users\Sipka\Desktop\Converter\languages\en\convert\json\csv-to-json\index.html","en","csv","json","True","True","False","JSON","CSV","242","158"
"C:\Users\Sipka\Desktop\Converter\languages\en\convert\json\docx-to-json\index.html","en","docx","json","True","True","False","JSON","DOCX","242","195"
"C:\Users\Sipka\Desktop\Converter\languages\en\convert\json\flac-to-json\index.html","en","flac","json","True","True","False","JSON","FLAC","242","185"
"C:\Users\Sipka\Desktop\Converter\languages\en\convert\json\gif-to-json\index.html","en","gif","json","True","True","False","JSON","GIF","242","192"
"C:\Users\Sipka\Desktop\Converter\languages\en\convert\json\html-to-json\index.html","en","html","json","True","True","False","JSON","HTML","242","166"
"C:\Users\Sipka\Desktop\Converter\languages\en\convert\json\jpeg-to-json\index.html","en","jpeg","json","True","True","False","JSON","JPG","242","253"
"C:\Users\Sipka\Desktop\Converter\languages\en\convert\json\jpg-to-json\index.html","en","jpg","json","True","True","False","JSON","JPG","242","253"
"C:\Users\Sipka\Desktop\Converter\languages\en\convert\json\jsonl-to-json\index.html","en","jsonl","json","True","True","False","JSON","JSON Lines","242","157"
"C:\Users\Sipka\Desktop\Converter\languages\en\convert\json\m4a-to-json\index.html","en","m4a","json","True","True","False","JSON","M4A","242","231"
"C:\Users\Sipka\Desktop\Converter\languages\en\convert\json\m4v-to-json\index.html","en","m4v","json","True","True","False","JSON","M4V","242","154"
"C:\Users\Sipka\Desktop\Converter\languages\en\convert\json\md-to-json\index.html","en","md","json","True","True","False","JSON","Markdown","242","142"
"C:\Users\Sipka\Desktop\Converter\languages\en\convert\json\mkv-to-json\index.html","en","mkv","json","True","True","False","JSON","MKV","242","190"
"C:\Users\Sipka\Desktop\Converter\languages\en\convert\json\mov-to-json\index.html","en","mov","json","True","True","False","JSON","MOV","242","181"
"C:\Users\Sipka\Desktop\Converter\languages\en\convert\json\mp3-to-json\index.html","en","mp3","json","True","True","False","JSON","MP3","242","247"
"C:\Users\Sipka\Desktop\Converter\languages\en\convert\json\mp4-to-json\index.html","en","mp4","json","True","True","False","JSON","MP4","242","233"
"C:\Users\Sipka\Desktop\Converter\languages\en\convert\json\ogg-to-json\index.html","en","ogg","json","True","True","False","JSON","Ogg Vorbis","242","196"
"C:\Users\Sipka\Desktop\Converter\languages\en\convert\json\opus-to-json\index.html","en","opus","json","True","True","False","JSON","Opus","242","194"
"C:\Users\Sipka\Desktop\Converter\languages\en\convert\json\pdf-to-json\index.html","en","pdf","json","True","True","False","JSON","PDF","242","191"
"C:\Users\Sipka\Desktop\Converter\languages\en\convert\json\png-to-json\index.html","en","png","json","True","True","False","JSON","PNG","242","317"
"C:\Users\Sipka\Desktop\Converter\languages\en\convert\json\pptx-to-json\index.html","en","pptx","json","True","True","False","JSON","PPTX","242","185"
"C:\Users\Sipka\Desktop\Converter\languages\en\convert\json\rar-to-json\index.html","en","rar","json","True","True","False","JSON","RAR","242","128"
"C:\Users\Sipka\Desktop\Converter\languages\en\convert\json\rtf-to-json\index.html","en","rtf","json","True","True","False","JSON","RTF","242","163"
"C:\Users\Sipka\Desktop\Converter\languages\en\convert\json\svg-to-json\index.html","en","svg","json","True","True","False","JSON","SVG","242","249"
"C:\Users\Sipka\Desktop\Converter\languages\en\convert\json\tar-to-json\index.html","en","tar","json","True","True","False","JSON","TAR","242","139"
"C:\Users\Sipka\Desktop\Converter\languages\en\convert\json\tar.bz2-to-json\index.html","en","tar.bz2","json","True","True","False","JSON","TBZ2","242","79"
"C:\Users\Sipka\Desktop\Converter\languages\en\convert\json\tar.gz-to-json\index.html","en","tar.gz","json","True","True","False","JSON","TGZ","242","109"
"C:\Users\Sipka\Desktop\Converter\languages\en\convert\json\tar.xz-to-json\index.html","en","tar.xz","json","True","True","False","JSON","TXZ","242","105"
"C:\Users\Sipka\Desktop\Converter\languages\en\convert\json\tbz-to-json\index.html","en","tbz","json","True","True","False","JSON","TBZ2","242","79"
"C:\Users\Sipka\Desktop\Converter\languages\en\convert\json\tgz-to-json\index.html","en","tgz","json","True","True","False","JSON","TGZ","242","109"
"C:\Users\Sipka\Desktop\Converter\languages\en\convert\json\tiff-to-json\index.html","en","tiff","json","True","True","False","JSON","TIFF","242","248"
"C:\Users\Sipka\Desktop\Converter\languages\en\convert\json\tsv-to-json\index.html","en","tsv","json","True","True","False","JSON","TSV","242","120"
"C:\Users\Sipka\Desktop\Converter\languages\en\convert\json\txt-to-json\index.html","en","txt","json","True","True","False","JSON","TXT","242","131"
"C:\Users\Sipka\Desktop\Converter\languages\en\convert\json\txz-to-json\index.html","en","txz","json","True","True","False","JSON","TXZ","242","105"
"C:\Users\Sipka\Desktop\Converter\languages\en\convert\json\wav-to-json\index.html","en","wav","json","True","True","False","JSON","WAV","242","233"
"C:\Users\Sipka\Desktop\Converter\languages\en\convert\json\webm-to-json\index.html","en","webm","json","True","True","False","JSON","WebM","242","186"
"C:\Users\Sipka\Desktop\Converter\languages\en\convert\json\webp-to-json\index.html","en","webp","json","True","True","False","JSON","WebP","242","221"
"C:\Users\Sipka\Desktop\Converter\languages\en\convert\json\xlsx-to-json\index.html","en","xlsx","json","True","True","False","JSON","XLSX","242","153"
"C:\Users\Sipka\Desktop\Converter\languages\en\convert\json\zip-to-json\index.html","en","zip","json","True","True","False","JSON","ZIP","242","132"
"C:\Users\Sipka\Desktop\Converter\languages\en\convert\jsonl\7z-to-jsonl\index.html","en","7z","jsonl","True","True","False","JSON Lines","7Z","212","117"
"C:\Users\Sipka\Desktop\Converter\languages\en\convert\jsonl\aac-to-jsonl\index.html","en","aac","jsonl","True","True","False","JSON Lines","AAC","212","189"
"C:\Users\Sipka\Desktop\Converter\languages\en\convert\jsonl\aiff-to-jsonl\index.html","en","aiff","jsonl","True","True","False","JSON Lines","AIFF","212","175"
"C:\Users\Sipka\Desktop\Converter\languages\en\convert\jsonl\bmp-to-jsonl\index.html","en","bmp","jsonl","True","True","False","JSON Lines","BMP","212","217"
"C:\Users\Sipka\Desktop\Converter\languages\en\convert\jsonl\csv-to-jsonl\index.html","en","csv","jsonl","True","True","False","JSON Lines","CSV","212","158"
"C:\Users\Sipka\Desktop\Converter\languages\en\convert\jsonl\docx-to-jsonl\index.html","en","docx","jsonl","True","True","False","JSON Lines","DOCX","212","195"
"C:\Users\Sipka\Desktop\Converter\languages\en\convert\jsonl\flac-to-jsonl\index.html","en","flac","jsonl","True","True","False","JSON Lines","FLAC","212","185"
"C:\Users\Sipka\Desktop\Converter\languages\en\convert\jsonl\gif-to-jsonl\index.html","en","gif","jsonl","True","True","False","JSON Lines","GIF","212","192"
"C:\Users\Sipka\Desktop\Converter\languages\en\convert\jsonl\html-to-jsonl\index.html","en","html","jsonl","True","True","False","JSON Lines","HTML","212","166"
"C:\Users\Sipka\Desktop\Converter\languages\en\convert\jsonl\jpeg-to-jsonl\index.html","en","jpeg","jsonl","True","True","False","JSON Lines","JPG","212","253"
"C:\Users\Sipka\Desktop\Converter\languages\en\convert\jsonl\jpg-to-jsonl\index.html","en","jpg","jsonl","True","True","False","JSON Lines","JPG","212","253"
"C:\Users\Sipka\Desktop\Converter\languages\en\convert\jsonl\json-to-jsonl\index.html","en","json","jsonl","True","True","False","JSON Lines","JSON","212","160"
"C:\Users\Sipka\Desktop\Converter\languages\en\convert\jsonl\m4a-to-jsonl\index.html","en","m4a","jsonl","True","True","False","JSON Lines","M4A","212","231"
"C:\Users\Sipka\Desktop\Converter\languages\en\convert\jsonl\m4v-to-jsonl\index.html","en","m4v","jsonl","True","True","False","JSON Lines","M4V","212","154"
"C:\Users\Sipka\Desktop\Converter\languages\en\convert\jsonl\md-to-jsonl\index.html","en","md","jsonl","True","True","False","JSON Lines","Markdown","212","142"
"C:\Users\Sipka\Desktop\Converter\languages\en\convert\jsonl\mkv-to-jsonl\index.html","en","mkv","jsonl","True","True","False","JSON Lines","MKV","212","190"
"C:\Users\Sipka\Desktop\Converter\languages\en\convert\jsonl\mov-to-jsonl\index.html","en","mov","jsonl","True","True","False","JSON Lines","MOV","212","181"
"C:\Users\Sipka\Desktop\Converter\languages\en\convert\jsonl\mp3-to-jsonl\index.html","en","mp3","jsonl","True","True","False","JSON Lines","MP3","212","247"
"C:\Users\Sipka\Desktop\Converter\languages\en\convert\jsonl\mp4-to-jsonl\index.html","en","mp4","jsonl","True","True","False","JSON Lines","MP4","212","233"
"C:\Users\Sipka\Desktop\Converter\languages\en\convert\jsonl\ogg-to-jsonl\index.html","en","ogg","jsonl","True","True","False","JSON Lines","Ogg Vorbis","212","196"
"C:\Users\Sipka\Desktop\Converter\languages\en\convert\jsonl\opus-to-jsonl\index.html","en","opus","jsonl","True","True","False","JSON Lines","Opus","212","194"
"C:\Users\Sipka\Desktop\Converter\languages\en\convert\jsonl\pdf-to-jsonl\index.html","en","pdf","jsonl","True","True","False","JSON Lines","PDF","212","191"
"C:\Users\Sipka\Desktop\Converter\languages\en\convert\jsonl\png-to-jsonl\index.html","en","png","jsonl","True","True","False","JSON Lines","PNG","212","317"
"C:\Users\Sipka\Desktop\Converter\languages\en\convert\jsonl\pptx-to-jsonl\index.html","en","pptx","jsonl","True","True","False","JSON Lines","PPTX","212","185"
"C:\Users\Sipka\Desktop\Converter\languages\en\convert\jsonl\rar-to-jsonl\index.html","en","rar","jsonl","True","True","False","JSON Lines","RAR","212","128"
"C:\Users\Sipka\Desktop\Converter\languages\en\convert\jsonl\rtf-to-jsonl\index.html","en","rtf","jsonl","True","True","False","JSON Lines","RTF","212","163"
"C:\Users\Sipka\Desktop\Converter\languages\en\convert\jsonl\svg-to-jsonl\index.html","en","svg","jsonl","True","True","False","JSON Lines","SVG","212","249"
"C:\Users\Sipka\Desktop\Converter\languages\en\convert\jsonl\tar-to-jsonl\index.html","en","tar","jsonl","True","True","False","JSON Lines","TAR","212","139"
"C:\Users\Sipka\Desktop\Converter\languages\en\convert\jsonl\tar.bz2-to-jsonl\index.html","en","tar.bz2","jsonl","True","True","False","JSON Lines","TBZ2","212","79"
"C:\Users\Sipka\Desktop\Converter\languages\en\convert\jsonl\tar.gz-to-jsonl\index.html","en","tar.gz","jsonl","True","True","False","JSON Lines","TGZ","212","109"
"C:\Users\Sipka\Desktop\Converter\languages\en\convert\jsonl\tar.xz-to-jsonl\index.html","en","tar.xz","jsonl","True","True","False","JSON Lines","TXZ","212","105"
"C:\Users\Sipka\Desktop\Converter\languages\en\convert\jsonl\tbz-to-jsonl\index.html","en","tbz","jsonl","True","True","False","JSON Lines","TBZ2","212","79"
"C:\Users\Sipka\Desktop\Converter\languages\en\convert\jsonl\tgz-to-jsonl\index.html","en","tgz","jsonl","True","True","False","JSON Lines","TGZ","212","109"
"C:\Users\Sipka\Desktop\Converter\languages\en\convert\jsonl\tiff-to-jsonl\index.html","en","tiff","jsonl","True","True","False","JSON Lines","TIFF","212","248"
"C:\Users\Sipka\Desktop\Converter\languages\en\convert\jsonl\tsv-to-jsonl\index.html","en","tsv","jsonl","True","True","False","JSON Lines","TSV","212","120"
"C:\Users\Sipka\Desktop\Converter\languages\en\convert\jsonl\txt-to-jsonl\index.html","en","txt","jsonl","True","True","False","JSON Lines","TXT","212","131"
"C:\Users\Sipka\Desktop\Converter\languages\en\convert\jsonl\txz-to-jsonl\index.html","en","txz","jsonl","True","True","False","JSON Lines","TXZ","212","105"
"C:\Users\Sipka\Desktop\Converter\languages\en\convert\jsonl\wav-to-jsonl\index.html","en","wav","jsonl","True","True","False","JSON Lines","WAV","212","233"
"C:\Users\Sipka\Desktop\Converter\languages\en\convert\jsonl\webm-to-jsonl\index.html","en","webm","jsonl","True","True","False","JSON Lines","WebM","212","186"
"C:\Users\Sipka\Desktop\Converter\languages\en\convert\jsonl\webp-to-jsonl\index.html","en","webp","jsonl","True","True","False","JSON Lines","WebP","212","221"
"C:\Users\Sipka\Desktop\Converter\languages\en\convert\jsonl\xlsx-to-jsonl\index.html","en","xlsx","jsonl","True","True","False","JSON Lines","XLSX","212","153"
"C:\Users\Sipka\Desktop\Converter\languages\en\convert\jsonl\zip-to-jsonl\index.html","en","zip","jsonl","True","True","False","JSON Lines","ZIP","212","132"
"C:\Users\Sipka\Desktop\Converter\languages\en\convert\m4a\7z-to-m4a\index.html","en","7z","m4a","True","True","False","M4A","7Z","267","117"
"C:\Users\Sipka\Desktop\Converter\languages\en\convert\m4a\aac-to-m4a\index.html","en","aac","m4a","True","True","True","M4A","AAC","267","189"
"C:\Users\Sipka\Desktop\Converter\languages\en\convert\m4a\aiff-to-m4a\index.html","en","aiff","m4a","True","True","False","M4A","AIFF","267","175"
"C:\Users\Sipka\Desktop\Converter\languages\en\convert\m4a\bmp-to-m4a\index.html","en","bmp","m4a","True","True","False","M4A","BMP","267","217"
"C:\Users\Sipka\Desktop\Converter\languages\en\convert\m4a\csv-to-m4a\index.html","en","csv","m4a","True","True","False","M4A","CSV","267","158"
"C:\Users\Sipka\Desktop\Converter\languages\en\convert\m4a\docx-to-m4a\index.html","en","docx","m4a","True","True","False","M4A","DOCX","267","195"
"C:\Users\Sipka\Desktop\Converter\languages\en\convert\m4a\flac-to-m4a\index.html","en","flac","m4a","True","True","False","M4A","FLAC","267","185"
"C:\Users\Sipka\Desktop\Converter\languages\en\convert\m4a\gif-to-m4a\index.html","en","gif","m4a","True","True","False","M4A","GIF","267","192"
"C:\Users\Sipka\Desktop\Converter\languages\en\convert\m4a\html-to-m4a\index.html","en","html","m4a","True","True","False","M4A","HTML","267","166"
"C:\Users\Sipka\Desktop\Converter\languages\en\convert\m4a\jpeg-to-m4a\index.html","en","jpeg","m4a","True","True","False","M4A","JPG","267","253"
"C:\Users\Sipka\Desktop\Converter\languages\en\convert\m4a\jpg-to-m4a\index.html","en","jpg","m4a","True","True","False","M4A","JPG","267","253"
"C:\Users\Sipka\Desktop\Converter\languages\en\convert\m4a\json-to-m4a\index.html","en","json","m4a","True","True","False","M4A","JSON","267","160"
"C:\Users\Sipka\Desktop\Converter\languages\en\convert\m4a\jsonl-to-m4a\index.html","en","jsonl","m4a","True","True","False","M4A","JSON Lines","267","157"
"C:\Users\Sipka\Desktop\Converter\languages\en\convert\m4a\m4v-to-m4a\index.html","en","m4v","m4a","True","True","False","M4A","M4V","267","154"
"C:\Users\Sipka\Desktop\Converter\languages\en\convert\m4a\md-to-m4a\index.html","en","md","m4a","True","True","False","M4A","Markdown","267","142"
"C:\Users\Sipka\Desktop\Converter\languages\en\convert\m4a\mkv-to-m4a\index.html","en","mkv","m4a","True","True","False","M4A","MKV","267","190"
"C:\Users\Sipka\Desktop\Converter\languages\en\convert\m4a\mov-to-m4a\index.html","en","mov","m4a","True","True","False","M4A","MOV","267","181"
"C:\Users\Sipka\Desktop\Converter\languages\en\convert\m4a\mp3-to-m4a\index.html","en","mp3","m4a","True","True","True","M4A","MP3","267","247"
"C:\Users\Sipka\Desktop\Converter\languages\en\convert\m4a\mp4-to-m4a\index.html","en","mp4","m4a","True","True","False","M4A","MP4","267","233"
"C:\Users\Sipka\Desktop\Converter\languages\en\convert\m4a\ogg-to-m4a\index.html","en","ogg","m4a","True","True","True","M4A","Ogg Vorbis","267","196"
"C:\Users\Sipka\Desktop\Converter\languages\en\convert\m4a\opus-to-m4a\index.html","en","opus","m4a","True","True","True","M4A","Opus","267","194"
"C:\Users\Sipka\Desktop\Converter\languages\en\convert\m4a\pdf-to-m4a\index.html","en","pdf","m4a","True","True","False","M4A","PDF","267","191"
"C:\Users\Sipka\Desktop\Converter\languages\en\convert\m4a\png-to-m4a\index.html","en","png","m4a","True","True","False","M4A","PNG","267","317"
"C:\Users\Sipka\Desktop\Converter\languages\en\convert\m4a\pptx-to-m4a\index.html","en","pptx","m4a","True","True","False","M4A","PPTX","267","185"
"C:\Users\Sipka\Desktop\Converter\languages\en\convert\m4a\rar-to-m4a\index.html","en","rar","m4a","True","True","False","M4A","RAR","267","128"
"C:\Users\Sipka\Desktop\Converter\languages\en\convert\m4a\rtf-to-m4a\index.html","en","rtf","m4a","True","True","False","M4A","RTF","267","163"
"C:\Users\Sipka\Desktop\Converter\languages\en\convert\m4a\svg-to-m4a\index.html","en","svg","m4a","True","True","False","M4A","SVG","267","249"
"C:\Users\Sipka\Desktop\Converter\languages\en\convert\m4a\tar-to-m4a\index.html","en","tar","m4a","True","True","False","M4A","TAR","267","139"
"C:\Users\Sipka\Desktop\Converter\languages\en\convert\m4a\tar.bz2-to-m4a\index.html","en","tar.bz2","m4a","True","True","False","M4A","TBZ2","267","79"
"C:\Users\Sipka\Desktop\Converter\languages\en\convert\m4a\tar.gz-to-m4a\index.html","en","tar.gz","m4a","True","True","False","M4A","TGZ","267","109"
"C:\Users\Sipka\Desktop\Converter\languages\en\convert\m4a\tar.xz-to-m4a\index.html","en","tar.xz","m4a","True","True","False","M4A","TXZ","267","105"
"C:\Users\Sipka\Desktop\Converter\languages\en\convert\m4a\tbz-to-m4a\index.html","en","tbz","m4a","True","True","False","M4A","TBZ2","267","79"
"C:\Users\Sipka\Desktop\Converter\languages\en\convert\m4a\tgz-to-m4a\index.html","en","tgz","m4a","True","True","False","M4A","TGZ","267","109"
"C:\Users\Sipka\Desktop\Converter\languages\en\convert\m4a\tiff-to-m4a\index.html","en","tiff","m4a","True","True","False","M4A","TIFF","267","248"
"C:\Users\Sipka\Desktop\Converter\languages\en\convert\m4a\tsv-to-m4a\index.html","en","tsv","m4a","True","True","False","M4A","TSV","267","120"
"C:\Users\Sipka\Desktop\Converter\languages\en\convert\m4a\txt-to-m4a\index.html","en","txt","m4a","True","True","False","M4A","TXT","267","131"
"C:\Users\Sipka\Desktop\Converter\languages\en\convert\m4a\txz-to-m4a\index.html","en","txz","m4a","True","True","False","M4A","TXZ","267","105"
"C:\Users\Sipka\Desktop\Converter\languages\en\convert\m4a\wav-to-m4a\index.html","en","wav","m4a","True","True","False","M4A","WAV","267","233"
"C:\Users\Sipka\Desktop\Converter\languages\en\convert\m4a\webm-to-m4a\index.html","en","webm","m4a","True","True","False","M4A","WebM","267","186"
"C:\Users\Sipka\Desktop\Converter\languages\en\convert\m4a\webp-to-m4a\index.html","en","webp","m4a","True","True","False","M4A","WebP","267","221"
"C:\Users\Sipka\Desktop\Converter\languages\en\convert\m4a\xlsx-to-m4a\index.html","en","xlsx","m4a","True","True","False","M4A","XLSX","267","153"
"C:\Users\Sipka\Desktop\Converter\languages\en\convert\m4a\zip-to-m4a\index.html","en","zip","m4a","True","True","False","M4A","ZIP","267","132"
"C:\Users\Sipka\Desktop\Converter\languages\en\convert\m4v\7z-to-m4v\index.html","en","7z","m4v","True","True","False","M4V","7Z","249","117"
"C:\Users\Sipka\Desktop\Converter\languages\en\convert\m4v\aac-to-m4v\index.html","en","aac","m4v","True","True","False","M4V","AAC","249","189"
"C:\Users\Sipka\Desktop\Converter\languages\en\convert\m4v\aiff-to-m4v\index.html","en","aiff","m4v","True","True","False","M4V","AIFF","249","175"
"C:\Users\Sipka\Desktop\Converter\languages\en\convert\m4v\bmp-to-m4v\index.html","en","bmp","m4v","True","True","False","M4V","BMP","249","217"
"C:\Users\Sipka\Desktop\Converter\languages\en\convert\m4v\csv-to-m4v\index.html","en","csv","m4v","True","True","False","M4V","CSV","249","158"
"C:\Users\Sipka\Desktop\Converter\languages\en\convert\m4v\docx-to-m4v\index.html","en","docx","m4v","True","True","False","M4V","DOCX","249","195"
"C:\Users\Sipka\Desktop\Converter\languages\en\convert\m4v\flac-to-m4v\index.html","en","flac","m4v","True","True","False","M4V","FLAC","249","185"
"C:\Users\Sipka\Desktop\Converter\languages\en\convert\m4v\gif-to-m4v\index.html","en","gif","m4v","True","True","False","M4V","GIF","249","192"
"C:\Users\Sipka\Desktop\Converter\languages\en\convert\m4v\html-to-m4v\index.html","en","html","m4v","True","True","False","M4V","HTML","249","166"
"C:\Users\Sipka\Desktop\Converter\languages\en\convert\m4v\jpeg-to-m4v\index.html","en","jpeg","m4v","True","True","False","M4V","JPG","249","253"
"C:\Users\Sipka\Desktop\Converter\languages\en\convert\m4v\jpg-to-m4v\index.html","en","jpg","m4v","True","True","False","M4V","JPG","249","253"
"C:\Users\Sipka\Desktop\Converter\languages\en\convert\m4v\json-to-m4v\index.html","en","json","m4v","True","True","False","M4V","JSON","249","160"
"C:\Users\Sipka\Desktop\Converter\languages\en\convert\m4v\jsonl-to-m4v\index.html","en","jsonl","m4v","True","True","False","M4V","JSON Lines","249","157"
"C:\Users\Sipka\Desktop\Converter\languages\en\convert\m4v\m4a-to-m4v\index.html","en","m4a","m4v","True","True","False","M4V","M4A","249","231"
"C:\Users\Sipka\Desktop\Converter\languages\en\convert\m4v\md-to-m4v\index.html","en","md","m4v","True","True","False","M4V","Markdown","249","142"
"C:\Users\Sipka\Desktop\Converter\languages\en\convert\m4v\mkv-to-m4v\index.html","en","mkv","m4v","True","True","True","M4V","MKV","249","190"
"C:\Users\Sipka\Desktop\Converter\languages\en\convert\m4v\mov-to-m4v\index.html","en","mov","m4v","True","True","True","M4V","MOV","249","181"
"C:\Users\Sipka\Desktop\Converter\languages\en\convert\m4v\mp3-to-m4v\index.html","en","mp3","m4v","True","True","False","M4V","MP3","249","247"
"C:\Users\Sipka\Desktop\Converter\languages\en\convert\m4v\mp4-to-m4v\index.html","en","mp4","m4v","True","True","True","M4V","MP4","249","233"
"C:\Users\Sipka\Desktop\Converter\languages\en\convert\m4v\ogg-to-m4v\index.html","en","ogg","m4v","True","True","False","M4V","Ogg Vorbis","249","196"
"C:\Users\Sipka\Desktop\Converter\languages\en\convert\m4v\opus-to-m4v\index.html","en","opus","m4v","True","True","False","M4V","Opus","249","194"
"C:\Users\Sipka\Desktop\Converter\languages\en\convert\m4v\pdf-to-m4v\index.html","en","pdf","m4v","True","True","False","M4V","PDF","249","191"
"C:\Users\Sipka\Desktop\Converter\languages\en\convert\m4v\png-to-m4v\index.html","en","png","m4v","True","True","False","M4V","PNG","249","317"
"C:\Users\Sipka\Desktop\Converter\languages\en\convert\m4v\pptx-to-m4v\index.html","en","pptx","m4v","True","True","False","M4V","PPTX","249","185"
"C:\Users\Sipka\Desktop\Converter\languages\en\convert\m4v\rar-to-m4v\index.html","en","rar","m4v","True","True","False","M4V","RAR","249","128"
"C:\Users\Sipka\Desktop\Converter\languages\en\convert\m4v\rtf-to-m4v\index.html","en","rtf","m4v","True","True","False","M4V","RTF","249","163"
"C:\Users\Sipka\Desktop\Converter\languages\en\convert\m4v\svg-to-m4v\index.html","en","svg","m4v","True","True","False","M4V","SVG","249","249"
"C:\Users\Sipka\Desktop\Converter\languages\en\convert\m4v\tar-to-m4v\index.html","en","tar","m4v","True","True","False","M4V","TAR","249","139"
"C:\Users\Sipka\Desktop\Converter\languages\en\convert\m4v\tar.bz2-to-m4v\index.html","en","tar.bz2","m4v","True","True","False","M4V","TBZ2","249","79"
"C:\Users\Sipka\Desktop\Converter\languages\en\convert\m4v\tar.gz-to-m4v\index.html","en","tar.gz","m4v","True","True","False","M4V","TGZ","249","109"
"C:\Users\Sipka\Desktop\Converter\languages\en\convert\m4v\tar.xz-to-m4v\index.html","en","tar.xz","m4v","True","True","False","M4V","TXZ","249","105"
"C:\Users\Sipka\Desktop\Converter\languages\en\convert\m4v\tbz-to-m4v\index.html","en","tbz","m4v","True","True","False","M4V","TBZ2","249","79"
"C:\Users\Sipka\Desktop\Converter\languages\en\convert\m4v\tgz-to-m4v\index.html","en","tgz","m4v","True","True","False","M4V","TGZ","249","109"
"C:\Users\Sipka\Desktop\Converter\languages\en\convert\m4v\tiff-to-m4v\index.html","en","tiff","m4v","True","True","False","M4V","TIFF","249","248"
"C:\Users\Sipka\Desktop\Converter\languages\en\convert\m4v\tsv-to-m4v\index.html","en","tsv","m4v","True","True","False","M4V","TSV","249","120"
"C:\Users\Sipka\Desktop\Converter\languages\en\convert\m4v\txt-to-m4v\index.html","en","txt","m4v","True","True","False","M4V","TXT","249","131"
"C:\Users\Sipka\Desktop\Converter\languages\en\convert\m4v\txz-to-m4v\index.html","en","txz","m4v","True","True","False","M4V","TXZ","249","105"
"C:\Users\Sipka\Desktop\Converter\languages\en\convert\m4v\wav-to-m4v\index.html","en","wav","m4v","True","True","False","M4V","WAV","249","233"
"C:\Users\Sipka\Desktop\Converter\languages\en\convert\m4v\webm-to-m4v\index.html","en","webm","m4v","True","True","True","M4V","WebM","249","186"
"C:\Users\Sipka\Desktop\Converter\languages\en\convert\m4v\webp-to-m4v\index.html","en","webp","m4v","True","True","False","M4V","WebP","249","221"
"C:\Users\Sipka\Desktop\Converter\languages\en\convert\m4v\xlsx-to-m4v\index.html","en","xlsx","m4v","True","True","False","M4V","XLSX","249","153"
"C:\Users\Sipka\Desktop\Converter\languages\en\convert\m4v\zip-to-m4v\index.html","en","zip","m4v","True","True","False","M4V","ZIP","249","132"
"C:\Users\Sipka\Desktop\Converter\languages\en\convert\md\7z-to-md\index.html","en","7z","md","True","True","False","Markdown","7Z","222","117"
"C:\Users\Sipka\Desktop\Converter\languages\en\convert\md\aac-to-md\index.html","en","aac","md","True","True","False","Markdown","AAC","222","189"
"C:\Users\Sipka\Desktop\Converter\languages\en\convert\md\aiff-to-md\index.html","en","aiff","md","True","True","False","Markdown","AIFF","222","175"
"C:\Users\Sipka\Desktop\Converter\languages\en\convert\md\bmp-to-md\index.html","en","bmp","md","True","True","False","Markdown","BMP","222","217"
"C:\Users\Sipka\Desktop\Converter\languages\en\convert\md\csv-to-md\index.html","en","csv","md","True","True","False","Markdown","CSV","222","158"
"C:\Users\Sipka\Desktop\Converter\languages\en\convert\md\docx-to-md\index.html","en","docx","md","True","True","False","Markdown","DOCX","222","195"
"C:\Users\Sipka\Desktop\Converter\languages\en\convert\md\flac-to-md\index.html","en","flac","md","True","True","False","Markdown","FLAC","222","185"
"C:\Users\Sipka\Desktop\Converter\languages\en\convert\md\gif-to-md\index.html","en","gif","md","True","True","False","Markdown","GIF","222","192"
"C:\Users\Sipka\Desktop\Converter\languages\en\convert\md\html-to-md\index.html","en","html","md","True","True","False","Markdown","HTML","222","166"
"C:\Users\Sipka\Desktop\Converter\languages\en\convert\md\jpeg-to-md\index.html","en","jpeg","md","True","True","False","Markdown","JPG","222","253"
"C:\Users\Sipka\Desktop\Converter\languages\en\convert\md\jpg-to-md\index.html","en","jpg","md","True","True","False","Markdown","JPG","222","253"
"C:\Users\Sipka\Desktop\Converter\languages\en\convert\md\json-to-md\index.html","en","json","md","True","True","False","Markdown","JSON","222","160"
"C:\Users\Sipka\Desktop\Converter\languages\en\convert\md\jsonl-to-md\index.html","en","jsonl","md","True","True","False","Markdown","JSON Lines","222","157"
"C:\Users\Sipka\Desktop\Converter\languages\en\convert\md\m4a-to-md\index.html","en","m4a","md","True","True","False","Markdown","M4A","222","231"
"C:\Users\Sipka\Desktop\Converter\languages\en\convert\md\m4v-to-md\index.html","en","m4v","md","True","True","False","Markdown","M4V","222","154"
"C:\Users\Sipka\Desktop\Converter\languages\en\convert\md\mkv-to-md\index.html","en","mkv","md","True","True","False","Markdown","MKV","222","190"
"C:\Users\Sipka\Desktop\Converter\languages\en\convert\md\mov-to-md\index.html","en","mov","md","True","True","False","Markdown","MOV","222","181"
"C:\Users\Sipka\Desktop\Converter\languages\en\convert\md\mp3-to-md\index.html","en","mp3","md","True","True","False","Markdown","MP3","222","247"
"C:\Users\Sipka\Desktop\Converter\languages\en\convert\md\mp4-to-md\index.html","en","mp4","md","True","True","False","Markdown","MP4","222","233"
"C:\Users\Sipka\Desktop\Converter\languages\en\convert\md\ogg-to-md\index.html","en","ogg","md","True","True","False","Markdown","Ogg Vorbis","222","196"
"C:\Users\Sipka\Desktop\Converter\languages\en\convert\md\opus-to-md\index.html","en","opus","md","True","True","False","Markdown","Opus","222","194"
"C:\Users\Sipka\Desktop\Converter\languages\en\convert\md\pdf-to-md\index.html","en","pdf","md","True","True","False","Markdown","PDF","222","191"
"C:\Users\Sipka\Desktop\Converter\languages\en\convert\md\png-to-md\index.html","en","png","md","True","True","False","Markdown","PNG","222","317"
"C:\Users\Sipka\Desktop\Converter\languages\en\convert\md\pptx-to-md\index.html","en","pptx","md","True","True","False","Markdown","PPTX","222","185"
"C:\Users\Sipka\Desktop\Converter\languages\en\convert\md\rar-to-md\index.html","en","rar","md","True","True","False","Markdown","RAR","222","128"
"C:\Users\Sipka\Desktop\Converter\languages\en\convert\md\rtf-to-md\index.html","en","rtf","md","True","True","False","Markdown","RTF","222","163"
"C:\Users\Sipka\Desktop\Converter\languages\en\convert\md\svg-to-md\index.html","en","svg","md","True","True","False","Markdown","SVG","222","249"
"C:\Users\Sipka\Desktop\Converter\languages\en\convert\md\tar-to-md\index.html","en","tar","md","True","True","False","Markdown","TAR","222","139"
"C:\Users\Sipka\Desktop\Converter\languages\en\convert\md\tar.bz2-to-md\index.html","en","tar.bz2","md","True","True","False","Markdown","TBZ2","222","79"
"C:\Users\Sipka\Desktop\Converter\languages\en\convert\md\tar.gz-to-md\index.html","en","tar.gz","md","True","True","False","Markdown","TGZ","222","109"
"C:\Users\Sipka\Desktop\Converter\languages\en\convert\md\tar.xz-to-md\index.html","en","tar.xz","md","True","True","False","Markdown","TXZ","222","105"
"C:\Users\Sipka\Desktop\Converter\languages\en\convert\md\tbz-to-md\index.html","en","tbz","md","True","True","False","Markdown","TBZ2","222","79"
"C:\Users\Sipka\Desktop\Converter\languages\en\convert\md\tgz-to-md\index.html","en","tgz","md","True","True","False","Markdown","TGZ","222","109"
"C:\Users\Sipka\Desktop\Converter\languages\en\convert\md\tiff-to-md\index.html","en","tiff","md","True","True","False","Markdown","TIFF","222","248"
"C:\Users\Sipka\Desktop\Converter\languages\en\convert\md\tsv-to-md\index.html","en","tsv","md","True","True","False","Markdown","TSV","222","120"
"C:\Users\Sipka\Desktop\Converter\languages\en\convert\md\txt-to-md\index.html","en","txt","md","True","True","False","Markdown","TXT","222","131"
"C:\Users\Sipka\Desktop\Converter\languages\en\convert\md\txz-to-md\index.html","en","txz","md","True","True","False","Markdown","TXZ","222","105"
"C:\Users\Sipka\Desktop\Converter\languages\en\convert\md\wav-to-md\index.html","en","wav","md","True","True","False","Markdown","WAV","222","233"
"C:\Users\Sipka\Desktop\Converter\languages\en\convert\md\webm-to-md\index.html","en","webm","md","True","True","False","Markdown","WebM","222","186"
"C:\Users\Sipka\Desktop\Converter\languages\en\convert\md\webp-to-md\index.html","en","webp","md","True","True","False","Markdown","WebP","222","221"
"C:\Users\Sipka\Desktop\Converter\languages\en\convert\md\xlsx-to-md\index.html","en","xlsx","md","True","True","False","Markdown","XLSX","222","153"
"C:\Users\Sipka\Desktop\Converter\languages\en\convert\md\zip-to-md\index.html","en","zip","md","True","True","False","Markdown","ZIP","222","132"
"C:\Users\Sipka\Desktop\Converter\languages\en\convert\mkv\7z-to-mkv\index.html","en","7z","mkv","True","True","False","MKV","7Z","286","117"
"C:\Users\Sipka\Desktop\Converter\languages\en\convert\mkv\aac-to-mkv\index.html","en","aac","mkv","True","True","False","MKV","AAC","286","189"
"C:\Users\Sipka\Desktop\Converter\languages\en\convert\mkv\aiff-to-mkv\index.html","en","aiff","mkv","True","True","False","MKV","AIFF","286","175"
"C:\Users\Sipka\Desktop\Converter\languages\en\convert\mkv\bmp-to-mkv\index.html","en","bmp","mkv","True","True","False","MKV","BMP","286","217"
"C:\Users\Sipka\Desktop\Converter\languages\en\convert\mkv\csv-to-mkv\index.html","en","csv","mkv","True","True","False","MKV","CSV","286","158"
"C:\Users\Sipka\Desktop\Converter\languages\en\convert\mkv\docx-to-mkv\index.html","en","docx","mkv","True","True","False","MKV","DOCX","286","195"
"C:\Users\Sipka\Desktop\Converter\languages\en\convert\mkv\flac-to-mkv\index.html","en","flac","mkv","True","True","False","MKV","FLAC","286","185"
"C:\Users\Sipka\Desktop\Converter\languages\en\convert\mkv\gif-to-mkv\index.html","en","gif","mkv","True","True","False","MKV","GIF","286","192"
"C:\Users\Sipka\Desktop\Converter\languages\en\convert\mkv\html-to-mkv\index.html","en","html","mkv","True","True","False","MKV","HTML","286","166"
"C:\Users\Sipka\Desktop\Converter\languages\en\convert\mkv\jpeg-to-mkv\index.html","en","jpeg","mkv","True","True","False","MKV","JPG","286","253"
"C:\Users\Sipka\Desktop\Converter\languages\en\convert\mkv\jpg-to-mkv\index.html","en","jpg","mkv","True","True","False","MKV","JPG","286","253"
"C:\Users\Sipka\Desktop\Converter\languages\en\convert\mkv\json-to-mkv\index.html","en","json","mkv","True","True","False","MKV","JSON","286","160"
"C:\Users\Sipka\Desktop\Converter\languages\en\convert\mkv\jsonl-to-mkv\index.html","en","jsonl","mkv","True","True","False","MKV","JSON Lines","286","157"
"C:\Users\Sipka\Desktop\Converter\languages\en\convert\mkv\m4a-to-mkv\index.html","en","m4a","mkv","True","True","False","MKV","M4A","286","231"
"C:\Users\Sipka\Desktop\Converter\languages\en\convert\mkv\m4v-to-mkv\index.html","en","m4v","mkv","True","True","True","MKV","M4V","286","154"
"C:\Users\Sipka\Desktop\Converter\languages\en\convert\mkv\md-to-mkv\index.html","en","md","mkv","True","True","False","MKV","Markdown","286","142"
"C:\Users\Sipka\Desktop\Converter\languages\en\convert\mkv\mov-to-mkv\index.html","en","mov","mkv","True","True","True","MKV","MOV","286","181"
"C:\Users\Sipka\Desktop\Converter\languages\en\convert\mkv\mp3-to-mkv\index.html","en","mp3","mkv","True","True","False","MKV","MP3","286","247"
"C:\Users\Sipka\Desktop\Converter\languages\en\convert\mkv\mp4-to-mkv\index.html","en","mp4","mkv","True","True","True","MKV","MP4","286","233"
"C:\Users\Sipka\Desktop\Converter\languages\en\convert\mkv\ogg-to-mkv\index.html","en","ogg","mkv","True","True","False","MKV","Ogg Vorbis","286","196"
"C:\Users\Sipka\Desktop\Converter\languages\en\convert\mkv\opus-to-mkv\index.html","en","opus","mkv","True","True","False","MKV","Opus","286","194"
"C:\Users\Sipka\Desktop\Converter\languages\en\convert\mkv\pdf-to-mkv\index.html","en","pdf","mkv","True","True","False","MKV","PDF","286","191"
"C:\Users\Sipka\Desktop\Converter\languages\en\convert\mkv\png-to-mkv\index.html","en","png","mkv","True","True","False","MKV","PNG","286","317"
"C:\Users\Sipka\Desktop\Converter\languages\en\convert\mkv\pptx-to-mkv\index.html","en","pptx","mkv","True","True","False","MKV","PPTX","286","185"
"C:\Users\Sipka\Desktop\Converter\languages\en\convert\mkv\rar-to-mkv\index.html","en","rar","mkv","True","True","False","MKV","RAR","286","128"
"C:\Users\Sipka\Desktop\Converter\languages\en\convert\mkv\rtf-to-mkv\index.html","en","rtf","mkv","True","True","False","MKV","RTF","286","163"
"C:\Users\Sipka\Desktop\Converter\languages\en\convert\mkv\svg-to-mkv\index.html","en","svg","mkv","True","True","False","MKV","SVG","286","249"
"C:\Users\Sipka\Desktop\Converter\languages\en\convert\mkv\tar-to-mkv\index.html","en","tar","mkv","True","True","False","MKV","TAR","286","139"
"C:\Users\Sipka\Desktop\Converter\languages\en\convert\mkv\tar.bz2-to-mkv\index.html","en","tar.bz2","mkv","True","True","False","MKV","TBZ2","286","79"
"C:\Users\Sipka\Desktop\Converter\languages\en\convert\mkv\tar.gz-to-mkv\index.html","en","tar.gz","mkv","True","True","False","MKV","TGZ","286","109"
"C:\Users\Sipka\Desktop\Converter\languages\en\convert\mkv\tar.xz-to-mkv\index.html","en","tar.xz","mkv","True","True","False","MKV","TXZ","286","105"
"C:\Users\Sipka\Desktop\Converter\languages\en\convert\mkv\tbz-to-mkv\index.html","en","tbz","mkv","True","True","False","MKV","TBZ2","286","79"
"C:\Users\Sipka\Desktop\Converter\languages\en\convert\mkv\tgz-to-mkv\index.html","en","tgz","mkv","True","True","False","MKV","TGZ","286","109"
"C:\Users\Sipka\Desktop\Converter\languages\en\convert\mkv\tiff-to-mkv\index.html","en","tiff","mkv","True","True","False","MKV","TIFF","286","248"
"C:\Users\Sipka\Desktop\Converter\languages\en\convert\mkv\tsv-to-mkv\index.html","en","tsv","mkv","True","True","False","MKV","TSV","286","120"
"C:\Users\Sipka\Desktop\Converter\languages\en\convert\mkv\txt-to-mkv\index.html","en","txt","mkv","True","True","False","MKV","TXT","286","131"
"C:\Users\Sipka\Desktop\Converter\languages\en\convert\mkv\txz-to-mkv\index.html","en","txz","mkv","True","True","False","MKV","TXZ","286","105"
"C:\Users\Sipka\Desktop\Converter\languages\en\convert\mkv\wav-to-mkv\index.html","en","wav","mkv","True","True","False","MKV","WAV","286","233"
"C:\Users\Sipka\Desktop\Converter\languages\en\convert\mkv\webm-to-mkv\index.html","en","webm","mkv","True","True","True","MKV","WebM","286","186"
"C:\Users\Sipka\Desktop\Converter\languages\en\convert\mkv\webp-to-mkv\index.html","en","webp","mkv","True","True","False","MKV","WebP","286","221"
"C:\Users\Sipka\Desktop\Converter\languages\en\convert\mkv\xlsx-to-mkv\index.html","en","xlsx","mkv","True","True","False","MKV","XLSX","286","153"
"C:\Users\Sipka\Desktop\Converter\languages\en\convert\mkv\zip-to-mkv\index.html","en","zip","mkv","True","True","False","MKV","ZIP","286","132"
"C:\Users\Sipka\Desktop\Converter\languages\en\convert\mov\7z-to-mov\index.html","en","7z","mov","True","True","False","MOV","7Z","229","117"
"C:\Users\Sipka\Desktop\Converter\languages\en\convert\mov\aac-to-mov\index.html","en","aac","mov","True","True","False","MOV","AAC","229","189"
"C:\Users\Sipka\Desktop\Converter\languages\en\convert\mov\aiff-to-mov\index.html","en","aiff","mov","True","True","False","MOV","AIFF","229","175"
"C:\Users\Sipka\Desktop\Converter\languages\en\convert\mov\bmp-to-mov\index.html","en","bmp","mov","True","True","False","MOV","BMP","229","217"
"C:\Users\Sipka\Desktop\Converter\languages\en\convert\mov\csv-to-mov\index.html","en","csv","mov","True","True","False","MOV","CSV","229","158"
"C:\Users\Sipka\Desktop\Converter\languages\en\convert\mov\docx-to-mov\index.html","en","docx","mov","True","True","False","MOV","DOCX","229","195"
"C:\Users\Sipka\Desktop\Converter\languages\en\convert\mov\flac-to-mov\index.html","en","flac","mov","True","True","False","MOV","FLAC","229","185"
"C:\Users\Sipka\Desktop\Converter\languages\en\convert\mov\gif-to-mov\index.html","en","gif","mov","True","True","False","MOV","GIF","229","192"
"C:\Users\Sipka\Desktop\Converter\languages\en\convert\mov\html-to-mov\index.html","en","html","mov","True","True","False","MOV","HTML","229","166"
"C:\Users\Sipka\Desktop\Converter\languages\en\convert\mov\jpeg-to-mov\index.html","en","jpeg","mov","True","True","False","MOV","JPG","229","253"
"C:\Users\Sipka\Desktop\Converter\languages\en\convert\mov\jpg-to-mov\index.html","en","jpg","mov","True","True","False","MOV","JPG","229","253"
"C:\Users\Sipka\Desktop\Converter\languages\en\convert\mov\json-to-mov\index.html","en","json","mov","True","True","False","MOV","JSON","229","160"
"C:\Users\Sipka\Desktop\Converter\languages\en\convert\mov\jsonl-to-mov\index.html","en","jsonl","mov","True","True","False","MOV","JSON Lines","229","157"
"C:\Users\Sipka\Desktop\Converter\languages\en\convert\mov\m4a-to-mov\index.html","en","m4a","mov","True","True","False","MOV","M4A","229","231"
"C:\Users\Sipka\Desktop\Converter\languages\en\convert\mov\m4v-to-mov\index.html","en","m4v","mov","True","True","True","MOV","M4V","229","154"
"C:\Users\Sipka\Desktop\Converter\languages\en\convert\mov\md-to-mov\index.html","en","md","mov","True","True","False","MOV","Markdown","229","142"
"C:\Users\Sipka\Desktop\Converter\languages\en\convert\mov\mkv-to-mov\index.html","en","mkv","mov","True","True","True","MOV","MKV","229","190"
"C:\Users\Sipka\Desktop\Converter\languages\en\convert\mov\mp3-to-mov\index.html","en","mp3","mov","True","True","False","MOV","MP3","229","247"
"C:\Users\Sipka\Desktop\Converter\languages\en\convert\mov\mp4-to-mov\index.html","en","mp4","mov","True","True","True","MOV","MP4","229","233"
"C:\Users\Sipka\Desktop\Converter\languages\en\convert\mov\ogg-to-mov\index.html","en","ogg","mov","True","True","False","MOV","Ogg Vorbis","229","196"
"C:\Users\Sipka\Desktop\Converter\languages\en\convert\mov\opus-to-mov\index.html","en","opus","mov","True","True","False","MOV","Opus","229","194"
"C:\Users\Sipka\Desktop\Converter\languages\en\convert\mov\pdf-to-mov\index.html","en","pdf","mov","True","True","False","MOV","PDF","229","191"
"C:\Users\Sipka\Desktop\Converter\languages\en\convert\mov\png-to-mov\index.html","en","png","mov","True","True","False","MOV","PNG","229","317"
"C:\Users\Sipka\Desktop\Converter\languages\en\convert\mov\pptx-to-mov\index.html","en","pptx","mov","True","True","False","MOV","PPTX","229","185"
"C:\Users\Sipka\Desktop\Converter\languages\en\convert\mov\rar-to-mov\index.html","en","rar","mov","True","True","False","MOV","RAR","229","128"
"C:\Users\Sipka\Desktop\Converter\languages\en\convert\mov\rtf-to-mov\index.html","en","rtf","mov","True","True","False","MOV","RTF","229","163"
"C:\Users\Sipka\Desktop\Converter\languages\en\convert\mov\svg-to-mov\index.html","en","svg","mov","True","True","False","MOV","SVG","229","249"
"C:\Users\Sipka\Desktop\Converter\languages\en\convert\mov\tar-to-mov\index.html","en","tar","mov","True","True","False","MOV","TAR","229","139"
"C:\Users\Sipka\Desktop\Converter\languages\en\convert\mov\tar.bz2-to-mov\index.html","en","tar.bz2","mov","True","True","False","MOV","TBZ2","229","79"
"C:\Users\Sipka\Desktop\Converter\languages\en\convert\mov\tar.gz-to-mov\index.html","en","tar.gz","mov","True","True","False","MOV","TGZ","229","109"
"C:\Users\Sipka\Desktop\Converter\languages\en\convert\mov\tar.xz-to-mov\index.html","en","tar.xz","mov","True","True","False","MOV","TXZ","229","105"
"C:\Users\Sipka\Desktop\Converter\languages\en\convert\mov\tbz-to-mov\index.html","en","tbz","mov","True","True","False","MOV","TBZ2","229","79"
"C:\Users\Sipka\Desktop\Converter\languages\en\convert\mov\tgz-to-mov\index.html","en","tgz","mov","True","True","False","MOV","TGZ","229","109"
"C:\Users\Sipka\Desktop\Converter\languages\en\convert\mov\tiff-to-mov\index.html","en","tiff","mov","True","True","False","MOV","TIFF","229","248"
"C:\Users\Sipka\Desktop\Converter\languages\en\convert\mov\tsv-to-mov\index.html","en","tsv","mov","True","True","False","MOV","TSV","229","120"
"C:\Users\Sipka\Desktop\Converter\languages\en\convert\mov\txt-to-mov\index.html","en","txt","mov","True","True","False","MOV","TXT","229","131"
"C:\Users\Sipka\Desktop\Converter\languages\en\convert\mov\txz-to-mov\index.html","en","txz","mov","True","True","False","MOV","TXZ","229","105"
"C:\Users\Sipka\Desktop\Converter\languages\en\convert\mov\wav-to-mov\index.html","en","wav","mov","True","True","False","MOV","WAV","229","233"
"C:\Users\Sipka\Desktop\Converter\languages\en\convert\mov\webm-to-mov\index.html","en","webm","mov","True","True","True","MOV","WebM","229","186"
"C:\Users\Sipka\Desktop\Converter\languages\en\convert\mov\webp-to-mov\index.html","en","webp","mov","True","True","False","MOV","WebP","229","221"
"C:\Users\Sipka\Desktop\Converter\languages\en\convert\mov\xlsx-to-mov\index.html","en","xlsx","mov","True","True","False","MOV","XLSX","229","153"
"C:\Users\Sipka\Desktop\Converter\languages\en\convert\mov\zip-to-mov\index.html","en","zip","mov","True","True","False","MOV","ZIP","229","132"
"C:\Users\Sipka\Desktop\Converter\languages\en\convert\mp3\7z-to-mp3\index.html","en","7z","mp3","True","True","False","MP3","7Z","330","117"
"C:\Users\Sipka\Desktop\Converter\languages\en\convert\mp3\aac-to-mp3\index.html","en","aac","mp3","True","True","True","MP3","AAC","330","189"
"C:\Users\Sipka\Desktop\Converter\languages\en\convert\mp3\aiff-to-mp3\index.html","en","aiff","mp3","True","True","False","MP3","AIFF","330","175"
"C:\Users\Sipka\Desktop\Converter\languages\en\convert\mp3\bmp-to-mp3\index.html","en","bmp","mp3","True","True","False","MP3","BMP","330","217"
"C:\Users\Sipka\Desktop\Converter\languages\en\convert\mp3\csv-to-mp3\index.html","en","csv","mp3","True","True","False","MP3","CSV","330","158"
"C:\Users\Sipka\Desktop\Converter\languages\en\convert\mp3\docx-to-mp3\index.html","en","docx","mp3","True","True","False","MP3","DOCX","330","195"
"C:\Users\Sipka\Desktop\Converter\languages\en\convert\mp3\flac-to-mp3\index.html","en","flac","mp3","True","True","False","MP3","FLAC","330","185"
"C:\Users\Sipka\Desktop\Converter\languages\en\convert\mp3\gif-to-mp3\index.html","en","gif","mp3","True","True","False","MP3","GIF","330","192"
"C:\Users\Sipka\Desktop\Converter\languages\en\convert\mp3\html-to-mp3\index.html","en","html","mp3","True","True","False","MP3","HTML","330","166"
"C:\Users\Sipka\Desktop\Converter\languages\en\convert\mp3\jpeg-to-mp3\index.html","en","jpeg","mp3","True","True","False","MP3","JPG","330","253"
"C:\Users\Sipka\Desktop\Converter\languages\en\convert\mp3\jpg-to-mp3\index.html","en","jpg","mp3","True","True","False","MP3","JPG","330","253"
"C:\Users\Sipka\Desktop\Converter\languages\en\convert\mp3\json-to-mp3\index.html","en","json","mp3","True","True","False","MP3","JSON","330","160"
"C:\Users\Sipka\Desktop\Converter\languages\en\convert\mp3\jsonl-to-mp3\index.html","en","jsonl","mp3","True","True","False","MP3","JSON Lines","330","157"
"C:\Users\Sipka\Desktop\Converter\languages\en\convert\mp3\m4a-to-mp3\index.html","en","m4a","mp3","True","True","True","MP3","M4A","330","231"
"C:\Users\Sipka\Desktop\Converter\languages\en\convert\mp3\m4v-to-mp3\index.html","en","m4v","mp3","True","True","False","MP3","M4V","330","154"
"C:\Users\Sipka\Desktop\Converter\languages\en\convert\mp3\md-to-mp3\index.html","en","md","mp3","True","True","False","MP3","Markdown","330","142"
"C:\Users\Sipka\Desktop\Converter\languages\en\convert\mp3\mkv-to-mp3\index.html","en","mkv","mp3","True","True","False","MP3","MKV","330","190"
"C:\Users\Sipka\Desktop\Converter\languages\en\convert\mp3\mov-to-mp3\index.html","en","mov","mp3","True","True","False","MP3","MOV","330","181"
"C:\Users\Sipka\Desktop\Converter\languages\en\convert\mp3\mp4-to-mp3\index.html","en","mp4","mp3","True","True","False","MP3","MP4","330","233"
"C:\Users\Sipka\Desktop\Converter\languages\en\convert\mp3\ogg-to-mp3\index.html","en","ogg","mp3","True","True","True","MP3","Ogg Vorbis","330","196"
"C:\Users\Sipka\Desktop\Converter\languages\en\convert\mp3\opus-to-mp3\index.html","en","opus","mp3","True","True","True","MP3","Opus","330","194"
"C:\Users\Sipka\Desktop\Converter\languages\en\convert\mp3\pdf-to-mp3\index.html","en","pdf","mp3","True","True","False","MP3","PDF","330","191"
"C:\Users\Sipka\Desktop\Converter\languages\en\convert\mp3\png-to-mp3\index.html","en","png","mp3","True","True","False","MP3","PNG","330","317"
"C:\Users\Sipka\Desktop\Converter\languages\en\convert\mp3\pptx-to-mp3\index.html","en","pptx","mp3","True","True","False","MP3","PPTX","330","185"
"C:\Users\Sipka\Desktop\Converter\languages\en\convert\mp3\rar-to-mp3\index.html","en","rar","mp3","True","True","False","MP3","RAR","330","128"
"C:\Users\Sipka\Desktop\Converter\languages\en\convert\mp3\rtf-to-mp3\index.html","en","rtf","mp3","True","True","False","MP3","RTF","330","163"
"C:\Users\Sipka\Desktop\Converter\languages\en\convert\mp3\svg-to-mp3\index.html","en","svg","mp3","True","True","False","MP3","SVG","330","249"
"C:\Users\Sipka\Desktop\Converter\languages\en\convert\mp3\tar-to-mp3\index.html","en","tar","mp3","True","True","False","MP3","TAR","330","139"
"C:\Users\Sipka\Desktop\Converter\languages\en\convert\mp3\tar.bz2-to-mp3\index.html","en","tar.bz2","mp3","True","True","False","MP3","TBZ2","330","79"
"C:\Users\Sipka\Desktop\Converter\languages\en\convert\mp3\tar.gz-to-mp3\index.html","en","tar.gz","mp3","True","True","False","MP3","TGZ","330","109"
"C:\Users\Sipka\Desktop\Converter\languages\en\convert\mp3\tar.xz-to-mp3\index.html","en","tar.xz","mp3","True","True","False","MP3","TXZ","330","105"
"C:\Users\Sipka\Desktop\Converter\languages\en\convert\mp3\tbz-to-mp3\index.html","en","tbz","mp3","True","True","False","MP3","TBZ2","330","79"
"C:\Users\Sipka\Desktop\Converter\languages\en\convert\mp3\tgz-to-mp3\index.html","en","tgz","mp3","True","True","False","MP3","TGZ","330","109"
"C:\Users\Sipka\Desktop\Converter\languages\en\convert\mp3\tiff-to-mp3\index.html","en","tiff","mp3","True","True","False","MP3","TIFF","330","248"
"C:\Users\Sipka\Desktop\Converter\languages\en\convert\mp3\tsv-to-mp3\index.html","en","tsv","mp3","True","True","False","MP3","TSV","330","120"
"C:\Users\Sipka\Desktop\Converter\languages\en\convert\mp3\txt-to-mp3\index.html","en","txt","mp3","True","True","False","MP3","TXT","330","131"
"C:\Users\Sipka\Desktop\Converter\languages\en\convert\mp3\txz-to-mp3\index.html","en","txz","mp3","True","True","False","MP3","TXZ","330","105"
"C:\Users\Sipka\Desktop\Converter\languages\en\convert\mp3\wav-to-mp3\index.html","en","wav","mp3","True","True","False","MP3","WAV","330","233"
"C:\Users\Sipka\Desktop\Converter\languages\en\convert\mp3\webm-to-mp3\index.html","en","webm","mp3","True","True","False","MP3","WebM","330","186"
"C:\Users\Sipka\Desktop\Converter\languages\en\convert\mp3\webp-to-mp3\index.html","en","webp","mp3","True","True","False","MP3","WebP","330","221"
"C:\Users\Sipka\Desktop\Converter\languages\en\convert\mp3\xlsx-to-mp3\index.html","en","xlsx","mp3","True","True","False","MP3","XLSX","330","153"
"C:\Users\Sipka\Desktop\Converter\languages\en\convert\mp3\zip-to-mp3\index.html","en","zip","mp3","True","True","False","MP3","ZIP","330","132"
"C:\Users\Sipka\Desktop\Converter\languages\en\convert\mp4\7z-to-mp4\index.html","en","7z","mp4","True","True","False","MP4","7Z","273","117"
"C:\Users\Sipka\Desktop\Converter\languages\en\convert\mp4\aac-to-mp4\index.html","en","aac","mp4","True","True","False","MP4","AAC","273","189"
"C:\Users\Sipka\Desktop\Converter\languages\en\convert\mp4\aiff-to-mp4\index.html","en","aiff","mp4","True","True","False","MP4","AIFF","273","175"
"C:\Users\Sipka\Desktop\Converter\languages\en\convert\mp4\bmp-to-mp4\index.html","en","bmp","mp4","True","True","False","MP4","BMP","273","217"
"C:\Users\Sipka\Desktop\Converter\languages\en\convert\mp4\csv-to-mp4\index.html","en","csv","mp4","True","True","False","MP4","CSV","273","158"
"C:\Users\Sipka\Desktop\Converter\languages\en\convert\mp4\docx-to-mp4\index.html","en","docx","mp4","True","True","False","MP4","DOCX","273","195"
"C:\Users\Sipka\Desktop\Converter\languages\en\convert\mp4\flac-to-mp4\index.html","en","flac","mp4","True","True","False","MP4","FLAC","273","185"
"C:\Users\Sipka\Desktop\Converter\languages\en\convert\mp4\gif-to-mp4\index.html","en","gif","mp4","True","True","False","MP4","GIF","273","192"
"C:\Users\Sipka\Desktop\Converter\languages\en\convert\mp4\html-to-mp4\index.html","en","html","mp4","True","True","False","MP4","HTML","273","166"
"C:\Users\Sipka\Desktop\Converter\languages\en\convert\mp4\jpeg-to-mp4\index.html","en","jpeg","mp4","True","True","False","MP4","JPG","273","253"
"C:\Users\Sipka\Desktop\Converter\languages\en\convert\mp4\jpg-to-mp4\index.html","en","jpg","mp4","True","True","False","MP4","JPG","273","253"
"C:\Users\Sipka\Desktop\Converter\languages\en\convert\mp4\json-to-mp4\index.html","en","json","mp4","True","True","False","MP4","JSON","273","160"
"C:\Users\Sipka\Desktop\Converter\languages\en\convert\mp4\jsonl-to-mp4\index.html","en","jsonl","mp4","True","True","False","MP4","JSON Lines","273","157"
"C:\Users\Sipka\Desktop\Converter\languages\en\convert\mp4\m4a-to-mp4\index.html","en","m4a","mp4","True","True","False","MP4","M4A","273","231"
"C:\Users\Sipka\Desktop\Converter\languages\en\convert\mp4\m4v-to-mp4\index.html","en","m4v","mp4","True","True","True","MP4","M4V","273","154"
"C:\Users\Sipka\Desktop\Converter\languages\en\convert\mp4\md-to-mp4\index.html","en","md","mp4","True","True","False","MP4","Markdown","273","142"
"C:\Users\Sipka\Desktop\Converter\languages\en\convert\mp4\mkv-to-mp4\index.html","en","mkv","mp4","True","True","True","MP4","MKV","273","190"
"C:\Users\Sipka\Desktop\Converter\languages\en\convert\mp4\mov-to-mp4\index.html","en","mov","mp4","True","True","True","MP4","MOV","273","181"
"C:\Users\Sipka\Desktop\Converter\languages\en\convert\mp4\mp3-to-mp4\index.html","en","mp3","mp4","True","True","False","MP4","MP3","273","247"
"C:\Users\Sipka\Desktop\Converter\languages\en\convert\mp4\ogg-to-mp4\index.html","en","ogg","mp4","True","True","False","MP4","Ogg Vorbis","273","196"
"C:\Users\Sipka\Desktop\Converter\languages\en\convert\mp4\opus-to-mp4\index.html","en","opus","mp4","True","True","False","MP4","Opus","273","194"
"C:\Users\Sipka\Desktop\Converter\languages\en\convert\mp4\pdf-to-mp4\index.html","en","pdf","mp4","True","True","False","MP4","PDF","273","191"
"C:\Users\Sipka\Desktop\Converter\languages\en\convert\mp4\png-to-mp4\index.html","en","png","mp4","True","True","False","MP4","PNG","273","317"
"C:\Users\Sipka\Desktop\Converter\languages\en\convert\mp4\pptx-to-mp4\index.html","en","pptx","mp4","True","True","False","MP4","PPTX","273","185"
"C:\Users\Sipka\Desktop\Converter\languages\en\convert\mp4\rar-to-mp4\index.html","en","rar","mp4","True","True","False","MP4","RAR","273","128"
"C:\Users\Sipka\Desktop\Converter\languages\en\convert\mp4\rtf-to-mp4\index.html","en","rtf","mp4","True","True","False","MP4","RTF","273","163"
"C:\Users\Sipka\Desktop\Converter\languages\en\convert\mp4\svg-to-mp4\index.html","en","svg","mp4","True","True","False","MP4","SVG","273","249"
"C:\Users\Sipka\Desktop\Converter\languages\en\convert\mp4\tar-to-mp4\index.html","en","tar","mp4","True","True","False","MP4","TAR","273","139"
"C:\Users\Sipka\Desktop\Converter\languages\en\convert\mp4\tar.bz2-to-mp4\index.html","en","tar.bz2","mp4","True","True","False","MP4","TBZ2","273","79"
"C:\Users\Sipka\Desktop\Converter\languages\en\convert\mp4\tar.gz-to-mp4\index.html","en","tar.gz","mp4","True","True","False","MP4","TGZ","273","109"
"C:\Users\Sipka\Desktop\Converter\languages\en\convert\mp4\tar.xz-to-mp4\index.html","en","tar.xz","mp4","True","True","False","MP4","TXZ","273","105"
"C:\Users\Sipka\Desktop\Converter\languages\en\convert\mp4\tbz-to-mp4\index.html","en","tbz","mp4","True","True","False","MP4","TBZ2","273","79"
"C:\Users\Sipka\Desktop\Converter\languages\en\convert\mp4\tgz-to-mp4\index.html","en","tgz","mp4","True","True","False","MP4","TGZ","273","109"
"C:\Users\Sipka\Desktop\Converter\languages\en\convert\mp4\tiff-to-mp4\index.html","en","tiff","mp4","True","True","False","MP4","TIFF","273","248"
"C:\Users\Sipka\Desktop\Converter\languages\en\convert\mp4\tsv-to-mp4\index.html","en","tsv","mp4","True","True","False","MP4","TSV","273","120"
"C:\Users\Sipka\Desktop\Converter\languages\en\convert\mp4\txt-to-mp4\index.html","en","txt","mp4","True","True","False","MP4","TXT","273","131"
"C:\Users\Sipka\Desktop\Converter\languages\en\convert\mp4\txz-to-mp4\index.html","en","txz","mp4","True","True","False","MP4","TXZ","273","105"
"C:\Users\Sipka\Desktop\Converter\languages\en\convert\mp4\wav-to-mp4\index.html","en","wav","mp4","True","True","False","MP4","WAV","273","233"
"C:\Users\Sipka\Desktop\Converter\languages\en\convert\mp4\webm-to-mp4\index.html","en","webm","mp4","True","True","True","MP4","WebM","273","186"
"C:\Users\Sipka\Desktop\Converter\languages\en\convert\mp4\webp-to-mp4\index.html","en","webp","mp4","True","True","False","MP4","WebP","273","221"
"C:\Users\Sipka\Desktop\Converter\languages\en\convert\mp4\xlsx-to-mp4\index.html","en","xlsx","mp4","True","True","False","MP4","XLSX","273","153"
"C:\Users\Sipka\Desktop\Converter\languages\en\convert\mp4\zip-to-mp4\index.html","en","zip","mp4","True","True","False","MP4","ZIP","273","132"
"C:\Users\Sipka\Desktop\Converter\languages\en\convert\ogg\7z-to-ogg\index.html","en","7z","ogg","True","True","False","Ogg Vorbis","7Z","236","117"
"C:\Users\Sipka\Desktop\Converter\languages\en\convert\ogg\aac-to-ogg\index.html","en","aac","ogg","True","True","True","Ogg Vorbis","AAC","236","189"
"C:\Users\Sipka\Desktop\Converter\languages\en\convert\ogg\aiff-to-ogg\index.html","en","aiff","ogg","True","True","False","Ogg Vorbis","AIFF","236","175"
"C:\Users\Sipka\Desktop\Converter\languages\en\convert\ogg\bmp-to-ogg\index.html","en","bmp","ogg","True","True","False","Ogg Vorbis","BMP","236","217"
"C:\Users\Sipka\Desktop\Converter\languages\en\convert\ogg\csv-to-ogg\index.html","en","csv","ogg","True","True","False","Ogg Vorbis","CSV","236","158"
"C:\Users\Sipka\Desktop\Converter\languages\en\convert\ogg\docx-to-ogg\index.html","en","docx","ogg","True","True","False","Ogg Vorbis","DOCX","236","195"
"C:\Users\Sipka\Desktop\Converter\languages\en\convert\ogg\flac-to-ogg\index.html","en","flac","ogg","True","True","False","Ogg Vorbis","FLAC","236","185"
"C:\Users\Sipka\Desktop\Converter\languages\en\convert\ogg\gif-to-ogg\index.html","en","gif","ogg","True","True","False","Ogg Vorbis","GIF","236","192"
"C:\Users\Sipka\Desktop\Converter\languages\en\convert\ogg\html-to-ogg\index.html","en","html","ogg","True","True","False","Ogg Vorbis","HTML","236","166"
"C:\Users\Sipka\Desktop\Converter\languages\en\convert\ogg\jpeg-to-ogg\index.html","en","jpeg","ogg","True","True","False","Ogg Vorbis","JPG","236","253"
"C:\Users\Sipka\Desktop\Converter\languages\en\convert\ogg\jpg-to-ogg\index.html","en","jpg","ogg","True","True","False","Ogg Vorbis","JPG","236","253"
"C:\Users\Sipka\Desktop\Converter\languages\en\convert\ogg\json-to-ogg\index.html","en","json","ogg","True","True","False","Ogg Vorbis","JSON","236","160"
"C:\Users\Sipka\Desktop\Converter\languages\en\convert\ogg\jsonl-to-ogg\index.html","en","jsonl","ogg","True","True","False","Ogg Vorbis","JSON Lines","236","157"
"C:\Users\Sipka\Desktop\Converter\languages\en\convert\ogg\m4a-to-ogg\index.html","en","m4a","ogg","True","True","True","Ogg Vorbis","M4A","236","231"
"C:\Users\Sipka\Desktop\Converter\languages\en\convert\ogg\m4v-to-ogg\index.html","en","m4v","ogg","True","True","False","Ogg Vorbis","M4V","236","154"
"C:\Users\Sipka\Desktop\Converter\languages\en\convert\ogg\md-to-ogg\index.html","en","md","ogg","True","True","False","Ogg Vorbis","Markdown","236","142"
"C:\Users\Sipka\Desktop\Converter\languages\en\convert\ogg\mkv-to-ogg\index.html","en","mkv","ogg","True","True","False","Ogg Vorbis","MKV","236","190"
"C:\Users\Sipka\Desktop\Converter\languages\en\convert\ogg\mov-to-ogg\index.html","en","mov","ogg","True","True","False","Ogg Vorbis","MOV","236","181"
"C:\Users\Sipka\Desktop\Converter\languages\en\convert\ogg\mp3-to-ogg\index.html","en","mp3","ogg","True","True","True","Ogg Vorbis","MP3","236","247"
"C:\Users\Sipka\Desktop\Converter\languages\en\convert\ogg\mp4-to-ogg\index.html","en","mp4","ogg","True","True","False","Ogg Vorbis","MP4","236","233"
"C:\Users\Sipka\Desktop\Converter\languages\en\convert\ogg\opus-to-ogg\index.html","en","opus","ogg","True","True","True","Ogg Vorbis","Opus","236","194"
"C:\Users\Sipka\Desktop\Converter\languages\en\convert\ogg\pdf-to-ogg\index.html","en","pdf","ogg","True","True","False","Ogg Vorbis","PDF","236","191"
"C:\Users\Sipka\Desktop\Converter\languages\en\convert\ogg\png-to-ogg\index.html","en","png","ogg","True","True","False","Ogg Vorbis","PNG","236","317"
"C:\Users\Sipka\Desktop\Converter\languages\en\convert\ogg\pptx-to-ogg\index.html","en","pptx","ogg","True","True","False","Ogg Vorbis","PPTX","236","185"
"C:\Users\Sipka\Desktop\Converter\languages\en\convert\ogg\rar-to-ogg\index.html","en","rar","ogg","True","True","False","Ogg Vorbis","RAR","236","128"
"C:\Users\Sipka\Desktop\Converter\languages\en\convert\ogg\rtf-to-ogg\index.html","en","rtf","ogg","True","True","False","Ogg Vorbis","RTF","236","163"
"C:\Users\Sipka\Desktop\Converter\languages\en\convert\ogg\svg-to-ogg\index.html","en","svg","ogg","True","True","False","Ogg Vorbis","SVG","236","249"
"C:\Users\Sipka\Desktop\Converter\languages\en\convert\ogg\tar-to-ogg\index.html","en","tar","ogg","True","True","False","Ogg Vorbis","TAR","236","139"
"C:\Users\Sipka\Desktop\Converter\languages\en\convert\ogg\tar.bz2-to-ogg\index.html","en","tar.bz2","ogg","True","True","False","Ogg Vorbis","TBZ2","236","79"
"C:\Users\Sipka\Desktop\Converter\languages\en\convert\ogg\tar.gz-to-ogg\index.html","en","tar.gz","ogg","True","True","False","Ogg Vorbis","TGZ","236","109"
"C:\Users\Sipka\Desktop\Converter\languages\en\convert\ogg\tar.xz-to-ogg\index.html","en","tar.xz","ogg","True","True","False","Ogg Vorbis","TXZ","236","105"
"C:\Users\Sipka\Desktop\Converter\languages\en\convert\ogg\tbz-to-ogg\index.html","en","tbz","ogg","True","True","False","Ogg Vorbis","TBZ2","236","79"
"C:\Users\Sipka\Desktop\Converter\languages\en\convert\ogg\tgz-to-ogg\index.html","en","tgz","ogg","True","True","False","Ogg Vorbis","TGZ","236","109"
"C:\Users\Sipka\Desktop\Converter\languages\en\convert\ogg\tiff-to-ogg\index.html","en","tiff","ogg","True","True","False","Ogg Vorbis","TIFF","236","248"
"C:\Users\Sipka\Desktop\Converter\languages\en\convert\ogg\tsv-to-ogg\index.html","en","tsv","ogg","True","True","False","Ogg Vorbis","TSV","236","120"
"C:\Users\Sipka\Desktop\Converter\languages\en\convert\ogg\txt-to-ogg\index.html","en","txt","ogg","True","True","False","Ogg Vorbis","TXT","236","131"
"C:\Users\Sipka\Desktop\Converter\languages\en\convert\ogg\txz-to-ogg\index.html","en","txz","ogg","True","True","False","Ogg Vorbis","TXZ","236","105"
"C:\Users\Sipka\Desktop\Converter\languages\en\convert\ogg\wav-to-ogg\index.html","en","wav","ogg","True","True","False","Ogg Vorbis","WAV","236","233"
"C:\Users\Sipka\Desktop\Converter\languages\en\convert\ogg\webm-to-ogg\index.html","en","webm","ogg","True","True","False","Ogg Vorbis","WebM","236","186"
"C:\Users\Sipka\Desktop\Converter\languages\en\convert\ogg\webp-to-ogg\index.html","en","webp","ogg","True","True","False","Ogg Vorbis","WebP","236","221"
"C:\Users\Sipka\Desktop\Converter\languages\en\convert\ogg\xlsx-to-ogg\index.html","en","xlsx","ogg","True","True","False","Ogg Vorbis","XLSX","236","153"
"C:\Users\Sipka\Desktop\Converter\languages\en\convert\ogg\zip-to-ogg\index.html","en","zip","ogg","True","True","False","Ogg Vorbis","ZIP","236","132"
"C:\Users\Sipka\Desktop\Converter\languages\en\convert\opus\7z-to-opus\index.html","en","7z","opus","True","True","False","Opus","7Z","267","117"
"C:\Users\Sipka\Desktop\Converter\languages\en\convert\opus\aac-to-opus\index.html","en","aac","opus","True","True","True","Opus","AAC","267","189"
"C:\Users\Sipka\Desktop\Converter\languages\en\convert\opus\aiff-to-opus\index.html","en","aiff","opus","True","True","False","Opus","AIFF","267","175"
"C:\Users\Sipka\Desktop\Converter\languages\en\convert\opus\bmp-to-opus\index.html","en","bmp","opus","True","True","False","Opus","BMP","267","217"
"C:\Users\Sipka\Desktop\Converter\languages\en\convert\opus\csv-to-opus\index.html","en","csv","opus","True","True","False","Opus","CSV","267","158"
"C:\Users\Sipka\Desktop\Converter\languages\en\convert\opus\docx-to-opus\index.html","en","docx","opus","True","True","False","Opus","DOCX","267","195"
"C:\Users\Sipka\Desktop\Converter\languages\en\convert\opus\flac-to-opus\index.html","en","flac","opus","True","True","False","Opus","FLAC","267","185"
"C:\Users\Sipka\Desktop\Converter\languages\en\convert\opus\gif-to-opus\index.html","en","gif","opus","True","True","False","Opus","GIF","267","192"
"C:\Users\Sipka\Desktop\Converter\languages\en\convert\opus\html-to-opus\index.html","en","html","opus","True","True","False","Opus","HTML","267","166"
"C:\Users\Sipka\Desktop\Converter\languages\en\convert\opus\jpeg-to-opus\index.html","en","jpeg","opus","True","True","False","Opus","JPG","267","253"
"C:\Users\Sipka\Desktop\Converter\languages\en\convert\opus\jpg-to-opus\index.html","en","jpg","opus","True","True","False","Opus","JPG","267","253"
"C:\Users\Sipka\Desktop\Converter\languages\en\convert\opus\json-to-opus\index.html","en","json","opus","True","True","False","Opus","JSON","267","160"
"C:\Users\Sipka\Desktop\Converter\languages\en\convert\opus\jsonl-to-opus\index.html","en","jsonl","opus","True","True","False","Opus","JSON Lines","267","157"
"C:\Users\Sipka\Desktop\Converter\languages\en\convert\opus\m4a-to-opus\index.html","en","m4a","opus","True","True","True","Opus","M4A","267","231"
"C:\Users\Sipka\Desktop\Converter\languages\en\convert\opus\m4v-to-opus\index.html","en","m4v","opus","True","True","False","Opus","M4V","267","154"
"C:\Users\Sipka\Desktop\Converter\languages\en\convert\opus\md-to-opus\index.html","en","md","opus","True","True","False","Opus","Markdown","267","142"
"C:\Users\Sipka\Desktop\Converter\languages\en\convert\opus\mkv-to-opus\index.html","en","mkv","opus","True","True","False","Opus","MKV","267","190"
"C:\Users\Sipka\Desktop\Converter\languages\en\convert\opus\mov-to-opus\index.html","en","mov","opus","True","True","False","Opus","MOV","267","181"
"C:\Users\Sipka\Desktop\Converter\languages\en\convert\opus\mp3-to-opus\index.html","en","mp3","opus","True","True","True","Opus","MP3","267","247"
"C:\Users\Sipka\Desktop\Converter\languages\en\convert\opus\mp4-to-opus\index.html","en","mp4","opus","True","True","False","Opus","MP4","267","233"
"C:\Users\Sipka\Desktop\Converter\languages\en\convert\opus\ogg-to-opus\index.html","en","ogg","opus","True","True","True","Opus","Ogg Vorbis","267","196"
"C:\Users\Sipka\Desktop\Converter\languages\en\convert\opus\pdf-to-opus\index.html","en","pdf","opus","True","True","False","Opus","PDF","267","191"
"C:\Users\Sipka\Desktop\Converter\languages\en\convert\opus\png-to-opus\index.html","en","png","opus","True","True","False","Opus","PNG","267","317"
"C:\Users\Sipka\Desktop\Converter\languages\en\convert\opus\pptx-to-opus\index.html","en","pptx","opus","True","True","False","Opus","PPTX","267","185"
"C:\Users\Sipka\Desktop\Converter\languages\en\convert\opus\rar-to-opus\index.html","en","rar","opus","True","True","False","Opus","RAR","267","128"
"C:\Users\Sipka\Desktop\Converter\languages\en\convert\opus\rtf-to-opus\index.html","en","rtf","opus","True","True","False","Opus","RTF","267","163"
"C:\Users\Sipka\Desktop\Converter\languages\en\convert\opus\svg-to-opus\index.html","en","svg","opus","True","True","False","Opus","SVG","267","249"
"C:\Users\Sipka\Desktop\Converter\languages\en\convert\opus\tar-to-opus\index.html","en","tar","opus","True","True","False","Opus","TAR","267","139"
"C:\Users\Sipka\Desktop\Converter\languages\en\convert\opus\tar.bz2-to-opus\index.html","en","tar.bz2","opus","True","True","False","Opus","TBZ2","267","79"
"C:\Users\Sipka\Desktop\Converter\languages\en\convert\opus\tar.gz-to-opus\index.html","en","tar.gz","opus","True","True","False","Opus","TGZ","267","109"
"C:\Users\Sipka\Desktop\Converter\languages\en\convert\opus\tar.xz-to-opus\index.html","en","tar.xz","opus","True","True","False","Opus","TXZ","267","105"
"C:\Users\Sipka\Desktop\Converter\languages\en\convert\opus\tbz-to-opus\index.html","en","tbz","opus","True","True","False","Opus","TBZ2","267","79"
"C:\Users\Sipka\Desktop\Converter\languages\en\convert\opus\tgz-to-opus\index.html","en","tgz","opus","True","True","False","Opus","TGZ","267","109"
"C:\Users\Sipka\Desktop\Converter\languages\en\convert\opus\tiff-to-opus\index.html","en","tiff","opus","True","True","False","Opus","TIFF","267","248"
"C:\Users\Sipka\Desktop\Converter\languages\en\convert\opus\tsv-to-opus\index.html","en","tsv","opus","True","True","False","Opus","TSV","267","120"
"C:\Users\Sipka\Desktop\Converter\languages\en\convert\opus\txt-to-opus\index.html","en","txt","opus","True","True","False","Opus","TXT","267","131"
"C:\Users\Sipka\Desktop\Converter\languages\en\convert\opus\txz-to-opus\index.html","en","txz","opus","True","True","False","Opus","TXZ","267","105"
"C:\Users\Sipka\Desktop\Converter\languages\en\convert\opus\wav-to-opus\index.html","en","wav","opus","True","True","False","Opus","WAV","267","233"
"C:\Users\Sipka\Desktop\Converter\languages\en\convert\opus\webm-to-opus\index.html","en","webm","opus","True","True","False","Opus","WebM","267","186"
"C:\Users\Sipka\Desktop\Converter\languages\en\convert\opus\webp-to-opus\index.html","en","webp","opus","True","True","False","Opus","WebP","267","221"
"C:\Users\Sipka\Desktop\Converter\languages\en\convert\opus\xlsx-to-opus\index.html","en","xlsx","opus","True","True","False","Opus","XLSX","267","153"
"C:\Users\Sipka\Desktop\Converter\languages\en\convert\opus\zip-to-opus\index.html","en","zip","opus","True","True","False","Opus","ZIP","267","132"
"C:\Users\Sipka\Desktop\Converter\languages\en\convert\pdf\7z-to-pdf\index.html","en","7z","pdf","True","True","False","PDF","7Z","287","117"
"C:\Users\Sipka\Desktop\Converter\languages\en\convert\pdf\aac-to-pdf\index.html","en","aac","pdf","True","True","False","PDF","AAC","287","189"
"C:\Users\Sipka\Desktop\Converter\languages\en\convert\pdf\aiff-to-pdf\index.html","en","aiff","pdf","True","True","False","PDF","AIFF","287","175"
"C:\Users\Sipka\Desktop\Converter\languages\en\convert\pdf\bmp-to-pdf\index.html","en","bmp","pdf","True","True","False","PDF","BMP","287","217"
"C:\Users\Sipka\Desktop\Converter\languages\en\convert\pdf\csv-to-pdf\index.html","en","csv","pdf","True","True","False","PDF","CSV","287","158"
"C:\Users\Sipka\Desktop\Converter\languages\en\convert\pdf\docx-to-pdf\index.html","en","docx","pdf","True","True","False","PDF","DOCX","287","195"
"C:\Users\Sipka\Desktop\Converter\languages\en\convert\pdf\flac-to-pdf\index.html","en","flac","pdf","True","True","False","PDF","FLAC","287","185"
"C:\Users\Sipka\Desktop\Converter\languages\en\convert\pdf\gif-to-pdf\index.html","en","gif","pdf","True","True","False","PDF","GIF","287","192"
"C:\Users\Sipka\Desktop\Converter\languages\en\convert\pdf\html-to-pdf\index.html","en","html","pdf","True","True","False","PDF","HTML","287","166"
"C:\Users\Sipka\Desktop\Converter\languages\en\convert\pdf\jpeg-to-pdf\index.html","en","jpeg","pdf","True","True","False","PDF","JPG","287","253"
"C:\Users\Sipka\Desktop\Converter\languages\en\convert\pdf\jpg-to-pdf\index.html","en","jpg","pdf","True","True","False","PDF","JPG","287","253"
"C:\Users\Sipka\Desktop\Converter\languages\en\convert\pdf\json-to-pdf\index.html","en","json","pdf","True","True","False","PDF","JSON","287","160"
"C:\Users\Sipka\Desktop\Converter\languages\en\convert\pdf\jsonl-to-pdf\index.html","en","jsonl","pdf","True","True","False","PDF","JSON Lines","287","157"
"C:\Users\Sipka\Desktop\Converter\languages\en\convert\pdf\m4a-to-pdf\index.html","en","m4a","pdf","True","True","False","PDF","M4A","287","231"
"C:\Users\Sipka\Desktop\Converter\languages\en\convert\pdf\m4v-to-pdf\index.html","en","m4v","pdf","True","True","False","PDF","M4V","287","154"
"C:\Users\Sipka\Desktop\Converter\languages\en\convert\pdf\md-to-pdf\index.html","en","md","pdf","True","True","False","PDF","Markdown","287","142"
"C:\Users\Sipka\Desktop\Converter\languages\en\convert\pdf\mkv-to-pdf\index.html","en","mkv","pdf","True","True","False","PDF","MKV","287","190"
"C:\Users\Sipka\Desktop\Converter\languages\en\convert\pdf\mov-to-pdf\index.html","en","mov","pdf","True","True","False","PDF","MOV","287","181"
"C:\Users\Sipka\Desktop\Converter\languages\en\convert\pdf\mp3-to-pdf\index.html","en","mp3","pdf","True","True","False","PDF","MP3","287","247"
"C:\Users\Sipka\Desktop\Converter\languages\en\convert\pdf\mp4-to-pdf\index.html","en","mp4","pdf","True","True","False","PDF","MP4","287","233"
"C:\Users\Sipka\Desktop\Converter\languages\en\convert\pdf\ogg-to-pdf\index.html","en","ogg","pdf","True","True","False","PDF","Ogg Vorbis","287","196"
"C:\Users\Sipka\Desktop\Converter\languages\en\convert\pdf\opus-to-pdf\index.html","en","opus","pdf","True","True","False","PDF","Opus","287","194"
"C:\Users\Sipka\Desktop\Converter\languages\en\convert\pdf\png-to-pdf\index.html","en","png","pdf","True","True","False","PDF","PNG","287","317"
"C:\Users\Sipka\Desktop\Converter\languages\en\convert\pdf\pptx-to-pdf\index.html","en","pptx","pdf","True","True","False","PDF","PPTX","287","185"
"C:\Users\Sipka\Desktop\Converter\languages\en\convert\pdf\rar-to-pdf\index.html","en","rar","pdf","True","True","False","PDF","RAR","287","128"
"C:\Users\Sipka\Desktop\Converter\languages\en\convert\pdf\rtf-to-pdf\index.html","en","rtf","pdf","True","True","False","PDF","RTF","287","163"
"C:\Users\Sipka\Desktop\Converter\languages\en\convert\pdf\svg-to-pdf\index.html","en","svg","pdf","True","True","False","PDF","SVG","287","249"
"C:\Users\Sipka\Desktop\Converter\languages\en\convert\pdf\tar-to-pdf\index.html","en","tar","pdf","True","True","False","PDF","TAR","287","139"
"C:\Users\Sipka\Desktop\Converter\languages\en\convert\pdf\tar.bz2-to-pdf\index.html","en","tar.bz2","pdf","True","True","False","PDF","TBZ2","287","79"
"C:\Users\Sipka\Desktop\Converter\languages\en\convert\pdf\tar.gz-to-pdf\index.html","en","tar.gz","pdf","True","True","False","PDF","TGZ","287","109"
"C:\Users\Sipka\Desktop\Converter\languages\en\convert\pdf\tar.xz-to-pdf\index.html","en","tar.xz","pdf","True","True","False","PDF","TXZ","287","105"
"C:\Users\Sipka\Desktop\Converter\languages\en\convert\pdf\tbz-to-pdf\index.html","en","tbz","pdf","True","True","False","PDF","TBZ2","287","79"
"C:\Users\Sipka\Desktop\Converter\languages\en\convert\pdf\tgz-to-pdf\index.html","en","tgz","pdf","True","True","False","PDF","TGZ","287","109"
"C:\Users\Sipka\Desktop\Converter\languages\en\convert\pdf\tiff-to-pdf\index.html","en","tiff","pdf","True","True","False","PDF","TIFF","287","248"
"C:\Users\Sipka\Desktop\Converter\languages\en\convert\pdf\tsv-to-pdf\index.html","en","tsv","pdf","True","True","False","PDF","TSV","287","120"
"C:\Users\Sipka\Desktop\Converter\languages\en\convert\pdf\txt-to-pdf\index.html","en","txt","pdf","True","True","False","PDF","TXT","287","131"
"C:\Users\Sipka\Desktop\Converter\languages\en\convert\pdf\txz-to-pdf\index.html","en","txz","pdf","True","True","False","PDF","TXZ","287","105"
"C:\Users\Sipka\Desktop\Converter\languages\en\convert\pdf\wav-to-pdf\index.html","en","wav","pdf","True","True","False","PDF","WAV","287","233"
"C:\Users\Sipka\Desktop\Converter\languages\en\convert\pdf\webm-to-pdf\index.html","en","webm","pdf","True","True","False","PDF","WebM","287","186"
"C:\Users\Sipka\Desktop\Converter\languages\en\convert\pdf\webp-to-pdf\index.html","en","webp","pdf","True","True","False","PDF","WebP","287","221"
"C:\Users\Sipka\Desktop\Converter\languages\en\convert\pdf\xlsx-to-pdf\index.html","en","xlsx","pdf","True","True","False","PDF","XLSX","287","153"
"C:\Users\Sipka\Desktop\Converter\languages\en\convert\pdf\zip-to-pdf\index.html","en","zip","pdf","True","True","False","PDF","ZIP","287","132"
"C:\Users\Sipka\Desktop\Converter\languages\en\convert\png\7z-to-png\index.html","en","7z","png","True","True","False","PNG","7Z","464","117"
"C:\Users\Sipka\Desktop\Converter\languages\en\convert\png\aac-to-png\index.html","en","aac","png","True","True","False","PNG","AAC","464","189"
"C:\Users\Sipka\Desktop\Converter\languages\en\convert\png\aiff-to-png\index.html","en","aiff","png","True","True","False","PNG","AIFF","464","175"
"C:\Users\Sipka\Desktop\Converter\languages\en\convert\png\bmp-to-png\index.html","en","bmp","png","True","True","False","PNG","BMP","464","217"
"C:\Users\Sipka\Desktop\Converter\languages\en\convert\png\csv-to-png\index.html","en","csv","png","True","True","False","PNG","CSV","464","158"
"C:\Users\Sipka\Desktop\Converter\languages\en\convert\png\docx-to-png\index.html","en","docx","png","True","True","False","PNG","DOCX","464","195"
"C:\Users\Sipka\Desktop\Converter\languages\en\convert\png\flac-to-png\index.html","en","flac","png","True","True","False","PNG","FLAC","464","185"
"C:\Users\Sipka\Desktop\Converter\languages\en\convert\png\gif-to-png\index.html","en","gif","png","True","True","False","PNG","GIF","464","192"
"C:\Users\Sipka\Desktop\Converter\languages\en\convert\png\html-to-png\index.html","en","html","png","True","True","False","PNG","HTML","464","166"
"C:\Users\Sipka\Desktop\Converter\languages\en\convert\png\jpeg-to-png\index.html","en","jpeg","png","True","True","False","PNG","JPG","464","253"
"C:\Users\Sipka\Desktop\Converter\languages\en\convert\png\jpg-to-png\index.html","en","jpg","png","True","True","False","PNG","JPG","464","253"
"C:\Users\Sipka\Desktop\Converter\languages\en\convert\png\json-to-png\index.html","en","json","png","True","True","False","PNG","JSON","464","160"
"C:\Users\Sipka\Desktop\Converter\languages\en\convert\png\jsonl-to-png\index.html","en","jsonl","png","True","True","False","PNG","JSON Lines","464","157"
"C:\Users\Sipka\Desktop\Converter\languages\en\convert\png\m4a-to-png\index.html","en","m4a","png","True","True","False","PNG","M4A","464","231"
"C:\Users\Sipka\Desktop\Converter\languages\en\convert\png\m4v-to-png\index.html","en","m4v","png","True","True","False","PNG","M4V","464","154"
"C:\Users\Sipka\Desktop\Converter\languages\en\convert\png\md-to-png\index.html","en","md","png","True","True","False","PNG","Markdown","464","142"
"C:\Users\Sipka\Desktop\Converter\languages\en\convert\png\mkv-to-png\index.html","en","mkv","png","True","True","False","PNG","MKV","464","190"
"C:\Users\Sipka\Desktop\Converter\languages\en\convert\png\mov-to-png\index.html","en","mov","png","True","True","False","PNG","MOV","464","181"
"C:\Users\Sipka\Desktop\Converter\languages\en\convert\png\mp3-to-png\index.html","en","mp3","png","True","True","False","PNG","MP3","464","247"
"C:\Users\Sipka\Desktop\Converter\languages\en\convert\png\mp4-to-png\index.html","en","mp4","png","True","True","False","PNG","MP4","464","233"
"C:\Users\Sipka\Desktop\Converter\languages\en\convert\png\ogg-to-png\index.html","en","ogg","png","True","True","False","PNG","Ogg Vorbis","464","196"
"C:\Users\Sipka\Desktop\Converter\languages\en\convert\png\opus-to-png\index.html","en","opus","png","True","True","False","PNG","Opus","464","194"
"C:\Users\Sipka\Desktop\Converter\languages\en\convert\png\pdf-to-png\index.html","en","pdf","png","True","True","False","PNG","PDF","464","191"
"C:\Users\Sipka\Desktop\Converter\languages\en\convert\png\pptx-to-png\index.html","en","pptx","png","True","True","False","PNG","PPTX","464","185"
"C:\Users\Sipka\Desktop\Converter\languages\en\convert\png\rar-to-png\index.html","en","rar","png","True","True","False","PNG","RAR","464","128"
"C:\Users\Sipka\Desktop\Converter\languages\en\convert\png\rtf-to-png\index.html","en","rtf","png","True","True","False","PNG","RTF","464","163"
"C:\Users\Sipka\Desktop\Converter\languages\en\convert\png\svg-to-png\index.html","en","svg","png","True","True","False","PNG","SVG","464","249"
"C:\Users\Sipka\Desktop\Converter\languages\en\convert\png\tar-to-png\index.html","en","tar","png","True","True","False","PNG","TAR","464","139"
"C:\Users\Sipka\Desktop\Converter\languages\en\convert\png\tar.bz2-to-png\index.html","en","tar.bz2","png","True","True","False","PNG","TBZ2","464","79"
"C:\Users\Sipka\Desktop\Converter\languages\en\convert\png\tar.gz-to-png\index.html","en","tar.gz","png","True","True","False","PNG","TGZ","464","109"
"C:\Users\Sipka\Desktop\Converter\languages\en\convert\png\tar.xz-to-png\index.html","en","tar.xz","png","True","True","False","PNG","TXZ","464","105"
"C:\Users\Sipka\Desktop\Converter\languages\en\convert\png\tbz-to-png\index.html","en","tbz","png","True","True","False","PNG","TBZ2","464","79"
"C:\Users\Sipka\Desktop\Converter\languages\en\convert\png\tgz-to-png\index.html","en","tgz","png","True","True","False","PNG","TGZ","464","109"
"C:\Users\Sipka\Desktop\Converter\languages\en\convert\png\tiff-to-png\index.html","en","tiff","png","True","True","False","PNG","TIFF","464","248"
"C:\Users\Sipka\Desktop\Converter\languages\en\convert\png\tsv-to-png\index.html","en","tsv","png","True","True","False","PNG","TSV","464","120"
"C:\Users\Sipka\Desktop\Converter\languages\en\convert\png\txt-to-png\index.html","en","txt","png","True","True","False","PNG","TXT","464","131"
"C:\Users\Sipka\Desktop\Converter\languages\en\convert\png\txz-to-png\index.html","en","txz","png","True","True","False","PNG","TXZ","464","105"
"C:\Users\Sipka\Desktop\Converter\languages\en\convert\png\wav-to-png\index.html","en","wav","png","True","True","False","PNG","WAV","464","233"
"C:\Users\Sipka\Desktop\Converter\languages\en\convert\png\webm-to-png\index.html","en","webm","png","True","True","False","PNG","WebM","464","186"
"C:\Users\Sipka\Desktop\Converter\languages\en\convert\png\webp-to-png\index.html","en","webp","png","True","True","False","PNG","WebP","464","221"
"C:\Users\Sipka\Desktop\Converter\languages\en\convert\png\xlsx-to-png\index.html","en","xlsx","png","True","True","False","PNG","XLSX","464","153"
"C:\Users\Sipka\Desktop\Converter\languages\en\convert\png\zip-to-png\index.html","en","zip","png","True","True","False","PNG","ZIP","464","132"
"C:\Users\Sipka\Desktop\Converter\languages\en\convert\pptx\7z-to-pptx\index.html","en","7z","pptx","True","True","False","PPTX","7Z","179","117"
"C:\Users\Sipka\Desktop\Converter\languages\en\convert\pptx\aac-to-pptx\index.html","en","aac","pptx","True","True","False","PPTX","AAC","179","189"
"C:\Users\Sipka\Desktop\Converter\languages\en\convert\pptx\aiff-to-pptx\index.html","en","aiff","pptx","True","True","False","PPTX","AIFF","179","175"
"C:\Users\Sipka\Desktop\Converter\languages\en\convert\pptx\bmp-to-pptx\index.html","en","bmp","pptx","True","True","False","PPTX","BMP","179","217"
"C:\Users\Sipka\Desktop\Converter\languages\en\convert\pptx\csv-to-pptx\index.html","en","csv","pptx","True","True","False","PPTX","CSV","179","158"
"C:\Users\Sipka\Desktop\Converter\languages\en\convert\pptx\docx-to-pptx\index.html","en","docx","pptx","True","True","False","PPTX","DOCX","179","195"
"C:\Users\Sipka\Desktop\Converter\languages\en\convert\pptx\flac-to-pptx\index.html","en","flac","pptx","True","True","False","PPTX","FLAC","179","185"
"C:\Users\Sipka\Desktop\Converter\languages\en\convert\pptx\gif-to-pptx\index.html","en","gif","pptx","True","True","False","PPTX","GIF","179","192"
"C:\Users\Sipka\Desktop\Converter\languages\en\convert\pptx\html-to-pptx\index.html","en","html","pptx","True","True","False","PPTX","HTML","179","166"
"C:\Users\Sipka\Desktop\Converter\languages\en\convert\pptx\jpeg-to-pptx\index.html","en","jpeg","pptx","True","True","False","PPTX","JPG","179","253"
"C:\Users\Sipka\Desktop\Converter\languages\en\convert\pptx\jpg-to-pptx\index.html","en","jpg","pptx","True","True","False","PPTX","JPG","179","253"
"C:\Users\Sipka\Desktop\Converter\languages\en\convert\pptx\json-to-pptx\index.html","en","json","pptx","True","True","False","PPTX","JSON","179","160"
"C:\Users\Sipka\Desktop\Converter\languages\en\convert\pptx\jsonl-to-pptx\index.html","en","jsonl","pptx","True","True","False","PPTX","JSON Lines","179","157"
"C:\Users\Sipka\Desktop\Converter\languages\en\convert\pptx\m4a-to-pptx\index.html","en","m4a","pptx","True","True","False","PPTX","M4A","179","231"
"C:\Users\Sipka\Desktop\Converter\languages\en\convert\pptx\m4v-to-pptx\index.html","en","m4v","pptx","True","True","False","PPTX","M4V","179","154"
"C:\Users\Sipka\Desktop\Converter\languages\en\convert\pptx\md-to-pptx\index.html","en","md","pptx","True","True","False","PPTX","Markdown","179","142"
"C:\Users\Sipka\Desktop\Converter\languages\en\convert\pptx\mkv-to-pptx\index.html","en","mkv","pptx","True","True","False","PPTX","MKV","179","190"
"C:\Users\Sipka\Desktop\Converter\languages\en\convert\pptx\mov-to-pptx\index.html","en","mov","pptx","True","True","False","PPTX","MOV","179","181"
"C:\Users\Sipka\Desktop\Converter\languages\en\convert\pptx\mp3-to-pptx\index.html","en","mp3","pptx","True","True","False","PPTX","MP3","179","247"
"C:\Users\Sipka\Desktop\Converter\languages\en\convert\pptx\mp4-to-pptx\index.html","en","mp4","pptx","True","True","False","PPTX","MP4","179","233"
"C:\Users\Sipka\Desktop\Converter\languages\en\convert\pptx\ogg-to-pptx\index.html","en","ogg","pptx","True","True","False","PPTX","Ogg Vorbis","179","196"
"C:\Users\Sipka\Desktop\Converter\languages\en\convert\pptx\opus-to-pptx\index.html","en","opus","pptx","True","True","False","PPTX","Opus","179","194"
"C:\Users\Sipka\Desktop\Converter\languages\en\convert\pptx\pdf-to-pptx\index.html","en","pdf","pptx","True","True","False","PPTX","PDF","179","191"
"C:\Users\Sipka\Desktop\Converter\languages\en\convert\pptx\png-to-pptx\index.html","en","png","pptx","True","True","False","PPTX","PNG","179","317"
"C:\Users\Sipka\Desktop\Converter\languages\en\convert\pptx\rar-to-pptx\index.html","en","rar","pptx","True","True","False","PPTX","RAR","179","128"
"C:\Users\Sipka\Desktop\Converter\languages\en\convert\pptx\rtf-to-pptx\index.html","en","rtf","pptx","True","True","False","PPTX","RTF","179","163"
"C:\Users\Sipka\Desktop\Converter\languages\en\convert\pptx\svg-to-pptx\index.html","en","svg","pptx","True","True","False","PPTX","SVG","179","249"
"C:\Users\Sipka\Desktop\Converter\languages\en\convert\pptx\tar-to-pptx\index.html","en","tar","pptx","True","True","False","PPTX","TAR","179","139"
"C:\Users\Sipka\Desktop\Converter\languages\en\convert\pptx\tar.bz2-to-pptx\index.html","en","tar.bz2","pptx","True","True","False","PPTX","TBZ2","179","79"
"C:\Users\Sipka\Desktop\Converter\languages\en\convert\pptx\tar.gz-to-pptx\index.html","en","tar.gz","pptx","True","True","False","PPTX","TGZ","179","109"
"C:\Users\Sipka\Desktop\Converter\languages\en\convert\pptx\tar.xz-to-pptx\index.html","en","tar.xz","pptx","True","True","False","PPTX","TXZ","179","105"
"C:\Users\Sipka\Desktop\Converter\languages\en\convert\pptx\tbz-to-pptx\index.html","en","tbz","pptx","True","True","False","PPTX","TBZ2","179","79"
"C:\Users\Sipka\Desktop\Converter\languages\en\convert\pptx\tgz-to-pptx\index.html","en","tgz","pptx","True","True","False","PPTX","TGZ","179","109"
"C:\Users\Sipka\Desktop\Converter\languages\en\convert\pptx\tiff-to-pptx\index.html","en","tiff","pptx","True","True","False","PPTX","TIFF","179","248"
"C:\Users\Sipka\Desktop\Converter\languages\en\convert\pptx\tsv-to-pptx\index.html","en","tsv","pptx","True","True","False","PPTX","TSV","179","120"
"C:\Users\Sipka\Desktop\Converter\languages\en\convert\pptx\txt-to-pptx\index.html","en","txt","pptx","True","True","False","PPTX","TXT","179","131"
"C:\Users\Sipka\Desktop\Converter\languages\en\convert\pptx\txz-to-pptx\index.html","en","txz","pptx","True","True","False","PPTX","TXZ","179","105"
"C:\Users\Sipka\Desktop\Converter\languages\en\convert\pptx\wav-to-pptx\index.html","en","wav","pptx","True","True","False","PPTX","WAV","179","233"
"C:\Users\Sipka\Desktop\Converter\languages\en\convert\pptx\webm-to-pptx\index.html","en","webm","pptx","True","True","False","PPTX","WebM","179","186"
"C:\Users\Sipka\Desktop\Converter\languages\en\convert\pptx\webp-to-pptx\index.html","en","webp","pptx","True","True","False","PPTX","WebP","179","221"
"C:\Users\Sipka\Desktop\Converter\languages\en\convert\pptx\xlsx-to-pptx\index.html","en","xlsx","pptx","True","True","False","PPTX","XLSX","179","153"
"C:\Users\Sipka\Desktop\Converter\languages\en\convert\pptx\zip-to-pptx\index.html","en","zip","pptx","True","True","False","PPTX","ZIP","179","132"
"C:\Users\Sipka\Desktop\Converter\languages\en\convert\rar\7z-to-rar\index.html","en","7z","rar","True","True","True","RAR","7Z","242","117"
"C:\Users\Sipka\Desktop\Converter\languages\en\convert\rar\aac-to-rar\index.html","en","aac","rar","True","True","True","RAR","AAC","242","189"
"C:\Users\Sipka\Desktop\Converter\languages\en\convert\rar\aiff-to-rar\index.html","en","aiff","rar","True","True","True","RAR","AIFF","242","175"
"C:\Users\Sipka\Desktop\Converter\languages\en\convert\rar\bmp-to-rar\index.html","en","bmp","rar","True","True","True","RAR","BMP","242","217"
"C:\Users\Sipka\Desktop\Converter\languages\en\convert\rar\csv-to-rar\index.html","en","csv","rar","True","True","True","RAR","CSV","242","158"
"C:\Users\Sipka\Desktop\Converter\languages\en\convert\rar\docx-to-rar\index.html","en","docx","rar","True","True","True","RAR","DOCX","242","195"
"C:\Users\Sipka\Desktop\Converter\languages\en\convert\rar\flac-to-rar\index.html","en","flac","rar","True","True","True","RAR","FLAC","242","185"
"C:\Users\Sipka\Desktop\Converter\languages\en\convert\rar\gif-to-rar\index.html","en","gif","rar","True","True","True","RAR","GIF","242","192"
"C:\Users\Sipka\Desktop\Converter\languages\en\convert\rar\html-to-rar\index.html","en","html","rar","True","True","True","RAR","HTML","242","166"
"C:\Users\Sipka\Desktop\Converter\languages\en\convert\rar\jpeg-to-rar\index.html","en","jpeg","rar","True","True","True","RAR","JPG","242","253"
"C:\Users\Sipka\Desktop\Converter\languages\en\convert\rar\jpg-to-rar\index.html","en","jpg","rar","True","True","True","RAR","JPG","242","253"
"C:\Users\Sipka\Desktop\Converter\languages\en\convert\rar\json-to-rar\index.html","en","json","rar","True","True","True","RAR","JSON","242","160"
"C:\Users\Sipka\Desktop\Converter\languages\en\convert\rar\jsonl-to-rar\index.html","en","jsonl","rar","True","True","True","RAR","JSON Lines","242","157"
"C:\Users\Sipka\Desktop\Converter\languages\en\convert\rar\m4a-to-rar\index.html","en","m4a","rar","True","True","True","RAR","M4A","242","231"
"C:\Users\Sipka\Desktop\Converter\languages\en\convert\rar\m4v-to-rar\index.html","en","m4v","rar","True","True","True","RAR","M4V","242","154"
"C:\Users\Sipka\Desktop\Converter\languages\en\convert\rar\md-to-rar\index.html","en","md","rar","True","True","True","RAR","Markdown","242","142"
"C:\Users\Sipka\Desktop\Converter\languages\en\convert\rar\mkv-to-rar\index.html","en","mkv","rar","True","True","True","RAR","MKV","242","190"
"C:\Users\Sipka\Desktop\Converter\languages\en\convert\rar\mov-to-rar\index.html","en","mov","rar","True","True","True","RAR","MOV","242","181"
"C:\Users\Sipka\Desktop\Converter\languages\en\convert\rar\mp3-to-rar\index.html","en","mp3","rar","True","True","True","RAR","MP3","242","247"
"C:\Users\Sipka\Desktop\Converter\languages\en\convert\rar\mp4-to-rar\index.html","en","mp4","rar","True","True","True","RAR","MP4","242","233"
"C:\Users\Sipka\Desktop\Converter\languages\en\convert\rar\ogg-to-rar\index.html","en","ogg","rar","True","True","True","RAR","Ogg Vorbis","242","196"
"C:\Users\Sipka\Desktop\Converter\languages\en\convert\rar\opus-to-rar\index.html","en","opus","rar","True","True","True","RAR","Opus","242","194"
"C:\Users\Sipka\Desktop\Converter\languages\en\convert\rar\pdf-to-rar\index.html","en","pdf","rar","True","True","True","RAR","PDF","242","191"
"C:\Users\Sipka\Desktop\Converter\languages\en\convert\rar\png-to-rar\index.html","en","png","rar","True","True","True","RAR","PNG","242","317"
"C:\Users\Sipka\Desktop\Converter\languages\en\convert\rar\pptx-to-rar\index.html","en","pptx","rar","True","True","True","RAR","PPTX","242","185"
"C:\Users\Sipka\Desktop\Converter\languages\en\convert\rar\rtf-to-rar\index.html","en","rtf","rar","True","True","True","RAR","RTF","242","163"
"C:\Users\Sipka\Desktop\Converter\languages\en\convert\rar\svg-to-rar\index.html","en","svg","rar","True","True","True","RAR","SVG","242","249"
"C:\Users\Sipka\Desktop\Converter\languages\en\convert\rar\tar-to-rar\index.html","en","tar","rar","True","True","True","RAR","TAR","242","139"
"C:\Users\Sipka\Desktop\Converter\languages\en\convert\rar\tar.bz2-to-rar\index.html","en","tar.bz2","rar","True","True","True","RAR","TBZ2","242","79"
"C:\Users\Sipka\Desktop\Converter\languages\en\convert\rar\tar.gz-to-rar\index.html","en","tar.gz","rar","True","True","True","RAR","TGZ","242","109"
"C:\Users\Sipka\Desktop\Converter\languages\en\convert\rar\tar.xz-to-rar\index.html","en","tar.xz","rar","True","True","True","RAR","TXZ","242","105"
"C:\Users\Sipka\Desktop\Converter\languages\en\convert\rar\tbz-to-rar\index.html","en","tbz","rar","True","True","True","RAR","TBZ2","242","79"
"C:\Users\Sipka\Desktop\Converter\languages\en\convert\rar\tgz-to-rar\index.html","en","tgz","rar","True","True","True","RAR","TGZ","242","109"
"C:\Users\Sipka\Desktop\Converter\languages\en\convert\rar\tiff-to-rar\index.html","en","tiff","rar","True","True","True","RAR","TIFF","242","248"
"C:\Users\Sipka\Desktop\Converter\languages\en\convert\rar\tsv-to-rar\index.html","en","tsv","rar","True","True","True","RAR","TSV","242","120"
"C:\Users\Sipka\Desktop\Converter\languages\en\convert\rar\txt-to-rar\index.html","en","txt","rar","True","True","True","RAR","TXT","242","131"
"C:\Users\Sipka\Desktop\Converter\languages\en\convert\rar\txz-to-rar\index.html","en","txz","rar","True","True","True","RAR","TXZ","242","105"
"C:\Users\Sipka\Desktop\Converter\languages\en\convert\rar\wav-to-rar\index.html","en","wav","rar","True","True","True","RAR","WAV","242","233"
"C:\Users\Sipka\Desktop\Converter\languages\en\convert\rar\webm-to-rar\index.html","en","webm","rar","True","True","True","RAR","WebM","242","186"
"C:\Users\Sipka\Desktop\Converter\languages\en\convert\rar\webp-to-rar\index.html","en","webp","rar","True","True","True","RAR","WebP","242","221"
"C:\Users\Sipka\Desktop\Converter\languages\en\convert\rar\xlsx-to-rar\index.html","en","xlsx","rar","True","True","True","RAR","XLSX","242","153"
"C:\Users\Sipka\Desktop\Converter\languages\en\convert\rar\zip-to-rar\index.html","en","zip","rar","True","True","True","RAR","ZIP","242","132"
"C:\Users\Sipka\Desktop\Converter\languages\en\convert\rtf\7z-to-rtf\index.html","en","7z","rtf","True","True","False","RTF","7Z","169","117"
"C:\Users\Sipka\Desktop\Converter\languages\en\convert\rtf\aac-to-rtf\index.html","en","aac","rtf","True","True","False","RTF","AAC","169","189"
"C:\Users\Sipka\Desktop\Converter\languages\en\convert\rtf\aiff-to-rtf\index.html","en","aiff","rtf","True","True","False","RTF","AIFF","169","175"
"C:\Users\Sipka\Desktop\Converter\languages\en\convert\rtf\bmp-to-rtf\index.html","en","bmp","rtf","True","True","False","RTF","BMP","169","217"
"C:\Users\Sipka\Desktop\Converter\languages\en\convert\rtf\csv-to-rtf\index.html","en","csv","rtf","True","True","False","RTF","CSV","169","158"
"C:\Users\Sipka\Desktop\Converter\languages\en\convert\rtf\docx-to-rtf\index.html","en","docx","rtf","True","True","False","RTF","DOCX","169","195"
"C:\Users\Sipka\Desktop\Converter\languages\en\convert\rtf\flac-to-rtf\index.html","en","flac","rtf","True","True","False","RTF","FLAC","169","185"
"C:\Users\Sipka\Desktop\Converter\languages\en\convert\rtf\gif-to-rtf\index.html","en","gif","rtf","True","True","False","RTF","GIF","169","192"
"C:\Users\Sipka\Desktop\Converter\languages\en\convert\rtf\html-to-rtf\index.html","en","html","rtf","True","True","False","RTF","HTML","169","166"
"C:\Users\Sipka\Desktop\Converter\languages\en\convert\rtf\jpeg-to-rtf\index.html","en","jpeg","rtf","True","True","False","RTF","JPG","169","253"
"C:\Users\Sipka\Desktop\Converter\languages\en\convert\rtf\jpg-to-rtf\index.html","en","jpg","rtf","True","True","False","RTF","JPG","169","253"
"C:\Users\Sipka\Desktop\Converter\languages\en\convert\rtf\json-to-rtf\index.html","en","json","rtf","True","True","False","RTF","JSON","169","160"
"C:\Users\Sipka\Desktop\Converter\languages\en\convert\rtf\jsonl-to-rtf\index.html","en","jsonl","rtf","True","True","False","RTF","JSON Lines","169","157"
"C:\Users\Sipka\Desktop\Converter\languages\en\convert\rtf\m4a-to-rtf\index.html","en","m4a","rtf","True","True","False","RTF","M4A","169","231"
"C:\Users\Sipka\Desktop\Converter\languages\en\convert\rtf\m4v-to-rtf\index.html","en","m4v","rtf","True","True","False","RTF","M4V","169","154"
"C:\Users\Sipka\Desktop\Converter\languages\en\convert\rtf\md-to-rtf\index.html","en","md","rtf","True","True","False","RTF","Markdown","169","142"
"C:\Users\Sipka\Desktop\Converter\languages\en\convert\rtf\mkv-to-rtf\index.html","en","mkv","rtf","True","True","False","RTF","MKV","169","190"
"C:\Users\Sipka\Desktop\Converter\languages\en\convert\rtf\mov-to-rtf\index.html","en","mov","rtf","True","True","False","RTF","MOV","169","181"
"C:\Users\Sipka\Desktop\Converter\languages\en\convert\rtf\mp3-to-rtf\index.html","en","mp3","rtf","True","True","False","RTF","MP3","169","247"
"C:\Users\Sipka\Desktop\Converter\languages\en\convert\rtf\mp4-to-rtf\index.html","en","mp4","rtf","True","True","False","RTF","MP4","169","233"
"C:\Users\Sipka\Desktop\Converter\languages\en\convert\rtf\ogg-to-rtf\index.html","en","ogg","rtf","True","True","False","RTF","Ogg Vorbis","169","196"
"C:\Users\Sipka\Desktop\Converter\languages\en\convert\rtf\opus-to-rtf\index.html","en","opus","rtf","True","True","False","RTF","Opus","169","194"
"C:\Users\Sipka\Desktop\Converter\languages\en\convert\rtf\pdf-to-rtf\index.html","en","pdf","rtf","True","True","False","RTF","PDF","169","191"
"C:\Users\Sipka\Desktop\Converter\languages\en\convert\rtf\png-to-rtf\index.html","en","png","rtf","True","True","False","RTF","PNG","169","317"
"C:\Users\Sipka\Desktop\Converter\languages\en\convert\rtf\pptx-to-rtf\index.html","en","pptx","rtf","True","True","False","RTF","PPTX","169","185"
"C:\Users\Sipka\Desktop\Converter\languages\en\convert\rtf\rar-to-rtf\index.html","en","rar","rtf","True","True","False","RTF","RAR","169","128"
"C:\Users\Sipka\Desktop\Converter\languages\en\convert\rtf\svg-to-rtf\index.html","en","svg","rtf","True","True","False","RTF","SVG","169","249"
"C:\Users\Sipka\Desktop\Converter\languages\en\convert\rtf\tar-to-rtf\index.html","en","tar","rtf","True","True","False","RTF","TAR","169","139"
"C:\Users\Sipka\Desktop\Converter\languages\en\convert\rtf\tar.bz2-to-rtf\index.html","en","tar.bz2","rtf","True","True","False","RTF","TBZ2","169","79"
"C:\Users\Sipka\Desktop\Converter\languages\en\convert\rtf\tar.gz-to-rtf\index.html","en","tar.gz","rtf","True","True","False","RTF","TGZ","169","109"
"C:\Users\Sipka\Desktop\Converter\languages\en\convert\rtf\tar.xz-to-rtf\index.html","en","tar.xz","rtf","True","True","False","RTF","TXZ","169","105"
"C:\Users\Sipka\Desktop\Converter\languages\en\convert\rtf\tbz-to-rtf\index.html","en","tbz","rtf","True","True","False","RTF","TBZ2","169","79"
"C:\Users\Sipka\Desktop\Converter\languages\en\convert\rtf\tgz-to-rtf\index.html","en","tgz","rtf","True","True","False","RTF","TGZ","169","109"
"C:\Users\Sipka\Desktop\Converter\languages\en\convert\rtf\tiff-to-rtf\index.html","en","tiff","rtf","True","True","False","RTF","TIFF","169","248"
"C:\Users\Sipka\Desktop\Converter\languages\en\convert\rtf\tsv-to-rtf\index.html","en","tsv","rtf","True","True","False","RTF","TSV","169","120"
"C:\Users\Sipka\Desktop\Converter\languages\en\convert\rtf\txt-to-rtf\index.html","en","txt","rtf","True","True","False","RTF","TXT","169","131"
"C:\Users\Sipka\Desktop\Converter\languages\en\convert\rtf\txz-to-rtf\index.html","en","txz","rtf","True","True","False","RTF","TXZ","169","105"
"C:\Users\Sipka\Desktop\Converter\languages\en\convert\rtf\wav-to-rtf\index.html","en","wav","rtf","True","True","False","RTF","WAV","169","233"
"C:\Users\Sipka\Desktop\Converter\languages\en\convert\rtf\webm-to-rtf\index.html","en","webm","rtf","True","True","False","RTF","WebM","169","186"
"C:\Users\Sipka\Desktop\Converter\languages\en\convert\rtf\webp-to-rtf\index.html","en","webp","rtf","True","True","False","RTF","WebP","169","221"
"C:\Users\Sipka\Desktop\Converter\languages\en\convert\rtf\xlsx-to-rtf\index.html","en","xlsx","rtf","True","True","False","RTF","XLSX","169","153"
"C:\Users\Sipka\Desktop\Converter\languages\en\convert\rtf\zip-to-rtf\index.html","en","zip","rtf","True","True","False","RTF","ZIP","169","132"
"C:\Users\Sipka\Desktop\Converter\languages\en\convert\svg\7z-to-svg\index.html","en","7z","svg","True","True","False","SVG","7Z","347","117"
"C:\Users\Sipka\Desktop\Converter\languages\en\convert\svg\aac-to-svg\index.html","en","aac","svg","True","True","False","SVG","AAC","347","189"
"C:\Users\Sipka\Desktop\Converter\languages\en\convert\svg\aiff-to-svg\index.html","en","aiff","svg","True","True","False","SVG","AIFF","347","175"
"C:\Users\Sipka\Desktop\Converter\languages\en\convert\svg\bmp-to-svg\index.html","en","bmp","svg","True","True","False","SVG","BMP","347","217"
"C:\Users\Sipka\Desktop\Converter\languages\en\convert\svg\csv-to-svg\index.html","en","csv","svg","True","True","False","SVG","CSV","347","158"
"C:\Users\Sipka\Desktop\Converter\languages\en\convert\svg\docx-to-svg\index.html","en","docx","svg","True","True","False","SVG","DOCX","347","195"
"C:\Users\Sipka\Desktop\Converter\languages\en\convert\svg\flac-to-svg\index.html","en","flac","svg","True","True","False","SVG","FLAC","347","185"
"C:\Users\Sipka\Desktop\Converter\languages\en\convert\svg\gif-to-svg\index.html","en","gif","svg","True","True","False","SVG","GIF","347","192"
"C:\Users\Sipka\Desktop\Converter\languages\en\convert\svg\html-to-svg\index.html","en","html","svg","True","True","False","SVG","HTML","347","166"
"C:\Users\Sipka\Desktop\Converter\languages\en\convert\svg\jpeg-to-svg\index.html","en","jpeg","svg","True","True","False","SVG","JPG","347","253"
"C:\Users\Sipka\Desktop\Converter\languages\en\convert\svg\jpg-to-svg\index.html","en","jpg","svg","True","True","False","SVG","JPG","347","253"
"C:\Users\Sipka\Desktop\Converter\languages\en\convert\svg\json-to-svg\index.html","en","json","svg","True","True","False","SVG","JSON","347","160"
"C:\Users\Sipka\Desktop\Converter\languages\en\convert\svg\jsonl-to-svg\index.html","en","jsonl","svg","True","True","False","SVG","JSON Lines","347","157"
"C:\Users\Sipka\Desktop\Converter\languages\en\convert\svg\m4a-to-svg\index.html","en","m4a","svg","True","True","False","SVG","M4A","347","231"
"C:\Users\Sipka\Desktop\Converter\languages\en\convert\svg\m4v-to-svg\index.html","en","m4v","svg","True","True","False","SVG","M4V","347","154"
"C:\Users\Sipka\Desktop\Converter\languages\en\convert\svg\md-to-svg\index.html","en","md","svg","True","True","False","SVG","Markdown","347","142"
"C:\Users\Sipka\Desktop\Converter\languages\en\convert\svg\mkv-to-svg\index.html","en","mkv","svg","True","True","False","SVG","MKV","347","190"
"C:\Users\Sipka\Desktop\Converter\languages\en\convert\svg\mov-to-svg\index.html","en","mov","svg","True","True","False","SVG","MOV","347","181"
"C:\Users\Sipka\Desktop\Converter\languages\en\convert\svg\mp3-to-svg\index.html","en","mp3","svg","True","True","False","SVG","MP3","347","247"
"C:\Users\Sipka\Desktop\Converter\languages\en\convert\svg\mp4-to-svg\index.html","en","mp4","svg","True","True","False","SVG","MP4","347","233"
"C:\Users\Sipka\Desktop\Converter\languages\en\convert\svg\ogg-to-svg\index.html","en","ogg","svg","True","True","False","SVG","Ogg Vorbis","347","196"
"C:\Users\Sipka\Desktop\Converter\languages\en\convert\svg\opus-to-svg\index.html","en","opus","svg","True","True","False","SVG","Opus","347","194"
"C:\Users\Sipka\Desktop\Converter\languages\en\convert\svg\pdf-to-svg\index.html","en","pdf","svg","True","True","False","SVG","PDF","347","191"
"C:\Users\Sipka\Desktop\Converter\languages\en\convert\svg\png-to-svg\index.html","en","png","svg","True","True","False","SVG","PNG","347","317"
"C:\Users\Sipka\Desktop\Converter\languages\en\convert\svg\pptx-to-svg\index.html","en","pptx","svg","True","True","False","SVG","PPTX","347","185"
"C:\Users\Sipka\Desktop\Converter\languages\en\convert\svg\rar-to-svg\index.html","en","rar","svg","True","True","False","SVG","RAR","347","128"
"C:\Users\Sipka\Desktop\Converter\languages\en\convert\svg\rtf-to-svg\index.html","en","rtf","svg","True","True","False","SVG","RTF","347","163"
"C:\Users\Sipka\Desktop\Converter\languages\en\convert\svg\tar-to-svg\index.html","en","tar","svg","True","True","False","SVG","TAR","347","139"
"C:\Users\Sipka\Desktop\Converter\languages\en\convert\svg\tar.bz2-to-svg\index.html","en","tar.bz2","svg","True","True","False","SVG","TBZ2","347","79"
"C:\Users\Sipka\Desktop\Converter\languages\en\convert\svg\tar.gz-to-svg\index.html","en","tar.gz","svg","True","True","False","SVG","TGZ","347","109"
"C:\Users\Sipka\Desktop\Converter\languages\en\convert\svg\tar.xz-to-svg\index.html","en","tar.xz","svg","True","True","False","SVG","TXZ","347","105"
"C:\Users\Sipka\Desktop\Converter\languages\en\convert\svg\tbz-to-svg\index.html","en","tbz","svg","True","True","False","SVG","TBZ2","347","79"
"C:\Users\Sipka\Desktop\Converter\languages\en\convert\svg\tgz-to-svg\index.html","en","tgz","svg","True","True","False","SVG","TGZ","347","109"
"C:\Users\Sipka\Desktop\Converter\languages\en\convert\svg\tiff-to-svg\index.html","en","tiff","svg","True","True","False","SVG","TIFF","347","248"
"C:\Users\Sipka\Desktop\Converter\languages\en\convert\svg\tsv-to-svg\index.html","en","tsv","svg","True","True","False","SVG","TSV","347","120"
"C:\Users\Sipka\Desktop\Converter\languages\en\convert\svg\txt-to-svg\index.html","en","txt","svg","True","True","False","SVG","TXT","347","131"
"C:\Users\Sipka\Desktop\Converter\languages\en\convert\svg\txz-to-svg\index.html","en","txz","svg","True","True","False","SVG","TXZ","347","105"
"C:\Users\Sipka\Desktop\Converter\languages\en\convert\svg\wav-to-svg\index.html","en","wav","svg","True","True","False","SVG","WAV","347","233"
"C:\Users\Sipka\Desktop\Converter\languages\en\convert\svg\webm-to-svg\index.html","en","webm","svg","True","True","False","SVG","WebM","347","186"
"C:\Users\Sipka\Desktop\Converter\languages\en\convert\svg\webp-to-svg\index.html","en","webp","svg","True","True","False","SVG","WebP","347","221"
"C:\Users\Sipka\Desktop\Converter\languages\en\convert\svg\xlsx-to-svg\index.html","en","xlsx","svg","True","True","False","SVG","XLSX","347","153"
"C:\Users\Sipka\Desktop\Converter\languages\en\convert\svg\zip-to-svg\index.html","en","zip","svg","True","True","False","SVG","ZIP","347","132"
"C:\Users\Sipka\Desktop\Converter\languages\en\convert\tar\7z-to-tar\index.html","en","7z","tar","True","True","True","TAR","7Z","267","117"
"C:\Users\Sipka\Desktop\Converter\languages\en\convert\tar\aac-to-tar\index.html","en","aac","tar","True","True","True","TAR","AAC","267","189"
"C:\Users\Sipka\Desktop\Converter\languages\en\convert\tar\aiff-to-tar\index.html","en","aiff","tar","True","True","True","TAR","AIFF","267","175"
"C:\Users\Sipka\Desktop\Converter\languages\en\convert\tar\bmp-to-tar\index.html","en","bmp","tar","True","True","True","TAR","BMP","267","217"
"C:\Users\Sipka\Desktop\Converter\languages\en\convert\tar\csv-to-tar\index.html","en","csv","tar","True","True","True","TAR","CSV","267","158"
"C:\Users\Sipka\Desktop\Converter\languages\en\convert\tar\docx-to-tar\index.html","en","docx","tar","True","True","True","TAR","DOCX","267","195"
"C:\Users\Sipka\Desktop\Converter\languages\en\convert\tar\flac-to-tar\index.html","en","flac","tar","True","True","True","TAR","FLAC","267","185"
"C:\Users\Sipka\Desktop\Converter\languages\en\convert\tar\gif-to-tar\index.html","en","gif","tar","True","True","True","TAR","GIF","267","192"
"C:\Users\Sipka\Desktop\Converter\languages\en\convert\tar\html-to-tar\index.html","en","html","tar","True","True","True","TAR","HTML","267","166"
"C:\Users\Sipka\Desktop\Converter\languages\en\convert\tar\jpeg-to-tar\index.html","en","jpeg","tar","True","True","True","TAR","JPG","267","253"
"C:\Users\Sipka\Desktop\Converter\languages\en\convert\tar\jpg-to-tar\index.html","en","jpg","tar","True","True","True","TAR","JPG","267","253"
"C:\Users\Sipka\Desktop\Converter\languages\en\convert\tar\json-to-tar\index.html","en","json","tar","True","True","True","TAR","JSON","267","160"
"C:\Users\Sipka\Desktop\Converter\languages\en\convert\tar\jsonl-to-tar\index.html","en","jsonl","tar","True","True","True","TAR","JSON Lines","267","157"
"C:\Users\Sipka\Desktop\Converter\languages\en\convert\tar\m4a-to-tar\index.html","en","m4a","tar","True","True","True","TAR","M4A","267","231"
"C:\Users\Sipka\Desktop\Converter\languages\en\convert\tar\m4v-to-tar\index.html","en","m4v","tar","True","True","True","TAR","M4V","267","154"
"C:\Users\Sipka\Desktop\Converter\languages\en\convert\tar\md-to-tar\index.html","en","md","tar","True","True","True","TAR","Markdown","267","142"
"C:\Users\Sipka\Desktop\Converter\languages\en\convert\tar\mkv-to-tar\index.html","en","mkv","tar","True","True","True","TAR","MKV","267","190"
"C:\Users\Sipka\Desktop\Converter\languages\en\convert\tar\mov-to-tar\index.html","en","mov","tar","True","True","True","TAR","MOV","267","181"
"C:\Users\Sipka\Desktop\Converter\languages\en\convert\tar\mp3-to-tar\index.html","en","mp3","tar","True","True","True","TAR","MP3","267","247"
"C:\Users\Sipka\Desktop\Converter\languages\en\convert\tar\mp4-to-tar\index.html","en","mp4","tar","True","True","True","TAR","MP4","267","233"
"C:\Users\Sipka\Desktop\Converter\languages\en\convert\tar\ogg-to-tar\index.html","en","ogg","tar","True","True","True","TAR","Ogg Vorbis","267","196"
"C:\Users\Sipka\Desktop\Converter\languages\en\convert\tar\opus-to-tar\index.html","en","opus","tar","True","True","True","TAR","Opus","267","194"
"C:\Users\Sipka\Desktop\Converter\languages\en\convert\tar\pdf-to-tar\index.html","en","pdf","tar","True","True","True","TAR","PDF","267","191"
"C:\Users\Sipka\Desktop\Converter\languages\en\convert\tar\png-to-tar\index.html","en","png","tar","True","True","True","TAR","PNG","267","317"
"C:\Users\Sipka\Desktop\Converter\languages\en\convert\tar\pptx-to-tar\index.html","en","pptx","tar","True","True","True","TAR","PPTX","267","185"
"C:\Users\Sipka\Desktop\Converter\languages\en\convert\tar\rar-to-tar\index.html","en","rar","tar","True","True","True","TAR","RAR","267","128"
"C:\Users\Sipka\Desktop\Converter\languages\en\convert\tar\rtf-to-tar\index.html","en","rtf","tar","True","True","True","TAR","RTF","267","163"
"C:\Users\Sipka\Desktop\Converter\languages\en\convert\tar\svg-to-tar\index.html","en","svg","tar","True","True","True","TAR","SVG","267","249"
"C:\Users\Sipka\Desktop\Converter\languages\en\convert\tar\tar.bz2-to-tar\index.html","en","tar.bz2","tar","True","True","True","TAR","TBZ2","267","79"
"C:\Users\Sipka\Desktop\Converter\languages\en\convert\tar\tar.gz-to-tar\index.html","en","tar.gz","tar","True","True","True","TAR","TGZ","267","109"
"C:\Users\Sipka\Desktop\Converter\languages\en\convert\tar\tar.xz-to-tar\index.html","en","tar.xz","tar","True","True","True","TAR","TXZ","267","105"
"C:\Users\Sipka\Desktop\Converter\languages\en\convert\tar\tbz-to-tar\index.html","en","tbz","tar","True","True","True","TAR","TBZ2","267","79"
"C:\Users\Sipka\Desktop\Converter\languages\en\convert\tar\tgz-to-tar\index.html","en","tgz","tar","True","True","True","TAR","TGZ","267","109"
"C:\Users\Sipka\Desktop\Converter\languages\en\convert\tar\tiff-to-tar\index.html","en","tiff","tar","True","True","True","TAR","TIFF","267","248"
"C:\Users\Sipka\Desktop\Converter\languages\en\convert\tar\tsv-to-tar\index.html","en","tsv","tar","True","True","True","TAR","TSV","267","120"
"C:\Users\Sipka\Desktop\Converter\languages\en\convert\tar\txt-to-tar\index.html","en","txt","tar","True","True","True","TAR","TXT","267","131"
"C:\Users\Sipka\Desktop\Converter\languages\en\convert\tar\txz-to-tar\index.html","en","txz","tar","True","True","True","TAR","TXZ","267","105"
"C:\Users\Sipka\Desktop\Converter\languages\en\convert\tar\wav-to-tar\index.html","en","wav","tar","True","True","True","TAR","WAV","267","233"
"C:\Users\Sipka\Desktop\Converter\languages\en\convert\tar\webm-to-tar\index.html","en","webm","tar","True","True","True","TAR","WebM","267","186"
"C:\Users\Sipka\Desktop\Converter\languages\en\convert\tar\webp-to-tar\index.html","en","webp","tar","True","True","True","TAR","WebP","267","221"
"C:\Users\Sipka\Desktop\Converter\languages\en\convert\tar\xlsx-to-tar\index.html","en","xlsx","tar","True","True","True","TAR","XLSX","267","153"
"C:\Users\Sipka\Desktop\Converter\languages\en\convert\tar\zip-to-tar\index.html","en","zip","tar","True","True","True","TAR","ZIP","267","132"
"C:\Users\Sipka\Desktop\Converter\languages\en\convert\tar.bz2\7z-to-tar.bz2\index.html","en","7z","tar.bz2","True","True","False","TBZ2","7Z","157","117"
"C:\Users\Sipka\Desktop\Converter\languages\en\convert\tar.bz2\aac-to-tar.bz2\index.html","en","aac","tar.bz2","True","True","False","TBZ2","AAC","157","189"
"C:\Users\Sipka\Desktop\Converter\languages\en\convert\tar.bz2\aiff-to-tar.bz2\index.html","en","aiff","tar.bz2","True","True","False","TBZ2","AIFF","157","175"
"C:\Users\Sipka\Desktop\Converter\languages\en\convert\tar.bz2\bmp-to-tar.bz2\index.html","en","bmp","tar.bz2","True","True","False","TBZ2","BMP","157","217"
"C:\Users\Sipka\Desktop\Converter\languages\en\convert\tar.bz2\csv-to-tar.bz2\index.html","en","csv","tar.bz2","True","True","False","TBZ2","CSV","157","158"
"C:\Users\Sipka\Desktop\Converter\languages\en\convert\tar.bz2\docx-to-tar.bz2\index.html","en","docx","tar.bz2","True","True","False","TBZ2","DOCX","157","195"
"C:\Users\Sipka\Desktop\Converter\languages\en\convert\tar.bz2\flac-to-tar.bz2\index.html","en","flac","tar.bz2","True","True","False","TBZ2","FLAC","157","185"
"C:\Users\Sipka\Desktop\Converter\languages\en\convert\tar.bz2\gif-to-tar.bz2\index.html","en","gif","tar.bz2","True","True","False","TBZ2","GIF","157","192"
"C:\Users\Sipka\Desktop\Converter\languages\en\convert\tar.bz2\html-to-tar.bz2\index.html","en","html","tar.bz2","True","True","False","TBZ2","HTML","157","166"
"C:\Users\Sipka\Desktop\Converter\languages\en\convert\tar.bz2\jpeg-to-tar.bz2\index.html","en","jpeg","tar.bz2","True","True","False","TBZ2","JPG","157","253"
"C:\Users\Sipka\Desktop\Converter\languages\en\convert\tar.bz2\jpg-to-tar.bz2\index.html","en","jpg","tar.bz2","True","True","False","TBZ2","JPG","157","253"
"C:\Users\Sipka\Desktop\Converter\languages\en\convert\tar.bz2\json-to-tar.bz2\index.html","en","json","tar.bz2","True","True","False","TBZ2","JSON","157","160"
"C:\Users\Sipka\Desktop\Converter\languages\en\convert\tar.bz2\jsonl-to-tar.bz2\index.html","en","jsonl","tar.bz2","True","True","False","TBZ2","JSON Lines","157","157"
"C:\Users\Sipka\Desktop\Converter\languages\en\convert\tar.bz2\m4a-to-tar.bz2\index.html","en","m4a","tar.bz2","True","True","False","TBZ2","M4A","157","231"
"C:\Users\Sipka\Desktop\Converter\languages\en\convert\tar.bz2\m4v-to-tar.bz2\index.html","en","m4v","tar.bz2","True","True","False","TBZ2","M4V","157","154"
"C:\Users\Sipka\Desktop\Converter\languages\en\convert\tar.bz2\md-to-tar.bz2\index.html","en","md","tar.bz2","True","True","False","TBZ2","Markdown","157","142"
"C:\Users\Sipka\Desktop\Converter\languages\en\convert\tar.bz2\mkv-to-tar.bz2\index.html","en","mkv","tar.bz2","True","True","False","TBZ2","MKV","157","190"
"C:\Users\Sipka\Desktop\Converter\languages\en\convert\tar.bz2\mov-to-tar.bz2\index.html","en","mov","tar.bz2","True","True","False","TBZ2","MOV","157","181"
"C:\Users\Sipka\Desktop\Converter\languages\en\convert\tar.bz2\mp3-to-tar.bz2\index.html","en","mp3","tar.bz2","True","True","False","TBZ2","MP3","157","247"
"C:\Users\Sipka\Desktop\Converter\languages\en\convert\tar.bz2\mp4-to-tar.bz2\index.html","en","mp4","tar.bz2","True","True","False","TBZ2","MP4","157","233"
"C:\Users\Sipka\Desktop\Converter\languages\en\convert\tar.bz2\ogg-to-tar.bz2\index.html","en","ogg","tar.bz2","True","True","False","TBZ2","Ogg Vorbis","157","196"
"C:\Users\Sipka\Desktop\Converter\languages\en\convert\tar.bz2\opus-to-tar.bz2\index.html","en","opus","tar.bz2","True","True","False","TBZ2","Opus","157","194"
"C:\Users\Sipka\Desktop\Converter\languages\en\convert\tar.bz2\pdf-to-tar.bz2\index.html","en","pdf","tar.bz2","True","True","False","TBZ2","PDF","157","191"
"C:\Users\Sipka\Desktop\Converter\languages\en\convert\tar.bz2\png-to-tar.bz2\index.html","en","png","tar.bz2","True","True","False","TBZ2","PNG","157","317"
"C:\Users\Sipka\Desktop\Converter\languages\en\convert\tar.bz2\pptx-to-tar.bz2\index.html","en","pptx","tar.bz2","True","True","False","TBZ2","PPTX","157","185"
"C:\Users\Sipka\Desktop\Converter\languages\en\convert\tar.bz2\rar-to-tar.bz2\index.html","en","rar","tar.bz2","True","True","False","TBZ2","RAR","157","128"
"C:\Users\Sipka\Desktop\Converter\languages\en\convert\tar.bz2\rtf-to-tar.bz2\index.html","en","rtf","tar.bz2","True","True","False","TBZ2","RTF","157","163"
"C:\Users\Sipka\Desktop\Converter\languages\en\convert\tar.bz2\svg-to-tar.bz2\index.html","en","svg","tar.bz2","True","True","False","TBZ2","SVG","157","249"
"C:\Users\Sipka\Desktop\Converter\languages\en\convert\tar.bz2\tar-to-tar.bz2\index.html","en","tar","tar.bz2","True","True","False","TBZ2","TAR","157","139"
"C:\Users\Sipka\Desktop\Converter\languages\en\convert\tar.bz2\tar.gz-to-tar.bz2\index.html","en","tar.gz","tar.bz2","True","True","False","TBZ2","TGZ","157","109"
"C:\Users\Sipka\Desktop\Converter\languages\en\convert\tar.bz2\tar.xz-to-tar.bz2\index.html","en","tar.xz","tar.bz2","True","True","False","TBZ2","TXZ","157","105"
"C:\Users\Sipka\Desktop\Converter\languages\en\convert\tar.bz2\tbz-to-tar.bz2\index.html","en","tbz","tar.bz2","True","True","False","TBZ2","TBZ2","157","79"
"C:\Users\Sipka\Desktop\Converter\languages\en\convert\tar.bz2\tgz-to-tar.bz2\index.html","en","tgz","tar.bz2","True","True","False","TBZ2","TGZ","157","109"
"C:\Users\Sipka\Desktop\Converter\languages\en\convert\tar.bz2\tiff-to-tar.bz2\index.html","en","tiff","tar.bz2","True","True","False","TBZ2","TIFF","157","248"
"C:\Users\Sipka\Desktop\Converter\languages\en\convert\tar.bz2\tsv-to-tar.bz2\index.html","en","tsv","tar.bz2","True","True","False","TBZ2","TSV","157","120"
"C:\Users\Sipka\Desktop\Converter\languages\en\convert\tar.bz2\txt-to-tar.bz2\index.html","en","txt","tar.bz2","True","True","False","TBZ2","TXT","157","131"
"C:\Users\Sipka\Desktop\Converter\languages\en\convert\tar.bz2\txz-to-tar.bz2\index.html","en","txz","tar.bz2","True","True","False","TBZ2","TXZ","157","105"
"C:\Users\Sipka\Desktop\Converter\languages\en\convert\tar.bz2\wav-to-tar.bz2\index.html","en","wav","tar.bz2","True","True","False","TBZ2","WAV","157","233"
"C:\Users\Sipka\Desktop\Converter\languages\en\convert\tar.bz2\webm-to-tar.bz2\index.html","en","webm","tar.bz2","True","True","False","TBZ2","WebM","157","186"
"C:\Users\Sipka\Desktop\Converter\languages\en\convert\tar.bz2\webp-to-tar.bz2\index.html","en","webp","tar.bz2","True","True","False","TBZ2","WebP","157","221"
"C:\Users\Sipka\Desktop\Converter\languages\en\convert\tar.bz2\xlsx-to-tar.bz2\index.html","en","xlsx","tar.bz2","True","True","False","TBZ2","XLSX","157","153"
"C:\Users\Sipka\Desktop\Converter\languages\en\convert\tar.bz2\zip-to-tar.bz2\index.html","en","zip","tar.bz2","True","True","False","TBZ2","ZIP","157","132"
"C:\Users\Sipka\Desktop\Converter\languages\en\convert\tar.gz\7z-to-tar.gz\index.html","en","7z","tar.gz","True","True","False","TGZ","7Z","155","117"
"C:\Users\Sipka\Desktop\Converter\languages\en\convert\tar.gz\aac-to-tar.gz\index.html","en","aac","tar.gz","True","True","False","TGZ","AAC","155","189"
"C:\Users\Sipka\Desktop\Converter\languages\en\convert\tar.gz\aiff-to-tar.gz\index.html","en","aiff","tar.gz","True","True","False","TGZ","AIFF","155","175"
"C:\Users\Sipka\Desktop\Converter\languages\en\convert\tar.gz\bmp-to-tar.gz\index.html","en","bmp","tar.gz","True","True","False","TGZ","BMP","155","217"
"C:\Users\Sipka\Desktop\Converter\languages\en\convert\tar.gz\csv-to-tar.gz\index.html","en","csv","tar.gz","True","True","False","TGZ","CSV","155","158"
"C:\Users\Sipka\Desktop\Converter\languages\en\convert\tar.gz\docx-to-tar.gz\index.html","en","docx","tar.gz","True","True","False","TGZ","DOCX","155","195"
"C:\Users\Sipka\Desktop\Converter\languages\en\convert\tar.gz\flac-to-tar.gz\index.html","en","flac","tar.gz","True","True","False","TGZ","FLAC","155","185"
"C:\Users\Sipka\Desktop\Converter\languages\en\convert\tar.gz\gif-to-tar.gz\index.html","en","gif","tar.gz","True","True","False","TGZ","GIF","155","192"
"C:\Users\Sipka\Desktop\Converter\languages\en\convert\tar.gz\html-to-tar.gz\index.html","en","html","tar.gz","True","True","False","TGZ","HTML","155","166"
"C:\Users\Sipka\Desktop\Converter\languages\en\convert\tar.gz\jpeg-to-tar.gz\index.html","en","jpeg","tar.gz","True","True","False","TGZ","JPG","155","253"
"C:\Users\Sipka\Desktop\Converter\languages\en\convert\tar.gz\jpg-to-tar.gz\index.html","en","jpg","tar.gz","True","True","False","TGZ","JPG","155","253"
"C:\Users\Sipka\Desktop\Converter\languages\en\convert\tar.gz\json-to-tar.gz\index.html","en","json","tar.gz","True","True","False","TGZ","JSON","155","160"
"C:\Users\Sipka\Desktop\Converter\languages\en\convert\tar.gz\jsonl-to-tar.gz\index.html","en","jsonl","tar.gz","True","True","False","TGZ","JSON Lines","155","157"
"C:\Users\Sipka\Desktop\Converter\languages\en\convert\tar.gz\m4a-to-tar.gz\index.html","en","m4a","tar.gz","True","True","False","TGZ","M4A","155","231"
"C:\Users\Sipka\Desktop\Converter\languages\en\convert\tar.gz\m4v-to-tar.gz\index.html","en","m4v","tar.gz","True","True","False","TGZ","M4V","155","154"
"C:\Users\Sipka\Desktop\Converter\languages\en\convert\tar.gz\md-to-tar.gz\index.html","en","md","tar.gz","True","True","False","TGZ","Markdown","155","142"
"C:\Users\Sipka\Desktop\Converter\languages\en\convert\tar.gz\mkv-to-tar.gz\index.html","en","mkv","tar.gz","True","True","False","TGZ","MKV","155","190"
"C:\Users\Sipka\Desktop\Converter\languages\en\convert\tar.gz\mov-to-tar.gz\index.html","en","mov","tar.gz","True","True","False","TGZ","MOV","155","181"
"C:\Users\Sipka\Desktop\Converter\languages\en\convert\tar.gz\mp3-to-tar.gz\index.html","en","mp3","tar.gz","True","True","False","TGZ","MP3","155","247"
"C:\Users\Sipka\Desktop\Converter\languages\en\convert\tar.gz\mp4-to-tar.gz\index.html","en","mp4","tar.gz","True","True","False","TGZ","MP4","155","233"
"C:\Users\Sipka\Desktop\Converter\languages\en\convert\tar.gz\ogg-to-tar.gz\index.html","en","ogg","tar.gz","True","True","False","TGZ","Ogg Vorbis","155","196"
"C:\Users\Sipka\Desktop\Converter\languages\en\convert\tar.gz\opus-to-tar.gz\index.html","en","opus","tar.gz","True","True","False","TGZ","Opus","155","194"
"C:\Users\Sipka\Desktop\Converter\languages\en\convert\tar.gz\pdf-to-tar.gz\index.html","en","pdf","tar.gz","True","True","False","TGZ","PDF","155","191"
"C:\Users\Sipka\Desktop\Converter\languages\en\convert\tar.gz\png-to-tar.gz\index.html","en","png","tar.gz","True","True","False","TGZ","PNG","155","317"
"C:\Users\Sipka\Desktop\Converter\languages\en\convert\tar.gz\pptx-to-tar.gz\index.html","en","pptx","tar.gz","True","True","False","TGZ","PPTX","155","185"
"C:\Users\Sipka\Desktop\Converter\languages\en\convert\tar.gz\rar-to-tar.gz\index.html","en","rar","tar.gz","True","True","False","TGZ","RAR","155","128"
"C:\Users\Sipka\Desktop\Converter\languages\en\convert\tar.gz\rtf-to-tar.gz\index.html","en","rtf","tar.gz","True","True","False","TGZ","RTF","155","163"
"C:\Users\Sipka\Desktop\Converter\languages\en\convert\tar.gz\svg-to-tar.gz\index.html","en","svg","tar.gz","True","True","False","TGZ","SVG","155","249"
"C:\Users\Sipka\Desktop\Converter\languages\en\convert\tar.gz\tar-to-tar.gz\index.html","en","tar","tar.gz","True","True","False","TGZ","TAR","155","139"
"C:\Users\Sipka\Desktop\Converter\languages\en\convert\tar.gz\tar.bz2-to-tar.gz\index.html","en","tar.bz2","tar.gz","True","True","False","TGZ","TBZ2","155","79"
"C:\Users\Sipka\Desktop\Converter\languages\en\convert\tar.gz\tar.xz-to-tar.gz\index.html","en","tar.xz","tar.gz","True","True","False","TGZ","TXZ","155","105"
"C:\Users\Sipka\Desktop\Converter\languages\en\convert\tar.gz\tbz-to-tar.gz\index.html","en","tbz","tar.gz","True","True","False","TGZ","TBZ2","155","79"
"C:\Users\Sipka\Desktop\Converter\languages\en\convert\tar.gz\tgz-to-tar.gz\index.html","en","tgz","tar.gz","True","True","False","TGZ","TGZ","155","109"
"C:\Users\Sipka\Desktop\Converter\languages\en\convert\tar.gz\tiff-to-tar.gz\index.html","en","tiff","tar.gz","True","True","False","TGZ","TIFF","155","248"
"C:\Users\Sipka\Desktop\Converter\languages\en\convert\tar.gz\tsv-to-tar.gz\index.html","en","tsv","tar.gz","True","True","False","TGZ","TSV","155","120"
"C:\Users\Sipka\Desktop\Converter\languages\en\convert\tar.gz\txt-to-tar.gz\index.html","en","txt","tar.gz","True","True","False","TGZ","TXT","155","131"
"C:\Users\Sipka\Desktop\Converter\languages\en\convert\tar.gz\txz-to-tar.gz\index.html","en","txz","tar.gz","True","True","False","TGZ","TXZ","155","105"
"C:\Users\Sipka\Desktop\Converter\languages\en\convert\tar.gz\wav-to-tar.gz\index.html","en","wav","tar.gz","True","True","False","TGZ","WAV","155","233"
"C:\Users\Sipka\Desktop\Converter\languages\en\convert\tar.gz\webm-to-tar.gz\index.html","en","webm","tar.gz","True","True","False","TGZ","WebM","155","186"
"C:\Users\Sipka\Desktop\Converter\languages\en\convert\tar.gz\webp-to-tar.gz\index.html","en","webp","tar.gz","True","True","False","TGZ","WebP","155","221"
"C:\Users\Sipka\Desktop\Converter\languages\en\convert\tar.gz\xlsx-to-tar.gz\index.html","en","xlsx","tar.gz","True","True","False","TGZ","XLSX","155","153"
"C:\Users\Sipka\Desktop\Converter\languages\en\convert\tar.gz\zip-to-tar.gz\index.html","en","zip","tar.gz","True","True","False","TGZ","ZIP","155","132"
"C:\Users\Sipka\Desktop\Converter\languages\en\convert\tar.xz\7z-to-tar.xz\index.html","en","7z","tar.xz","True","True","False","TXZ","7Z","161","117"
"C:\Users\Sipka\Desktop\Converter\languages\en\convert\tar.xz\aac-to-tar.xz\index.html","en","aac","tar.xz","True","True","False","TXZ","AAC","161","189"
"C:\Users\Sipka\Desktop\Converter\languages\en\convert\tar.xz\aiff-to-tar.xz\index.html","en","aiff","tar.xz","True","True","False","TXZ","AIFF","161","175"
"C:\Users\Sipka\Desktop\Converter\languages\en\convert\tar.xz\bmp-to-tar.xz\index.html","en","bmp","tar.xz","True","True","False","TXZ","BMP","161","217"
"C:\Users\Sipka\Desktop\Converter\languages\en\convert\tar.xz\csv-to-tar.xz\index.html","en","csv","tar.xz","True","True","False","TXZ","CSV","161","158"
"C:\Users\Sipka\Desktop\Converter\languages\en\convert\tar.xz\docx-to-tar.xz\index.html","en","docx","tar.xz","True","True","False","TXZ","DOCX","161","195"
"C:\Users\Sipka\Desktop\Converter\languages\en\convert\tar.xz\flac-to-tar.xz\index.html","en","flac","tar.xz","True","True","False","TXZ","FLAC","161","185"
"C:\Users\Sipka\Desktop\Converter\languages\en\convert\tar.xz\gif-to-tar.xz\index.html","en","gif","tar.xz","True","True","False","TXZ","GIF","161","192"
"C:\Users\Sipka\Desktop\Converter\languages\en\convert\tar.xz\html-to-tar.xz\index.html","en","html","tar.xz","True","True","False","TXZ","HTML","161","166"
"C:\Users\Sipka\Desktop\Converter\languages\en\convert\tar.xz\jpeg-to-tar.xz\index.html","en","jpeg","tar.xz","True","True","False","TXZ","JPG","161","253"
"C:\Users\Sipka\Desktop\Converter\languages\en\convert\tar.xz\jpg-to-tar.xz\index.html","en","jpg","tar.xz","True","True","False","TXZ","JPG","161","253"
"C:\Users\Sipka\Desktop\Converter\languages\en\convert\tar.xz\json-to-tar.xz\index.html","en","json","tar.xz","True","True","False","TXZ","JSON","161","160"
"C:\Users\Sipka\Desktop\Converter\languages\en\convert\tar.xz\jsonl-to-tar.xz\index.html","en","jsonl","tar.xz","True","True","False","TXZ","JSON Lines","161","157"
"C:\Users\Sipka\Desktop\Converter\languages\en\convert\tar.xz\m4a-to-tar.xz\index.html","en","m4a","tar.xz","True","True","False","TXZ","M4A","161","231"
"C:\Users\Sipka\Desktop\Converter\languages\en\convert\tar.xz\m4v-to-tar.xz\index.html","en","m4v","tar.xz","True","True","False","TXZ","M4V","161","154"
"C:\Users\Sipka\Desktop\Converter\languages\en\convert\tar.xz\md-to-tar.xz\index.html","en","md","tar.xz","True","True","False","TXZ","Markdown","161","142"
"C:\Users\Sipka\Desktop\Converter\languages\en\convert\tar.xz\mkv-to-tar.xz\index.html","en","mkv","tar.xz","True","True","False","TXZ","MKV","161","190"
"C:\Users\Sipka\Desktop\Converter\languages\en\convert\tar.xz\mov-to-tar.xz\index.html","en","mov","tar.xz","True","True","False","TXZ","MOV","161","181"
"C:\Users\Sipka\Desktop\Converter\languages\en\convert\tar.xz\mp3-to-tar.xz\index.html","en","mp3","tar.xz","True","True","False","TXZ","MP3","161","247"
"C:\Users\Sipka\Desktop\Converter\languages\en\convert\tar.xz\mp4-to-tar.xz\index.html","en","mp4","tar.xz","True","True","False","TXZ","MP4","161","233"
"C:\Users\Sipka\Desktop\Converter\languages\en\convert\tar.xz\ogg-to-tar.xz\index.html","en","ogg","tar.xz","True","True","False","TXZ","Ogg Vorbis","161","196"
"C:\Users\Sipka\Desktop\Converter\languages\en\convert\tar.xz\opus-to-tar.xz\index.html","en","opus","tar.xz","True","True","False","TXZ","Opus","161","194"
"C:\Users\Sipka\Desktop\Converter\languages\en\convert\tar.xz\pdf-to-tar.xz\index.html","en","pdf","tar.xz","True","True","False","TXZ","PDF","161","191"
"C:\Users\Sipka\Desktop\Converter\languages\en\convert\tar.xz\png-to-tar.xz\index.html","en","png","tar.xz","True","True","False","TXZ","PNG","161","317"
"C:\Users\Sipka\Desktop\Converter\languages\en\convert\tar.xz\pptx-to-tar.xz\index.html","en","pptx","tar.xz","True","True","False","TXZ","PPTX","161","185"
"C:\Users\Sipka\Desktop\Converter\languages\en\convert\tar.xz\rar-to-tar.xz\index.html","en","rar","tar.xz","True","True","False","TXZ","RAR","161","128"
"C:\Users\Sipka\Desktop\Converter\languages\en\convert\tar.xz\rtf-to-tar.xz\index.html","en","rtf","tar.xz","True","True","False","TXZ","RTF","161","163"
"C:\Users\Sipka\Desktop\Converter\languages\en\convert\tar.xz\svg-to-tar.xz\index.html","en","svg","tar.xz","True","True","False","TXZ","SVG","161","249"
"C:\Users\Sipka\Desktop\Converter\languages\en\convert\tar.xz\tar-to-tar.xz\index.html","en","tar","tar.xz","True","True","False","TXZ","TAR","161","139"
"C:\Users\Sipka\Desktop\Converter\languages\en\convert\tar.xz\tar.bz2-to-tar.xz\index.html","en","tar.bz2","tar.xz","True","True","False","TXZ","TBZ2","161","79"
"C:\Users\Sipka\Desktop\Converter\languages\en\convert\tar.xz\tar.gz-to-tar.xz\index.html","en","tar.gz","tar.xz","True","True","False","TXZ","TGZ","161","109"
"C:\Users\Sipka\Desktop\Converter\languages\en\convert\tar.xz\tbz-to-tar.xz\index.html","en","tbz","tar.xz","True","True","False","TXZ","TBZ2","161","79"
"C:\Users\Sipka\Desktop\Converter\languages\en\convert\tar.xz\tgz-to-tar.xz\index.html","en","tgz","tar.xz","True","True","False","TXZ","TGZ","161","109"
"C:\Users\Sipka\Desktop\Converter\languages\en\convert\tar.xz\tiff-to-tar.xz\index.html","en","tiff","tar.xz","True","True","False","TXZ","TIFF","161","248"
"C:\Users\Sipka\Desktop\Converter\languages\en\convert\tar.xz\tsv-to-tar.xz\index.html","en","tsv","tar.xz","True","True","False","TXZ","TSV","161","120"
"C:\Users\Sipka\Desktop\Converter\languages\en\convert\tar.xz\txt-to-tar.xz\index.html","en","txt","tar.xz","True","True","False","TXZ","TXT","161","131"
"C:\Users\Sipka\Desktop\Converter\languages\en\convert\tar.xz\txz-to-tar.xz\index.html","en","txz","tar.xz","True","True","False","TXZ","TXZ","161","105"
"C:\Users\Sipka\Desktop\Converter\languages\en\convert\tar.xz\wav-to-tar.xz\index.html","en","wav","tar.xz","True","True","False","TXZ","WAV","161","233"
"C:\Users\Sipka\Desktop\Converter\languages\en\convert\tar.xz\webm-to-tar.xz\index.html","en","webm","tar.xz","True","True","False","TXZ","WebM","161","186"
"C:\Users\Sipka\Desktop\Converter\languages\en\convert\tar.xz\webp-to-tar.xz\index.html","en","webp","tar.xz","True","True","False","TXZ","WebP","161","221"
"C:\Users\Sipka\Desktop\Converter\languages\en\convert\tar.xz\xlsx-to-tar.xz\index.html","en","xlsx","tar.xz","True","True","False","TXZ","XLSX","161","153"
"C:\Users\Sipka\Desktop\Converter\languages\en\convert\tar.xz\zip-to-tar.xz\index.html","en","zip","tar.xz","True","True","False","TXZ","ZIP","161","132"
"C:\Users\Sipka\Desktop\Converter\languages\en\convert\tbz\7z-to-tbz\index.html","en","7z","tbz","True","True","False","TBZ2","7Z","157","117"
"C:\Users\Sipka\Desktop\Converter\languages\en\convert\tbz\aac-to-tbz\index.html","en","aac","tbz","True","True","False","TBZ2","AAC","157","189"
"C:\Users\Sipka\Desktop\Converter\languages\en\convert\tbz\aiff-to-tbz\index.html","en","aiff","tbz","True","True","False","TBZ2","AIFF","157","175"
"C:\Users\Sipka\Desktop\Converter\languages\en\convert\tbz\bmp-to-tbz\index.html","en","bmp","tbz","True","True","False","TBZ2","BMP","157","217"
"C:\Users\Sipka\Desktop\Converter\languages\en\convert\tbz\csv-to-tbz\index.html","en","csv","tbz","True","True","False","TBZ2","CSV","157","158"
"C:\Users\Sipka\Desktop\Converter\languages\en\convert\tbz\docx-to-tbz\index.html","en","docx","tbz","True","True","False","TBZ2","DOCX","157","195"
"C:\Users\Sipka\Desktop\Converter\languages\en\convert\tbz\flac-to-tbz\index.html","en","flac","tbz","True","True","False","TBZ2","FLAC","157","185"
"C:\Users\Sipka\Desktop\Converter\languages\en\convert\tbz\gif-to-tbz\index.html","en","gif","tbz","True","True","False","TBZ2","GIF","157","192"
"C:\Users\Sipka\Desktop\Converter\languages\en\convert\tbz\html-to-tbz\index.html","en","html","tbz","True","True","False","TBZ2","HTML","157","166"
"C:\Users\Sipka\Desktop\Converter\languages\en\convert\tbz\jpeg-to-tbz\index.html","en","jpeg","tbz","True","True","False","TBZ2","JPG","157","253"
"C:\Users\Sipka\Desktop\Converter\languages\en\convert\tbz\jpg-to-tbz\index.html","en","jpg","tbz","True","True","False","TBZ2","JPG","157","253"
"C:\Users\Sipka\Desktop\Converter\languages\en\convert\tbz\json-to-tbz\index.html","en","json","tbz","True","True","False","TBZ2","JSON","157","160"
"C:\Users\Sipka\Desktop\Converter\languages\en\convert\tbz\jsonl-to-tbz\index.html","en","jsonl","tbz","True","True","False","TBZ2","JSON Lines","157","157"
"C:\Users\Sipka\Desktop\Converter\languages\en\convert\tbz\m4a-to-tbz\index.html","en","m4a","tbz","True","True","False","TBZ2","M4A","157","231"
"C:\Users\Sipka\Desktop\Converter\languages\en\convert\tbz\m4v-to-tbz\index.html","en","m4v","tbz","True","True","False","TBZ2","M4V","157","154"
"C:\Users\Sipka\Desktop\Converter\languages\en\convert\tbz\md-to-tbz\index.html","en","md","tbz","True","True","False","TBZ2","Markdown","157","142"
"C:\Users\Sipka\Desktop\Converter\languages\en\convert\tbz\mkv-to-tbz\index.html","en","mkv","tbz","True","True","False","TBZ2","MKV","157","190"
"C:\Users\Sipka\Desktop\Converter\languages\en\convert\tbz\mov-to-tbz\index.html","en","mov","tbz","True","True","False","TBZ2","MOV","157","181"
"C:\Users\Sipka\Desktop\Converter\languages\en\convert\tbz\mp3-to-tbz\index.html","en","mp3","tbz","True","True","False","TBZ2","MP3","157","247"
"C:\Users\Sipka\Desktop\Converter\languages\en\convert\tbz\mp4-to-tbz\index.html","en","mp4","tbz","True","True","False","TBZ2","MP4","157","233"
"C:\Users\Sipka\Desktop\Converter\languages\en\convert\tbz\ogg-to-tbz\index.html","en","ogg","tbz","True","True","False","TBZ2","Ogg Vorbis","157","196"
"C:\Users\Sipka\Desktop\Converter\languages\en\convert\tbz\opus-to-tbz\index.html","en","opus","tbz","True","True","False","TBZ2","Opus","157","194"
"C:\Users\Sipka\Desktop\Converter\languages\en\convert\tbz\pdf-to-tbz\index.html","en","pdf","tbz","True","True","False","TBZ2","PDF","157","191"
"C:\Users\Sipka\Desktop\Converter\languages\en\convert\tbz\png-to-tbz\index.html","en","png","tbz","True","True","False","TBZ2","PNG","157","317"
"C:\Users\Sipka\Desktop\Converter\languages\en\convert\tbz\pptx-to-tbz\index.html","en","pptx","tbz","True","True","False","TBZ2","PPTX","157","185"
"C:\Users\Sipka\Desktop\Converter\languages\en\convert\tbz\rar-to-tbz\index.html","en","rar","tbz","True","True","False","TBZ2","RAR","157","128"
"C:\Users\Sipka\Desktop\Converter\languages\en\convert\tbz\rtf-to-tbz\index.html","en","rtf","tbz","True","True","False","TBZ2","RTF","157","163"
"C:\Users\Sipka\Desktop\Converter\languages\en\convert\tbz\svg-to-tbz\index.html","en","svg","tbz","True","True","False","TBZ2","SVG","157","249"
"C:\Users\Sipka\Desktop\Converter\languages\en\convert\tbz\tar-to-tbz\index.html","en","tar","tbz","True","True","False","TBZ2","TAR","157","139"
"C:\Users\Sipka\Desktop\Converter\languages\en\convert\tbz\tar.bz2-to-tbz\index.html","en","tar.bz2","tbz","True","True","False","TBZ2","TBZ2","157","79"
"C:\Users\Sipka\Desktop\Converter\languages\en\convert\tbz\tar.gz-to-tbz\index.html","en","tar.gz","tbz","True","True","False","TBZ2","TGZ","157","109"
"C:\Users\Sipka\Desktop\Converter\languages\en\convert\tbz\tar.xz-to-tbz\index.html","en","tar.xz","tbz","True","True","False","TBZ2","TXZ","157","105"
"C:\Users\Sipka\Desktop\Converter\languages\en\convert\tbz\tgz-to-tbz\index.html","en","tgz","tbz","True","True","False","TBZ2","TGZ","157","109"
"C:\Users\Sipka\Desktop\Converter\languages\en\convert\tbz\tiff-to-tbz\index.html","en","tiff","tbz","True","True","False","TBZ2","TIFF","157","248"
"C:\Users\Sipka\Desktop\Converter\languages\en\convert\tbz\tsv-to-tbz\index.html","en","tsv","tbz","True","True","False","TBZ2","TSV","157","120"
"C:\Users\Sipka\Desktop\Converter\languages\en\convert\tbz\txt-to-tbz\index.html","en","txt","tbz","True","True","False","TBZ2","TXT","157","131"
"C:\Users\Sipka\Desktop\Converter\languages\en\convert\tbz\txz-to-tbz\index.html","en","txz","tbz","True","True","False","TBZ2","TXZ","157","105"
"C:\Users\Sipka\Desktop\Converter\languages\en\convert\tbz\wav-to-tbz\index.html","en","wav","tbz","True","True","False","TBZ2","WAV","157","233"
"C:\Users\Sipka\Desktop\Converter\languages\en\convert\tbz\webm-to-tbz\index.html","en","webm","tbz","True","True","False","TBZ2","WebM","157","186"
"C:\Users\Sipka\Desktop\Converter\languages\en\convert\tbz\webp-to-tbz\index.html","en","webp","tbz","True","True","False","TBZ2","WebP","157","221"
"C:\Users\Sipka\Desktop\Converter\languages\en\convert\tbz\xlsx-to-tbz\index.html","en","xlsx","tbz","True","True","False","TBZ2","XLSX","157","153"
"C:\Users\Sipka\Desktop\Converter\languages\en\convert\tbz\zip-to-tbz\index.html","en","zip","tbz","True","True","False","TBZ2","ZIP","157","132"
"C:\Users\Sipka\Desktop\Converter\languages\en\convert\tgz\7z-to-tgz\index.html","en","7z","tgz","True","True","True","TGZ","7Z","155","117"
"C:\Users\Sipka\Desktop\Converter\languages\en\convert\tgz\aac-to-tgz\index.html","en","aac","tgz","True","True","True","TGZ","AAC","155","189"
"C:\Users\Sipka\Desktop\Converter\languages\en\convert\tgz\aiff-to-tgz\index.html","en","aiff","tgz","True","True","True","TGZ","AIFF","155","175"
"C:\Users\Sipka\Desktop\Converter\languages\en\convert\tgz\bmp-to-tgz\index.html","en","bmp","tgz","True","True","True","TGZ","BMP","155","217"
"C:\Users\Sipka\Desktop\Converter\languages\en\convert\tgz\csv-to-tgz\index.html","en","csv","tgz","True","True","True","TGZ","CSV","155","158"
"C:\Users\Sipka\Desktop\Converter\languages\en\convert\tgz\docx-to-tgz\index.html","en","docx","tgz","True","True","True","TGZ","DOCX","155","195"
"C:\Users\Sipka\Desktop\Converter\languages\en\convert\tgz\flac-to-tgz\index.html","en","flac","tgz","True","True","True","TGZ","FLAC","155","185"
"C:\Users\Sipka\Desktop\Converter\languages\en\convert\tgz\gif-to-tgz\index.html","en","gif","tgz","True","True","True","TGZ","GIF","155","192"
"C:\Users\Sipka\Desktop\Converter\languages\en\convert\tgz\html-to-tgz\index.html","en","html","tgz","True","True","True","TGZ","HTML","155","166"
"C:\Users\Sipka\Desktop\Converter\languages\en\convert\tgz\jpeg-to-tgz\index.html","en","jpeg","tgz","True","True","True","TGZ","JPG","155","253"
"C:\Users\Sipka\Desktop\Converter\languages\en\convert\tgz\jpg-to-tgz\index.html","en","jpg","tgz","True","True","True","TGZ","JPG","155","253"
"C:\Users\Sipka\Desktop\Converter\languages\en\convert\tgz\json-to-tgz\index.html","en","json","tgz","True","True","True","TGZ","JSON","155","160"
"C:\Users\Sipka\Desktop\Converter\languages\en\convert\tgz\jsonl-to-tgz\index.html","en","jsonl","tgz","True","True","True","TGZ","JSON Lines","155","157"
"C:\Users\Sipka\Desktop\Converter\languages\en\convert\tgz\m4a-to-tgz\index.html","en","m4a","tgz","True","True","True","TGZ","M4A","155","231"
"C:\Users\Sipka\Desktop\Converter\languages\en\convert\tgz\m4v-to-tgz\index.html","en","m4v","tgz","True","True","True","TGZ","M4V","155","154"
"C:\Users\Sipka\Desktop\Converter\languages\en\convert\tgz\md-to-tgz\index.html","en","md","tgz","True","True","True","TGZ","Markdown","155","142"
"C:\Users\Sipka\Desktop\Converter\languages\en\convert\tgz\mkv-to-tgz\index.html","en","mkv","tgz","True","True","True","TGZ","MKV","155","190"
"C:\Users\Sipka\Desktop\Converter\languages\en\convert\tgz\mov-to-tgz\index.html","en","mov","tgz","True","True","True","TGZ","MOV","155","181"
"C:\Users\Sipka\Desktop\Converter\languages\en\convert\tgz\mp3-to-tgz\index.html","en","mp3","tgz","True","True","True","TGZ","MP3","155","247"
"C:\Users\Sipka\Desktop\Converter\languages\en\convert\tgz\mp4-to-tgz\index.html","en","mp4","tgz","True","True","True","TGZ","MP4","155","233"
"C:\Users\Sipka\Desktop\Converter\languages\en\convert\tgz\ogg-to-tgz\index.html","en","ogg","tgz","True","True","True","TGZ","Ogg Vorbis","155","196"
"C:\Users\Sipka\Desktop\Converter\languages\en\convert\tgz\opus-to-tgz\index.html","en","opus","tgz","True","True","True","TGZ","Opus","155","194"
"C:\Users\Sipka\Desktop\Converter\languages\en\convert\tgz\pdf-to-tgz\index.html","en","pdf","tgz","True","True","True","TGZ","PDF","155","191"
"C:\Users\Sipka\Desktop\Converter\languages\en\convert\tgz\png-to-tgz\index.html","en","png","tgz","True","True","True","TGZ","PNG","155","317"
"C:\Users\Sipka\Desktop\Converter\languages\en\convert\tgz\pptx-to-tgz\index.html","en","pptx","tgz","True","True","True","TGZ","PPTX","155","185"
"C:\Users\Sipka\Desktop\Converter\languages\en\convert\tgz\rar-to-tgz\index.html","en","rar","tgz","True","True","True","TGZ","RAR","155","128"
"C:\Users\Sipka\Desktop\Converter\languages\en\convert\tgz\rtf-to-tgz\index.html","en","rtf","tgz","True","True","True","TGZ","RTF","155","163"
"C:\Users\Sipka\Desktop\Converter\languages\en\convert\tgz\svg-to-tgz\index.html","en","svg","tgz","True","True","True","TGZ","SVG","155","249"
"C:\Users\Sipka\Desktop\Converter\languages\en\convert\tgz\tar-to-tgz\index.html","en","tar","tgz","True","True","True","TGZ","TAR","155","139"
"C:\Users\Sipka\Desktop\Converter\languages\en\convert\tgz\tar.bz2-to-tgz\index.html","en","tar.bz2","tgz","True","True","True","TGZ","TBZ2","155","79"
"C:\Users\Sipka\Desktop\Converter\languages\en\convert\tgz\tar.gz-to-tgz\index.html","en","tar.gz","tgz","True","True","True","TGZ","TGZ","155","109"
"C:\Users\Sipka\Desktop\Converter\languages\en\convert\tgz\tar.xz-to-tgz\index.html","en","tar.xz","tgz","True","True","True","TGZ","TXZ","155","105"
"C:\Users\Sipka\Desktop\Converter\languages\en\convert\tgz\tbz-to-tgz\index.html","en","tbz","tgz","True","True","True","TGZ","TBZ2","155","79"
"C:\Users\Sipka\Desktop\Converter\languages\en\convert\tgz\tiff-to-tgz\index.html","en","tiff","tgz","True","True","True","TGZ","TIFF","155","248"
"C:\Users\Sipka\Desktop\Converter\languages\en\convert\tgz\tsv-to-tgz\index.html","en","tsv","tgz","True","True","True","TGZ","TSV","155","120"
"C:\Users\Sipka\Desktop\Converter\languages\en\convert\tgz\txt-to-tgz\index.html","en","txt","tgz","True","True","True","TGZ","TXT","155","131"
"C:\Users\Sipka\Desktop\Converter\languages\en\convert\tgz\txz-to-tgz\index.html","en","txz","tgz","True","True","True","TGZ","TXZ","155","105"
"C:\Users\Sipka\Desktop\Converter\languages\en\convert\tgz\wav-to-tgz\index.html","en","wav","tgz","True","True","True","TGZ","WAV","155","233"
"C:\Users\Sipka\Desktop\Converter\languages\en\convert\tgz\webm-to-tgz\index.html","en","webm","tgz","True","True","True","TGZ","WebM","155","186"
"C:\Users\Sipka\Desktop\Converter\languages\en\convert\tgz\webp-to-tgz\index.html","en","webp","tgz","True","True","True","TGZ","WebP","155","221"
"C:\Users\Sipka\Desktop\Converter\languages\en\convert\tgz\xlsx-to-tgz\index.html","en","xlsx","tgz","True","True","True","TGZ","XLSX","155","153"
"C:\Users\Sipka\Desktop\Converter\languages\en\convert\tgz\zip-to-tgz\index.html","en","zip","tgz","True","True","True","TGZ","ZIP","155","132"
"C:\Users\Sipka\Desktop\Converter\languages\en\convert\tiff\7z-to-tiff\index.html","en","7z","tiff","True","True","False","TIFF","7Z","287","117"
"C:\Users\Sipka\Desktop\Converter\languages\en\convert\tiff\aac-to-tiff\index.html","en","aac","tiff","True","True","False","TIFF","AAC","287","189"
"C:\Users\Sipka\Desktop\Converter\languages\en\convert\tiff\aiff-to-tiff\index.html","en","aiff","tiff","True","True","False","TIFF","AIFF","287","175"
"C:\Users\Sipka\Desktop\Converter\languages\en\convert\tiff\bmp-to-tiff\index.html","en","bmp","tiff","True","True","False","TIFF","BMP","287","217"
"C:\Users\Sipka\Desktop\Converter\languages\en\convert\tiff\csv-to-tiff\index.html","en","csv","tiff","True","True","False","TIFF","CSV","287","158"
"C:\Users\Sipka\Desktop\Converter\languages\en\convert\tiff\docx-to-tiff\index.html","en","docx","tiff","True","True","False","TIFF","DOCX","287","195"
"C:\Users\Sipka\Desktop\Converter\languages\en\convert\tiff\flac-to-tiff\index.html","en","flac","tiff","True","True","False","TIFF","FLAC","287","185"
"C:\Users\Sipka\Desktop\Converter\languages\en\convert\tiff\gif-to-tiff\index.html","en","gif","tiff","True","True","False","TIFF","GIF","287","192"
"C:\Users\Sipka\Desktop\Converter\languages\en\convert\tiff\html-to-tiff\index.html","en","html","tiff","True","True","False","TIFF","HTML","287","166"
"C:\Users\Sipka\Desktop\Converter\languages\en\convert\tiff\jpeg-to-tiff\index.html","en","jpeg","tiff","True","True","False","TIFF","JPG","287","253"
"C:\Users\Sipka\Desktop\Converter\languages\en\convert\tiff\jpg-to-tiff\index.html","en","jpg","tiff","True","True","False","TIFF","JPG","287","253"
"C:\Users\Sipka\Desktop\Converter\languages\en\convert\tiff\json-to-tiff\index.html","en","json","tiff","True","True","False","TIFF","JSON","287","160"
"C:\Users\Sipka\Desktop\Converter\languages\en\convert\tiff\jsonl-to-tiff\index.html","en","jsonl","tiff","True","True","False","TIFF","JSON Lines","287","157"
"C:\Users\Sipka\Desktop\Converter\languages\en\convert\tiff\m4a-to-tiff\index.html","en","m4a","tiff","True","True","False","TIFF","M4A","287","231"
"C:\Users\Sipka\Desktop\Converter\languages\en\convert\tiff\m4v-to-tiff\index.html","en","m4v","tiff","True","True","False","TIFF","M4V","287","154"
"C:\Users\Sipka\Desktop\Converter\languages\en\convert\tiff\md-to-tiff\index.html","en","md","tiff","True","True","False","TIFF","Markdown","287","142"
"C:\Users\Sipka\Desktop\Converter\languages\en\convert\tiff\mkv-to-tiff\index.html","en","mkv","tiff","True","True","False","TIFF","MKV","287","190"
"C:\Users\Sipka\Desktop\Converter\languages\en\convert\tiff\mov-to-tiff\index.html","en","mov","tiff","True","True","False","TIFF","MOV","287","181"
"C:\Users\Sipka\Desktop\Converter\languages\en\convert\tiff\mp3-to-tiff\index.html","en","mp3","tiff","True","True","False","TIFF","MP3","287","247"
"C:\Users\Sipka\Desktop\Converter\languages\en\convert\tiff\mp4-to-tiff\index.html","en","mp4","tiff","True","True","False","TIFF","MP4","287","233"
"C:\Users\Sipka\Desktop\Converter\languages\en\convert\tiff\ogg-to-tiff\index.html","en","ogg","tiff","True","True","False","TIFF","Ogg Vorbis","287","196"
"C:\Users\Sipka\Desktop\Converter\languages\en\convert\tiff\opus-to-tiff\index.html","en","opus","tiff","True","True","False","TIFF","Opus","287","194"
"C:\Users\Sipka\Desktop\Converter\languages\en\convert\tiff\pdf-to-tiff\index.html","en","pdf","tiff","True","True","False","TIFF","PDF","287","191"
"C:\Users\Sipka\Desktop\Converter\languages\en\convert\tiff\png-to-tiff\index.html","en","png","tiff","True","True","False","TIFF","PNG","287","317"
"C:\Users\Sipka\Desktop\Converter\languages\en\convert\tiff\pptx-to-tiff\index.html","en","pptx","tiff","True","True","False","TIFF","PPTX","287","185"
"C:\Users\Sipka\Desktop\Converter\languages\en\convert\tiff\rar-to-tiff\index.html","en","rar","tiff","True","True","False","TIFF","RAR","287","128"
"C:\Users\Sipka\Desktop\Converter\languages\en\convert\tiff\rtf-to-tiff\index.html","en","rtf","tiff","True","True","False","TIFF","RTF","287","163"
"C:\Users\Sipka\Desktop\Converter\languages\en\convert\tiff\svg-to-tiff\index.html","en","svg","tiff","True","True","False","TIFF","SVG","287","249"
"C:\Users\Sipka\Desktop\Converter\languages\en\convert\tiff\tar-to-tiff\index.html","en","tar","tiff","True","True","False","TIFF","TAR","287","139"
"C:\Users\Sipka\Desktop\Converter\languages\en\convert\tiff\tar.bz2-to-tiff\index.html","en","tar.bz2","tiff","True","True","False","TIFF","TBZ2","287","79"
"C:\Users\Sipka\Desktop\Converter\languages\en\convert\tiff\tar.gz-to-tiff\index.html","en","tar.gz","tiff","True","True","False","TIFF","TGZ","287","109"
"C:\Users\Sipka\Desktop\Converter\languages\en\convert\tiff\tar.xz-to-tiff\index.html","en","tar.xz","tiff","True","True","False","TIFF","TXZ","287","105"
"C:\Users\Sipka\Desktop\Converter\languages\en\convert\tiff\tbz-to-tiff\index.html","en","tbz","tiff","True","True","False","TIFF","TBZ2","287","79"
"C:\Users\Sipka\Desktop\Converter\languages\en\convert\tiff\tgz-to-tiff\index.html","en","tgz","tiff","True","True","False","TIFF","TGZ","287","109"
"C:\Users\Sipka\Desktop\Converter\languages\en\convert\tiff\tsv-to-tiff\index.html","en","tsv","tiff","True","True","False","TIFF","TSV","287","120"
"C:\Users\Sipka\Desktop\Converter\languages\en\convert\tiff\txt-to-tiff\index.html","en","txt","tiff","True","True","False","TIFF","TXT","287","131"
"C:\Users\Sipka\Desktop\Converter\languages\en\convert\tiff\txz-to-tiff\index.html","en","txz","tiff","True","True","False","TIFF","TXZ","287","105"
"C:\Users\Sipka\Desktop\Converter\languages\en\convert\tiff\wav-to-tiff\index.html","en","wav","tiff","True","True","False","TIFF","WAV","287","233"
"C:\Users\Sipka\Desktop\Converter\languages\en\convert\tiff\webm-to-tiff\index.html","en","webm","tiff","True","True","False","TIFF","WebM","287","186"
"C:\Users\Sipka\Desktop\Converter\languages\en\convert\tiff\webp-to-tiff\index.html","en","webp","tiff","True","True","False","TIFF","WebP","287","221"
"C:\Users\Sipka\Desktop\Converter\languages\en\convert\tiff\xlsx-to-tiff\index.html","en","xlsx","tiff","True","True","False","TIFF","XLSX","287","153"
"C:\Users\Sipka\Desktop\Converter\languages\en\convert\tiff\zip-to-tiff\index.html","en","zip","tiff","True","True","False","TIFF","ZIP","287","132"
"C:\Users\Sipka\Desktop\Converter\languages\en\convert\tsv\7z-to-tsv\index.html","en","7z","tsv","True","True","False","TSV","7Z","197","117"
"C:\Users\Sipka\Desktop\Converter\languages\en\convert\tsv\aac-to-tsv\index.html","en","aac","tsv","True","True","False","TSV","AAC","197","189"
"C:\Users\Sipka\Desktop\Converter\languages\en\convert\tsv\aiff-to-tsv\index.html","en","aiff","tsv","True","True","False","TSV","AIFF","197","175"
"C:\Users\Sipka\Desktop\Converter\languages\en\convert\tsv\bmp-to-tsv\index.html","en","bmp","tsv","True","True","False","TSV","BMP","197","217"
"C:\Users\Sipka\Desktop\Converter\languages\en\convert\tsv\csv-to-tsv\index.html","en","csv","tsv","True","True","False","TSV","CSV","197","158"
"C:\Users\Sipka\Desktop\Converter\languages\en\convert\tsv\docx-to-tsv\index.html","en","docx","tsv","True","True","False","TSV","DOCX","197","195"
"C:\Users\Sipka\Desktop\Converter\languages\en\convert\tsv\flac-to-tsv\index.html","en","flac","tsv","True","True","False","TSV","FLAC","197","185"
"C:\Users\Sipka\Desktop\Converter\languages\en\convert\tsv\gif-to-tsv\index.html","en","gif","tsv","True","True","False","TSV","GIF","197","192"
"C:\Users\Sipka\Desktop\Converter\languages\en\convert\tsv\html-to-tsv\index.html","en","html","tsv","True","True","False","TSV","HTML","197","166"
"C:\Users\Sipka\Desktop\Converter\languages\en\convert\tsv\jpeg-to-tsv\index.html","en","jpeg","tsv","True","True","False","TSV","JPG","197","253"
"C:\Users\Sipka\Desktop\Converter\languages\en\convert\tsv\jpg-to-tsv\index.html","en","jpg","tsv","True","True","False","TSV","JPG","197","253"
"C:\Users\Sipka\Desktop\Converter\languages\en\convert\tsv\json-to-tsv\index.html","en","json","tsv","True","True","False","TSV","JSON","197","160"
"C:\Users\Sipka\Desktop\Converter\languages\en\convert\tsv\jsonl-to-tsv\index.html","en","jsonl","tsv","True","True","False","TSV","JSON Lines","197","157"
"C:\Users\Sipka\Desktop\Converter\languages\en\convert\tsv\m4a-to-tsv\index.html","en","m4a","tsv","True","True","False","TSV","M4A","197","231"
"C:\Users\Sipka\Desktop\Converter\languages\en\convert\tsv\m4v-to-tsv\index.html","en","m4v","tsv","True","True","False","TSV","M4V","197","154"
"C:\Users\Sipka\Desktop\Converter\languages\en\convert\tsv\md-to-tsv\index.html","en","md","tsv","True","True","False","TSV","Markdown","197","142"
"C:\Users\Sipka\Desktop\Converter\languages\en\convert\tsv\mkv-to-tsv\index.html","en","mkv","tsv","True","True","False","TSV","MKV","197","190"
"C:\Users\Sipka\Desktop\Converter\languages\en\convert\tsv\mov-to-tsv\index.html","en","mov","tsv","True","True","False","TSV","MOV","197","181"
"C:\Users\Sipka\Desktop\Converter\languages\en\convert\tsv\mp3-to-tsv\index.html","en","mp3","tsv","True","True","False","TSV","MP3","197","247"
"C:\Users\Sipka\Desktop\Converter\languages\en\convert\tsv\mp4-to-tsv\index.html","en","mp4","tsv","True","True","False","TSV","MP4","197","233"
"C:\Users\Sipka\Desktop\Converter\languages\en\convert\tsv\ogg-to-tsv\index.html","en","ogg","tsv","True","True","False","TSV","Ogg Vorbis","197","196"
"C:\Users\Sipka\Desktop\Converter\languages\en\convert\tsv\opus-to-tsv\index.html","en","opus","tsv","True","True","False","TSV","Opus","197","194"
"C:\Users\Sipka\Desktop\Converter\languages\en\convert\tsv\pdf-to-tsv\index.html","en","pdf","tsv","True","True","False","TSV","PDF","197","191"
"C:\Users\Sipka\Desktop\Converter\languages\en\convert\tsv\png-to-tsv\index.html","en","png","tsv","True","True","False","TSV","PNG","197","317"
"C:\Users\Sipka\Desktop\Converter\languages\en\convert\tsv\pptx-to-tsv\index.html","en","pptx","tsv","True","True","False","TSV","PPTX","197","185"
"C:\Users\Sipka\Desktop\Converter\languages\en\convert\tsv\rar-to-tsv\index.html","en","rar","tsv","True","True","False","TSV","RAR","197","128"
"C:\Users\Sipka\Desktop\Converter\languages\en\convert\tsv\rtf-to-tsv\index.html","en","rtf","tsv","True","True","False","TSV","RTF","197","163"
"C:\Users\Sipka\Desktop\Converter\languages\en\convert\tsv\svg-to-tsv\index.html","en","svg","tsv","True","True","False","TSV","SVG","197","249"
"C:\Users\Sipka\Desktop\Converter\languages\en\convert\tsv\tar-to-tsv\index.html","en","tar","tsv","True","True","False","TSV","TAR","197","139"
"C:\Users\Sipka\Desktop\Converter\languages\en\convert\tsv\tar.bz2-to-tsv\index.html","en","tar.bz2","tsv","True","True","False","TSV","TBZ2","197","79"
"C:\Users\Sipka\Desktop\Converter\languages\en\convert\tsv\tar.gz-to-tsv\index.html","en","tar.gz","tsv","True","True","False","TSV","TGZ","197","109"
"C:\Users\Sipka\Desktop\Converter\languages\en\convert\tsv\tar.xz-to-tsv\index.html","en","tar.xz","tsv","True","True","False","TSV","TXZ","197","105"
"C:\Users\Sipka\Desktop\Converter\languages\en\convert\tsv\tbz-to-tsv\index.html","en","tbz","tsv","True","True","False","TSV","TBZ2","197","79"
"C:\Users\Sipka\Desktop\Converter\languages\en\convert\tsv\tgz-to-tsv\index.html","en","tgz","tsv","True","True","False","TSV","TGZ","197","109"
"C:\Users\Sipka\Desktop\Converter\languages\en\convert\tsv\tiff-to-tsv\index.html","en","tiff","tsv","True","True","False","TSV","TIFF","197","248"
"C:\Users\Sipka\Desktop\Converter\languages\en\convert\tsv\txt-to-tsv\index.html","en","txt","tsv","True","True","False","TSV","TXT","197","131"
"C:\Users\Sipka\Desktop\Converter\languages\en\convert\tsv\txz-to-tsv\index.html","en","txz","tsv","True","True","False","TSV","TXZ","197","105"
"C:\Users\Sipka\Desktop\Converter\languages\en\convert\tsv\wav-to-tsv\index.html","en","wav","tsv","True","True","False","TSV","WAV","197","233"
"C:\Users\Sipka\Desktop\Converter\languages\en\convert\tsv\webm-to-tsv\index.html","en","webm","tsv","True","True","False","TSV","WebM","197","186"
"C:\Users\Sipka\Desktop\Converter\languages\en\convert\tsv\webp-to-tsv\index.html","en","webp","tsv","True","True","False","TSV","WebP","197","221"
"C:\Users\Sipka\Desktop\Converter\languages\en\convert\tsv\xlsx-to-tsv\index.html","en","xlsx","tsv","True","True","False","TSV","XLSX","197","153"
"C:\Users\Sipka\Desktop\Converter\languages\en\convert\tsv\zip-to-tsv\index.html","en","zip","tsv","True","True","False","TSV","ZIP","197","132"
"C:\Users\Sipka\Desktop\Converter\languages\en\convert\txt\7z-to-txt\index.html","en","7z","txt","True","True","False","TXT","7Z","189","117"
"C:\Users\Sipka\Desktop\Converter\languages\en\convert\txt\aac-to-txt\index.html","en","aac","txt","True","True","False","TXT","AAC","189","189"
"C:\Users\Sipka\Desktop\Converter\languages\en\convert\txt\aiff-to-txt\index.html","en","aiff","txt","True","True","False","TXT","AIFF","189","175"
"C:\Users\Sipka\Desktop\Converter\languages\en\convert\txt\bmp-to-txt\index.html","en","bmp","txt","True","True","False","TXT","BMP","189","217"
"C:\Users\Sipka\Desktop\Converter\languages\en\convert\txt\csv-to-txt\index.html","en","csv","txt","True","True","False","TXT","CSV","189","158"
"C:\Users\Sipka\Desktop\Converter\languages\en\convert\txt\docx-to-txt\index.html","en","docx","txt","True","True","False","TXT","DOCX","189","195"
"C:\Users\Sipka\Desktop\Converter\languages\en\convert\txt\flac-to-txt\index.html","en","flac","txt","True","True","False","TXT","FLAC","189","185"
"C:\Users\Sipka\Desktop\Converter\languages\en\convert\txt\gif-to-txt\index.html","en","gif","txt","True","True","False","TXT","GIF","189","192"
"C:\Users\Sipka\Desktop\Converter\languages\en\convert\txt\html-to-txt\index.html","en","html","txt","True","True","False","TXT","HTML","189","166"
"C:\Users\Sipka\Desktop\Converter\languages\en\convert\txt\jpeg-to-txt\index.html","en","jpeg","txt","True","True","False","TXT","JPG","189","253"
"C:\Users\Sipka\Desktop\Converter\languages\en\convert\txt\jpg-to-txt\index.html","en","jpg","txt","True","True","False","TXT","JPG","189","253"
"C:\Users\Sipka\Desktop\Converter\languages\en\convert\txt\json-to-txt\index.html","en","json","txt","True","True","False","TXT","JSON","189","160"
"C:\Users\Sipka\Desktop\Converter\languages\en\convert\txt\jsonl-to-txt\index.html","en","jsonl","txt","True","True","False","TXT","JSON Lines","189","157"
"C:\Users\Sipka\Desktop\Converter\languages\en\convert\txt\m4a-to-txt\index.html","en","m4a","txt","True","True","False","TXT","M4A","189","231"
"C:\Users\Sipka\Desktop\Converter\languages\en\convert\txt\m4v-to-txt\index.html","en","m4v","txt","True","True","False","TXT","M4V","189","154"
"C:\Users\Sipka\Desktop\Converter\languages\en\convert\txt\md-to-txt\index.html","en","md","txt","True","True","False","TXT","Markdown","189","142"
"C:\Users\Sipka\Desktop\Converter\languages\en\convert\txt\mkv-to-txt\index.html","en","mkv","txt","True","True","False","TXT","MKV","189","190"
"C:\Users\Sipka\Desktop\Converter\languages\en\convert\txt\mov-to-txt\index.html","en","mov","txt","True","True","False","TXT","MOV","189","181"
"C:\Users\Sipka\Desktop\Converter\languages\en\convert\txt\mp3-to-txt\index.html","en","mp3","txt","True","True","False","TXT","MP3","189","247"
"C:\Users\Sipka\Desktop\Converter\languages\en\convert\txt\mp4-to-txt\index.html","en","mp4","txt","True","True","False","TXT","MP4","189","233"
"C:\Users\Sipka\Desktop\Converter\languages\en\convert\txt\ogg-to-txt\index.html","en","ogg","txt","True","True","False","TXT","Ogg Vorbis","189","196"
"C:\Users\Sipka\Desktop\Converter\languages\en\convert\txt\opus-to-txt\index.html","en","opus","txt","True","True","False","TXT","Opus","189","194"
"C:\Users\Sipka\Desktop\Converter\languages\en\convert\txt\pdf-to-txt\index.html","en","pdf","txt","True","True","False","TXT","PDF","189","191"
"C:\Users\Sipka\Desktop\Converter\languages\en\convert\txt\png-to-txt\index.html","en","png","txt","True","True","False","TXT","PNG","189","317"
"C:\Users\Sipka\Desktop\Converter\languages\en\convert\txt\pptx-to-txt\index.html","en","pptx","txt","True","True","False","TXT","PPTX","189","185"
"C:\Users\Sipka\Desktop\Converter\languages\en\convert\txt\rar-to-txt\index.html","en","rar","txt","True","True","False","TXT","RAR","189","128"
"C:\Users\Sipka\Desktop\Converter\languages\en\convert\txt\rtf-to-txt\index.html","en","rtf","txt","True","True","False","TXT","RTF","189","163"
"C:\Users\Sipka\Desktop\Converter\languages\en\convert\txt\svg-to-txt\index.html","en","svg","txt","True","True","False","TXT","SVG","189","249"
"C:\Users\Sipka\Desktop\Converter\languages\en\convert\txt\tar-to-txt\index.html","en","tar","txt","True","True","False","TXT","TAR","189","139"
"C:\Users\Sipka\Desktop\Converter\languages\en\convert\txt\tar.bz2-to-txt\index.html","en","tar.bz2","txt","True","True","False","TXT","TBZ2","189","79"
"C:\Users\Sipka\Desktop\Converter\languages\en\convert\txt\tar.gz-to-txt\index.html","en","tar.gz","txt","True","True","False","TXT","TGZ","189","109"
"C:\Users\Sipka\Desktop\Converter\languages\en\convert\txt\tar.xz-to-txt\index.html","en","tar.xz","txt","True","True","False","TXT","TXZ","189","105"
"C:\Users\Sipka\Desktop\Converter\languages\en\convert\txt\tbz-to-txt\index.html","en","tbz","txt","True","True","False","TXT","TBZ2","189","79"
"C:\Users\Sipka\Desktop\Converter\languages\en\convert\txt\tgz-to-txt\index.html","en","tgz","txt","True","True","False","TXT","TGZ","189","109"
"C:\Users\Sipka\Desktop\Converter\languages\en\convert\txt\tiff-to-txt\index.html","en","tiff","txt","True","True","False","TXT","TIFF","189","248"
"C:\Users\Sipka\Desktop\Converter\languages\en\convert\txt\tsv-to-txt\index.html","en","tsv","txt","True","True","False","TXT","TSV","189","120"
"C:\Users\Sipka\Desktop\Converter\languages\en\convert\txt\txz-to-txt\index.html","en","txz","txt","True","True","False","TXT","TXZ","189","105"
"C:\Users\Sipka\Desktop\Converter\languages\en\convert\txt\wav-to-txt\index.html","en","wav","txt","True","True","False","TXT","WAV","189","233"
"C:\Users\Sipka\Desktop\Converter\languages\en\convert\txt\webm-to-txt\index.html","en","webm","txt","True","True","False","TXT","WebM","189","186"
"C:\Users\Sipka\Desktop\Converter\languages\en\convert\txt\webp-to-txt\index.html","en","webp","txt","True","True","False","TXT","WebP","189","221"
"C:\Users\Sipka\Desktop\Converter\languages\en\convert\txt\xlsx-to-txt\index.html","en","xlsx","txt","True","True","False","TXT","XLSX","189","153"
"C:\Users\Sipka\Desktop\Converter\languages\en\convert\txt\zip-to-txt\index.html","en","zip","txt","True","True","False","TXT","ZIP","189","132"
"C:\Users\Sipka\Desktop\Converter\languages\en\convert\txz\7z-to-txz\index.html","en","7z","txz","True","True","True","TXZ","7Z","161","117"
"C:\Users\Sipka\Desktop\Converter\languages\en\convert\txz\aac-to-txz\index.html","en","aac","txz","True","True","True","TXZ","AAC","161","189"
"C:\Users\Sipka\Desktop\Converter\languages\en\convert\txz\aiff-to-txz\index.html","en","aiff","txz","True","True","True","TXZ","AIFF","161","175"
"C:\Users\Sipka\Desktop\Converter\languages\en\convert\txz\bmp-to-txz\index.html","en","bmp","txz","True","True","True","TXZ","BMP","161","217"
"C:\Users\Sipka\Desktop\Converter\languages\en\convert\txz\csv-to-txz\index.html","en","csv","txz","True","True","True","TXZ","CSV","161","158"
"C:\Users\Sipka\Desktop\Converter\languages\en\convert\txz\docx-to-txz\index.html","en","docx","txz","True","True","True","TXZ","DOCX","161","195"
"C:\Users\Sipka\Desktop\Converter\languages\en\convert\txz\flac-to-txz\index.html","en","flac","txz","True","True","True","TXZ","FLAC","161","185"
"C:\Users\Sipka\Desktop\Converter\languages\en\convert\txz\gif-to-txz\index.html","en","gif","txz","True","True","True","TXZ","GIF","161","192"
"C:\Users\Sipka\Desktop\Converter\languages\en\convert\txz\html-to-txz\index.html","en","html","txz","True","True","True","TXZ","HTML","161","166"
"C:\Users\Sipka\Desktop\Converter\languages\en\convert\txz\jpeg-to-txz\index.html","en","jpeg","txz","True","True","True","TXZ","JPG","161","253"
"C:\Users\Sipka\Desktop\Converter\languages\en\convert\txz\jpg-to-txz\index.html","en","jpg","txz","True","True","True","TXZ","JPG","161","253"
"C:\Users\Sipka\Desktop\Converter\languages\en\convert\txz\json-to-txz\index.html","en","json","txz","True","True","True","TXZ","JSON","161","160"
"C:\Users\Sipka\Desktop\Converter\languages\en\convert\txz\jsonl-to-txz\index.html","en","jsonl","txz","True","True","True","TXZ","JSON Lines","161","157"
"C:\Users\Sipka\Desktop\Converter\languages\en\convert\txz\m4a-to-txz\index.html","en","m4a","txz","True","True","True","TXZ","M4A","161","231"
"C:\Users\Sipka\Desktop\Converter\languages\en\convert\txz\m4v-to-txz\index.html","en","m4v","txz","True","True","True","TXZ","M4V","161","154"
"C:\Users\Sipka\Desktop\Converter\languages\en\convert\txz\md-to-txz\index.html","en","md","txz","True","True","True","TXZ","Markdown","161","142"
"C:\Users\Sipka\Desktop\Converter\languages\en\convert\txz\mkv-to-txz\index.html","en","mkv","txz","True","True","True","TXZ","MKV","161","190"
"C:\Users\Sipka\Desktop\Converter\languages\en\convert\txz\mov-to-txz\index.html","en","mov","txz","True","True","True","TXZ","MOV","161","181"
"C:\Users\Sipka\Desktop\Converter\languages\en\convert\txz\mp3-to-txz\index.html","en","mp3","txz","True","True","True","TXZ","MP3","161","247"
"C:\Users\Sipka\Desktop\Converter\languages\en\convert\txz\mp4-to-txz\index.html","en","mp4","txz","True","True","True","TXZ","MP4","161","233"
"C:\Users\Sipka\Desktop\Converter\languages\en\convert\txz\ogg-to-txz\index.html","en","ogg","txz","True","True","True","TXZ","Ogg Vorbis","161","196"
"C:\Users\Sipka\Desktop\Converter\languages\en\convert\txz\opus-to-txz\index.html","en","opus","txz","True","True","True","TXZ","Opus","161","194"
"C:\Users\Sipka\Desktop\Converter\languages\en\convert\txz\pdf-to-txz\index.html","en","pdf","txz","True","True","True","TXZ","PDF","161","191"
"C:\Users\Sipka\Desktop\Converter\languages\en\convert\txz\png-to-txz\index.html","en","png","txz","True","True","True","TXZ","PNG","161","317"
"C:\Users\Sipka\Desktop\Converter\languages\en\convert\txz\pptx-to-txz\index.html","en","pptx","txz","True","True","True","TXZ","PPTX","161","185"
"C:\Users\Sipka\Desktop\Converter\languages\en\convert\txz\rar-to-txz\index.html","en","rar","txz","True","True","True","TXZ","RAR","161","128"
"C:\Users\Sipka\Desktop\Converter\languages\en\convert\txz\rtf-to-txz\index.html","en","rtf","txz","True","True","True","TXZ","RTF","161","163"
"C:\Users\Sipka\Desktop\Converter\languages\en\convert\txz\svg-to-txz\index.html","en","svg","txz","True","True","True","TXZ","SVG","161","249"
"C:\Users\Sipka\Desktop\Converter\languages\en\convert\txz\tar-to-txz\index.html","en","tar","txz","True","True","True","TXZ","TAR","161","139"
"C:\Users\Sipka\Desktop\Converter\languages\en\convert\txz\tar.bz2-to-txz\index.html","en","tar.bz2","txz","True","True","True","TXZ","TBZ2","161","79"
"C:\Users\Sipka\Desktop\Converter\languages\en\convert\txz\tar.gz-to-txz\index.html","en","tar.gz","txz","True","True","True","TXZ","TGZ","161","109"
"C:\Users\Sipka\Desktop\Converter\languages\en\convert\txz\tar.xz-to-txz\index.html","en","tar.xz","txz","True","True","True","TXZ","TXZ","161","105"
"C:\Users\Sipka\Desktop\Converter\languages\en\convert\txz\tbz-to-txz\index.html","en","tbz","txz","True","True","True","TXZ","TBZ2","161","79"
"C:\Users\Sipka\Desktop\Converter\languages\en\convert\txz\tgz-to-txz\index.html","en","tgz","txz","True","True","True","TXZ","TGZ","161","109"
"C:\Users\Sipka\Desktop\Converter\languages\en\convert\txz\tiff-to-txz\index.html","en","tiff","txz","True","True","True","TXZ","TIFF","161","248"
"C:\Users\Sipka\Desktop\Converter\languages\en\convert\txz\tsv-to-txz\index.html","en","tsv","txz","True","True","True","TXZ","TSV","161","120"
"C:\Users\Sipka\Desktop\Converter\languages\en\convert\txz\txt-to-txz\index.html","en","txt","txz","True","True","True","TXZ","TXT","161","131"
"C:\Users\Sipka\Desktop\Converter\languages\en\convert\txz\wav-to-txz\index.html","en","wav","txz","True","True","True","TXZ","WAV","161","233"
"C:\Users\Sipka\Desktop\Converter\languages\en\convert\txz\webm-to-txz\index.html","en","webm","txz","True","True","True","TXZ","WebM","161","186"
"C:\Users\Sipka\Desktop\Converter\languages\en\convert\txz\webp-to-txz\index.html","en","webp","txz","True","True","True","TXZ","WebP","161","221"
"C:\Users\Sipka\Desktop\Converter\languages\en\convert\txz\xlsx-to-txz\index.html","en","xlsx","txz","True","True","True","TXZ","XLSX","161","153"
"C:\Users\Sipka\Desktop\Converter\languages\en\convert\txz\zip-to-txz\index.html","en","zip","txz","True","True","True","TXZ","ZIP","161","132"
"C:\Users\Sipka\Desktop\Converter\languages\en\convert\wav\7z-to-wav\index.html","en","7z","wav","True","True","False","WAV","7Z","301","117"
"C:\Users\Sipka\Desktop\Converter\languages\en\convert\wav\aac-to-wav\index.html","en","aac","wav","True","True","False","WAV","AAC","301","189"
"C:\Users\Sipka\Desktop\Converter\languages\en\convert\wav\aiff-to-wav\index.html","en","aiff","wav","True","True","False","WAV","AIFF","301","175"
"C:\Users\Sipka\Desktop\Converter\languages\en\convert\wav\bmp-to-wav\index.html","en","bmp","wav","True","True","False","WAV","BMP","301","217"
"C:\Users\Sipka\Desktop\Converter\languages\en\convert\wav\csv-to-wav\index.html","en","csv","wav","True","True","False","WAV","CSV","301","158"
"C:\Users\Sipka\Desktop\Converter\languages\en\convert\wav\docx-to-wav\index.html","en","docx","wav","True","True","False","WAV","DOCX","301","195"
"C:\Users\Sipka\Desktop\Converter\languages\en\convert\wav\flac-to-wav\index.html","en","flac","wav","True","True","False","WAV","FLAC","301","185"
"C:\Users\Sipka\Desktop\Converter\languages\en\convert\wav\gif-to-wav\index.html","en","gif","wav","True","True","False","WAV","GIF","301","192"
"C:\Users\Sipka\Desktop\Converter\languages\en\convert\wav\html-to-wav\index.html","en","html","wav","True","True","False","WAV","HTML","301","166"
"C:\Users\Sipka\Desktop\Converter\languages\en\convert\wav\jpeg-to-wav\index.html","en","jpeg","wav","True","True","False","WAV","JPG","301","253"
"C:\Users\Sipka\Desktop\Converter\languages\en\convert\wav\jpg-to-wav\index.html","en","jpg","wav","True","True","False","WAV","JPG","301","253"
"C:\Users\Sipka\Desktop\Converter\languages\en\convert\wav\json-to-wav\index.html","en","json","wav","True","True","False","WAV","JSON","301","160"
"C:\Users\Sipka\Desktop\Converter\languages\en\convert\wav\jsonl-to-wav\index.html","en","jsonl","wav","True","True","False","WAV","JSON Lines","301","157"
"C:\Users\Sipka\Desktop\Converter\languages\en\convert\wav\m4a-to-wav\index.html","en","m4a","wav","True","True","False","WAV","M4A","301","231"
"C:\Users\Sipka\Desktop\Converter\languages\en\convert\wav\m4v-to-wav\index.html","en","m4v","wav","True","True","False","WAV","M4V","301","154"
"C:\Users\Sipka\Desktop\Converter\languages\en\convert\wav\md-to-wav\index.html","en","md","wav","True","True","False","WAV","Markdown","301","142"
"C:\Users\Sipka\Desktop\Converter\languages\en\convert\wav\mkv-to-wav\index.html","en","mkv","wav","True","True","False","WAV","MKV","301","190"
"C:\Users\Sipka\Desktop\Converter\languages\en\convert\wav\mov-to-wav\index.html","en","mov","wav","True","True","False","WAV","MOV","301","181"
"C:\Users\Sipka\Desktop\Converter\languages\en\convert\wav\mp3-to-wav\index.html","en","mp3","wav","True","True","False","WAV","MP3","301","247"
"C:\Users\Sipka\Desktop\Converter\languages\en\convert\wav\mp4-to-wav\index.html","en","mp4","wav","True","True","False","WAV","MP4","301","233"
"C:\Users\Sipka\Desktop\Converter\languages\en\convert\wav\ogg-to-wav\index.html","en","ogg","wav","True","True","False","WAV","Ogg Vorbis","301","196"
"C:\Users\Sipka\Desktop\Converter\languages\en\convert\wav\opus-to-wav\index.html","en","opus","wav","True","True","False","WAV","Opus","301","194"
"C:\Users\Sipka\Desktop\Converter\languages\en\convert\wav\pdf-to-wav\index.html","en","pdf","wav","True","True","False","WAV","PDF","301","191"
"C:\Users\Sipka\Desktop\Converter\languages\en\convert\wav\png-to-wav\index.html","en","png","wav","True","True","False","WAV","PNG","301","317"
"C:\Users\Sipka\Desktop\Converter\languages\en\convert\wav\pptx-to-wav\index.html","en","pptx","wav","True","True","False","WAV","PPTX","301","185"
"C:\Users\Sipka\Desktop\Converter\languages\en\convert\wav\rar-to-wav\index.html","en","rar","wav","True","True","False","WAV","RAR","301","128"
"C:\Users\Sipka\Desktop\Converter\languages\en\convert\wav\rtf-to-wav\index.html","en","rtf","wav","True","True","False","WAV","RTF","301","163"
"C:\Users\Sipka\Desktop\Converter\languages\en\convert\wav\svg-to-wav\index.html","en","svg","wav","True","True","False","WAV","SVG","301","249"
"C:\Users\Sipka\Desktop\Converter\languages\en\convert\wav\tar-to-wav\index.html","en","tar","wav","True","True","False","WAV","TAR","301","139"
"C:\Users\Sipka\Desktop\Converter\languages\en\convert\wav\tar.bz2-to-wav\index.html","en","tar.bz2","wav","True","True","False","WAV","TBZ2","301","79"
"C:\Users\Sipka\Desktop\Converter\languages\en\convert\wav\tar.gz-to-wav\index.html","en","tar.gz","wav","True","True","False","WAV","TGZ","301","109"
"C:\Users\Sipka\Desktop\Converter\languages\en\convert\wav\tar.xz-to-wav\index.html","en","tar.xz","wav","True","True","False","WAV","TXZ","301","105"
"C:\Users\Sipka\Desktop\Converter\languages\en\convert\wav\tbz-to-wav\index.html","en","tbz","wav","True","True","False","WAV","TBZ2","301","79"
"C:\Users\Sipka\Desktop\Converter\languages\en\convert\wav\tgz-to-wav\index.html","en","tgz","wav","True","True","False","WAV","TGZ","301","109"
"C:\Users\Sipka\Desktop\Converter\languages\en\convert\wav\tiff-to-wav\index.html","en","tiff","wav","True","True","False","WAV","TIFF","301","248"
"C:\Users\Sipka\Desktop\Converter\languages\en\convert\wav\tsv-to-wav\index.html","en","tsv","wav","True","True","False","WAV","TSV","301","120"
"C:\Users\Sipka\Desktop\Converter\languages\en\convert\wav\txt-to-wav\index.html","en","txt","wav","True","True","False","WAV","TXT","301","131"
"C:\Users\Sipka\Desktop\Converter\languages\en\convert\wav\txz-to-wav\index.html","en","txz","wav","True","True","False","WAV","TXZ","301","105"
"C:\Users\Sipka\Desktop\Converter\languages\en\convert\wav\webm-to-wav\index.html","en","webm","wav","True","True","False","WAV","WebM","301","186"
"C:\Users\Sipka\Desktop\Converter\languages\en\convert\wav\webp-to-wav\index.html","en","webp","wav","True","True","False","WAV","WebP","301","221"
"C:\Users\Sipka\Desktop\Converter\languages\en\convert\wav\xlsx-to-wav\index.html","en","xlsx","wav","True","True","False","WAV","XLSX","301","153"
"C:\Users\Sipka\Desktop\Converter\languages\en\convert\wav\zip-to-wav\index.html","en","zip","wav","True","True","False","WAV","ZIP","301","132"
"C:\Users\Sipka\Desktop\Converter\languages\en\convert\webm\7z-to-webm\index.html","en","7z","webm","True","True","False","WebM","7Z","291","117"
"C:\Users\Sipka\Desktop\Converter\languages\en\convert\webm\aac-to-webm\index.html","en","aac","webm","True","True","False","WebM","AAC","291","189"
"C:\Users\Sipka\Desktop\Converter\languages\en\convert\webm\aiff-to-webm\index.html","en","aiff","webm","True","True","False","WebM","AIFF","291","175"
"C:\Users\Sipka\Desktop\Converter\languages\en\convert\webm\bmp-to-webm\index.html","en","bmp","webm","True","True","False","WebM","BMP","291","217"
"C:\Users\Sipka\Desktop\Converter\languages\en\convert\webm\csv-to-webm\index.html","en","csv","webm","True","True","False","WebM","CSV","291","158"
"C:\Users\Sipka\Desktop\Converter\languages\en\convert\webm\docx-to-webm\index.html","en","docx","webm","True","True","False","WebM","DOCX","291","195"
"C:\Users\Sipka\Desktop\Converter\languages\en\convert\webm\flac-to-webm\index.html","en","flac","webm","True","True","False","WebM","FLAC","291","185"
"C:\Users\Sipka\Desktop\Converter\languages\en\convert\webm\gif-to-webm\index.html","en","gif","webm","True","True","False","WebM","GIF","291","192"
"C:\Users\Sipka\Desktop\Converter\languages\en\convert\webm\html-to-webm\index.html","en","html","webm","True","True","False","WebM","HTML","291","166"
"C:\Users\Sipka\Desktop\Converter\languages\en\convert\webm\jpeg-to-webm\index.html","en","jpeg","webm","True","True","False","WebM","JPG","291","253"
"C:\Users\Sipka\Desktop\Converter\languages\en\convert\webm\jpg-to-webm\index.html","en","jpg","webm","True","True","False","WebM","JPG","291","253"
"C:\Users\Sipka\Desktop\Converter\languages\en\convert\webm\json-to-webm\index.html","en","json","webm","True","True","False","WebM","JSON","291","160"
"C:\Users\Sipka\Desktop\Converter\languages\en\convert\webm\jsonl-to-webm\index.html","en","jsonl","webm","True","True","False","WebM","JSON Lines","291","157"
"C:\Users\Sipka\Desktop\Converter\languages\en\convert\webm\m4a-to-webm\index.html","en","m4a","webm","True","True","False","WebM","M4A","291","231"
"C:\Users\Sipka\Desktop\Converter\languages\en\convert\webm\m4v-to-webm\index.html","en","m4v","webm","True","True","True","WebM","M4V","291","154"
"C:\Users\Sipka\Desktop\Converter\languages\en\convert\webm\md-to-webm\index.html","en","md","webm","True","True","False","WebM","Markdown","291","142"
"C:\Users\Sipka\Desktop\Converter\languages\en\convert\webm\mkv-to-webm\index.html","en","mkv","webm","True","True","True","WebM","MKV","291","190"
"C:\Users\Sipka\Desktop\Converter\languages\en\convert\webm\mov-to-webm\index.html","en","mov","webm","True","True","True","WebM","MOV","291","181"
"C:\Users\Sipka\Desktop\Converter\languages\en\convert\webm\mp3-to-webm\index.html","en","mp3","webm","True","True","False","WebM","MP3","291","247"
"C:\Users\Sipka\Desktop\Converter\languages\en\convert\webm\mp4-to-webm\index.html","en","mp4","webm","True","True","True","WebM","MP4","291","233"
"C:\Users\Sipka\Desktop\Converter\languages\en\convert\webm\ogg-to-webm\index.html","en","ogg","webm","True","True","False","WebM","Ogg Vorbis","291","196"
"C:\Users\Sipka\Desktop\Converter\languages\en\convert\webm\opus-to-webm\index.html","en","opus","webm","True","True","False","WebM","Opus","291","194"
"C:\Users\Sipka\Desktop\Converter\languages\en\convert\webm\pdf-to-webm\index.html","en","pdf","webm","True","True","False","WebM","PDF","291","191"
"C:\Users\Sipka\Desktop\Converter\languages\en\convert\webm\png-to-webm\index.html","en","png","webm","True","True","False","WebM","PNG","291","317"
"C:\Users\Sipka\Desktop\Converter\languages\en\convert\webm\pptx-to-webm\index.html","en","pptx","webm","True","True","False","WebM","PPTX","291","185"
"C:\Users\Sipka\Desktop\Converter\languages\en\convert\webm\rar-to-webm\index.html","en","rar","webm","True","True","False","WebM","RAR","291","128"
"C:\Users\Sipka\Desktop\Converter\languages\en\convert\webm\rtf-to-webm\index.html","en","rtf","webm","True","True","False","WebM","RTF","291","163"
"C:\Users\Sipka\Desktop\Converter\languages\en\convert\webm\svg-to-webm\index.html","en","svg","webm","True","True","False","WebM","SVG","291","249"
"C:\Users\Sipka\Desktop\Converter\languages\en\convert\webm\tar-to-webm\index.html","en","tar","webm","True","True","False","WebM","TAR","291","139"
"C:\Users\Sipka\Desktop\Converter\languages\en\convert\webm\tar.bz2-to-webm\index.html","en","tar.bz2","webm","True","True","False","WebM","TBZ2","291","79"
"C:\Users\Sipka\Desktop\Converter\languages\en\convert\webm\tar.gz-to-webm\index.html","en","tar.gz","webm","True","True","False","WebM","TGZ","291","109"
"C:\Users\Sipka\Desktop\Converter\languages\en\convert\webm\tar.xz-to-webm\index.html","en","tar.xz","webm","True","True","False","WebM","TXZ","291","105"
"C:\Users\Sipka\Desktop\Converter\languages\en\convert\webm\tbz-to-webm\index.html","en","tbz","webm","True","True","False","WebM","TBZ2","291","79"
"C:\Users\Sipka\Desktop\Converter\languages\en\convert\webm\tgz-to-webm\index.html","en","tgz","webm","True","True","False","WebM","TGZ","291","109"
"C:\Users\Sipka\Desktop\Converter\languages\en\convert\webm\tiff-to-webm\index.html","en","tiff","webm","True","True","False","WebM","TIFF","291","248"
"C:\Users\Sipka\Desktop\Converter\languages\en\convert\webm\tsv-to-webm\index.html","en","tsv","webm","True","True","False","WebM","TSV","291","120"
"C:\Users\Sipka\Desktop\Converter\languages\en\convert\webm\txt-to-webm\index.html","en","txt","webm","True","True","False","WebM","TXT","291","131"
"C:\Users\Sipka\Desktop\Converter\languages\en\convert\webm\txz-to-webm\index.html","en","txz","webm","True","True","False","WebM","TXZ","291","105"
"C:\Users\Sipka\Desktop\Converter\languages\en\convert\webm\wav-to-webm\index.html","en","wav","webm","True","True","False","WebM","WAV","291","233"
"C:\Users\Sipka\Desktop\Converter\languages\en\convert\webm\webp-to-webm\index.html","en","webp","webm","True","True","False","WebM","WebP","291","221"
"C:\Users\Sipka\Desktop\Converter\languages\en\convert\webm\xlsx-to-webm\index.html","en","xlsx","webm","True","True","False","WebM","XLSX","291","153"
"C:\Users\Sipka\Desktop\Converter\languages\en\convert\webm\zip-to-webm\index.html","en","zip","webm","True","True","False","WebM","ZIP","291","132"
"C:\Users\Sipka\Desktop\Converter\languages\en\convert\webp\7z-to-webp\index.html","en","7z","webp","True","True","False","WebP","7Z","390","117"
"C:\Users\Sipka\Desktop\Converter\languages\en\convert\webp\aac-to-webp\index.html","en","aac","webp","True","True","False","WebP","AAC","390","189"
"C:\Users\Sipka\Desktop\Converter\languages\en\convert\webp\aiff-to-webp\index.html","en","aiff","webp","True","True","False","WebP","AIFF","390","175"
"C:\Users\Sipka\Desktop\Converter\languages\en\convert\webp\bmp-to-webp\index.html","en","bmp","webp","True","True","False","WebP","BMP","390","217"
"C:\Users\Sipka\Desktop\Converter\languages\en\convert\webp\csv-to-webp\index.html","en","csv","webp","True","True","False","WebP","CSV","390","158"
"C:\Users\Sipka\Desktop\Converter\languages\en\convert\webp\docx-to-webp\index.html","en","docx","webp","True","True","False","WebP","DOCX","390","195"
"C:\Users\Sipka\Desktop\Converter\languages\en\convert\webp\flac-to-webp\index.html","en","flac","webp","True","True","False","WebP","FLAC","390","185"
"C:\Users\Sipka\Desktop\Converter\languages\en\convert\webp\gif-to-webp\index.html","en","gif","webp","True","True","False","WebP","GIF","390","192"
"C:\Users\Sipka\Desktop\Converter\languages\en\convert\webp\html-to-webp\index.html","en","html","webp","True","True","False","WebP","HTML","390","166"
"C:\Users\Sipka\Desktop\Converter\languages\en\convert\webp\jpeg-to-webp\index.html","en","jpeg","webp","True","True","False","WebP","JPG","390","253"
"C:\Users\Sipka\Desktop\Converter\languages\en\convert\webp\jpg-to-webp\index.html","en","jpg","webp","True","True","False","WebP","JPG","390","253"
"C:\Users\Sipka\Desktop\Converter\languages\en\convert\webp\json-to-webp\index.html","en","json","webp","True","True","False","WebP","JSON","390","160"
"C:\Users\Sipka\Desktop\Converter\languages\en\convert\webp\jsonl-to-webp\index.html","en","jsonl","webp","True","True","False","WebP","JSON Lines","390","157"
"C:\Users\Sipka\Desktop\Converter\languages\en\convert\webp\m4a-to-webp\index.html","en","m4a","webp","True","True","False","WebP","M4A","390","231"
"C:\Users\Sipka\Desktop\Converter\languages\en\convert\webp\m4v-to-webp\index.html","en","m4v","webp","True","True","False","WebP","M4V","390","154"
"C:\Users\Sipka\Desktop\Converter\languages\en\convert\webp\md-to-webp\index.html","en","md","webp","True","True","False","WebP","Markdown","390","142"
"C:\Users\Sipka\Desktop\Converter\languages\en\convert\webp\mkv-to-webp\index.html","en","mkv","webp","True","True","False","WebP","MKV","390","190"
"C:\Users\Sipka\Desktop\Converter\languages\en\convert\webp\mov-to-webp\index.html","en","mov","webp","True","True","False","WebP","MOV","390","181"
"C:\Users\Sipka\Desktop\Converter\languages\en\convert\webp\mp3-to-webp\index.html","en","mp3","webp","True","True","False","WebP","MP3","390","247"
"C:\Users\Sipka\Desktop\Converter\languages\en\convert\webp\mp4-to-webp\index.html","en","mp4","webp","True","True","False","WebP","MP4","390","233"
"C:\Users\Sipka\Desktop\Converter\languages\en\convert\webp\ogg-to-webp\index.html","en","ogg","webp","True","True","False","WebP","Ogg Vorbis","390","196"
"C:\Users\Sipka\Desktop\Converter\languages\en\convert\webp\opus-to-webp\index.html","en","opus","webp","True","True","False","WebP","Opus","390","194"
"C:\Users\Sipka\Desktop\Converter\languages\en\convert\webp\pdf-to-webp\index.html","en","pdf","webp","True","True","False","WebP","PDF","390","191"
"C:\Users\Sipka\Desktop\Converter\languages\en\convert\webp\png-to-webp\index.html","en","png","webp","True","True","False","WebP","PNG","390","317"
"C:\Users\Sipka\Desktop\Converter\languages\en\convert\webp\pptx-to-webp\index.html","en","pptx","webp","True","True","False","WebP","PPTX","390","185"
"C:\Users\Sipka\Desktop\Converter\languages\en\convert\webp\rar-to-webp\index.html","en","rar","webp","True","True","False","WebP","RAR","390","128"
"C:\Users\Sipka\Desktop\Converter\languages\en\convert\webp\rtf-to-webp\index.html","en","rtf","webp","True","True","False","WebP","RTF","390","163"
"C:\Users\Sipka\Desktop\Converter\languages\en\convert\webp\svg-to-webp\index.html","en","svg","webp","True","True","False","WebP","SVG","390","249"
"C:\Users\Sipka\Desktop\Converter\languages\en\convert\webp\tar-to-webp\index.html","en","tar","webp","True","True","False","WebP","TAR","390","139"
"C:\Users\Sipka\Desktop\Converter\languages\en\convert\webp\tar.bz2-to-webp\index.html","en","tar.bz2","webp","True","True","False","WebP","TBZ2","390","79"
"C:\Users\Sipka\Desktop\Converter\languages\en\convert\webp\tar.gz-to-webp\index.html","en","tar.gz","webp","True","True","False","WebP","TGZ","390","109"
"C:\Users\Sipka\Desktop\Converter\languages\en\convert\webp\tar.xz-to-webp\index.html","en","tar.xz","webp","True","True","False","WebP","TXZ","390","105"
"C:\Users\Sipka\Desktop\Converter\languages\en\convert\webp\tbz-to-webp\index.html","en","tbz","webp","True","True","False","WebP","TBZ2","390","79"
"C:\Users\Sipka\Desktop\Converter\languages\en\convert\webp\tgz-to-webp\index.html","en","tgz","webp","True","True","False","WebP","TGZ","390","109"
"C:\Users\Sipka\Desktop\Converter\languages\en\convert\webp\tiff-to-webp\index.html","en","tiff","webp","True","True","False","WebP","TIFF","390","248"
"C:\Users\Sipka\Desktop\Converter\languages\en\convert\webp\tsv-to-webp\index.html","en","tsv","webp","True","True","False","WebP","TSV","390","120"
"C:\Users\Sipka\Desktop\Converter\languages\en\convert\webp\txt-to-webp\index.html","en","txt","webp","True","True","False","WebP","TXT","390","131"
"C:\Users\Sipka\Desktop\Converter\languages\en\convert\webp\txz-to-webp\index.html","en","txz","webp","True","True","False","WebP","TXZ","390","105"
"C:\Users\Sipka\Desktop\Converter\languages\en\convert\webp\wav-to-webp\index.html","en","wav","webp","True","True","False","WebP","WAV","390","233"
"C:\Users\Sipka\Desktop\Converter\languages\en\convert\webp\webm-to-webp\index.html","en","webm","webp","True","True","False","WebP","WebM","390","186"
"C:\Users\Sipka\Desktop\Converter\languages\en\convert\webp\xlsx-to-webp\index.html","en","xlsx","webp","True","True","False","WebP","XLSX","390","153"
"C:\Users\Sipka\Desktop\Converter\languages\en\convert\webp\zip-to-webp\index.html","en","zip","webp","True","True","False","WebP","ZIP","390","132"
"C:\Users\Sipka\Desktop\Converter\languages\en\convert\xlsx\7z-to-xlsx\index.html","en","7z","xlsx","True","True","False","XLSX","7Z","238","117"
"C:\Users\Sipka\Desktop\Converter\languages\en\convert\xlsx\aac-to-xlsx\index.html","en","aac","xlsx","True","True","False","XLSX","AAC","238","189"
"C:\Users\Sipka\Desktop\Converter\languages\en\convert\xlsx\aiff-to-xlsx\index.html","en","aiff","xlsx","True","True","False","XLSX","AIFF","238","175"
"C:\Users\Sipka\Desktop\Converter\languages\en\convert\xlsx\bmp-to-xlsx\index.html","en","bmp","xlsx","True","True","False","XLSX","BMP","238","217"
"C:\Users\Sipka\Desktop\Converter\languages\en\convert\xlsx\csv-to-xlsx\index.html","en","csv","xlsx","True","True","False","XLSX","CSV","238","158"
"C:\Users\Sipka\Desktop\Converter\languages\en\convert\xlsx\docx-to-xlsx\index.html","en","docx","xlsx","True","True","False","XLSX","DOCX","238","195"
"C:\Users\Sipka\Desktop\Converter\languages\en\convert\xlsx\flac-to-xlsx\index.html","en","flac","xlsx","True","True","False","XLSX","FLAC","238","185"
"C:\Users\Sipka\Desktop\Converter\languages\en\convert\xlsx\gif-to-xlsx\index.html","en","gif","xlsx","True","True","False","XLSX","GIF","238","192"
"C:\Users\Sipka\Desktop\Converter\languages\en\convert\xlsx\html-to-xlsx\index.html","en","html","xlsx","True","True","False","XLSX","HTML","238","166"
"C:\Users\Sipka\Desktop\Converter\languages\en\convert\xlsx\jpeg-to-xlsx\index.html","en","jpeg","xlsx","True","True","False","XLSX","JPG","238","253"
"C:\Users\Sipka\Desktop\Converter\languages\en\convert\xlsx\jpg-to-xlsx\index.html","en","jpg","xlsx","True","True","False","XLSX","JPG","238","253"
"C:\Users\Sipka\Desktop\Converter\languages\en\convert\xlsx\json-to-xlsx\index.html","en","json","xlsx","True","True","False","XLSX","JSON","238","160"
"C:\Users\Sipka\Desktop\Converter\languages\en\convert\xlsx\jsonl-to-xlsx\index.html","en","jsonl","xlsx","True","True","False","XLSX","JSON Lines","238","157"
"C:\Users\Sipka\Desktop\Converter\languages\en\convert\xlsx\m4a-to-xlsx\index.html","en","m4a","xlsx","True","True","False","XLSX","M4A","238","231"
"C:\Users\Sipka\Desktop\Converter\languages\en\convert\xlsx\m4v-to-xlsx\index.html","en","m4v","xlsx","True","True","False","XLSX","M4V","238","154"
"C:\Users\Sipka\Desktop\Converter\languages\en\convert\xlsx\md-to-xlsx\index.html","en","md","xlsx","True","True","False","XLSX","Markdown","238","142"
"C:\Users\Sipka\Desktop\Converter\languages\en\convert\xlsx\mkv-to-xlsx\index.html","en","mkv","xlsx","True","True","False","XLSX","MKV","238","190"
"C:\Users\Sipka\Desktop\Converter\languages\en\convert\xlsx\mov-to-xlsx\index.html","en","mov","xlsx","True","True","False","XLSX","MOV","238","181"
"C:\Users\Sipka\Desktop\Converter\languages\en\convert\xlsx\mp3-to-xlsx\index.html","en","mp3","xlsx","True","True","False","XLSX","MP3","238","247"
"C:\Users\Sipka\Desktop\Converter\languages\en\convert\xlsx\mp4-to-xlsx\index.html","en","mp4","xlsx","True","True","False","XLSX","MP4","238","233"
"C:\Users\Sipka\Desktop\Converter\languages\en\convert\xlsx\ogg-to-xlsx\index.html","en","ogg","xlsx","True","True","False","XLSX","Ogg Vorbis","238","196"
"C:\Users\Sipka\Desktop\Converter\languages\en\convert\xlsx\opus-to-xlsx\index.html","en","opus","xlsx","True","True","False","XLSX","Opus","238","194"
"C:\Users\Sipka\Desktop\Converter\languages\en\convert\xlsx\pdf-to-xlsx\index.html","en","pdf","xlsx","True","True","False","XLSX","PDF","238","191"
"C:\Users\Sipka\Desktop\Converter\languages\en\convert\xlsx\png-to-xlsx\index.html","en","png","xlsx","True","True","False","XLSX","PNG","238","317"
"C:\Users\Sipka\Desktop\Converter\languages\en\convert\xlsx\pptx-to-xlsx\index.html","en","pptx","xlsx","True","True","False","XLSX","PPTX","238","185"
"C:\Users\Sipka\Desktop\Converter\languages\en\convert\xlsx\rar-to-xlsx\index.html","en","rar","xlsx","True","True","False","XLSX","RAR","238","128"
"C:\Users\Sipka\Desktop\Converter\languages\en\convert\xlsx\rtf-to-xlsx\index.html","en","rtf","xlsx","True","True","False","XLSX","RTF","238","163"
"C:\Users\Sipka\Desktop\Converter\languages\en\convert\xlsx\svg-to-xlsx\index.html","en","svg","xlsx","True","True","False","XLSX","SVG","238","249"
"C:\Users\Sipka\Desktop\Converter\languages\en\convert\xlsx\tar-to-xlsx\index.html","en","tar","xlsx","True","True","False","XLSX","TAR","238","139"
"C:\Users\Sipka\Desktop\Converter\languages\en\convert\xlsx\tar.bz2-to-xlsx\index.html","en","tar.bz2","xlsx","True","True","False","XLSX","TBZ2","238","79"
"C:\Users\Sipka\Desktop\Converter\languages\en\convert\xlsx\tar.gz-to-xlsx\index.html","en","tar.gz","xlsx","True","True","False","XLSX","TGZ","238","109"
"C:\Users\Sipka\Desktop\Converter\languages\en\convert\xlsx\tar.xz-to-xlsx\index.html","en","tar.xz","xlsx","True","True","False","XLSX","TXZ","238","105"
"C:\Users\Sipka\Desktop\Converter\languages\en\convert\xlsx\tbz-to-xlsx\index.html","en","tbz","xlsx","True","True","False","XLSX","TBZ2","238","79"
"C:\Users\Sipka\Desktop\Converter\languages\en\convert\xlsx\tgz-to-xlsx\index.html","en","tgz","xlsx","True","True","False","XLSX","TGZ","238","109"
"C:\Users\Sipka\Desktop\Converter\languages\en\convert\xlsx\tiff-to-xlsx\index.html","en","tiff","xlsx","True","True","False","XLSX","TIFF","238","248"
"C:\Users\Sipka\Desktop\Converter\languages\en\convert\xlsx\tsv-to-xlsx\index.html","en","tsv","xlsx","True","True","False","XLSX","TSV","238","120"
"C:\Users\Sipka\Desktop\Converter\languages\en\convert\xlsx\txt-to-xlsx\index.html","en","txt","xlsx","True","True","False","XLSX","TXT","238","131"
"C:\Users\Sipka\Desktop\Converter\languages\en\convert\xlsx\txz-to-xlsx\index.html","en","txz","xlsx","True","True","False","XLSX","TXZ","238","105"
"C:\Users\Sipka\Desktop\Converter\languages\en\convert\xlsx\wav-to-xlsx\index.html","en","wav","xlsx","True","True","False","XLSX","WAV","238","233"
"C:\Users\Sipka\Desktop\Converter\languages\en\convert\xlsx\webm-to-xlsx\index.html","en","webm","xlsx","True","True","False","XLSX","WebM","238","186"
"C:\Users\Sipka\Desktop\Converter\languages\en\convert\xlsx\webp-to-xlsx\index.html","en","webp","xlsx","True","True","False","XLSX","WebP","238","221"
"C:\Users\Sipka\Desktop\Converter\languages\en\convert\xlsx\zip-to-xlsx\index.html","en","zip","xlsx","True","True","False","XLSX","ZIP","238","132"
"C:\Users\Sipka\Desktop\Converter\languages\en\convert\zip\7z-to-zip\index.html","en","7z","zip","True","True","True","ZIP","7Z","230","117"
"C:\Users\Sipka\Desktop\Converter\languages\en\convert\zip\aac-to-zip\index.html","en","aac","zip","True","True","True","ZIP","AAC","230","189"
"C:\Users\Sipka\Desktop\Converter\languages\en\convert\zip\aiff-to-zip\index.html","en","aiff","zip","True","True","True","ZIP","AIFF","230","175"
"C:\Users\Sipka\Desktop\Converter\languages\en\convert\zip\bmp-to-zip\index.html","en","bmp","zip","True","True","True","ZIP","BMP","230","217"
"C:\Users\Sipka\Desktop\Converter\languages\en\convert\zip\csv-to-zip\index.html","en","csv","zip","True","True","True","ZIP","CSV","230","158"
"C:\Users\Sipka\Desktop\Converter\languages\en\convert\zip\docx-to-zip\index.html","en","docx","zip","True","True","True","ZIP","DOCX","230","195"
"C:\Users\Sipka\Desktop\Converter\languages\en\convert\zip\flac-to-zip\index.html","en","flac","zip","True","True","True","ZIP","FLAC","230","185"
"C:\Users\Sipka\Desktop\Converter\languages\en\convert\zip\gif-to-zip\index.html","en","gif","zip","True","True","True","ZIP","GIF","230","192"
"C:\Users\Sipka\Desktop\Converter\languages\en\convert\zip\html-to-zip\index.html","en","html","zip","True","True","True","ZIP","HTML","230","166"
"C:\Users\Sipka\Desktop\Converter\languages\en\convert\zip\jpeg-to-zip\index.html","en","jpeg","zip","True","True","True","ZIP","JPG","230","253"
"C:\Users\Sipka\Desktop\Converter\languages\en\convert\zip\jpg-to-zip\index.html","en","jpg","zip","True","True","True","ZIP","JPG","230","253"
"C:\Users\Sipka\Desktop\Converter\languages\en\convert\zip\json-to-zip\index.html","en","json","zip","True","True","True","ZIP","JSON","230","160"
"C:\Users\Sipka\Desktop\Converter\languages\en\convert\zip\jsonl-to-zip\index.html","en","jsonl","zip","True","True","True","ZIP","JSON Lines","230","157"
"C:\Users\Sipka\Desktop\Converter\languages\en\convert\zip\m4a-to-zip\index.html","en","m4a","zip","True","True","True","ZIP","M4A","230","231"
"C:\Users\Sipka\Desktop\Converter\languages\en\convert\zip\m4v-to-zip\index.html","en","m4v","zip","True","True","True","ZIP","M4V","230","154"
"C:\Users\Sipka\Desktop\Converter\languages\en\convert\zip\md-to-zip\index.html","en","md","zip","True","True","True","ZIP","Markdown","230","142"
"C:\Users\Sipka\Desktop\Converter\languages\en\convert\zip\mkv-to-zip\index.html","en","mkv","zip","True","True","True","ZIP","MKV","230","190"
"C:\Users\Sipka\Desktop\Converter\languages\en\convert\zip\mov-to-zip\index.html","en","mov","zip","True","True","True","ZIP","MOV","230","181"
"C:\Users\Sipka\Desktop\Converter\languages\en\convert\zip\mp3-to-zip\index.html","en","mp3","zip","True","True","True","ZIP","MP3","230","247"
"C:\Users\Sipka\Desktop\Converter\languages\en\convert\zip\mp4-to-zip\index.html","en","mp4","zip","True","True","True","ZIP","MP4","230","233"
"C:\Users\Sipka\Desktop\Converter\languages\en\convert\zip\ogg-to-zip\index.html","en","ogg","zip","True","True","True","ZIP","Ogg Vorbis","230","196"
"C:\Users\Sipka\Desktop\Converter\languages\en\convert\zip\opus-to-zip\index.html","en","opus","zip","True","True","True","ZIP","Opus","230","194"
"C:\Users\Sipka\Desktop\Converter\languages\en\convert\zip\pdf-to-zip\index.html","en","pdf","zip","True","True","True","ZIP","PDF","230","191"
"C:\Users\Sipka\Desktop\Converter\languages\en\convert\zip\png-to-zip\index.html","en","png","zip","True","True","True","ZIP","PNG","230","317"
"C:\Users\Sipka\Desktop\Converter\languages\en\convert\zip\pptx-to-zip\index.html","en","pptx","zip","True","True","True","ZIP","PPTX","230","185"
"C:\Users\Sipka\Desktop\Converter\languages\en\convert\zip\rar-to-zip\index.html","en","rar","zip","True","True","True","ZIP","RAR","230","128"
"C:\Users\Sipka\Desktop\Converter\languages\en\convert\zip\rtf-to-zip\index.html","en","rtf","zip","True","True","True","ZIP","RTF","230","163"
"C:\Users\Sipka\Desktop\Converter\languages\en\convert\zip\svg-to-zip\index.html","en","svg","zip","True","True","True","ZIP","SVG","230","249"
"C:\Users\Sipka\Desktop\Converter\languages\en\convert\zip\tar-to-zip\index.html","en","tar","zip","True","True","True","ZIP","TAR","230","139"
"C:\Users\Sipka\Desktop\Converter\languages\en\convert\zip\tar.bz2-to-zip\index.html","en","tar.bz2","zip","True","True","True","ZIP","TBZ2","230","79"
"C:\Users\Sipka\Desktop\Converter\languages\en\convert\zip\tar.gz-to-zip\index.html","en","tar.gz","zip","True","True","True","ZIP","TGZ","230","109"
"C:\Users\Sipka\Desktop\Converter\languages\en\convert\zip\tar.xz-to-zip\index.html","en","tar.xz","zip","True","True","True","ZIP","TXZ","230","105"
"C:\Users\Sipka\Desktop\Converter\languages\en\convert\zip\tbz-to-zip\index.html","en","tbz","zip","True","True","True","ZIP","TBZ2","230","79"
"C:\Users\Sipka\Desktop\Converter\languages\en\convert\zip\tgz-to-zip\index.html","en","tgz","zip","True","True","True","ZIP","TGZ","230","109"
"C:\Users\Sipka\Desktop\Converter\languages\en\convert\zip\tiff-to-zip\index.html","en","tiff","zip","True","True","True","ZIP","TIFF","230","248"
"C:\Users\Sipka\Desktop\Converter\languages\en\convert\zip\tsv-to-zip\index.html","en","tsv","zip","True","True","True","ZIP","TSV","230","120"
"C:\Users\Sipka\Desktop\Converter\languages\en\convert\zip\txt-to-zip\index.html","en","txt","zip","True","True","True","ZIP","TXT","230","131"
"C:\Users\Sipka\Desktop\Converter\languages\en\convert\zip\txz-to-zip\index.html","en","txz","zip","True","True","True","ZIP","TXZ","230","105"
"C:\Users\Sipka\Desktop\Converter\languages\en\convert\zip\wav-to-zip\index.html","en","wav","zip","True","True","True","ZIP","WAV","230","233"
"C:\Users\Sipka\Desktop\Converter\languages\en\convert\zip\webm-to-zip\index.html","en","webm","zip","True","True","True","ZIP","WebM","230","186"
"C:\Users\Sipka\Desktop\Converter\languages\en\convert\zip\webp-to-zip\index.html","en","webp","zip","True","True","True","ZIP","WebP","230","221"
"C:\Users\Sipka\Desktop\Converter\languages\en\convert\zip\xlsx-to-zip\index.html","en","xlsx","zip","True","True","True","ZIP","XLSX","230","153"
