"File","Lang","From","To","Links","HasBlock","UsesUL","Microdata","JSONLD","BadHrefs","MissingTOinAnchor","HasArrows","HasNoUploads","ContainsSelf","ContainsFromWildcard","Duplicates","Issues"
"C:\Users\maria\Desktop\Current\Converter\languages\en\convert\7z\aac-to-7z\index.html","en","aac","7z","41","True","True","True","True","0","0","False","False","False","False","False",""
"C:\Users\maria\Desktop\Current\Converter\languages\en\convert\7z\aiff-to-7z\index.html","en","aiff","7z","41","True","True","True","True","0","0","False","False","False","False","False",""
"C:\Users\maria\Desktop\Current\Converter\languages\en\convert\7z\bmp-to-7z\index.html","en","bmp","7z","41","True","True","True","True","0","0","False","False","False","False","False",""
"C:\Users\maria\Desktop\Current\Converter\languages\en\convert\7z\csv-to-7z\index.html","en","csv","7z","41","True","True","True","True","0","0","False","False","False","False","False",""
"C:\Users\maria\Desktop\Current\Converter\languages\en\convert\7z\docx-to-7z\index.html","en","docx","7z","41","True","True","True","True","0","0","False","False","False","False","False",""
"C:\Users\maria\Desktop\Current\Converter\languages\en\convert\7z\flac-to-7z\index.html","en","flac","7z","41","True","True","True","True","0","0","False","False","False","False","False",""
"C:\Users\maria\Desktop\Current\Converter\languages\en\convert\7z\gif-to-7z\index.html","en","gif","7z","41","True","True","True","True","0","0","False","False","False","False","False",""
"C:\Users\maria\Desktop\Current\Converter\languages\en\convert\7z\html-to-7z\index.html","en","html","7z","41","True","True","True","True","0","0","False","False","False","False","False",""
"C:\Users\maria\Desktop\Current\Converter\languages\en\convert\7z\jpeg-to-7z\index.html","en","jpeg","7z","41","True","True","True","True","0","0","False","False","False","False","False",""
"C:\Users\maria\Desktop\Current\Converter\languages\en\convert\7z\jpg-to-7z\index.html","en","jpg","7z","41","True","True","True","True","0","0","False","False","False","False","False",""
"C:\Users\maria\Desktop\Current\Converter\languages\en\convert\7z\json-to-7z\index.html","en","json","7z","41","True","True","True","True","0","0","False","False","False","False","False",""
"C:\Users\maria\Desktop\Current\Converter\languages\en\convert\7z\jsonl-to-7z\index.html","en","jsonl","7z","41","True","True","True","True","0","0","False","False","False","False","False",""
"C:\Users\maria\Desktop\Current\Converter\languages\en\convert\7z\m4a-to-7z\index.html","en","m4a","7z","41","True","True","True","True","0","0","False","False","False","False","False",""
"C:\Users\maria\Desktop\Current\Converter\languages\en\convert\7z\m4v-to-7z\index.html","en","m4v","7z","41","True","True","True","True","0","0","False","False","False","False","False",""
"C:\Users\maria\Desktop\Current\Converter\languages\en\convert\7z\md-to-7z\index.html","en","md","7z","41","True","True","True","True","0","0","False","False","False","False","False",""
"C:\Users\maria\Desktop\Current\Converter\languages\en\convert\7z\mkv-to-7z\index.html","en","mkv","7z","41","True","True","True","True","0","0","False","False","False","False","False",""
"C:\Users\maria\Desktop\Current\Converter\languages\en\convert\7z\mov-to-7z\index.html","en","mov","7z","41","True","True","True","True","0","0","False","False","False","False","False",""
"C:\Users\maria\Desktop\Current\Converter\languages\en\convert\7z\mp3-to-7z\index.html","en","mp3","7z","41","True","True","True","True","0","0","False","False","False","False","False",""
"C:\Users\maria\Desktop\Current\Converter\languages\en\convert\7z\mp4-to-7z\index.html","en","mp4","7z","41","True","True","True","True","0","0","False","False","False","False","False",""
"C:\Users\maria\Desktop\Current\Converter\languages\en\convert\7z\ogg-to-7z\index.html","en","ogg","7z","41","True","True","True","True","0","0","False","False","False","False","False",""
"C:\Users\maria\Desktop\Current\Converter\languages\en\convert\7z\opus-to-7z\index.html","en","opus","7z","41","True","True","True","True","0","0","False","False","False","False","False",""
"C:\Users\maria\Desktop\Current\Converter\languages\en\convert\7z\pdf-to-7z\index.html","en","pdf","7z","41","True","True","True","True","0","0","False","False","False","False","False",""
"C:\Users\maria\Desktop\Current\Converter\languages\en\convert\7z\png-to-7z\index.html","en","png","7z","41","True","True","True","True","0","0","False","False","False","False","False",""
"C:\Users\maria\Desktop\Current\Converter\languages\en\convert\7z\pptx-to-7z\index.html","en","pptx","7z","41","True","True","True","True","0","0","False","False","False","False","False",""
"C:\Users\maria\Desktop\Current\Converter\languages\en\convert\7z\rar-to-7z\index.html","en","rar","7z","41","True","True","True","True","0","0","False","False","False","False","False",""
"C:\Users\maria\Desktop\Current\Converter\languages\en\convert\7z\rtf-to-7z\index.html","en","rtf","7z","41","True","True","True","True","0","0","False","False","False","False","False",""
"C:\Users\maria\Desktop\Current\Converter\languages\en\convert\7z\svg-to-7z\index.html","en","svg","7z","41","True","True","True","True","0","0","False","False","False","False","False",""
"C:\Users\maria\Desktop\Current\Converter\languages\en\convert\7z\tar-to-7z\index.html","en","tar","7z","41","True","True","True","True","0","0","False","False","False","False","False",""
"C:\Users\maria\Desktop\Current\Converter\languages\en\convert\7z\tar.bz2-to-7z\index.html","en","tar.bz2","7z","41","True","True","True","True","0","0","False","False","False","False","False",""
"C:\Users\maria\Desktop\Current\Converter\languages\en\convert\7z\tar.gz-to-7z\index.html","en","tar.gz","7z","41","True","True","True","True","0","0","False","False","False","False","False",""
"C:\Users\maria\Desktop\Current\Converter\languages\en\convert\7z\tar.xz-to-7z\index.html","en","tar.xz","7z","41","True","True","True","True","0","0","False","False","False","False","False",""
"C:\Users\maria\Desktop\Current\Converter\languages\en\convert\7z\tbz-to-7z\index.html","en","tbz","7z","41","True","True","True","True","0","0","False","False","False","False","False",""
"C:\Users\maria\Desktop\Current\Converter\languages\en\convert\7z\tgz-to-7z\index.html","en","tgz","7z","41","True","True","True","True","0","0","False","False","False","False","False",""
"C:\Users\maria\Desktop\Current\Converter\languages\en\convert\7z\tiff-to-7z\index.html","en","tiff","7z","41","True","True","True","True","0","0","False","False","False","False","False",""
"C:\Users\maria\Desktop\Current\Converter\languages\en\convert\7z\tsv-to-7z\index.html","en","tsv","7z","41","True","True","True","True","0","0","False","False","False","False","False",""
"C:\Users\maria\Desktop\Current\Converter\languages\en\convert\7z\txt-to-7z\index.html","en","txt","7z","41","True","True","True","True","0","0","False","False","False","False","False",""
"C:\Users\maria\Desktop\Current\Converter\languages\en\convert\7z\txz-to-7z\index.html","en","txz","7z","41","True","True","True","True","0","0","False","False","False","False","False",""
"C:\Users\maria\Desktop\Current\Converter\languages\en\convert\7z\wav-to-7z\index.html","en","wav","7z","41","True","True","True","True","0","0","False","False","False","False","False",""
"C:\Users\maria\Desktop\Current\Converter\languages\en\convert\7z\webm-to-7z\index.html","en","webm","7z","41","True","True","True","True","0","0","False","False","False","False","False",""
"C:\Users\maria\Desktop\Current\Converter\languages\en\convert\7z\webp-to-7z\index.html","en","webp","7z","41","True","True","True","True","0","0","False","False","False","False","False",""
"C:\Users\maria\Desktop\Current\Converter\languages\en\convert\7z\xlsx-to-7z\index.html","en","xlsx","7z","41","True","True","True","True","0","0","False","False","False","False","False",""
"C:\Users\maria\Desktop\Current\Converter\languages\en\convert\7z\zip-to-7z\index.html","en","zip","7z","41","True","True","True","True","0","0","False","False","False","False","False",""
"C:\Users\maria\Desktop\Current\Converter\languages\en\convert\aac\7z-to-aac\index.html","en","7z","aac","41","True","True","True","True","0","0","False","False","False","False","False",""
"C:\Users\maria\Desktop\Current\Converter\languages\en\convert\aac\aiff-to-aac\index.html","en","aiff","aac","41","True","True","True","True","0","0","False","False","False","False","False",""
"C:\Users\maria\Desktop\Current\Converter\languages\en\convert\aac\bmp-to-aac\index.html","en","bmp","aac","41","True","True","True","True","0","0","False","False","False","False","False",""
"C:\Users\maria\Desktop\Current\Converter\languages\en\convert\aac\csv-to-aac\index.html","en","csv","aac","41","True","True","True","True","0","0","False","False","False","False","False",""
"C:\Users\maria\Desktop\Current\Converter\languages\en\convert\aac\docx-to-aac\index.html","en","docx","aac","41","True","True","True","True","0","0","False","False","False","False","False",""
"C:\Users\maria\Desktop\Current\Converter\languages\en\convert\aac\flac-to-aac\index.html","en","flac","aac","41","True","True","True","True","0","0","False","False","False","False","False",""
"C:\Users\maria\Desktop\Current\Converter\languages\en\convert\aac\gif-to-aac\index.html","en","gif","aac","41","True","True","True","True","0","0","False","False","False","False","False",""
"C:\Users\maria\Desktop\Current\Converter\languages\en\convert\aac\html-to-aac\index.html","en","html","aac","41","True","True","True","True","0","0","False","False","False","False","False",""
"C:\Users\maria\Desktop\Current\Converter\languages\en\convert\aac\jpeg-to-aac\index.html","en","jpeg","aac","41","True","True","True","True","0","0","False","False","False","False","False",""
"C:\Users\maria\Desktop\Current\Converter\languages\en\convert\aac\jpg-to-aac\index.html","en","jpg","aac","41","True","True","True","True","0","0","False","False","False","False","False",""
"C:\Users\maria\Desktop\Current\Converter\languages\en\convert\aac\json-to-aac\index.html","en","json","aac","41","True","True","True","True","0","0","False","False","False","False","False",""
"C:\Users\maria\Desktop\Current\Converter\languages\en\convert\aac\jsonl-to-aac\index.html","en","jsonl","aac","41","True","True","True","True","0","0","False","False","False","False","False",""
"C:\Users\maria\Desktop\Current\Converter\languages\en\convert\aac\m4a-to-aac\index.html","en","m4a","aac","41","True","True","True","True","0","0","False","False","False","False","False",""
"C:\Users\maria\Desktop\Current\Converter\languages\en\convert\aac\m4v-to-aac\index.html","en","m4v","aac","41","True","True","True","True","0","0","False","False","False","False","False",""
"C:\Users\maria\Desktop\Current\Converter\languages\en\convert\aac\md-to-aac\index.html","en","md","aac","41","True","True","True","True","0","0","False","False","False","False","False",""
"C:\Users\maria\Desktop\Current\Converter\languages\en\convert\aac\mkv-to-aac\index.html","en","mkv","aac","41","True","True","True","True","0","0","False","False","False","False","False",""
"C:\Users\maria\Desktop\Current\Converter\languages\en\convert\aac\mov-to-aac\index.html","en","mov","aac","41","True","True","True","True","0","0","False","False","False","False","False",""
"C:\Users\maria\Desktop\Current\Converter\languages\en\convert\aac\mp3-to-aac\index.html","en","mp3","aac","41","True","True","True","True","0","0","False","False","False","False","False",""
"C:\Users\maria\Desktop\Current\Converter\languages\en\convert\aac\mp4-to-aac\index.html","en","mp4","aac","41","True","True","True","True","0","0","False","False","False","False","False",""
"C:\Users\maria\Desktop\Current\Converter\languages\en\convert\aac\ogg-to-aac\index.html","en","ogg","aac","41","True","True","True","True","0","0","False","False","False","False","False",""
"C:\Users\maria\Desktop\Current\Converter\languages\en\convert\aac\opus-to-aac\index.html","en","opus","aac","41","True","True","True","True","0","0","False","False","False","False","False",""
"C:\Users\maria\Desktop\Current\Converter\languages\en\convert\aac\pdf-to-aac\index.html","en","pdf","aac","41","True","True","True","True","0","0","False","False","False","False","False",""
"C:\Users\maria\Desktop\Current\Converter\languages\en\convert\aac\png-to-aac\index.html","en","png","aac","41","True","True","True","True","0","0","False","False","False","False","False",""
"C:\Users\maria\Desktop\Current\Converter\languages\en\convert\aac\pptx-to-aac\index.html","en","pptx","aac","41","True","True","True","True","0","0","False","False","False","False","False",""
"C:\Users\maria\Desktop\Current\Converter\languages\en\convert\aac\rar-to-aac\index.html","en","rar","aac","41","True","True","True","True","0","0","False","False","False","False","False",""
"C:\Users\maria\Desktop\Current\Converter\languages\en\convert\aac\rtf-to-aac\index.html","en","rtf","aac","41","True","True","True","True","0","0","False","False","False","False","False",""
"C:\Users\maria\Desktop\Current\Converter\languages\en\convert\aac\svg-to-aac\index.html","en","svg","aac","41","True","True","True","True","0","0","False","False","False","False","False",""
"C:\Users\maria\Desktop\Current\Converter\languages\en\convert\aac\tar-to-aac\index.html","en","tar","aac","41","True","True","True","True","0","0","False","False","False","False","False",""
"C:\Users\maria\Desktop\Current\Converter\languages\en\convert\aac\tar.bz2-to-aac\index.html","en","tar.bz2","aac","41","True","True","True","True","0","0","False","False","False","False","False",""
"C:\Users\maria\Desktop\Current\Converter\languages\en\convert\aac\tar.gz-to-aac\index.html","en","tar.gz","aac","41","True","True","True","True","0","0","False","False","False","False","False",""
"C:\Users\maria\Desktop\Current\Converter\languages\en\convert\aac\tar.xz-to-aac\index.html","en","tar.xz","aac","41","True","True","True","True","0","0","False","False","False","False","False",""
"C:\Users\maria\Desktop\Current\Converter\languages\en\convert\aac\tbz-to-aac\index.html","en","tbz","aac","41","True","True","True","True","0","0","False","False","False","False","False",""
"C:\Users\maria\Desktop\Current\Converter\languages\en\convert\aac\tgz-to-aac\index.html","en","tgz","aac","41","True","True","True","True","0","0","False","False","False","False","False",""
"C:\Users\maria\Desktop\Current\Converter\languages\en\convert\aac\tiff-to-aac\index.html","en","tiff","aac","41","True","True","True","True","0","0","False","False","False","False","False",""
"C:\Users\maria\Desktop\Current\Converter\languages\en\convert\aac\tsv-to-aac\index.html","en","tsv","aac","41","True","True","True","True","0","0","False","False","False","False","False",""
"C:\Users\maria\Desktop\Current\Converter\languages\en\convert\aac\txt-to-aac\index.html","en","txt","aac","41","True","True","True","True","0","0","False","False","False","False","False",""
"C:\Users\maria\Desktop\Current\Converter\languages\en\convert\aac\txz-to-aac\index.html","en","txz","aac","41","True","True","True","True","0","0","False","False","False","False","False",""
"C:\Users\maria\Desktop\Current\Converter\languages\en\convert\aac\wav-to-aac\index.html","en","wav","aac","41","True","True","True","True","0","0","False","False","False","False","False",""
"C:\Users\maria\Desktop\Current\Converter\languages\en\convert\aac\webm-to-aac\index.html","en","webm","aac","41","True","True","True","True","0","0","False","False","False","False","False",""
"C:\Users\maria\Desktop\Current\Converter\languages\en\convert\aac\webp-to-aac\index.html","en","webp","aac","41","True","True","True","True","0","0","False","False","False","False","False",""
"C:\Users\maria\Desktop\Current\Converter\languages\en\convert\aac\xlsx-to-aac\index.html","en","xlsx","aac","41","True","True","True","True","0","0","False","False","False","False","False",""
"C:\Users\maria\Desktop\Current\Converter\languages\en\convert\aac\zip-to-aac\index.html","en","zip","aac","41","True","True","True","True","0","0","False","False","False","False","False",""
"C:\Users\maria\Desktop\Current\Converter\languages\en\convert\aiff\7z-to-aiff\index.html","en","7z","aiff","41","True","True","True","True","0","0","False","False","False","False","False",""
"C:\Users\maria\Desktop\Current\Converter\languages\en\convert\aiff\aac-to-aiff\index.html","en","aac","aiff","41","True","True","True","True","0","0","False","False","False","False","False",""
"C:\Users\maria\Desktop\Current\Converter\languages\en\convert\aiff\bmp-to-aiff\index.html","en","bmp","aiff","41","True","True","True","True","0","0","False","False","False","False","False",""
"C:\Users\maria\Desktop\Current\Converter\languages\en\convert\aiff\csv-to-aiff\index.html","en","csv","aiff","41","True","True","True","True","0","0","False","False","False","False","False",""
"C:\Users\maria\Desktop\Current\Converter\languages\en\convert\aiff\docx-to-aiff\index.html","en","docx","aiff","41","True","True","True","True","0","0","False","False","False","False","False",""
"C:\Users\maria\Desktop\Current\Converter\languages\en\convert\aiff\flac-to-aiff\index.html","en","flac","aiff","41","True","True","True","True","0","0","False","False","False","False","False",""
"C:\Users\maria\Desktop\Current\Converter\languages\en\convert\aiff\gif-to-aiff\index.html","en","gif","aiff","41","True","True","True","True","0","0","False","False","False","False","False",""
"C:\Users\maria\Desktop\Current\Converter\languages\en\convert\aiff\html-to-aiff\index.html","en","html","aiff","41","True","True","True","True","0","0","False","False","False","False","False",""
"C:\Users\maria\Desktop\Current\Converter\languages\en\convert\aiff\jpeg-to-aiff\index.html","en","jpeg","aiff","41","True","True","True","True","0","0","False","False","False","False","False",""
"C:\Users\maria\Desktop\Current\Converter\languages\en\convert\aiff\jpg-to-aiff\index.html","en","jpg","aiff","41","True","True","True","True","0","0","False","False","False","False","False",""
"C:\Users\maria\Desktop\Current\Converter\languages\en\convert\aiff\json-to-aiff\index.html","en","json","aiff","41","True","True","True","True","0","0","False","False","False","False","False",""
"C:\Users\maria\Desktop\Current\Converter\languages\en\convert\aiff\jsonl-to-aiff\index.html","en","jsonl","aiff","41","True","True","True","True","0","0","False","False","False","False","False",""
"C:\Users\maria\Desktop\Current\Converter\languages\en\convert\aiff\m4a-to-aiff\index.html","en","m4a","aiff","41","True","True","True","True","0","0","False","False","False","False","False",""
"C:\Users\maria\Desktop\Current\Converter\languages\en\convert\aiff\m4v-to-aiff\index.html","en","m4v","aiff","41","True","True","True","True","0","0","False","False","False","False","False",""
"C:\Users\maria\Desktop\Current\Converter\languages\en\convert\aiff\md-to-aiff\index.html","en","md","aiff","41","True","True","True","True","0","0","False","False","False","False","False",""
"C:\Users\maria\Desktop\Current\Converter\languages\en\convert\aiff\mkv-to-aiff\index.html","en","mkv","aiff","41","True","True","True","True","0","0","False","False","False","False","False",""
"C:\Users\maria\Desktop\Current\Converter\languages\en\convert\aiff\mov-to-aiff\index.html","en","mov","aiff","41","True","True","True","True","0","0","False","False","False","False","False",""
"C:\Users\maria\Desktop\Current\Converter\languages\en\convert\aiff\mp3-to-aiff\index.html","en","mp3","aiff","41","True","True","True","True","0","0","False","False","False","False","False",""
"C:\Users\maria\Desktop\Current\Converter\languages\en\convert\aiff\mp4-to-aiff\index.html","en","mp4","aiff","41","True","True","True","True","0","0","False","False","False","False","False",""
"C:\Users\maria\Desktop\Current\Converter\languages\en\convert\aiff\ogg-to-aiff\index.html","en","ogg","aiff","41","True","True","True","True","0","0","False","False","False","False","False",""
"C:\Users\maria\Desktop\Current\Converter\languages\en\convert\aiff\opus-to-aiff\index.html","en","opus","aiff","41","True","True","True","True","0","0","False","False","False","False","False",""
"C:\Users\maria\Desktop\Current\Converter\languages\en\convert\aiff\pdf-to-aiff\index.html","en","pdf","aiff","41","True","True","True","True","0","0","False","False","False","False","False",""
"C:\Users\maria\Desktop\Current\Converter\languages\en\convert\aiff\png-to-aiff\index.html","en","png","aiff","41","True","True","True","True","0","0","False","False","False","False","False",""
"C:\Users\maria\Desktop\Current\Converter\languages\en\convert\aiff\pptx-to-aiff\index.html","en","pptx","aiff","41","True","True","True","True","0","0","False","False","False","False","False",""
"C:\Users\maria\Desktop\Current\Converter\languages\en\convert\aiff\rar-to-aiff\index.html","en","rar","aiff","41","True","True","True","True","0","0","False","False","False","False","False",""
"C:\Users\maria\Desktop\Current\Converter\languages\en\convert\aiff\rtf-to-aiff\index.html","en","rtf","aiff","41","True","True","True","True","0","0","False","False","False","False","False",""
"C:\Users\maria\Desktop\Current\Converter\languages\en\convert\aiff\svg-to-aiff\index.html","en","svg","aiff","41","True","True","True","True","0","0","False","False","False","False","False",""
"C:\Users\maria\Desktop\Current\Converter\languages\en\convert\aiff\tar-to-aiff\index.html","en","tar","aiff","41","True","True","True","True","0","0","False","False","False","False","False",""
"C:\Users\maria\Desktop\Current\Converter\languages\en\convert\aiff\tar.bz2-to-aiff\index.html","en","tar.bz2","aiff","41","True","True","True","True","0","0","False","False","False","False","False",""
"C:\Users\maria\Desktop\Current\Converter\languages\en\convert\aiff\tar.gz-to-aiff\index.html","en","tar.gz","aiff","41","True","True","True","True","0","0","False","False","False","False","False",""
"C:\Users\maria\Desktop\Current\Converter\languages\en\convert\aiff\tar.xz-to-aiff\index.html","en","tar.xz","aiff","41","True","True","True","True","0","0","False","False","False","False","False",""
"C:\Users\maria\Desktop\Current\Converter\languages\en\convert\aiff\tbz-to-aiff\index.html","en","tbz","aiff","41","True","True","True","True","0","0","False","False","False","False","False",""
"C:\Users\maria\Desktop\Current\Converter\languages\en\convert\aiff\tgz-to-aiff\index.html","en","tgz","aiff","41","True","True","True","True","0","0","False","False","False","False","False",""
"C:\Users\maria\Desktop\Current\Converter\languages\en\convert\aiff\tiff-to-aiff\index.html","en","tiff","aiff","41","True","True","True","True","0","0","False","False","False","False","False",""
"C:\Users\maria\Desktop\Current\Converter\languages\en\convert\aiff\tsv-to-aiff\index.html","en","tsv","aiff","41","True","True","True","True","0","0","False","False","False","False","False",""
"C:\Users\maria\Desktop\Current\Converter\languages\en\convert\aiff\txt-to-aiff\index.html","en","txt","aiff","41","True","True","True","True","0","0","False","False","False","False","False",""
"C:\Users\maria\Desktop\Current\Converter\languages\en\convert\aiff\txz-to-aiff\index.html","en","txz","aiff","41","True","True","True","True","0","0","False","False","False","False","False",""
"C:\Users\maria\Desktop\Current\Converter\languages\en\convert\aiff\wav-to-aiff\index.html","en","wav","aiff","41","True","True","True","True","0","0","False","False","False","False","False",""
"C:\Users\maria\Desktop\Current\Converter\languages\en\convert\aiff\webm-to-aiff\index.html","en","webm","aiff","41","True","True","True","True","0","0","False","False","False","False","False",""
"C:\Users\maria\Desktop\Current\Converter\languages\en\convert\aiff\webp-to-aiff\index.html","en","webp","aiff","41","True","True","True","True","0","0","False","False","False","False","False",""
"C:\Users\maria\Desktop\Current\Converter\languages\en\convert\aiff\xlsx-to-aiff\index.html","en","xlsx","aiff","41","True","True","True","True","0","0","False","False","False","False","False",""
"C:\Users\maria\Desktop\Current\Converter\languages\en\convert\aiff\zip-to-aiff\index.html","en","zip","aiff","41","True","True","True","True","0","0","False","False","False","False","False",""
"C:\Users\maria\Desktop\Current\Converter\languages\en\convert\bmp\7z-to-bmp\index.html","en","7z","bmp","41","True","True","True","True","0","0","False","False","False","False","False",""
"C:\Users\maria\Desktop\Current\Converter\languages\en\convert\bmp\aac-to-bmp\index.html","en","aac","bmp","41","True","True","True","True","0","0","False","False","False","False","False",""
"C:\Users\maria\Desktop\Current\Converter\languages\en\convert\bmp\aiff-to-bmp\index.html","en","aiff","bmp","41","True","True","True","True","0","0","False","False","False","False","False",""
"C:\Users\maria\Desktop\Current\Converter\languages\en\convert\bmp\csv-to-bmp\index.html","en","csv","bmp","41","True","True","True","True","0","0","False","False","False","False","False",""
"C:\Users\maria\Desktop\Current\Converter\languages\en\convert\bmp\docx-to-bmp\index.html","en","docx","bmp","41","True","True","True","True","0","0","False","False","False","False","False",""
"C:\Users\maria\Desktop\Current\Converter\languages\en\convert\bmp\flac-to-bmp\index.html","en","flac","bmp","41","True","True","True","True","0","0","False","False","False","False","False",""
"C:\Users\maria\Desktop\Current\Converter\languages\en\convert\bmp\gif-to-bmp\index.html","en","gif","bmp","41","True","True","True","True","0","0","False","False","False","False","False",""
"C:\Users\maria\Desktop\Current\Converter\languages\en\convert\bmp\html-to-bmp\index.html","en","html","bmp","41","True","True","True","True","0","0","False","False","False","False","False",""
"C:\Users\maria\Desktop\Current\Converter\languages\en\convert\bmp\jpeg-to-bmp\index.html","en","jpeg","bmp","41","True","True","True","True","0","0","False","False","False","False","False",""
"C:\Users\maria\Desktop\Current\Converter\languages\en\convert\bmp\jpg-to-bmp\index.html","en","jpg","bmp","41","True","True","True","True","0","0","False","False","False","False","False",""
"C:\Users\maria\Desktop\Current\Converter\languages\en\convert\bmp\json-to-bmp\index.html","en","json","bmp","41","True","True","True","True","0","0","False","False","False","False","False",""
"C:\Users\maria\Desktop\Current\Converter\languages\en\convert\bmp\jsonl-to-bmp\index.html","en","jsonl","bmp","41","True","True","True","True","0","0","False","False","False","False","False",""
"C:\Users\maria\Desktop\Current\Converter\languages\en\convert\bmp\m4a-to-bmp\index.html","en","m4a","bmp","41","True","True","True","True","0","0","False","False","False","False","False",""
"C:\Users\maria\Desktop\Current\Converter\languages\en\convert\bmp\m4v-to-bmp\index.html","en","m4v","bmp","41","True","True","True","True","0","0","False","False","False","False","False",""
"C:\Users\maria\Desktop\Current\Converter\languages\en\convert\bmp\md-to-bmp\index.html","en","md","bmp","41","True","True","True","True","0","0","False","False","False","False","False",""
"C:\Users\maria\Desktop\Current\Converter\languages\en\convert\bmp\mkv-to-bmp\index.html","en","mkv","bmp","41","True","True","True","True","0","0","False","False","False","False","False",""
"C:\Users\maria\Desktop\Current\Converter\languages\en\convert\bmp\mov-to-bmp\index.html","en","mov","bmp","41","True","True","True","True","0","0","False","False","False","False","False",""
"C:\Users\maria\Desktop\Current\Converter\languages\en\convert\bmp\mp3-to-bmp\index.html","en","mp3","bmp","41","True","True","True","True","0","0","False","False","False","False","False",""
"C:\Users\maria\Desktop\Current\Converter\languages\en\convert\bmp\mp4-to-bmp\index.html","en","mp4","bmp","41","True","True","True","True","0","0","False","False","False","False","False",""
"C:\Users\maria\Desktop\Current\Converter\languages\en\convert\bmp\ogg-to-bmp\index.html","en","ogg","bmp","41","True","True","True","True","0","0","False","False","False","False","False",""
"C:\Users\maria\Desktop\Current\Converter\languages\en\convert\bmp\opus-to-bmp\index.html","en","opus","bmp","41","True","True","True","True","0","0","False","False","False","False","False",""
"C:\Users\maria\Desktop\Current\Converter\languages\en\convert\bmp\pdf-to-bmp\index.html","en","pdf","bmp","41","True","True","True","True","0","0","False","False","False","False","False",""
"C:\Users\maria\Desktop\Current\Converter\languages\en\convert\bmp\png-to-bmp\index.html","en","png","bmp","41","True","True","True","True","0","0","False","False","False","False","False",""
"C:\Users\maria\Desktop\Current\Converter\languages\en\convert\bmp\pptx-to-bmp\index.html","en","pptx","bmp","41","True","True","True","True","0","0","False","False","False","False","False",""
"C:\Users\maria\Desktop\Current\Converter\languages\en\convert\bmp\rar-to-bmp\index.html","en","rar","bmp","41","True","True","True","True","0","0","False","False","False","False","False",""
"C:\Users\maria\Desktop\Current\Converter\languages\en\convert\bmp\rtf-to-bmp\index.html","en","rtf","bmp","41","True","True","True","True","0","0","False","False","False","False","False",""
"C:\Users\maria\Desktop\Current\Converter\languages\en\convert\bmp\svg-to-bmp\index.html","en","svg","bmp","41","True","True","True","True","0","0","False","False","False","False","False",""
"C:\Users\maria\Desktop\Current\Converter\languages\en\convert\bmp\tar-to-bmp\index.html","en","tar","bmp","41","True","True","True","True","0","0","False","False","False","False","False",""
"C:\Users\maria\Desktop\Current\Converter\languages\en\convert\bmp\tar.bz2-to-bmp\index.html","en","tar.bz2","bmp","41","True","True","True","True","0","0","False","False","False","False","False",""
"C:\Users\maria\Desktop\Current\Converter\languages\en\convert\bmp\tar.gz-to-bmp\index.html","en","tar.gz","bmp","41","True","True","True","True","0","0","False","False","False","False","False",""
"C:\Users\maria\Desktop\Current\Converter\languages\en\convert\bmp\tar.xz-to-bmp\index.html","en","tar.xz","bmp","41","True","True","True","True","0","0","False","False","False","False","False",""
"C:\Users\maria\Desktop\Current\Converter\languages\en\convert\bmp\tbz-to-bmp\index.html","en","tbz","bmp","41","True","True","True","True","0","0","False","False","False","False","False",""
"C:\Users\maria\Desktop\Current\Converter\languages\en\convert\bmp\tgz-to-bmp\index.html","en","tgz","bmp","41","True","True","True","True","0","0","False","False","False","False","False",""
"C:\Users\maria\Desktop\Current\Converter\languages\en\convert\bmp\tiff-to-bmp\index.html","en","tiff","bmp","41","True","True","True","True","0","0","False","False","False","False","False",""
"C:\Users\maria\Desktop\Current\Converter\languages\en\convert\bmp\tsv-to-bmp\index.html","en","tsv","bmp","41","True","True","True","True","0","0","False","False","False","False","False",""
"C:\Users\maria\Desktop\Current\Converter\languages\en\convert\bmp\txt-to-bmp\index.html","en","txt","bmp","41","True","True","True","True","0","0","False","False","False","False","False",""
"C:\Users\maria\Desktop\Current\Converter\languages\en\convert\bmp\txz-to-bmp\index.html","en","txz","bmp","41","True","True","True","True","0","0","False","False","False","False","False",""
"C:\Users\maria\Desktop\Current\Converter\languages\en\convert\bmp\wav-to-bmp\index.html","en","wav","bmp","41","True","True","True","True","0","0","False","False","False","False","False",""
"C:\Users\maria\Desktop\Current\Converter\languages\en\convert\bmp\webm-to-bmp\index.html","en","webm","bmp","41","True","True","True","True","0","0","False","False","False","False","False",""
"C:\Users\maria\Desktop\Current\Converter\languages\en\convert\bmp\webp-to-bmp\index.html","en","webp","bmp","41","True","True","True","True","0","0","False","False","False","False","False",""
"C:\Users\maria\Desktop\Current\Converter\languages\en\convert\bmp\xlsx-to-bmp\index.html","en","xlsx","bmp","41","True","True","True","True","0","0","False","False","False","False","False",""
"C:\Users\maria\Desktop\Current\Converter\languages\en\convert\bmp\zip-to-bmp\index.html","en","zip","bmp","41","True","True","True","True","0","0","False","False","False","False","False",""
"C:\Users\maria\Desktop\Current\Converter\languages\en\convert\csv\7z-to-csv\index.html","en","7z","csv","41","True","True","True","True","0","0","False","False","False","False","False",""
"C:\Users\maria\Desktop\Current\Converter\languages\en\convert\csv\aac-to-csv\index.html","en","aac","csv","41","True","True","True","True","0","0","False","False","False","False","False",""
"C:\Users\maria\Desktop\Current\Converter\languages\en\convert\csv\aiff-to-csv\index.html","en","aiff","csv","41","True","True","True","True","0","0","False","False","False","False","False",""
"C:\Users\maria\Desktop\Current\Converter\languages\en\convert\csv\bmp-to-csv\index.html","en","bmp","csv","41","True","True","True","True","0","0","False","False","False","False","False",""
"C:\Users\maria\Desktop\Current\Converter\languages\en\convert\csv\docx-to-csv\index.html","en","docx","csv","41","True","True","True","True","0","0","False","False","False","False","False",""
"C:\Users\maria\Desktop\Current\Converter\languages\en\convert\csv\flac-to-csv\index.html","en","flac","csv","41","True","True","True","True","0","0","False","False","False","False","False",""
"C:\Users\maria\Desktop\Current\Converter\languages\en\convert\csv\gif-to-csv\index.html","en","gif","csv","41","True","True","True","True","0","0","False","False","False","False","False",""
"C:\Users\maria\Desktop\Current\Converter\languages\en\convert\csv\html-to-csv\index.html","en","html","csv","41","True","True","True","True","0","0","False","False","False","False","False",""
"C:\Users\maria\Desktop\Current\Converter\languages\en\convert\csv\jpeg-to-csv\index.html","en","jpeg","csv","41","True","True","True","True","0","0","False","False","False","False","False",""
"C:\Users\maria\Desktop\Current\Converter\languages\en\convert\csv\jpg-to-csv\index.html","en","jpg","csv","41","True","True","True","True","0","0","False","False","False","False","False",""
"C:\Users\maria\Desktop\Current\Converter\languages\en\convert\csv\json-to-csv\index.html","en","json","csv","41","True","True","True","True","0","0","False","False","False","False","False",""
"C:\Users\maria\Desktop\Current\Converter\languages\en\convert\csv\jsonl-to-csv\index.html","en","jsonl","csv","41","True","True","True","True","0","0","False","False","False","False","False",""
"C:\Users\maria\Desktop\Current\Converter\languages\en\convert\csv\m4a-to-csv\index.html","en","m4a","csv","41","True","True","True","True","0","0","False","False","False","False","False",""
"C:\Users\maria\Desktop\Current\Converter\languages\en\convert\csv\m4v-to-csv\index.html","en","m4v","csv","41","True","True","True","True","0","0","False","False","False","False","False",""
"C:\Users\maria\Desktop\Current\Converter\languages\en\convert\csv\md-to-csv\index.html","en","md","csv","41","True","True","True","True","0","0","False","False","False","False","False",""
"C:\Users\maria\Desktop\Current\Converter\languages\en\convert\csv\mkv-to-csv\index.html","en","mkv","csv","41","True","True","True","True","0","0","False","False","False","False","False",""
"C:\Users\maria\Desktop\Current\Converter\languages\en\convert\csv\mov-to-csv\index.html","en","mov","csv","41","True","True","True","True","0","0","False","False","False","False","False",""
"C:\Users\maria\Desktop\Current\Converter\languages\en\convert\csv\mp3-to-csv\index.html","en","mp3","csv","41","True","True","True","True","0","0","False","False","False","False","False",""
"C:\Users\maria\Desktop\Current\Converter\languages\en\convert\csv\mp4-to-csv\index.html","en","mp4","csv","41","True","True","True","True","0","0","False","False","False","False","False",""
"C:\Users\maria\Desktop\Current\Converter\languages\en\convert\csv\ogg-to-csv\index.html","en","ogg","csv","41","True","True","True","True","0","0","False","False","False","False","False",""
"C:\Users\maria\Desktop\Current\Converter\languages\en\convert\csv\opus-to-csv\index.html","en","opus","csv","41","True","True","True","True","0","0","False","False","False","False","False",""
"C:\Users\maria\Desktop\Current\Converter\languages\en\convert\csv\pdf-to-csv\index.html","en","pdf","csv","41","True","True","True","True","0","0","False","False","False","False","False",""
"C:\Users\maria\Desktop\Current\Converter\languages\en\convert\csv\png-to-csv\index.html","en","png","csv","41","True","True","True","True","0","0","False","False","False","False","False",""
"C:\Users\maria\Desktop\Current\Converter\languages\en\convert\csv\pptx-to-csv\index.html","en","pptx","csv","41","True","True","True","True","0","0","False","False","False","False","False",""
"C:\Users\maria\Desktop\Current\Converter\languages\en\convert\csv\rar-to-csv\index.html","en","rar","csv","41","True","True","True","True","0","0","False","False","False","False","False",""
"C:\Users\maria\Desktop\Current\Converter\languages\en\convert\csv\rtf-to-csv\index.html","en","rtf","csv","41","True","True","True","True","0","0","False","False","False","False","False",""
"C:\Users\maria\Desktop\Current\Converter\languages\en\convert\csv\svg-to-csv\index.html","en","svg","csv","41","True","True","True","True","0","0","False","False","False","False","False",""
"C:\Users\maria\Desktop\Current\Converter\languages\en\convert\csv\tar-to-csv\index.html","en","tar","csv","41","True","True","True","True","0","0","False","False","False","False","False",""
"C:\Users\maria\Desktop\Current\Converter\languages\en\convert\csv\tar.bz2-to-csv\index.html","en","tar.bz2","csv","41","True","True","True","True","0","0","False","False","False","False","False",""
"C:\Users\maria\Desktop\Current\Converter\languages\en\convert\csv\tar.gz-to-csv\index.html","en","tar.gz","csv","41","True","True","True","True","0","0","False","False","False","False","False",""
"C:\Users\maria\Desktop\Current\Converter\languages\en\convert\csv\tar.xz-to-csv\index.html","en","tar.xz","csv","41","True","True","True","True","0","0","False","False","False","False","False",""
"C:\Users\maria\Desktop\Current\Converter\languages\en\convert\csv\tbz-to-csv\index.html","en","tbz","csv","41","True","True","True","True","0","0","False","False","False","False","False",""
"C:\Users\maria\Desktop\Current\Converter\languages\en\convert\csv\tgz-to-csv\index.html","en","tgz","csv","41","True","True","True","True","0","0","False","False","False","False","False",""
"C:\Users\maria\Desktop\Current\Converter\languages\en\convert\csv\tiff-to-csv\index.html","en","tiff","csv","41","True","True","True","True","0","0","False","False","False","False","False",""
"C:\Users\maria\Desktop\Current\Converter\languages\en\convert\csv\tsv-to-csv\index.html","en","tsv","csv","41","True","True","True","True","0","0","False","False","False","False","False",""
"C:\Users\maria\Desktop\Current\Converter\languages\en\convert\csv\txt-to-csv\index.html","en","txt","csv","41","True","True","True","True","0","0","False","False","False","False","False",""
"C:\Users\maria\Desktop\Current\Converter\languages\en\convert\csv\txz-to-csv\index.html","en","txz","csv","41","True","True","True","True","0","0","False","False","False","False","False",""
"C:\Users\maria\Desktop\Current\Converter\languages\en\convert\csv\wav-to-csv\index.html","en","wav","csv","41","True","True","True","True","0","0","False","False","False","False","False",""
"C:\Users\maria\Desktop\Current\Converter\languages\en\convert\csv\webm-to-csv\index.html","en","webm","csv","41","True","True","True","True","0","0","False","False","False","False","False",""
"C:\Users\maria\Desktop\Current\Converter\languages\en\convert\csv\webp-to-csv\index.html","en","webp","csv","41","True","True","True","True","0","0","False","False","False","False","False",""
"C:\Users\maria\Desktop\Current\Converter\languages\en\convert\csv\xlsx-to-csv\index.html","en","xlsx","csv","41","True","True","True","True","0","0","False","False","False","False","False",""
"C:\Users\maria\Desktop\Current\Converter\languages\en\convert\csv\zip-to-csv\index.html","en","zip","csv","41","True","True","True","True","0","0","False","False","False","False","False",""
"C:\Users\maria\Desktop\Current\Converter\languages\en\convert\docx\7z-to-docx\index.html","en","7z","docx","41","True","True","True","True","0","0","False","False","False","False","False",""
"C:\Users\maria\Desktop\Current\Converter\languages\en\convert\docx\aac-to-docx\index.html","en","aac","docx","41","True","True","True","True","0","0","False","False","False","False","False",""
"C:\Users\maria\Desktop\Current\Converter\languages\en\convert\docx\aiff-to-docx\index.html","en","aiff","docx","41","True","True","True","True","0","0","False","False","False","False","False",""
"C:\Users\maria\Desktop\Current\Converter\languages\en\convert\docx\bmp-to-docx\index.html","en","bmp","docx","41","True","True","True","True","0","0","False","False","False","False","False",""
"C:\Users\maria\Desktop\Current\Converter\languages\en\convert\docx\csv-to-docx\index.html","en","csv","docx","41","True","True","True","True","0","0","False","False","False","False","False",""
"C:\Users\maria\Desktop\Current\Converter\languages\en\convert\docx\flac-to-docx\index.html","en","flac","docx","41","True","True","True","True","0","0","False","False","False","False","False",""
"C:\Users\maria\Desktop\Current\Converter\languages\en\convert\docx\gif-to-docx\index.html","en","gif","docx","41","True","True","True","True","0","0","False","False","False","False","False",""
"C:\Users\maria\Desktop\Current\Converter\languages\en\convert\docx\html-to-docx\index.html","en","html","docx","41","True","True","True","True","0","0","False","False","False","False","False",""
"C:\Users\maria\Desktop\Current\Converter\languages\en\convert\docx\jpeg-to-docx\index.html","en","jpeg","docx","41","True","True","True","True","0","0","False","False","False","False","False",""
"C:\Users\maria\Desktop\Current\Converter\languages\en\convert\docx\jpg-to-docx\index.html","en","jpg","docx","41","True","True","True","True","0","0","False","False","False","False","False",""
"C:\Users\maria\Desktop\Current\Converter\languages\en\convert\docx\json-to-docx\index.html","en","json","docx","41","True","True","True","True","0","0","False","False","False","False","False",""
"C:\Users\maria\Desktop\Current\Converter\languages\en\convert\docx\jsonl-to-docx\index.html","en","jsonl","docx","41","True","True","True","True","0","0","False","False","False","False","False",""
"C:\Users\maria\Desktop\Current\Converter\languages\en\convert\docx\m4a-to-docx\index.html","en","m4a","docx","41","True","True","True","True","0","0","False","False","False","False","False",""
"C:\Users\maria\Desktop\Current\Converter\languages\en\convert\docx\m4v-to-docx\index.html","en","m4v","docx","41","True","True","True","True","0","0","False","False","False","False","False",""
"C:\Users\maria\Desktop\Current\Converter\languages\en\convert\docx\md-to-docx\index.html","en","md","docx","41","True","True","True","True","0","0","False","False","False","False","False",""
"C:\Users\maria\Desktop\Current\Converter\languages\en\convert\docx\mkv-to-docx\index.html","en","mkv","docx","41","True","True","True","True","0","0","False","False","False","False","False",""
"C:\Users\maria\Desktop\Current\Converter\languages\en\convert\docx\mov-to-docx\index.html","en","mov","docx","41","True","True","True","True","0","0","False","False","False","False","False",""
"C:\Users\maria\Desktop\Current\Converter\languages\en\convert\docx\mp3-to-docx\index.html","en","mp3","docx","41","True","True","True","True","0","0","False","False","False","False","False",""
"C:\Users\maria\Desktop\Current\Converter\languages\en\convert\docx\mp4-to-docx\index.html","en","mp4","docx","41","True","True","True","True","0","0","False","False","False","False","False",""
"C:\Users\maria\Desktop\Current\Converter\languages\en\convert\docx\ogg-to-docx\index.html","en","ogg","docx","41","True","True","True","True","0","0","False","False","False","False","False",""
"C:\Users\maria\Desktop\Current\Converter\languages\en\convert\docx\opus-to-docx\index.html","en","opus","docx","41","True","True","True","True","0","0","False","False","False","False","False",""
"C:\Users\maria\Desktop\Current\Converter\languages\en\convert\docx\pdf-to-docx\index.html","en","pdf","docx","41","True","True","True","True","0","0","False","False","False","False","False",""
"C:\Users\maria\Desktop\Current\Converter\languages\en\convert\docx\png-to-docx\index.html","en","png","docx","41","True","True","True","True","0","0","False","False","False","False","False",""
"C:\Users\maria\Desktop\Current\Converter\languages\en\convert\docx\pptx-to-docx\index.html","en","pptx","docx","41","True","True","True","True","0","0","False","False","False","False","False",""
"C:\Users\maria\Desktop\Current\Converter\languages\en\convert\docx\rar-to-docx\index.html","en","rar","docx","41","True","True","True","True","0","0","False","False","False","False","False",""
"C:\Users\maria\Desktop\Current\Converter\languages\en\convert\docx\rtf-to-docx\index.html","en","rtf","docx","41","True","True","True","True","0","0","False","False","False","False","False",""
"C:\Users\maria\Desktop\Current\Converter\languages\en\convert\docx\svg-to-docx\index.html","en","svg","docx","41","True","True","True","True","0","0","False","False","False","False","False",""
"C:\Users\maria\Desktop\Current\Converter\languages\en\convert\docx\tar-to-docx\index.html","en","tar","docx","41","True","True","True","True","0","0","False","False","False","False","False",""
"C:\Users\maria\Desktop\Current\Converter\languages\en\convert\docx\tar.bz2-to-docx\index.html","en","tar.bz2","docx","41","True","True","True","True","0","0","False","False","False","False","False",""
"C:\Users\maria\Desktop\Current\Converter\languages\en\convert\docx\tar.gz-to-docx\index.html","en","tar.gz","docx","41","True","True","True","True","0","0","False","False","False","False","False",""
"C:\Users\maria\Desktop\Current\Converter\languages\en\convert\docx\tar.xz-to-docx\index.html","en","tar.xz","docx","41","True","True","True","True","0","0","False","False","False","False","False",""
"C:\Users\maria\Desktop\Current\Converter\languages\en\convert\docx\tbz-to-docx\index.html","en","tbz","docx","41","True","True","True","True","0","0","False","False","False","False","False",""
"C:\Users\maria\Desktop\Current\Converter\languages\en\convert\docx\tgz-to-docx\index.html","en","tgz","docx","41","True","True","True","True","0","0","False","False","False","False","False",""
"C:\Users\maria\Desktop\Current\Converter\languages\en\convert\docx\tiff-to-docx\index.html","en","tiff","docx","41","True","True","True","True","0","0","False","False","False","False","False",""
"C:\Users\maria\Desktop\Current\Converter\languages\en\convert\docx\tsv-to-docx\index.html","en","tsv","docx","41","True","True","True","True","0","0","False","False","False","False","False",""
"C:\Users\maria\Desktop\Current\Converter\languages\en\convert\docx\txt-to-docx\index.html","en","txt","docx","41","True","True","True","True","0","0","False","False","False","False","False",""
"C:\Users\maria\Desktop\Current\Converter\languages\en\convert\docx\txz-to-docx\index.html","en","txz","docx","41","True","True","True","True","0","0","False","False","False","False","False",""
"C:\Users\maria\Desktop\Current\Converter\languages\en\convert\docx\wav-to-docx\index.html","en","wav","docx","41","True","True","True","True","0","0","False","False","False","False","False",""
"C:\Users\maria\Desktop\Current\Converter\languages\en\convert\docx\webm-to-docx\index.html","en","webm","docx","41","True","True","True","True","0","0","False","False","False","False","False",""
"C:\Users\maria\Desktop\Current\Converter\languages\en\convert\docx\webp-to-docx\index.html","en","webp","docx","41","True","True","True","True","0","0","False","False","False","False","False",""
"C:\Users\maria\Desktop\Current\Converter\languages\en\convert\docx\xlsx-to-docx\index.html","en","xlsx","docx","41","True","True","True","True","0","0","False","False","False","False","False",""
"C:\Users\maria\Desktop\Current\Converter\languages\en\convert\docx\zip-to-docx\index.html","en","zip","docx","41","True","True","True","True","0","0","False","False","False","False","False",""
"C:\Users\maria\Desktop\Current\Converter\languages\en\convert\flac\7z-to-flac\index.html","en","7z","flac","41","True","True","True","True","0","0","False","False","False","False","False",""
"C:\Users\maria\Desktop\Current\Converter\languages\en\convert\flac\aac-to-flac\index.html","en","aac","flac","41","True","True","True","True","0","0","False","False","False","False","False",""
"C:\Users\maria\Desktop\Current\Converter\languages\en\convert\flac\aiff-to-flac\index.html","en","aiff","flac","41","True","True","True","True","0","0","False","False","False","False","False",""
"C:\Users\maria\Desktop\Current\Converter\languages\en\convert\flac\bmp-to-flac\index.html","en","bmp","flac","41","True","True","True","True","0","0","False","False","False","False","False",""
"C:\Users\maria\Desktop\Current\Converter\languages\en\convert\flac\csv-to-flac\index.html","en","csv","flac","41","True","True","True","True","0","0","False","False","False","False","False",""
"C:\Users\maria\Desktop\Current\Converter\languages\en\convert\flac\docx-to-flac\index.html","en","docx","flac","41","True","True","True","True","0","0","False","False","False","False","False",""
"C:\Users\maria\Desktop\Current\Converter\languages\en\convert\flac\gif-to-flac\index.html","en","gif","flac","41","True","True","True","True","0","0","False","False","False","False","False",""
"C:\Users\maria\Desktop\Current\Converter\languages\en\convert\flac\html-to-flac\index.html","en","html","flac","41","True","True","True","True","0","0","False","False","False","False","False",""
"C:\Users\maria\Desktop\Current\Converter\languages\en\convert\flac\jpeg-to-flac\index.html","en","jpeg","flac","41","True","True","True","True","0","0","False","False","False","False","False",""
"C:\Users\maria\Desktop\Current\Converter\languages\en\convert\flac\jpg-to-flac\index.html","en","jpg","flac","41","True","True","True","True","0","0","False","False","False","False","False",""
"C:\Users\maria\Desktop\Current\Converter\languages\en\convert\flac\json-to-flac\index.html","en","json","flac","41","True","True","True","True","0","0","False","False","False","False","False",""
"C:\Users\maria\Desktop\Current\Converter\languages\en\convert\flac\jsonl-to-flac\index.html","en","jsonl","flac","41","True","True","True","True","0","0","False","False","False","False","False",""
"C:\Users\maria\Desktop\Current\Converter\languages\en\convert\flac\m4a-to-flac\index.html","en","m4a","flac","41","True","True","True","True","0","0","False","False","False","False","False",""
"C:\Users\maria\Desktop\Current\Converter\languages\en\convert\flac\m4v-to-flac\index.html","en","m4v","flac","41","True","True","True","True","0","0","False","False","False","False","False",""
"C:\Users\maria\Desktop\Current\Converter\languages\en\convert\flac\md-to-flac\index.html","en","md","flac","41","True","True","True","True","0","0","False","False","False","False","False",""
"C:\Users\maria\Desktop\Current\Converter\languages\en\convert\flac\mkv-to-flac\index.html","en","mkv","flac","41","True","True","True","True","0","0","False","False","False","False","False",""
"C:\Users\maria\Desktop\Current\Converter\languages\en\convert\flac\mov-to-flac\index.html","en","mov","flac","41","True","True","True","True","0","0","False","False","False","False","False",""
"C:\Users\maria\Desktop\Current\Converter\languages\en\convert\flac\mp3-to-flac\index.html","en","mp3","flac","41","True","True","True","True","0","0","False","False","False","False","False",""
"C:\Users\maria\Desktop\Current\Converter\languages\en\convert\flac\mp4-to-flac\index.html","en","mp4","flac","41","True","True","True","True","0","0","False","False","False","False","False",""
"C:\Users\maria\Desktop\Current\Converter\languages\en\convert\flac\ogg-to-flac\index.html","en","ogg","flac","41","True","True","True","True","0","0","False","False","False","False","False",""
"C:\Users\maria\Desktop\Current\Converter\languages\en\convert\flac\opus-to-flac\index.html","en","opus","flac","41","True","True","True","True","0","0","False","False","False","False","False",""
"C:\Users\maria\Desktop\Current\Converter\languages\en\convert\flac\pdf-to-flac\index.html","en","pdf","flac","41","True","True","True","True","0","0","False","False","False","False","False",""
"C:\Users\maria\Desktop\Current\Converter\languages\en\convert\flac\png-to-flac\index.html","en","png","flac","41","True","True","True","True","0","0","False","False","False","False","False",""
"C:\Users\maria\Desktop\Current\Converter\languages\en\convert\flac\pptx-to-flac\index.html","en","pptx","flac","41","True","True","True","True","0","0","False","False","False","False","False",""
"C:\Users\maria\Desktop\Current\Converter\languages\en\convert\flac\rar-to-flac\index.html","en","rar","flac","41","True","True","True","True","0","0","False","False","False","False","False",""
"C:\Users\maria\Desktop\Current\Converter\languages\en\convert\flac\rtf-to-flac\index.html","en","rtf","flac","41","True","True","True","True","0","0","False","False","False","False","False",""
"C:\Users\maria\Desktop\Current\Converter\languages\en\convert\flac\svg-to-flac\index.html","en","svg","flac","41","True","True","True","True","0","0","False","False","False","False","False",""
"C:\Users\maria\Desktop\Current\Converter\languages\en\convert\flac\tar-to-flac\index.html","en","tar","flac","41","True","True","True","True","0","0","False","False","False","False","False",""
"C:\Users\maria\Desktop\Current\Converter\languages\en\convert\flac\tar.bz2-to-flac\index.html","en","tar.bz2","flac","41","True","True","True","True","0","0","False","False","False","False","False",""
"C:\Users\maria\Desktop\Current\Converter\languages\en\convert\flac\tar.gz-to-flac\index.html","en","tar.gz","flac","41","True","True","True","True","0","0","False","False","False","False","False",""
"C:\Users\maria\Desktop\Current\Converter\languages\en\convert\flac\tar.xz-to-flac\index.html","en","tar.xz","flac","41","True","True","True","True","0","0","False","False","False","False","False",""
"C:\Users\maria\Desktop\Current\Converter\languages\en\convert\flac\tbz-to-flac\index.html","en","tbz","flac","41","True","True","True","True","0","0","False","False","False","False","False",""
"C:\Users\maria\Desktop\Current\Converter\languages\en\convert\flac\tgz-to-flac\index.html","en","tgz","flac","41","True","True","True","True","0","0","False","False","False","False","False",""
"C:\Users\maria\Desktop\Current\Converter\languages\en\convert\flac\tiff-to-flac\index.html","en","tiff","flac","41","True","True","True","True","0","0","False","False","False","False","False",""
"C:\Users\maria\Desktop\Current\Converter\languages\en\convert\flac\tsv-to-flac\index.html","en","tsv","flac","41","True","True","True","True","0","0","False","False","False","False","False",""
"C:\Users\maria\Desktop\Current\Converter\languages\en\convert\flac\txt-to-flac\index.html","en","txt","flac","41","True","True","True","True","0","0","False","False","False","False","False",""
"C:\Users\maria\Desktop\Current\Converter\languages\en\convert\flac\txz-to-flac\index.html","en","txz","flac","41","True","True","True","True","0","0","False","False","False","False","False",""
"C:\Users\maria\Desktop\Current\Converter\languages\en\convert\flac\wav-to-flac\index.html","en","wav","flac","41","True","True","True","True","0","0","False","False","False","False","False",""
"C:\Users\maria\Desktop\Current\Converter\languages\en\convert\flac\webm-to-flac\index.html","en","webm","flac","41","True","True","True","True","0","0","False","False","False","False","False",""
"C:\Users\maria\Desktop\Current\Converter\languages\en\convert\flac\webp-to-flac\index.html","en","webp","flac","41","True","True","True","True","0","0","False","False","False","False","False",""
"C:\Users\maria\Desktop\Current\Converter\languages\en\convert\flac\xlsx-to-flac\index.html","en","xlsx","flac","41","True","True","True","True","0","0","False","False","False","False","False",""
"C:\Users\maria\Desktop\Current\Converter\languages\en\convert\flac\zip-to-flac\index.html","en","zip","flac","41","True","True","True","True","0","0","False","False","False","False","False",""
"C:\Users\maria\Desktop\Current\Converter\languages\en\convert\gif\7z-to-gif\index.html","en","7z","gif","41","True","True","True","True","0","0","False","False","False","False","False",""
"C:\Users\maria\Desktop\Current\Converter\languages\en\convert\gif\aac-to-gif\index.html","en","aac","gif","41","True","True","True","True","0","0","False","False","False","False","False",""
"C:\Users\maria\Desktop\Current\Converter\languages\en\convert\gif\aiff-to-gif\index.html","en","aiff","gif","41","True","True","True","True","0","0","False","False","False","False","False",""
"C:\Users\maria\Desktop\Current\Converter\languages\en\convert\gif\bmp-to-gif\index.html","en","bmp","gif","41","True","True","True","True","0","0","False","False","False","False","False",""
"C:\Users\maria\Desktop\Current\Converter\languages\en\convert\gif\csv-to-gif\index.html","en","csv","gif","41","True","True","True","True","0","0","False","False","False","False","False",""
"C:\Users\maria\Desktop\Current\Converter\languages\en\convert\gif\docx-to-gif\index.html","en","docx","gif","41","True","True","True","True","0","0","False","False","False","False","False",""
"C:\Users\maria\Desktop\Current\Converter\languages\en\convert\gif\flac-to-gif\index.html","en","flac","gif","41","True","True","True","True","0","0","False","False","False","False","False",""
"C:\Users\maria\Desktop\Current\Converter\languages\en\convert\gif\html-to-gif\index.html","en","html","gif","41","True","True","True","True","0","0","False","False","False","False","False",""
"C:\Users\maria\Desktop\Current\Converter\languages\en\convert\gif\jpeg-to-gif\index.html","en","jpeg","gif","41","True","True","True","True","0","0","False","False","False","False","False",""
"C:\Users\maria\Desktop\Current\Converter\languages\en\convert\gif\jpg-to-gif\index.html","en","jpg","gif","41","True","True","True","True","0","0","False","False","False","False","False",""
"C:\Users\maria\Desktop\Current\Converter\languages\en\convert\gif\json-to-gif\index.html","en","json","gif","41","True","True","True","True","0","0","False","False","False","False","False",""
"C:\Users\maria\Desktop\Current\Converter\languages\en\convert\gif\jsonl-to-gif\index.html","en","jsonl","gif","41","True","True","True","True","0","0","False","False","False","False","False",""
"C:\Users\maria\Desktop\Current\Converter\languages\en\convert\gif\m4a-to-gif\index.html","en","m4a","gif","41","True","True","True","True","0","0","False","False","False","False","False",""
"C:\Users\maria\Desktop\Current\Converter\languages\en\convert\gif\m4v-to-gif\index.html","en","m4v","gif","41","True","True","True","True","0","0","False","False","False","False","False",""
"C:\Users\maria\Desktop\Current\Converter\languages\en\convert\gif\md-to-gif\index.html","en","md","gif","41","True","True","True","True","0","0","False","False","False","False","False",""
"C:\Users\maria\Desktop\Current\Converter\languages\en\convert\gif\mkv-to-gif\index.html","en","mkv","gif","41","True","True","True","True","0","0","False","False","False","False","False",""
"C:\Users\maria\Desktop\Current\Converter\languages\en\convert\gif\mov-to-gif\index.html","en","mov","gif","41","True","True","True","True","0","0","False","False","False","False","False",""
"C:\Users\maria\Desktop\Current\Converter\languages\en\convert\gif\mp3-to-gif\index.html","en","mp3","gif","41","True","True","True","True","0","0","False","False","False","False","False",""
"C:\Users\maria\Desktop\Current\Converter\languages\en\convert\gif\mp4-to-gif\index.html","en","mp4","gif","41","True","True","True","True","0","0","False","False","False","False","False",""
"C:\Users\maria\Desktop\Current\Converter\languages\en\convert\gif\ogg-to-gif\index.html","en","ogg","gif","41","True","True","True","True","0","0","False","False","False","False","False",""
"C:\Users\maria\Desktop\Current\Converter\languages\en\convert\gif\opus-to-gif\index.html","en","opus","gif","41","True","True","True","True","0","0","False","False","False","False","False",""
"C:\Users\maria\Desktop\Current\Converter\languages\en\convert\gif\pdf-to-gif\index.html","en","pdf","gif","41","True","True","True","True","0","0","False","False","False","False","False",""
"C:\Users\maria\Desktop\Current\Converter\languages\en\convert\gif\png-to-gif\index.html","en","png","gif","41","True","True","True","True","0","0","False","False","False","False","False",""
"C:\Users\maria\Desktop\Current\Converter\languages\en\convert\gif\pptx-to-gif\index.html","en","pptx","gif","41","True","True","True","True","0","0","False","False","False","False","False",""
"C:\Users\maria\Desktop\Current\Converter\languages\en\convert\gif\rar-to-gif\index.html","en","rar","gif","41","True","True","True","True","0","0","False","False","False","False","False",""
"C:\Users\maria\Desktop\Current\Converter\languages\en\convert\gif\rtf-to-gif\index.html","en","rtf","gif","41","True","True","True","True","0","0","False","False","False","False","False",""
"C:\Users\maria\Desktop\Current\Converter\languages\en\convert\gif\svg-to-gif\index.html","en","svg","gif","41","True","True","True","True","0","0","False","False","False","False","False",""
"C:\Users\maria\Desktop\Current\Converter\languages\en\convert\gif\tar-to-gif\index.html","en","tar","gif","41","True","True","True","True","0","0","False","False","False","False","False",""
"C:\Users\maria\Desktop\Current\Converter\languages\en\convert\gif\tar.bz2-to-gif\index.html","en","tar.bz2","gif","41","True","True","True","True","0","0","False","False","False","False","False",""
"C:\Users\maria\Desktop\Current\Converter\languages\en\convert\gif\tar.gz-to-gif\index.html","en","tar.gz","gif","41","True","True","True","True","0","0","False","False","False","False","False",""
"C:\Users\maria\Desktop\Current\Converter\languages\en\convert\gif\tar.xz-to-gif\index.html","en","tar.xz","gif","41","True","True","True","True","0","0","False","False","False","False","False",""
"C:\Users\maria\Desktop\Current\Converter\languages\en\convert\gif\tbz-to-gif\index.html","en","tbz","gif","41","True","True","True","True","0","0","False","False","False","False","False",""
"C:\Users\maria\Desktop\Current\Converter\languages\en\convert\gif\tgz-to-gif\index.html","en","tgz","gif","41","True","True","True","True","0","0","False","False","False","False","False",""
"C:\Users\maria\Desktop\Current\Converter\languages\en\convert\gif\tiff-to-gif\index.html","en","tiff","gif","41","True","True","True","True","0","0","False","False","False","False","False",""
"C:\Users\maria\Desktop\Current\Converter\languages\en\convert\gif\tsv-to-gif\index.html","en","tsv","gif","41","True","True","True","True","0","0","False","False","False","False","False",""
"C:\Users\maria\Desktop\Current\Converter\languages\en\convert\gif\txt-to-gif\index.html","en","txt","gif","41","True","True","True","True","0","0","False","False","False","False","False",""
"C:\Users\maria\Desktop\Current\Converter\languages\en\convert\gif\txz-to-gif\index.html","en","txz","gif","41","True","True","True","True","0","0","False","False","False","False","False",""
"C:\Users\maria\Desktop\Current\Converter\languages\en\convert\gif\wav-to-gif\index.html","en","wav","gif","41","True","True","True","True","0","0","False","False","False","False","False",""
"C:\Users\maria\Desktop\Current\Converter\languages\en\convert\gif\webm-to-gif\index.html","en","webm","gif","41","True","True","True","True","0","0","False","False","False","False","False",""
"C:\Users\maria\Desktop\Current\Converter\languages\en\convert\gif\webp-to-gif\index.html","en","webp","gif","41","True","True","True","True","0","0","False","False","False","False","False",""
"C:\Users\maria\Desktop\Current\Converter\languages\en\convert\gif\xlsx-to-gif\index.html","en","xlsx","gif","41","True","True","True","True","0","0","False","False","False","False","False",""
"C:\Users\maria\Desktop\Current\Converter\languages\en\convert\gif\zip-to-gif\index.html","en","zip","gif","41","True","True","True","True","0","0","False","False","False","False","False",""
"C:\Users\maria\Desktop\Current\Converter\languages\en\convert\html\7z-to-html\index.html","en","7z","html","41","True","True","True","True","0","0","False","False","False","False","False",""
"C:\Users\maria\Desktop\Current\Converter\languages\en\convert\html\aac-to-html\index.html","en","aac","html","41","True","True","True","True","0","0","False","False","False","False","False",""
"C:\Users\maria\Desktop\Current\Converter\languages\en\convert\html\aiff-to-html\index.html","en","aiff","html","41","True","True","True","True","0","0","False","False","False","False","False",""
"C:\Users\maria\Desktop\Current\Converter\languages\en\convert\html\bmp-to-html\index.html","en","bmp","html","41","True","True","True","True","0","0","False","False","False","False","False",""
"C:\Users\maria\Desktop\Current\Converter\languages\en\convert\html\csv-to-html\index.html","en","csv","html","41","True","True","True","True","0","0","False","False","False","False","False",""
"C:\Users\maria\Desktop\Current\Converter\languages\en\convert\html\docx-to-html\index.html","en","docx","html","41","True","True","True","True","0","0","False","False","False","False","False",""
"C:\Users\maria\Desktop\Current\Converter\languages\en\convert\html\flac-to-html\index.html","en","flac","html","41","True","True","True","True","0","0","False","False","False","False","False",""
"C:\Users\maria\Desktop\Current\Converter\languages\en\convert\html\gif-to-html\index.html","en","gif","html","41","True","True","True","True","0","0","False","False","False","False","False",""
"C:\Users\maria\Desktop\Current\Converter\languages\en\convert\html\jpeg-to-html\index.html","en","jpeg","html","41","True","True","True","True","0","0","False","False","False","False","False",""
"C:\Users\maria\Desktop\Current\Converter\languages\en\convert\html\jpg-to-html\index.html","en","jpg","html","41","True","True","True","True","0","0","False","False","False","False","False",""
"C:\Users\maria\Desktop\Current\Converter\languages\en\convert\html\json-to-html\index.html","en","json","html","41","True","True","True","True","0","0","False","False","False","False","False",""
"C:\Users\maria\Desktop\Current\Converter\languages\en\convert\html\jsonl-to-html\index.html","en","jsonl","html","41","True","True","True","True","0","0","False","False","False","False","False",""
"C:\Users\maria\Desktop\Current\Converter\languages\en\convert\html\m4a-to-html\index.html","en","m4a","html","41","True","True","True","True","0","0","False","False","False","False","False",""
"C:\Users\maria\Desktop\Current\Converter\languages\en\convert\html\m4v-to-html\index.html","en","m4v","html","41","True","True","True","True","0","0","False","False","False","False","False",""
"C:\Users\maria\Desktop\Current\Converter\languages\en\convert\html\md-to-html\index.html","en","md","html","41","True","True","True","True","0","0","False","False","False","False","False",""
"C:\Users\maria\Desktop\Current\Converter\languages\en\convert\html\mkv-to-html\index.html","en","mkv","html","41","True","True","True","True","0","0","False","False","False","False","False",""
"C:\Users\maria\Desktop\Current\Converter\languages\en\convert\html\mov-to-html\index.html","en","mov","html","41","True","True","True","True","0","0","False","False","False","False","False",""
"C:\Users\maria\Desktop\Current\Converter\languages\en\convert\html\mp3-to-html\index.html","en","mp3","html","41","True","True","True","True","0","0","False","False","False","False","False",""
"C:\Users\maria\Desktop\Current\Converter\languages\en\convert\html\mp4-to-html\index.html","en","mp4","html","41","True","True","True","True","0","0","False","False","False","False","False",""
"C:\Users\maria\Desktop\Current\Converter\languages\en\convert\html\ogg-to-html\index.html","en","ogg","html","41","True","True","True","True","0","0","False","False","False","False","False",""
"C:\Users\maria\Desktop\Current\Converter\languages\en\convert\html\opus-to-html\index.html","en","opus","html","41","True","True","True","True","0","0","False","False","False","False","False",""
"C:\Users\maria\Desktop\Current\Converter\languages\en\convert\html\pdf-to-html\index.html","en","pdf","html","41","True","True","True","True","0","0","False","False","False","False","False",""
"C:\Users\maria\Desktop\Current\Converter\languages\en\convert\html\png-to-html\index.html","en","png","html","41","True","True","True","True","0","0","False","False","False","False","False",""
"C:\Users\maria\Desktop\Current\Converter\languages\en\convert\html\pptx-to-html\index.html","en","pptx","html","41","True","True","True","True","0","0","False","False","False","False","False",""
"C:\Users\maria\Desktop\Current\Converter\languages\en\convert\html\rar-to-html\index.html","en","rar","html","41","True","True","True","True","0","0","False","False","False","False","False",""
"C:\Users\maria\Desktop\Current\Converter\languages\en\convert\html\rtf-to-html\index.html","en","rtf","html","41","True","True","True","True","0","0","False","False","False","False","False",""
"C:\Users\maria\Desktop\Current\Converter\languages\en\convert\html\svg-to-html\index.html","en","svg","html","41","True","True","True","True","0","0","False","False","False","False","False",""
"C:\Users\maria\Desktop\Current\Converter\languages\en\convert\html\tar-to-html\index.html","en","tar","html","41","True","True","True","True","0","0","False","False","False","False","False",""
"C:\Users\maria\Desktop\Current\Converter\languages\en\convert\html\tar.bz2-to-html\index.html","en","tar.bz2","html","41","True","True","True","True","0","0","False","False","False","False","False",""
"C:\Users\maria\Desktop\Current\Converter\languages\en\convert\html\tar.gz-to-html\index.html","en","tar.gz","html","41","True","True","True","True","0","0","False","False","False","False","False",""
"C:\Users\maria\Desktop\Current\Converter\languages\en\convert\html\tar.xz-to-html\index.html","en","tar.xz","html","41","True","True","True","True","0","0","False","False","False","False","False",""
"C:\Users\maria\Desktop\Current\Converter\languages\en\convert\html\tbz-to-html\index.html","en","tbz","html","41","True","True","True","True","0","0","False","False","False","False","False",""
"C:\Users\maria\Desktop\Current\Converter\languages\en\convert\html\tgz-to-html\index.html","en","tgz","html","41","True","True","True","True","0","0","False","False","False","False","False",""
"C:\Users\maria\Desktop\Current\Converter\languages\en\convert\html\tiff-to-html\index.html","en","tiff","html","41","True","True","True","True","0","0","False","False","False","False","False",""
"C:\Users\maria\Desktop\Current\Converter\languages\en\convert\html\tsv-to-html\index.html","en","tsv","html","41","True","True","True","True","0","0","False","False","False","False","False",""
"C:\Users\maria\Desktop\Current\Converter\languages\en\convert\html\txt-to-html\index.html","en","txt","html","41","True","True","True","True","0","0","False","False","False","False","False",""
"C:\Users\maria\Desktop\Current\Converter\languages\en\convert\html\txz-to-html\index.html","en","txz","html","41","True","True","True","True","0","0","False","False","False","False","False",""
"C:\Users\maria\Desktop\Current\Converter\languages\en\convert\html\wav-to-html\index.html","en","wav","html","41","True","True","True","True","0","0","False","False","False","False","False",""
"C:\Users\maria\Desktop\Current\Converter\languages\en\convert\html\webm-to-html\index.html","en","webm","html","41","True","True","True","True","0","0","False","False","False","False","False",""
"C:\Users\maria\Desktop\Current\Converter\languages\en\convert\html\webp-to-html\index.html","en","webp","html","41","True","True","True","True","0","0","False","False","False","False","False",""
"C:\Users\maria\Desktop\Current\Converter\languages\en\convert\html\xlsx-to-html\index.html","en","xlsx","html","41","True","True","True","True","0","0","False","False","False","False","False",""
"C:\Users\maria\Desktop\Current\Converter\languages\en\convert\html\zip-to-html\index.html","en","zip","html","41","True","True","True","True","0","0","False","False","False","False","False",""
"C:\Users\maria\Desktop\Current\Converter\languages\en\convert\jpeg\7z-to-jpeg\index.html","en","7z","jpeg","41","True","True","True","True","0","0","False","False","False","False","False",""
"C:\Users\maria\Desktop\Current\Converter\languages\en\convert\jpeg\aac-to-jpeg\index.html","en","aac","jpeg","41","True","True","True","True","0","0","False","False","False","False","False",""
"C:\Users\maria\Desktop\Current\Converter\languages\en\convert\jpeg\aiff-to-jpeg\index.html","en","aiff","jpeg","41","True","True","True","True","0","0","False","False","False","False","False",""
"C:\Users\maria\Desktop\Current\Converter\languages\en\convert\jpeg\bmp-to-jpeg\index.html","en","bmp","jpeg","41","True","True","True","True","0","0","False","False","False","False","False",""
"C:\Users\maria\Desktop\Current\Converter\languages\en\convert\jpeg\csv-to-jpeg\index.html","en","csv","jpeg","41","True","True","True","True","0","0","False","False","False","False","False",""
"C:\Users\maria\Desktop\Current\Converter\languages\en\convert\jpeg\docx-to-jpeg\index.html","en","docx","jpeg","41","True","True","True","True","0","0","False","False","False","False","False",""
"C:\Users\maria\Desktop\Current\Converter\languages\en\convert\jpeg\flac-to-jpeg\index.html","en","flac","jpeg","41","True","True","True","True","0","0","False","False","False","False","False",""
"C:\Users\maria\Desktop\Current\Converter\languages\en\convert\jpeg\gif-to-jpeg\index.html","en","gif","jpeg","41","True","True","True","True","0","0","False","False","False","False","False",""
"C:\Users\maria\Desktop\Current\Converter\languages\en\convert\jpeg\html-to-jpeg\index.html","en","html","jpeg","41","True","True","True","True","0","0","False","False","False","False","False",""
"C:\Users\maria\Desktop\Current\Converter\languages\en\convert\jpeg\jpg-to-jpeg\index.html","en","jpg","jpeg","41","True","True","True","True","0","0","False","False","False","False","False",""
"C:\Users\maria\Desktop\Current\Converter\languages\en\convert\jpeg\json-to-jpeg\index.html","en","json","jpeg","41","True","True","True","True","0","0","False","False","False","False","False",""
"C:\Users\maria\Desktop\Current\Converter\languages\en\convert\jpeg\jsonl-to-jpeg\index.html","en","jsonl","jpeg","41","True","True","True","True","0","0","False","False","False","False","False",""
"C:\Users\maria\Desktop\Current\Converter\languages\en\convert\jpeg\m4a-to-jpeg\index.html","en","m4a","jpeg","41","True","True","True","True","0","0","False","False","False","False","False",""
"C:\Users\maria\Desktop\Current\Converter\languages\en\convert\jpeg\m4v-to-jpeg\index.html","en","m4v","jpeg","41","True","True","True","True","0","0","False","False","False","False","False",""
"C:\Users\maria\Desktop\Current\Converter\languages\en\convert\jpeg\md-to-jpeg\index.html","en","md","jpeg","41","True","True","True","True","0","0","False","False","False","False","False",""
"C:\Users\maria\Desktop\Current\Converter\languages\en\convert\jpeg\mkv-to-jpeg\index.html","en","mkv","jpeg","41","True","True","True","True","0","0","False","False","False","False","False",""
"C:\Users\maria\Desktop\Current\Converter\languages\en\convert\jpeg\mov-to-jpeg\index.html","en","mov","jpeg","41","True","True","True","True","0","0","False","False","False","False","False",""
"C:\Users\maria\Desktop\Current\Converter\languages\en\convert\jpeg\mp3-to-jpeg\index.html","en","mp3","jpeg","41","True","True","True","True","0","0","False","False","False","False","False",""
"C:\Users\maria\Desktop\Current\Converter\languages\en\convert\jpeg\mp4-to-jpeg\index.html","en","mp4","jpeg","41","True","True","True","True","0","0","False","False","False","False","False",""
"C:\Users\maria\Desktop\Current\Converter\languages\en\convert\jpeg\ogg-to-jpeg\index.html","en","ogg","jpeg","41","True","True","True","True","0","0","False","False","False","False","False",""
"C:\Users\maria\Desktop\Current\Converter\languages\en\convert\jpeg\opus-to-jpeg\index.html","en","opus","jpeg","41","True","True","True","True","0","0","False","False","False","False","False",""
"C:\Users\maria\Desktop\Current\Converter\languages\en\convert\jpeg\pdf-to-jpeg\index.html","en","pdf","jpeg","41","True","True","True","True","0","0","False","False","False","False","False",""
"C:\Users\maria\Desktop\Current\Converter\languages\en\convert\jpeg\png-to-jpeg\index.html","en","png","jpeg","41","True","True","True","True","0","0","False","False","False","False","False",""
"C:\Users\maria\Desktop\Current\Converter\languages\en\convert\jpeg\pptx-to-jpeg\index.html","en","pptx","jpeg","41","True","True","True","True","0","0","False","False","False","False","False",""
"C:\Users\maria\Desktop\Current\Converter\languages\en\convert\jpeg\rar-to-jpeg\index.html","en","rar","jpeg","41","True","True","True","True","0","0","False","False","False","False","False",""
"C:\Users\maria\Desktop\Current\Converter\languages\en\convert\jpeg\rtf-to-jpeg\index.html","en","rtf","jpeg","41","True","True","True","True","0","0","False","False","False","False","False",""
"C:\Users\maria\Desktop\Current\Converter\languages\en\convert\jpeg\svg-to-jpeg\index.html","en","svg","jpeg","41","True","True","True","True","0","0","False","False","False","False","False",""
"C:\Users\maria\Desktop\Current\Converter\languages\en\convert\jpeg\tar-to-jpeg\index.html","en","tar","jpeg","41","True","True","True","True","0","0","False","False","False","False","False",""
"C:\Users\maria\Desktop\Current\Converter\languages\en\convert\jpeg\tar.bz2-to-jpeg\index.html","en","tar.bz2","jpeg","41","True","True","True","True","0","0","False","False","False","False","False",""
"C:\Users\maria\Desktop\Current\Converter\languages\en\convert\jpeg\tar.gz-to-jpeg\index.html","en","tar.gz","jpeg","41","True","True","True","True","0","0","False","False","False","False","False",""
"C:\Users\maria\Desktop\Current\Converter\languages\en\convert\jpeg\tar.xz-to-jpeg\index.html","en","tar.xz","jpeg","41","True","True","True","True","0","0","False","False","False","False","False",""
"C:\Users\maria\Desktop\Current\Converter\languages\en\convert\jpeg\tbz-to-jpeg\index.html","en","tbz","jpeg","41","True","True","True","True","0","0","False","False","False","False","False",""
"C:\Users\maria\Desktop\Current\Converter\languages\en\convert\jpeg\tgz-to-jpeg\index.html","en","tgz","jpeg","41","True","True","True","True","0","0","False","False","False","False","False",""
"C:\Users\maria\Desktop\Current\Converter\languages\en\convert\jpeg\tiff-to-jpeg\index.html","en","tiff","jpeg","41","True","True","True","True","0","0","False","False","False","False","False",""
"C:\Users\maria\Desktop\Current\Converter\languages\en\convert\jpeg\tsv-to-jpeg\index.html","en","tsv","jpeg","41","True","True","True","True","0","0","False","False","False","False","False",""
"C:\Users\maria\Desktop\Current\Converter\languages\en\convert\jpeg\txt-to-jpeg\index.html","en","txt","jpeg","41","True","True","True","True","0","0","False","False","False","False","False",""
"C:\Users\maria\Desktop\Current\Converter\languages\en\convert\jpeg\txz-to-jpeg\index.html","en","txz","jpeg","41","True","True","True","True","0","0","False","False","False","False","False",""
"C:\Users\maria\Desktop\Current\Converter\languages\en\convert\jpeg\wav-to-jpeg\index.html","en","wav","jpeg","41","True","True","True","True","0","0","False","False","False","False","False",""
"C:\Users\maria\Desktop\Current\Converter\languages\en\convert\jpeg\webm-to-jpeg\index.html","en","webm","jpeg","41","True","True","True","True","0","0","False","False","False","False","False",""
"C:\Users\maria\Desktop\Current\Converter\languages\en\convert\jpeg\webp-to-jpeg\index.html","en","webp","jpeg","41","True","True","True","True","0","0","False","False","False","False","False",""
"C:\Users\maria\Desktop\Current\Converter\languages\en\convert\jpeg\xlsx-to-jpeg\index.html","en","xlsx","jpeg","41","True","True","True","True","0","0","False","False","False","False","False",""
"C:\Users\maria\Desktop\Current\Converter\languages\en\convert\jpeg\zip-to-jpeg\index.html","en","zip","jpeg","41","True","True","True","True","0","0","False","False","False","False","False",""
"C:\Users\maria\Desktop\Current\Converter\languages\en\convert\jpg\7z-to-jpg\index.html","en","7z","jpg","41","True","True","True","True","0","0","False","False","False","False","False",""
"C:\Users\maria\Desktop\Current\Converter\languages\en\convert\jpg\aac-to-jpg\index.html","en","aac","jpg","41","True","True","True","True","0","0","False","False","False","False","False",""
"C:\Users\maria\Desktop\Current\Converter\languages\en\convert\jpg\aiff-to-jpg\index.html","en","aiff","jpg","41","True","True","True","True","0","0","False","False","False","False","False",""
"C:\Users\maria\Desktop\Current\Converter\languages\en\convert\jpg\bmp-to-jpg\index.html","en","bmp","jpg","41","True","True","True","True","0","0","False","False","False","False","False",""
"C:\Users\maria\Desktop\Current\Converter\languages\en\convert\jpg\csv-to-jpg\index.html","en","csv","jpg","41","True","True","True","True","0","0","False","False","False","False","False",""
"C:\Users\maria\Desktop\Current\Converter\languages\en\convert\jpg\docx-to-jpg\index.html","en","docx","jpg","41","True","True","True","True","0","0","False","False","False","False","False",""
"C:\Users\maria\Desktop\Current\Converter\languages\en\convert\jpg\flac-to-jpg\index.html","en","flac","jpg","41","True","True","True","True","0","0","False","False","False","False","False",""
"C:\Users\maria\Desktop\Current\Converter\languages\en\convert\jpg\gif-to-jpg\index.html","en","gif","jpg","41","True","True","True","True","0","0","False","False","False","False","False",""
"C:\Users\maria\Desktop\Current\Converter\languages\en\convert\jpg\html-to-jpg\index.html","en","html","jpg","41","True","True","True","True","0","0","False","False","False","False","False",""
"C:\Users\maria\Desktop\Current\Converter\languages\en\convert\jpg\jpeg-to-jpg\index.html","en","jpeg","jpg","41","True","True","True","True","0","0","False","False","False","False","False",""
"C:\Users\maria\Desktop\Current\Converter\languages\en\convert\jpg\json-to-jpg\index.html","en","json","jpg","41","True","True","True","True","0","0","False","False","False","False","False",""
"C:\Users\maria\Desktop\Current\Converter\languages\en\convert\jpg\jsonl-to-jpg\index.html","en","jsonl","jpg","41","True","True","True","True","0","0","False","False","False","False","False",""
"C:\Users\maria\Desktop\Current\Converter\languages\en\convert\jpg\m4a-to-jpg\index.html","en","m4a","jpg","41","True","True","True","True","0","0","False","False","False","False","False",""
"C:\Users\maria\Desktop\Current\Converter\languages\en\convert\jpg\m4v-to-jpg\index.html","en","m4v","jpg","41","True","True","True","True","0","0","False","False","False","False","False",""
"C:\Users\maria\Desktop\Current\Converter\languages\en\convert\jpg\md-to-jpg\index.html","en","md","jpg","41","True","True","True","True","0","0","False","False","False","False","False",""
"C:\Users\maria\Desktop\Current\Converter\languages\en\convert\jpg\mkv-to-jpg\index.html","en","mkv","jpg","41","True","True","True","True","0","0","False","False","False","False","False",""
"C:\Users\maria\Desktop\Current\Converter\languages\en\convert\jpg\mov-to-jpg\index.html","en","mov","jpg","41","True","True","True","True","0","0","False","False","False","False","False",""
"C:\Users\maria\Desktop\Current\Converter\languages\en\convert\jpg\mp3-to-jpg\index.html","en","mp3","jpg","41","True","True","True","True","0","0","False","False","False","False","False",""
"C:\Users\maria\Desktop\Current\Converter\languages\en\convert\jpg\mp4-to-jpg\index.html","en","mp4","jpg","41","True","True","True","True","0","0","False","False","False","False","False",""
"C:\Users\maria\Desktop\Current\Converter\languages\en\convert\jpg\ogg-to-jpg\index.html","en","ogg","jpg","41","True","True","True","True","0","0","False","False","False","False","False",""
"C:\Users\maria\Desktop\Current\Converter\languages\en\convert\jpg\opus-to-jpg\index.html","en","opus","jpg","41","True","True","True","True","0","0","False","False","False","False","False",""
"C:\Users\maria\Desktop\Current\Converter\languages\en\convert\jpg\pdf-to-jpg\index.html","en","pdf","jpg","41","True","True","True","True","0","0","False","False","False","False","False",""
"C:\Users\maria\Desktop\Current\Converter\languages\en\convert\jpg\png-to-jpg\index.html","en","png","jpg","41","True","True","True","True","0","0","False","False","False","False","False",""
"C:\Users\maria\Desktop\Current\Converter\languages\en\convert\jpg\pptx-to-jpg\index.html","en","pptx","jpg","41","True","True","True","True","0","0","False","False","False","False","False",""
"C:\Users\maria\Desktop\Current\Converter\languages\en\convert\jpg\rar-to-jpg\index.html","en","rar","jpg","41","True","True","True","True","0","0","False","False","False","False","False",""
"C:\Users\maria\Desktop\Current\Converter\languages\en\convert\jpg\rtf-to-jpg\index.html","en","rtf","jpg","41","True","True","True","True","0","0","False","False","False","False","False",""
"C:\Users\maria\Desktop\Current\Converter\languages\en\convert\jpg\svg-to-jpg\index.html","en","svg","jpg","41","True","True","True","True","0","0","False","False","False","False","False",""
"C:\Users\maria\Desktop\Current\Converter\languages\en\convert\jpg\tar-to-jpg\index.html","en","tar","jpg","41","True","True","True","True","0","0","False","False","False","False","False",""
"C:\Users\maria\Desktop\Current\Converter\languages\en\convert\jpg\tar.bz2-to-jpg\index.html","en","tar.bz2","jpg","41","True","True","True","True","0","0","False","False","False","False","False",""
"C:\Users\maria\Desktop\Current\Converter\languages\en\convert\jpg\tar.gz-to-jpg\index.html","en","tar.gz","jpg","41","True","True","True","True","0","0","False","False","False","False","False",""
"C:\Users\maria\Desktop\Current\Converter\languages\en\convert\jpg\tar.xz-to-jpg\index.html","en","tar.xz","jpg","41","True","True","True","True","0","0","False","False","False","False","False",""
"C:\Users\maria\Desktop\Current\Converter\languages\en\convert\jpg\tbz-to-jpg\index.html","en","tbz","jpg","41","True","True","True","True","0","0","False","False","False","False","False",""
"C:\Users\maria\Desktop\Current\Converter\languages\en\convert\jpg\tgz-to-jpg\index.html","en","tgz","jpg","41","True","True","True","True","0","0","False","False","False","False","False",""
"C:\Users\maria\Desktop\Current\Converter\languages\en\convert\jpg\tiff-to-jpg\index.html","en","tiff","jpg","41","True","True","True","True","0","0","False","False","False","False","False",""
"C:\Users\maria\Desktop\Current\Converter\languages\en\convert\jpg\tsv-to-jpg\index.html","en","tsv","jpg","41","True","True","True","True","0","0","False","False","False","False","False",""
"C:\Users\maria\Desktop\Current\Converter\languages\en\convert\jpg\txt-to-jpg\index.html","en","txt","jpg","41","True","True","True","True","0","0","False","False","False","False","False",""
"C:\Users\maria\Desktop\Current\Converter\languages\en\convert\jpg\txz-to-jpg\index.html","en","txz","jpg","41","True","True","True","True","0","0","False","False","False","False","False",""
"C:\Users\maria\Desktop\Current\Converter\languages\en\convert\jpg\wav-to-jpg\index.html","en","wav","jpg","41","True","True","True","True","0","0","False","False","False","False","False",""
"C:\Users\maria\Desktop\Current\Converter\languages\en\convert\jpg\webm-to-jpg\index.html","en","webm","jpg","41","True","True","True","True","0","0","False","False","False","False","False",""
"C:\Users\maria\Desktop\Current\Converter\languages\en\convert\jpg\webp-to-jpg\index.html","en","webp","jpg","41","True","True","True","True","0","0","False","False","False","False","False",""
"C:\Users\maria\Desktop\Current\Converter\languages\en\convert\jpg\xlsx-to-jpg\index.html","en","xlsx","jpg","41","True","True","True","True","0","0","False","False","False","False","False",""
"C:\Users\maria\Desktop\Current\Converter\languages\en\convert\jpg\zip-to-jpg\index.html","en","zip","jpg","41","True","True","True","True","0","0","False","False","False","False","False",""
"C:\Users\maria\Desktop\Current\Converter\languages\en\convert\json\7z-to-json\index.html","en","7z","json","41","True","True","True","True","0","0","False","False","False","False","False",""
"C:\Users\maria\Desktop\Current\Converter\languages\en\convert\json\aac-to-json\index.html","en","aac","json","41","True","True","True","True","0","0","False","False","False","False","False",""
"C:\Users\maria\Desktop\Current\Converter\languages\en\convert\json\aiff-to-json\index.html","en","aiff","json","41","True","True","True","True","0","0","False","False","False","False","False",""
"C:\Users\maria\Desktop\Current\Converter\languages\en\convert\json\bmp-to-json\index.html","en","bmp","json","41","True","True","True","True","0","0","False","False","False","False","False",""
"C:\Users\maria\Desktop\Current\Converter\languages\en\convert\json\csv-to-json\index.html","en","csv","json","41","True","True","True","True","0","0","False","False","False","False","False",""
"C:\Users\maria\Desktop\Current\Converter\languages\en\convert\json\docx-to-json\index.html","en","docx","json","41","True","True","True","True","0","0","False","False","False","False","False",""
"C:\Users\maria\Desktop\Current\Converter\languages\en\convert\json\flac-to-json\index.html","en","flac","json","41","True","True","True","True","0","0","False","False","False","False","False",""
"C:\Users\maria\Desktop\Current\Converter\languages\en\convert\json\gif-to-json\index.html","en","gif","json","41","True","True","True","True","0","0","False","False","False","False","False",""
"C:\Users\maria\Desktop\Current\Converter\languages\en\convert\json\html-to-json\index.html","en","html","json","41","True","True","True","True","0","0","False","False","False","False","False",""
"C:\Users\maria\Desktop\Current\Converter\languages\en\convert\json\jpeg-to-json\index.html","en","jpeg","json","41","True","True","True","True","0","0","False","False","False","False","False",""
"C:\Users\maria\Desktop\Current\Converter\languages\en\convert\json\jpg-to-json\index.html","en","jpg","json","41","True","True","True","True","0","0","False","False","False","False","False",""
"C:\Users\maria\Desktop\Current\Converter\languages\en\convert\json\jsonl-to-json\index.html","en","jsonl","json","41","True","True","True","True","0","0","False","False","False","False","False",""
"C:\Users\maria\Desktop\Current\Converter\languages\en\convert\json\m4a-to-json\index.html","en","m4a","json","41","True","True","True","True","0","0","False","False","False","False","False",""
"C:\Users\maria\Desktop\Current\Converter\languages\en\convert\json\m4v-to-json\index.html","en","m4v","json","41","True","True","True","True","0","0","False","False","False","False","False",""
"C:\Users\maria\Desktop\Current\Converter\languages\en\convert\json\md-to-json\index.html","en","md","json","41","True","True","True","True","0","0","False","False","False","False","False",""
"C:\Users\maria\Desktop\Current\Converter\languages\en\convert\json\mkv-to-json\index.html","en","mkv","json","41","True","True","True","True","0","0","False","False","False","False","False",""
"C:\Users\maria\Desktop\Current\Converter\languages\en\convert\json\mov-to-json\index.html","en","mov","json","41","True","True","True","True","0","0","False","False","False","False","False",""
"C:\Users\maria\Desktop\Current\Converter\languages\en\convert\json\mp3-to-json\index.html","en","mp3","json","41","True","True","True","True","0","0","False","False","False","False","False",""
"C:\Users\maria\Desktop\Current\Converter\languages\en\convert\json\mp4-to-json\index.html","en","mp4","json","41","True","True","True","True","0","0","False","False","False","False","False",""
"C:\Users\maria\Desktop\Current\Converter\languages\en\convert\json\ogg-to-json\index.html","en","ogg","json","41","True","True","True","True","0","0","False","False","False","False","False",""
"C:\Users\maria\Desktop\Current\Converter\languages\en\convert\json\opus-to-json\index.html","en","opus","json","41","True","True","True","True","0","0","False","False","False","False","False",""
"C:\Users\maria\Desktop\Current\Converter\languages\en\convert\json\pdf-to-json\index.html","en","pdf","json","41","True","True","True","True","0","0","False","False","False","False","False",""
"C:\Users\maria\Desktop\Current\Converter\languages\en\convert\json\png-to-json\index.html","en","png","json","41","True","True","True","True","0","0","False","False","False","False","False",""
"C:\Users\maria\Desktop\Current\Converter\languages\en\convert\json\pptx-to-json\index.html","en","pptx","json","41","True","True","True","True","0","0","False","False","False","False","False",""
"C:\Users\maria\Desktop\Current\Converter\languages\en\convert\json\rar-to-json\index.html","en","rar","json","41","True","True","True","True","0","0","False","False","False","False","False",""
"C:\Users\maria\Desktop\Current\Converter\languages\en\convert\json\rtf-to-json\index.html","en","rtf","json","41","True","True","True","True","0","0","False","False","False","False","False",""
"C:\Users\maria\Desktop\Current\Converter\languages\en\convert\json\svg-to-json\index.html","en","svg","json","41","True","True","True","True","0","0","False","False","False","False","False",""
"C:\Users\maria\Desktop\Current\Converter\languages\en\convert\json\tar-to-json\index.html","en","tar","json","41","True","True","True","True","0","0","False","False","False","False","False",""
"C:\Users\maria\Desktop\Current\Converter\languages\en\convert\json\tar.bz2-to-json\index.html","en","tar.bz2","json","41","True","True","True","True","0","0","False","False","False","False","False",""
"C:\Users\maria\Desktop\Current\Converter\languages\en\convert\json\tar.gz-to-json\index.html","en","tar.gz","json","41","True","True","True","True","0","0","False","False","False","False","False",""
"C:\Users\maria\Desktop\Current\Converter\languages\en\convert\json\tar.xz-to-json\index.html","en","tar.xz","json","41","True","True","True","True","0","0","False","False","False","False","False",""
"C:\Users\maria\Desktop\Current\Converter\languages\en\convert\json\tbz-to-json\index.html","en","tbz","json","41","True","True","True","True","0","0","False","False","False","False","False",""
"C:\Users\maria\Desktop\Current\Converter\languages\en\convert\json\tgz-to-json\index.html","en","tgz","json","41","True","True","True","True","0","0","False","False","False","False","False",""
"C:\Users\maria\Desktop\Current\Converter\languages\en\convert\json\tiff-to-json\index.html","en","tiff","json","41","True","True","True","True","0","0","False","False","False","False","False",""
"C:\Users\maria\Desktop\Current\Converter\languages\en\convert\json\tsv-to-json\index.html","en","tsv","json","41","True","True","True","True","0","0","False","False","False","False","False",""
"C:\Users\maria\Desktop\Current\Converter\languages\en\convert\json\txt-to-json\index.html","en","txt","json","41","True","True","True","True","0","0","False","False","False","False","False",""
"C:\Users\maria\Desktop\Current\Converter\languages\en\convert\json\txz-to-json\index.html","en","txz","json","41","True","True","True","True","0","0","False","False","False","False","False",""
"C:\Users\maria\Desktop\Current\Converter\languages\en\convert\json\wav-to-json\index.html","en","wav","json","41","True","True","True","True","0","0","False","False","False","False","False",""
"C:\Users\maria\Desktop\Current\Converter\languages\en\convert\json\webm-to-json\index.html","en","webm","json","41","True","True","True","True","0","0","False","False","False","False","False",""
"C:\Users\maria\Desktop\Current\Converter\languages\en\convert\json\webp-to-json\index.html","en","webp","json","41","True","True","True","True","0","0","False","False","False","False","False",""
"C:\Users\maria\Desktop\Current\Converter\languages\en\convert\json\xlsx-to-json\index.html","en","xlsx","json","41","True","True","True","True","0","0","False","False","False","False","False",""
"C:\Users\maria\Desktop\Current\Converter\languages\en\convert\json\zip-to-json\index.html","en","zip","json","41","True","True","True","True","0","0","False","False","False","False","False",""
"C:\Users\maria\Desktop\Current\Converter\languages\en\convert\jsonl\7z-to-jsonl\index.html","en","7z","jsonl","41","True","True","True","True","0","0","False","False","False","False","False",""
"C:\Users\maria\Desktop\Current\Converter\languages\en\convert\jsonl\aac-to-jsonl\index.html","en","aac","jsonl","41","True","True","True","True","0","0","False","False","False","False","False",""
"C:\Users\maria\Desktop\Current\Converter\languages\en\convert\jsonl\aiff-to-jsonl\index.html","en","aiff","jsonl","41","True","True","True","True","0","0","False","False","False","False","False",""
"C:\Users\maria\Desktop\Current\Converter\languages\en\convert\jsonl\bmp-to-jsonl\index.html","en","bmp","jsonl","41","True","True","True","True","0","0","False","False","False","False","False",""
"C:\Users\maria\Desktop\Current\Converter\languages\en\convert\jsonl\csv-to-jsonl\index.html","en","csv","jsonl","41","True","True","True","True","0","0","False","False","False","False","False",""
"C:\Users\maria\Desktop\Current\Converter\languages\en\convert\jsonl\docx-to-jsonl\index.html","en","docx","jsonl","41","True","True","True","True","0","0","False","False","False","False","False",""
"C:\Users\maria\Desktop\Current\Converter\languages\en\convert\jsonl\flac-to-jsonl\index.html","en","flac","jsonl","41","True","True","True","True","0","0","False","False","False","False","False",""
"C:\Users\maria\Desktop\Current\Converter\languages\en\convert\jsonl\gif-to-jsonl\index.html","en","gif","jsonl","41","True","True","True","True","0","0","False","False","False","False","False",""
"C:\Users\maria\Desktop\Current\Converter\languages\en\convert\jsonl\html-to-jsonl\index.html","en","html","jsonl","41","True","True","True","True","0","0","False","False","False","False","False",""
"C:\Users\maria\Desktop\Current\Converter\languages\en\convert\jsonl\jpeg-to-jsonl\index.html","en","jpeg","jsonl","41","True","True","True","True","0","0","False","False","False","False","False",""
"C:\Users\maria\Desktop\Current\Converter\languages\en\convert\jsonl\jpg-to-jsonl\index.html","en","jpg","jsonl","41","True","True","True","True","0","0","False","False","False","False","False",""
"C:\Users\maria\Desktop\Current\Converter\languages\en\convert\jsonl\json-to-jsonl\index.html","en","json","jsonl","41","True","True","True","True","0","0","False","False","False","False","False",""
"C:\Users\maria\Desktop\Current\Converter\languages\en\convert\jsonl\m4a-to-jsonl\index.html","en","m4a","jsonl","41","True","True","True","True","0","0","False","False","False","False","False",""
"C:\Users\maria\Desktop\Current\Converter\languages\en\convert\jsonl\m4v-to-jsonl\index.html","en","m4v","jsonl","41","True","True","True","True","0","0","False","False","False","False","False",""
"C:\Users\maria\Desktop\Current\Converter\languages\en\convert\jsonl\md-to-jsonl\index.html","en","md","jsonl","41","True","True","True","True","0","0","False","False","False","False","False",""
"C:\Users\maria\Desktop\Current\Converter\languages\en\convert\jsonl\mkv-to-jsonl\index.html","en","mkv","jsonl","41","True","True","True","True","0","0","False","False","False","False","False",""
"C:\Users\maria\Desktop\Current\Converter\languages\en\convert\jsonl\mov-to-jsonl\index.html","en","mov","jsonl","41","True","True","True","True","0","0","False","False","False","False","False",""
"C:\Users\maria\Desktop\Current\Converter\languages\en\convert\jsonl\mp3-to-jsonl\index.html","en","mp3","jsonl","41","True","True","True","True","0","0","False","False","False","False","False",""
"C:\Users\maria\Desktop\Current\Converter\languages\en\convert\jsonl\mp4-to-jsonl\index.html","en","mp4","jsonl","41","True","True","True","True","0","0","False","False","False","False","False",""
"C:\Users\maria\Desktop\Current\Converter\languages\en\convert\jsonl\ogg-to-jsonl\index.html","en","ogg","jsonl","41","True","True","True","True","0","0","False","False","False","False","False",""
"C:\Users\maria\Desktop\Current\Converter\languages\en\convert\jsonl\opus-to-jsonl\index.html","en","opus","jsonl","41","True","True","True","True","0","0","False","False","False","False","False",""
"C:\Users\maria\Desktop\Current\Converter\languages\en\convert\jsonl\pdf-to-jsonl\index.html","en","pdf","jsonl","41","True","True","True","True","0","0","False","False","False","False","False",""
"C:\Users\maria\Desktop\Current\Converter\languages\en\convert\jsonl\png-to-jsonl\index.html","en","png","jsonl","41","True","True","True","True","0","0","False","False","False","False","False",""
"C:\Users\maria\Desktop\Current\Converter\languages\en\convert\jsonl\pptx-to-jsonl\index.html","en","pptx","jsonl","41","True","True","True","True","0","0","False","False","False","False","False",""
"C:\Users\maria\Desktop\Current\Converter\languages\en\convert\jsonl\rar-to-jsonl\index.html","en","rar","jsonl","41","True","True","True","True","0","0","False","False","False","False","False",""
"C:\Users\maria\Desktop\Current\Converter\languages\en\convert\jsonl\rtf-to-jsonl\index.html","en","rtf","jsonl","41","True","True","True","True","0","0","False","False","False","False","False",""
"C:\Users\maria\Desktop\Current\Converter\languages\en\convert\jsonl\svg-to-jsonl\index.html","en","svg","jsonl","41","True","True","True","True","0","0","False","False","False","False","False",""
"C:\Users\maria\Desktop\Current\Converter\languages\en\convert\jsonl\tar-to-jsonl\index.html","en","tar","jsonl","41","True","True","True","True","0","0","False","False","False","False","False",""
"C:\Users\maria\Desktop\Current\Converter\languages\en\convert\jsonl\tar.bz2-to-jsonl\index.html","en","tar.bz2","jsonl","41","True","True","True","True","0","0","False","False","False","False","False",""
"C:\Users\maria\Desktop\Current\Converter\languages\en\convert\jsonl\tar.gz-to-jsonl\index.html","en","tar.gz","jsonl","41","True","True","True","True","0","0","False","False","False","False","False",""
"C:\Users\maria\Desktop\Current\Converter\languages\en\convert\jsonl\tar.xz-to-jsonl\index.html","en","tar.xz","jsonl","41","True","True","True","True","0","0","False","False","False","False","False",""
"C:\Users\maria\Desktop\Current\Converter\languages\en\convert\jsonl\tbz-to-jsonl\index.html","en","tbz","jsonl","41","True","True","True","True","0","0","False","False","False","False","False",""
"C:\Users\maria\Desktop\Current\Converter\languages\en\convert\jsonl\tgz-to-jsonl\index.html","en","tgz","jsonl","41","True","True","True","True","0","0","False","False","False","False","False",""
"C:\Users\maria\Desktop\Current\Converter\languages\en\convert\jsonl\tiff-to-jsonl\index.html","en","tiff","jsonl","41","True","True","True","True","0","0","False","False","False","False","False",""
"C:\Users\maria\Desktop\Current\Converter\languages\en\convert\jsonl\tsv-to-jsonl\index.html","en","tsv","jsonl","41","True","True","True","True","0","0","False","False","False","False","False",""
"C:\Users\maria\Desktop\Current\Converter\languages\en\convert\jsonl\txt-to-jsonl\index.html","en","txt","jsonl","41","True","True","True","True","0","0","False","False","False","False","False",""
"C:\Users\maria\Desktop\Current\Converter\languages\en\convert\jsonl\txz-to-jsonl\index.html","en","txz","jsonl","41","True","True","True","True","0","0","False","False","False","False","False",""
"C:\Users\maria\Desktop\Current\Converter\languages\en\convert\jsonl\wav-to-jsonl\index.html","en","wav","jsonl","41","True","True","True","True","0","0","False","False","False","False","False",""
"C:\Users\maria\Desktop\Current\Converter\languages\en\convert\jsonl\webm-to-jsonl\index.html","en","webm","jsonl","41","True","True","True","True","0","0","False","False","False","False","False",""
"C:\Users\maria\Desktop\Current\Converter\languages\en\convert\jsonl\webp-to-jsonl\index.html","en","webp","jsonl","41","True","True","True","True","0","0","False","False","False","False","False",""
"C:\Users\maria\Desktop\Current\Converter\languages\en\convert\jsonl\xlsx-to-jsonl\index.html","en","xlsx","jsonl","41","True","True","True","True","0","0","False","False","False","False","False",""
"C:\Users\maria\Desktop\Current\Converter\languages\en\convert\jsonl\zip-to-jsonl\index.html","en","zip","jsonl","41","True","True","True","True","0","0","False","False","False","False","False",""
"C:\Users\maria\Desktop\Current\Converter\languages\en\convert\m4a\7z-to-m4a\index.html","en","7z","m4a","41","True","True","True","True","0","0","False","False","False","False","False",""
"C:\Users\maria\Desktop\Current\Converter\languages\en\convert\m4a\aac-to-m4a\index.html","en","aac","m4a","41","True","True","True","True","0","0","False","False","False","False","False",""
"C:\Users\maria\Desktop\Current\Converter\languages\en\convert\m4a\aiff-to-m4a\index.html","en","aiff","m4a","41","True","True","True","True","0","0","False","False","False","False","False",""
"C:\Users\maria\Desktop\Current\Converter\languages\en\convert\m4a\bmp-to-m4a\index.html","en","bmp","m4a","41","True","True","True","True","0","0","False","False","False","False","False",""
"C:\Users\maria\Desktop\Current\Converter\languages\en\convert\m4a\csv-to-m4a\index.html","en","csv","m4a","41","True","True","True","True","0","0","False","False","False","False","False",""
"C:\Users\maria\Desktop\Current\Converter\languages\en\convert\m4a\docx-to-m4a\index.html","en","docx","m4a","41","True","True","True","True","0","0","False","False","False","False","False",""
"C:\Users\maria\Desktop\Current\Converter\languages\en\convert\m4a\flac-to-m4a\index.html","en","flac","m4a","41","True","True","True","True","0","0","False","False","False","False","False",""
"C:\Users\maria\Desktop\Current\Converter\languages\en\convert\m4a\gif-to-m4a\index.html","en","gif","m4a","41","True","True","True","True","0","0","False","False","False","False","False",""
"C:\Users\maria\Desktop\Current\Converter\languages\en\convert\m4a\html-to-m4a\index.html","en","html","m4a","41","True","True","True","True","0","0","False","False","False","False","False",""
"C:\Users\maria\Desktop\Current\Converter\languages\en\convert\m4a\jpeg-to-m4a\index.html","en","jpeg","m4a","41","True","True","True","True","0","0","False","False","False","False","False",""
"C:\Users\maria\Desktop\Current\Converter\languages\en\convert\m4a\jpg-to-m4a\index.html","en","jpg","m4a","41","True","True","True","True","0","0","False","False","False","False","False",""
"C:\Users\maria\Desktop\Current\Converter\languages\en\convert\m4a\json-to-m4a\index.html","en","json","m4a","41","True","True","True","True","0","0","False","False","False","False","False",""
"C:\Users\maria\Desktop\Current\Converter\languages\en\convert\m4a\jsonl-to-m4a\index.html","en","jsonl","m4a","41","True","True","True","True","0","0","False","False","False","False","False",""
"C:\Users\maria\Desktop\Current\Converter\languages\en\convert\m4a\m4v-to-m4a\index.html","en","m4v","m4a","41","True","True","True","True","0","0","False","False","False","False","False",""
"C:\Users\maria\Desktop\Current\Converter\languages\en\convert\m4a\md-to-m4a\index.html","en","md","m4a","41","True","True","True","True","0","0","False","False","False","False","False",""
"C:\Users\maria\Desktop\Current\Converter\languages\en\convert\m4a\mkv-to-m4a\index.html","en","mkv","m4a","41","True","True","True","True","0","0","False","False","False","False","False",""
"C:\Users\maria\Desktop\Current\Converter\languages\en\convert\m4a\mov-to-m4a\index.html","en","mov","m4a","41","True","True","True","True","0","0","False","False","False","False","False",""
"C:\Users\maria\Desktop\Current\Converter\languages\en\convert\m4a\mp3-to-m4a\index.html","en","mp3","m4a","41","True","True","True","True","0","0","False","False","False","False","False",""
"C:\Users\maria\Desktop\Current\Converter\languages\en\convert\m4a\mp4-to-m4a\index.html","en","mp4","m4a","41","True","True","True","True","0","0","False","False","False","False","False",""
"C:\Users\maria\Desktop\Current\Converter\languages\en\convert\m4a\ogg-to-m4a\index.html","en","ogg","m4a","41","True","True","True","True","0","0","False","False","False","False","False",""
"C:\Users\maria\Desktop\Current\Converter\languages\en\convert\m4a\opus-to-m4a\index.html","en","opus","m4a","41","True","True","True","True","0","0","False","False","False","False","False",""
"C:\Users\maria\Desktop\Current\Converter\languages\en\convert\m4a\pdf-to-m4a\index.html","en","pdf","m4a","41","True","True","True","True","0","0","False","False","False","False","False",""
"C:\Users\maria\Desktop\Current\Converter\languages\en\convert\m4a\png-to-m4a\index.html","en","png","m4a","41","True","True","True","True","0","0","False","False","False","False","False",""
"C:\Users\maria\Desktop\Current\Converter\languages\en\convert\m4a\pptx-to-m4a\index.html","en","pptx","m4a","41","True","True","True","True","0","0","False","False","False","False","False",""
"C:\Users\maria\Desktop\Current\Converter\languages\en\convert\m4a\rar-to-m4a\index.html","en","rar","m4a","41","True","True","True","True","0","0","False","False","False","False","False",""
"C:\Users\maria\Desktop\Current\Converter\languages\en\convert\m4a\rtf-to-m4a\index.html","en","rtf","m4a","41","True","True","True","True","0","0","False","False","False","False","False",""
"C:\Users\maria\Desktop\Current\Converter\languages\en\convert\m4a\svg-to-m4a\index.html","en","svg","m4a","41","True","True","True","True","0","0","False","False","False","False","False",""
"C:\Users\maria\Desktop\Current\Converter\languages\en\convert\m4a\tar-to-m4a\index.html","en","tar","m4a","41","True","True","True","True","0","0","False","False","False","False","False",""
"C:\Users\maria\Desktop\Current\Converter\languages\en\convert\m4a\tar.bz2-to-m4a\index.html","en","tar.bz2","m4a","41","True","True","True","True","0","0","False","False","False","False","False",""
"C:\Users\maria\Desktop\Current\Converter\languages\en\convert\m4a\tar.gz-to-m4a\index.html","en","tar.gz","m4a","41","True","True","True","True","0","0","False","False","False","False","False",""
"C:\Users\maria\Desktop\Current\Converter\languages\en\convert\m4a\tar.xz-to-m4a\index.html","en","tar.xz","m4a","41","True","True","True","True","0","0","False","False","False","False","False",""
"C:\Users\maria\Desktop\Current\Converter\languages\en\convert\m4a\tbz-to-m4a\index.html","en","tbz","m4a","41","True","True","True","True","0","0","False","False","False","False","False",""
"C:\Users\maria\Desktop\Current\Converter\languages\en\convert\m4a\tgz-to-m4a\index.html","en","tgz","m4a","41","True","True","True","True","0","0","False","False","False","False","False",""
"C:\Users\maria\Desktop\Current\Converter\languages\en\convert\m4a\tiff-to-m4a\index.html","en","tiff","m4a","41","True","True","True","True","0","0","False","False","False","False","False",""
"C:\Users\maria\Desktop\Current\Converter\languages\en\convert\m4a\tsv-to-m4a\index.html","en","tsv","m4a","41","True","True","True","True","0","0","False","False","False","False","False",""
"C:\Users\maria\Desktop\Current\Converter\languages\en\convert\m4a\txt-to-m4a\index.html","en","txt","m4a","41","True","True","True","True","0","0","False","False","False","False","False",""
"C:\Users\maria\Desktop\Current\Converter\languages\en\convert\m4a\txz-to-m4a\index.html","en","txz","m4a","41","True","True","True","True","0","0","False","False","False","False","False",""
"C:\Users\maria\Desktop\Current\Converter\languages\en\convert\m4a\wav-to-m4a\index.html","en","wav","m4a","41","True","True","True","True","0","0","False","False","False","False","False",""
"C:\Users\maria\Desktop\Current\Converter\languages\en\convert\m4a\webm-to-m4a\index.html","en","webm","m4a","41","True","True","True","True","0","0","False","False","False","False","False",""
"C:\Users\maria\Desktop\Current\Converter\languages\en\convert\m4a\webp-to-m4a\index.html","en","webp","m4a","41","True","True","True","True","0","0","False","False","False","False","False",""
"C:\Users\maria\Desktop\Current\Converter\languages\en\convert\m4a\xlsx-to-m4a\index.html","en","xlsx","m4a","41","True","True","True","True","0","0","False","False","False","False","False",""
"C:\Users\maria\Desktop\Current\Converter\languages\en\convert\m4a\zip-to-m4a\index.html","en","zip","m4a","41","True","True","True","True","0","0","False","False","False","False","False",""
"C:\Users\maria\Desktop\Current\Converter\languages\en\convert\m4v\7z-to-m4v\index.html","en","7z","m4v","41","True","True","True","True","0","0","False","False","False","False","False",""
"C:\Users\maria\Desktop\Current\Converter\languages\en\convert\m4v\aac-to-m4v\index.html","en","aac","m4v","41","True","True","True","True","0","0","False","False","False","False","False",""
"C:\Users\maria\Desktop\Current\Converter\languages\en\convert\m4v\aiff-to-m4v\index.html","en","aiff","m4v","41","True","True","True","True","0","0","False","False","False","False","False",""
"C:\Users\maria\Desktop\Current\Converter\languages\en\convert\m4v\bmp-to-m4v\index.html","en","bmp","m4v","41","True","True","True","True","0","0","False","False","False","False","False",""
"C:\Users\maria\Desktop\Current\Converter\languages\en\convert\m4v\csv-to-m4v\index.html","en","csv","m4v","41","True","True","True","True","0","0","False","False","False","False","False",""
"C:\Users\maria\Desktop\Current\Converter\languages\en\convert\m4v\docx-to-m4v\index.html","en","docx","m4v","41","True","True","True","True","0","0","False","False","False","False","False",""
"C:\Users\maria\Desktop\Current\Converter\languages\en\convert\m4v\flac-to-m4v\index.html","en","flac","m4v","41","True","True","True","True","0","0","False","False","False","False","False",""
"C:\Users\maria\Desktop\Current\Converter\languages\en\convert\m4v\gif-to-m4v\index.html","en","gif","m4v","41","True","True","True","True","0","0","False","False","False","False","False",""
"C:\Users\maria\Desktop\Current\Converter\languages\en\convert\m4v\html-to-m4v\index.html","en","html","m4v","41","True","True","True","True","0","0","False","False","False","False","False",""
"C:\Users\maria\Desktop\Current\Converter\languages\en\convert\m4v\jpeg-to-m4v\index.html","en","jpeg","m4v","41","True","True","True","True","0","0","False","False","False","False","False",""
"C:\Users\maria\Desktop\Current\Converter\languages\en\convert\m4v\jpg-to-m4v\index.html","en","jpg","m4v","41","True","True","True","True","0","0","False","False","False","False","False",""
"C:\Users\maria\Desktop\Current\Converter\languages\en\convert\m4v\json-to-m4v\index.html","en","json","m4v","41","True","True","True","True","0","0","False","False","False","False","False",""
"C:\Users\maria\Desktop\Current\Converter\languages\en\convert\m4v\jsonl-to-m4v\index.html","en","jsonl","m4v","41","True","True","True","True","0","0","False","False","False","False","False",""
"C:\Users\maria\Desktop\Current\Converter\languages\en\convert\m4v\m4a-to-m4v\index.html","en","m4a","m4v","41","True","True","True","True","0","0","False","False","False","False","False",""
"C:\Users\maria\Desktop\Current\Converter\languages\en\convert\m4v\md-to-m4v\index.html","en","md","m4v","41","True","True","True","True","0","0","False","False","False","False","False",""
"C:\Users\maria\Desktop\Current\Converter\languages\en\convert\m4v\mkv-to-m4v\index.html","en","mkv","m4v","41","True","True","True","True","0","0","False","False","False","False","False",""
"C:\Users\maria\Desktop\Current\Converter\languages\en\convert\m4v\mov-to-m4v\index.html","en","mov","m4v","41","True","True","True","True","0","0","False","False","False","False","False",""
"C:\Users\maria\Desktop\Current\Converter\languages\en\convert\m4v\mp3-to-m4v\index.html","en","mp3","m4v","41","True","True","True","True","0","0","False","False","False","False","False",""
"C:\Users\maria\Desktop\Current\Converter\languages\en\convert\m4v\mp4-to-m4v\index.html","en","mp4","m4v","41","True","True","True","True","0","0","False","False","False","False","False",""
"C:\Users\maria\Desktop\Current\Converter\languages\en\convert\m4v\ogg-to-m4v\index.html","en","ogg","m4v","41","True","True","True","True","0","0","False","False","False","False","False",""
"C:\Users\maria\Desktop\Current\Converter\languages\en\convert\m4v\opus-to-m4v\index.html","en","opus","m4v","41","True","True","True","True","0","0","False","False","False","False","False",""
"C:\Users\maria\Desktop\Current\Converter\languages\en\convert\m4v\pdf-to-m4v\index.html","en","pdf","m4v","41","True","True","True","True","0","0","False","False","False","False","False",""
"C:\Users\maria\Desktop\Current\Converter\languages\en\convert\m4v\png-to-m4v\index.html","en","png","m4v","41","True","True","True","True","0","0","False","False","False","False","False",""
"C:\Users\maria\Desktop\Current\Converter\languages\en\convert\m4v\pptx-to-m4v\index.html","en","pptx","m4v","41","True","True","True","True","0","0","False","False","False","False","False",""
"C:\Users\maria\Desktop\Current\Converter\languages\en\convert\m4v\rar-to-m4v\index.html","en","rar","m4v","41","True","True","True","True","0","0","False","False","False","False","False",""
"C:\Users\maria\Desktop\Current\Converter\languages\en\convert\m4v\rtf-to-m4v\index.html","en","rtf","m4v","41","True","True","True","True","0","0","False","False","False","False","False",""
"C:\Users\maria\Desktop\Current\Converter\languages\en\convert\m4v\svg-to-m4v\index.html","en","svg","m4v","41","True","True","True","True","0","0","False","False","False","False","False",""
"C:\Users\maria\Desktop\Current\Converter\languages\en\convert\m4v\tar-to-m4v\index.html","en","tar","m4v","41","True","True","True","True","0","0","False","False","False","False","False",""
"C:\Users\maria\Desktop\Current\Converter\languages\en\convert\m4v\tar.bz2-to-m4v\index.html","en","tar.bz2","m4v","41","True","True","True","True","0","0","False","False","False","False","False",""
"C:\Users\maria\Desktop\Current\Converter\languages\en\convert\m4v\tar.gz-to-m4v\index.html","en","tar.gz","m4v","41","True","True","True","True","0","0","False","False","False","False","False",""
"C:\Users\maria\Desktop\Current\Converter\languages\en\convert\m4v\tar.xz-to-m4v\index.html","en","tar.xz","m4v","41","True","True","True","True","0","0","False","False","False","False","False",""
"C:\Users\maria\Desktop\Current\Converter\languages\en\convert\m4v\tbz-to-m4v\index.html","en","tbz","m4v","41","True","True","True","True","0","0","False","False","False","False","False",""
"C:\Users\maria\Desktop\Current\Converter\languages\en\convert\m4v\tgz-to-m4v\index.html","en","tgz","m4v","41","True","True","True","True","0","0","False","False","False","False","False",""
"C:\Users\maria\Desktop\Current\Converter\languages\en\convert\m4v\tiff-to-m4v\index.html","en","tiff","m4v","41","True","True","True","True","0","0","False","False","False","False","False",""
"C:\Users\maria\Desktop\Current\Converter\languages\en\convert\m4v\tsv-to-m4v\index.html","en","tsv","m4v","41","True","True","True","True","0","0","False","False","False","False","False",""
"C:\Users\maria\Desktop\Current\Converter\languages\en\convert\m4v\txt-to-m4v\index.html","en","txt","m4v","41","True","True","True","True","0","0","False","False","False","False","False",""
"C:\Users\maria\Desktop\Current\Converter\languages\en\convert\m4v\txz-to-m4v\index.html","en","txz","m4v","41","True","True","True","True","0","0","False","False","False","False","False",""
"C:\Users\maria\Desktop\Current\Converter\languages\en\convert\m4v\wav-to-m4v\index.html","en","wav","m4v","41","True","True","True","True","0","0","False","False","False","False","False",""
"C:\Users\maria\Desktop\Current\Converter\languages\en\convert\m4v\webm-to-m4v\index.html","en","webm","m4v","41","True","True","True","True","0","0","False","False","False","False","False",""
"C:\Users\maria\Desktop\Current\Converter\languages\en\convert\m4v\webp-to-m4v\index.html","en","webp","m4v","41","True","True","True","True","0","0","False","False","False","False","False",""
"C:\Users\maria\Desktop\Current\Converter\languages\en\convert\m4v\xlsx-to-m4v\index.html","en","xlsx","m4v","41","True","True","True","True","0","0","False","False","False","False","False",""
"C:\Users\maria\Desktop\Current\Converter\languages\en\convert\m4v\zip-to-m4v\index.html","en","zip","m4v","41","True","True","True","True","0","0","False","False","False","False","False",""
"C:\Users\maria\Desktop\Current\Converter\languages\en\convert\md\7z-to-md\index.html","en","7z","md","41","True","True","True","True","0","0","False","False","False","False","False",""
"C:\Users\maria\Desktop\Current\Converter\languages\en\convert\md\aac-to-md\index.html","en","aac","md","41","True","True","True","True","0","0","False","False","False","False","False",""
"C:\Users\maria\Desktop\Current\Converter\languages\en\convert\md\aiff-to-md\index.html","en","aiff","md","41","True","True","True","True","0","0","False","False","False","False","False",""
"C:\Users\maria\Desktop\Current\Converter\languages\en\convert\md\bmp-to-md\index.html","en","bmp","md","41","True","True","True","True","0","0","False","False","False","False","False",""
"C:\Users\maria\Desktop\Current\Converter\languages\en\convert\md\csv-to-md\index.html","en","csv","md","41","True","True","True","True","0","0","False","False","False","False","False",""
"C:\Users\maria\Desktop\Current\Converter\languages\en\convert\md\docx-to-md\index.html","en","docx","md","41","True","True","True","True","0","0","False","False","False","False","False",""
"C:\Users\maria\Desktop\Current\Converter\languages\en\convert\md\flac-to-md\index.html","en","flac","md","41","True","True","True","True","0","0","False","False","False","False","False",""
"C:\Users\maria\Desktop\Current\Converter\languages\en\convert\md\gif-to-md\index.html","en","gif","md","41","True","True","True","True","0","0","False","False","False","False","False",""
"C:\Users\maria\Desktop\Current\Converter\languages\en\convert\md\html-to-md\index.html","en","html","md","41","True","True","True","True","0","0","False","False","False","False","False",""
"C:\Users\maria\Desktop\Current\Converter\languages\en\convert\md\jpeg-to-md\index.html","en","jpeg","md","41","True","True","True","True","0","0","False","False","False","False","False",""
"C:\Users\maria\Desktop\Current\Converter\languages\en\convert\md\jpg-to-md\index.html","en","jpg","md","41","True","True","True","True","0","0","False","False","False","False","False",""
"C:\Users\maria\Desktop\Current\Converter\languages\en\convert\md\json-to-md\index.html","en","json","md","41","True","True","True","True","0","0","False","False","False","False","False",""
"C:\Users\maria\Desktop\Current\Converter\languages\en\convert\md\jsonl-to-md\index.html","en","jsonl","md","41","True","True","True","True","0","0","False","False","False","False","False",""
"C:\Users\maria\Desktop\Current\Converter\languages\en\convert\md\m4a-to-md\index.html","en","m4a","md","41","True","True","True","True","0","0","False","False","False","False","False",""
"C:\Users\maria\Desktop\Current\Converter\languages\en\convert\md\m4v-to-md\index.html","en","m4v","md","41","True","True","True","True","0","0","False","False","False","False","False",""
"C:\Users\maria\Desktop\Current\Converter\languages\en\convert\md\mkv-to-md\index.html","en","mkv","md","41","True","True","True","True","0","0","False","False","False","False","False",""
"C:\Users\maria\Desktop\Current\Converter\languages\en\convert\md\mov-to-md\index.html","en","mov","md","41","True","True","True","True","0","0","False","False","False","False","False",""
"C:\Users\maria\Desktop\Current\Converter\languages\en\convert\md\mp3-to-md\index.html","en","mp3","md","41","True","True","True","True","0","0","False","False","False","False","False",""
"C:\Users\maria\Desktop\Current\Converter\languages\en\convert\md\mp4-to-md\index.html","en","mp4","md","41","True","True","True","True","0","0","False","False","False","False","False",""
"C:\Users\maria\Desktop\Current\Converter\languages\en\convert\md\ogg-to-md\index.html","en","ogg","md","41","True","True","True","True","0","0","False","False","False","False","False",""
"C:\Users\maria\Desktop\Current\Converter\languages\en\convert\md\opus-to-md\index.html","en","opus","md","41","True","True","True","True","0","0","False","False","False","False","False",""
"C:\Users\maria\Desktop\Current\Converter\languages\en\convert\md\pdf-to-md\index.html","en","pdf","md","41","True","True","True","True","0","0","False","False","False","False","False",""
"C:\Users\maria\Desktop\Current\Converter\languages\en\convert\md\png-to-md\index.html","en","png","md","41","True","True","True","True","0","0","False","False","False","False","False",""
"C:\Users\maria\Desktop\Current\Converter\languages\en\convert\md\pptx-to-md\index.html","en","pptx","md","41","True","True","True","True","0","0","False","False","False","False","False",""
"C:\Users\maria\Desktop\Current\Converter\languages\en\convert\md\rar-to-md\index.html","en","rar","md","41","True","True","True","True","0","0","False","False","False","False","False",""
"C:\Users\maria\Desktop\Current\Converter\languages\en\convert\md\rtf-to-md\index.html","en","rtf","md","41","True","True","True","True","0","0","False","False","False","False","False",""
"C:\Users\maria\Desktop\Current\Converter\languages\en\convert\md\svg-to-md\index.html","en","svg","md","41","True","True","True","True","0","0","False","False","False","False","False",""
"C:\Users\maria\Desktop\Current\Converter\languages\en\convert\md\tar-to-md\index.html","en","tar","md","41","True","True","True","True","0","0","False","False","False","False","False",""
"C:\Users\maria\Desktop\Current\Converter\languages\en\convert\md\tar.bz2-to-md\index.html","en","tar.bz2","md","41","True","True","True","True","0","0","False","False","False","False","False",""
"C:\Users\maria\Desktop\Current\Converter\languages\en\convert\md\tar.gz-to-md\index.html","en","tar.gz","md","41","True","True","True","True","0","0","False","False","False","False","False",""
"C:\Users\maria\Desktop\Current\Converter\languages\en\convert\md\tar.xz-to-md\index.html","en","tar.xz","md","41","True","True","True","True","0","0","False","False","False","False","False",""
"C:\Users\maria\Desktop\Current\Converter\languages\en\convert\md\tbz-to-md\index.html","en","tbz","md","41","True","True","True","True","0","0","False","False","False","False","False",""
"C:\Users\maria\Desktop\Current\Converter\languages\en\convert\md\tgz-to-md\index.html","en","tgz","md","41","True","True","True","True","0","0","False","False","False","False","False",""
"C:\Users\maria\Desktop\Current\Converter\languages\en\convert\md\tiff-to-md\index.html","en","tiff","md","41","True","True","True","True","0","0","False","False","False","False","False",""
"C:\Users\maria\Desktop\Current\Converter\languages\en\convert\md\tsv-to-md\index.html","en","tsv","md","41","True","True","True","True","0","0","False","False","False","False","False",""
"C:\Users\maria\Desktop\Current\Converter\languages\en\convert\md\txt-to-md\index.html","en","txt","md","41","True","True","True","True","0","0","False","False","False","False","False",""
"C:\Users\maria\Desktop\Current\Converter\languages\en\convert\md\txz-to-md\index.html","en","txz","md","41","True","True","True","True","0","0","False","False","False","False","False",""
"C:\Users\maria\Desktop\Current\Converter\languages\en\convert\md\wav-to-md\index.html","en","wav","md","41","True","True","True","True","0","0","False","False","False","False","False",""
"C:\Users\maria\Desktop\Current\Converter\languages\en\convert\md\webm-to-md\index.html","en","webm","md","41","True","True","True","True","0","0","False","False","False","False","False",""
"C:\Users\maria\Desktop\Current\Converter\languages\en\convert\md\webp-to-md\index.html","en","webp","md","41","True","True","True","True","0","0","False","False","False","False","False",""
"C:\Users\maria\Desktop\Current\Converter\languages\en\convert\md\xlsx-to-md\index.html","en","xlsx","md","41","True","True","True","True","0","0","False","False","False","False","False",""
"C:\Users\maria\Desktop\Current\Converter\languages\en\convert\md\zip-to-md\index.html","en","zip","md","41","True","True","True","True","0","0","False","False","False","False","False",""
"C:\Users\maria\Desktop\Current\Converter\languages\en\convert\mkv\7z-to-mkv\index.html","en","7z","mkv","41","True","True","True","True","0","0","False","False","False","False","False",""
"C:\Users\maria\Desktop\Current\Converter\languages\en\convert\mkv\aac-to-mkv\index.html","en","aac","mkv","41","True","True","True","True","0","0","False","False","False","False","False",""
"C:\Users\maria\Desktop\Current\Converter\languages\en\convert\mkv\aiff-to-mkv\index.html","en","aiff","mkv","41","True","True","True","True","0","0","False","False","False","False","False",""
"C:\Users\maria\Desktop\Current\Converter\languages\en\convert\mkv\bmp-to-mkv\index.html","en","bmp","mkv","41","True","True","True","True","0","0","False","False","False","False","False",""
"C:\Users\maria\Desktop\Current\Converter\languages\en\convert\mkv\csv-to-mkv\index.html","en","csv","mkv","41","True","True","True","True","0","0","False","False","False","False","False",""
"C:\Users\maria\Desktop\Current\Converter\languages\en\convert\mkv\docx-to-mkv\index.html","en","docx","mkv","41","True","True","True","True","0","0","False","False","False","False","False",""
"C:\Users\maria\Desktop\Current\Converter\languages\en\convert\mkv\flac-to-mkv\index.html","en","flac","mkv","41","True","True","True","True","0","0","False","False","False","False","False",""
"C:\Users\maria\Desktop\Current\Converter\languages\en\convert\mkv\gif-to-mkv\index.html","en","gif","mkv","41","True","True","True","True","0","0","False","False","False","False","False",""
"C:\Users\maria\Desktop\Current\Converter\languages\en\convert\mkv\html-to-mkv\index.html","en","html","mkv","41","True","True","True","True","0","0","False","False","False","False","False",""
"C:\Users\maria\Desktop\Current\Converter\languages\en\convert\mkv\jpeg-to-mkv\index.html","en","jpeg","mkv","41","True","True","True","True","0","0","False","False","False","False","False",""
"C:\Users\maria\Desktop\Current\Converter\languages\en\convert\mkv\jpg-to-mkv\index.html","en","jpg","mkv","41","True","True","True","True","0","0","False","False","False","False","False",""
"C:\Users\maria\Desktop\Current\Converter\languages\en\convert\mkv\json-to-mkv\index.html","en","json","mkv","41","True","True","True","True","0","0","False","False","False","False","False",""
"C:\Users\maria\Desktop\Current\Converter\languages\en\convert\mkv\jsonl-to-mkv\index.html","en","jsonl","mkv","41","True","True","True","True","0","0","False","False","False","False","False",""
"C:\Users\maria\Desktop\Current\Converter\languages\en\convert\mkv\m4a-to-mkv\index.html","en","m4a","mkv","41","True","True","True","True","0","0","False","False","False","False","False",""
"C:\Users\maria\Desktop\Current\Converter\languages\en\convert\mkv\m4v-to-mkv\index.html","en","m4v","mkv","41","True","True","True","True","0","0","False","False","False","False","False",""
"C:\Users\maria\Desktop\Current\Converter\languages\en\convert\mkv\md-to-mkv\index.html","en","md","mkv","41","True","True","True","True","0","0","False","False","False","False","False",""
"C:\Users\maria\Desktop\Current\Converter\languages\en\convert\mkv\mov-to-mkv\index.html","en","mov","mkv","41","True","True","True","True","0","0","False","False","False","False","False",""
"C:\Users\maria\Desktop\Current\Converter\languages\en\convert\mkv\mp3-to-mkv\index.html","en","mp3","mkv","41","True","True","True","True","0","0","False","False","False","False","False",""
"C:\Users\maria\Desktop\Current\Converter\languages\en\convert\mkv\mp4-to-mkv\index.html","en","mp4","mkv","41","True","True","True","True","0","0","False","False","False","False","False",""
"C:\Users\maria\Desktop\Current\Converter\languages\en\convert\mkv\ogg-to-mkv\index.html","en","ogg","mkv","41","True","True","True","True","0","0","False","False","False","False","False",""
"C:\Users\maria\Desktop\Current\Converter\languages\en\convert\mkv\opus-to-mkv\index.html","en","opus","mkv","41","True","True","True","True","0","0","False","False","False","False","False",""
"C:\Users\maria\Desktop\Current\Converter\languages\en\convert\mkv\pdf-to-mkv\index.html","en","pdf","mkv","41","True","True","True","True","0","0","False","False","False","False","False",""
"C:\Users\maria\Desktop\Current\Converter\languages\en\convert\mkv\png-to-mkv\index.html","en","png","mkv","41","True","True","True","True","0","0","False","False","False","False","False",""
"C:\Users\maria\Desktop\Current\Converter\languages\en\convert\mkv\pptx-to-mkv\index.html","en","pptx","mkv","41","True","True","True","True","0","0","False","False","False","False","False",""
"C:\Users\maria\Desktop\Current\Converter\languages\en\convert\mkv\rar-to-mkv\index.html","en","rar","mkv","41","True","True","True","True","0","0","False","False","False","False","False",""
"C:\Users\maria\Desktop\Current\Converter\languages\en\convert\mkv\rtf-to-mkv\index.html","en","rtf","mkv","41","True","True","True","True","0","0","False","False","False","False","False",""
"C:\Users\maria\Desktop\Current\Converter\languages\en\convert\mkv\svg-to-mkv\index.html","en","svg","mkv","41","True","True","True","True","0","0","False","False","False","False","False",""
"C:\Users\maria\Desktop\Current\Converter\languages\en\convert\mkv\tar-to-mkv\index.html","en","tar","mkv","41","True","True","True","True","0","0","False","False","False","False","False",""
"C:\Users\maria\Desktop\Current\Converter\languages\en\convert\mkv\tar.bz2-to-mkv\index.html","en","tar.bz2","mkv","41","True","True","True","True","0","0","False","False","False","False","False",""
"C:\Users\maria\Desktop\Current\Converter\languages\en\convert\mkv\tar.gz-to-mkv\index.html","en","tar.gz","mkv","41","True","True","True","True","0","0","False","False","False","False","False",""
"C:\Users\maria\Desktop\Current\Converter\languages\en\convert\mkv\tar.xz-to-mkv\index.html","en","tar.xz","mkv","41","True","True","True","True","0","0","False","False","False","False","False",""
"C:\Users\maria\Desktop\Current\Converter\languages\en\convert\mkv\tbz-to-mkv\index.html","en","tbz","mkv","41","True","True","True","True","0","0","False","False","False","False","False",""
"C:\Users\maria\Desktop\Current\Converter\languages\en\convert\mkv\tgz-to-mkv\index.html","en","tgz","mkv","41","True","True","True","True","0","0","False","False","False","False","False",""
"C:\Users\maria\Desktop\Current\Converter\languages\en\convert\mkv\tiff-to-mkv\index.html","en","tiff","mkv","41","True","True","True","True","0","0","False","False","False","False","False",""
"C:\Users\maria\Desktop\Current\Converter\languages\en\convert\mkv\tsv-to-mkv\index.html","en","tsv","mkv","41","True","True","True","True","0","0","False","False","False","False","False",""
"C:\Users\maria\Desktop\Current\Converter\languages\en\convert\mkv\txt-to-mkv\index.html","en","txt","mkv","41","True","True","True","True","0","0","False","False","False","False","False",""
"C:\Users\maria\Desktop\Current\Converter\languages\en\convert\mkv\txz-to-mkv\index.html","en","txz","mkv","41","True","True","True","True","0","0","False","False","False","False","False",""
"C:\Users\maria\Desktop\Current\Converter\languages\en\convert\mkv\wav-to-mkv\index.html","en","wav","mkv","41","True","True","True","True","0","0","False","False","False","False","False",""
"C:\Users\maria\Desktop\Current\Converter\languages\en\convert\mkv\webm-to-mkv\index.html","en","webm","mkv","41","True","True","True","True","0","0","False","False","False","False","False",""
"C:\Users\maria\Desktop\Current\Converter\languages\en\convert\mkv\webp-to-mkv\index.html","en","webp","mkv","41","True","True","True","True","0","0","False","False","False","False","False",""
"C:\Users\maria\Desktop\Current\Converter\languages\en\convert\mkv\xlsx-to-mkv\index.html","en","xlsx","mkv","41","True","True","True","True","0","0","False","False","False","False","False",""
"C:\Users\maria\Desktop\Current\Converter\languages\en\convert\mkv\zip-to-mkv\index.html","en","zip","mkv","41","True","True","True","True","0","0","False","False","False","False","False",""
"C:\Users\maria\Desktop\Current\Converter\languages\en\convert\mov\7z-to-mov\index.html","en","7z","mov","41","True","True","True","True","0","0","False","False","False","False","False",""
"C:\Users\maria\Desktop\Current\Converter\languages\en\convert\mov\aac-to-mov\index.html","en","aac","mov","41","True","True","True","True","0","0","False","False","False","False","False",""
"C:\Users\maria\Desktop\Current\Converter\languages\en\convert\mov\aiff-to-mov\index.html","en","aiff","mov","41","True","True","True","True","0","0","False","False","False","False","False",""
"C:\Users\maria\Desktop\Current\Converter\languages\en\convert\mov\bmp-to-mov\index.html","en","bmp","mov","41","True","True","True","True","0","0","False","False","False","False","False",""
"C:\Users\maria\Desktop\Current\Converter\languages\en\convert\mov\csv-to-mov\index.html","en","csv","mov","41","True","True","True","True","0","0","False","False","False","False","False",""
"C:\Users\maria\Desktop\Current\Converter\languages\en\convert\mov\docx-to-mov\index.html","en","docx","mov","41","True","True","True","True","0","0","False","False","False","False","False",""
"C:\Users\maria\Desktop\Current\Converter\languages\en\convert\mov\flac-to-mov\index.html","en","flac","mov","41","True","True","True","True","0","0","False","False","False","False","False",""
"C:\Users\maria\Desktop\Current\Converter\languages\en\convert\mov\gif-to-mov\index.html","en","gif","mov","41","True","True","True","True","0","0","False","False","False","False","False",""
"C:\Users\maria\Desktop\Current\Converter\languages\en\convert\mov\html-to-mov\index.html","en","html","mov","41","True","True","True","True","0","0","False","False","False","False","False",""
"C:\Users\maria\Desktop\Current\Converter\languages\en\convert\mov\jpeg-to-mov\index.html","en","jpeg","mov","41","True","True","True","True","0","0","False","False","False","False","False",""
"C:\Users\maria\Desktop\Current\Converter\languages\en\convert\mov\jpg-to-mov\index.html","en","jpg","mov","41","True","True","True","True","0","0","False","False","False","False","False",""
"C:\Users\maria\Desktop\Current\Converter\languages\en\convert\mov\json-to-mov\index.html","en","json","mov","41","True","True","True","True","0","0","False","False","False","False","False",""
"C:\Users\maria\Desktop\Current\Converter\languages\en\convert\mov\jsonl-to-mov\index.html","en","jsonl","mov","41","True","True","True","True","0","0","False","False","False","False","False",""
"C:\Users\maria\Desktop\Current\Converter\languages\en\convert\mov\m4a-to-mov\index.html","en","m4a","mov","41","True","True","True","True","0","0","False","False","False","False","False",""
"C:\Users\maria\Desktop\Current\Converter\languages\en\convert\mov\m4v-to-mov\index.html","en","m4v","mov","41","True","True","True","True","0","0","False","False","False","False","False",""
"C:\Users\maria\Desktop\Current\Converter\languages\en\convert\mov\md-to-mov\index.html","en","md","mov","41","True","True","True","True","0","0","False","False","False","False","False",""
"C:\Users\maria\Desktop\Current\Converter\languages\en\convert\mov\mkv-to-mov\index.html","en","mkv","mov","41","True","True","True","True","0","0","False","False","False","False","False",""
"C:\Users\maria\Desktop\Current\Converter\languages\en\convert\mov\mp3-to-mov\index.html","en","mp3","mov","41","True","True","True","True","0","0","False","False","False","False","False",""
"C:\Users\maria\Desktop\Current\Converter\languages\en\convert\mov\mp4-to-mov\index.html","en","mp4","mov","41","True","True","True","True","0","0","False","False","False","False","False",""
"C:\Users\maria\Desktop\Current\Converter\languages\en\convert\mov\ogg-to-mov\index.html","en","ogg","mov","41","True","True","True","True","0","0","False","False","False","False","False",""
"C:\Users\maria\Desktop\Current\Converter\languages\en\convert\mov\opus-to-mov\index.html","en","opus","mov","41","True","True","True","True","0","0","False","False","False","False","False",""
"C:\Users\maria\Desktop\Current\Converter\languages\en\convert\mov\pdf-to-mov\index.html","en","pdf","mov","41","True","True","True","True","0","0","False","False","False","False","False",""
"C:\Users\maria\Desktop\Current\Converter\languages\en\convert\mov\png-to-mov\index.html","en","png","mov","41","True","True","True","True","0","0","False","False","False","False","False",""
"C:\Users\maria\Desktop\Current\Converter\languages\en\convert\mov\pptx-to-mov\index.html","en","pptx","mov","41","True","True","True","True","0","0","False","False","False","False","False",""
"C:\Users\maria\Desktop\Current\Converter\languages\en\convert\mov\rar-to-mov\index.html","en","rar","mov","41","True","True","True","True","0","0","False","False","False","False","False",""
"C:\Users\maria\Desktop\Current\Converter\languages\en\convert\mov\rtf-to-mov\index.html","en","rtf","mov","41","True","True","True","True","0","0","False","False","False","False","False",""
"C:\Users\maria\Desktop\Current\Converter\languages\en\convert\mov\svg-to-mov\index.html","en","svg","mov","41","True","True","True","True","0","0","False","False","False","False","False",""
"C:\Users\maria\Desktop\Current\Converter\languages\en\convert\mov\tar-to-mov\index.html","en","tar","mov","41","True","True","True","True","0","0","False","False","False","False","False",""
"C:\Users\maria\Desktop\Current\Converter\languages\en\convert\mov\tar.bz2-to-mov\index.html","en","tar.bz2","mov","41","True","True","True","True","0","0","False","False","False","False","False",""
"C:\Users\maria\Desktop\Current\Converter\languages\en\convert\mov\tar.gz-to-mov\index.html","en","tar.gz","mov","41","True","True","True","True","0","0","False","False","False","False","False",""
"C:\Users\maria\Desktop\Current\Converter\languages\en\convert\mov\tar.xz-to-mov\index.html","en","tar.xz","mov","41","True","True","True","True","0","0","False","False","False","False","False",""
"C:\Users\maria\Desktop\Current\Converter\languages\en\convert\mov\tbz-to-mov\index.html","en","tbz","mov","41","True","True","True","True","0","0","False","False","False","False","False",""
"C:\Users\maria\Desktop\Current\Converter\languages\en\convert\mov\tgz-to-mov\index.html","en","tgz","mov","41","True","True","True","True","0","0","False","False","False","False","False",""
"C:\Users\maria\Desktop\Current\Converter\languages\en\convert\mov\tiff-to-mov\index.html","en","tiff","mov","41","True","True","True","True","0","0","False","False","False","False","False",""
"C:\Users\maria\Desktop\Current\Converter\languages\en\convert\mov\tsv-to-mov\index.html","en","tsv","mov","41","True","True","True","True","0","0","False","False","False","False","False",""
"C:\Users\maria\Desktop\Current\Converter\languages\en\convert\mov\txt-to-mov\index.html","en","txt","mov","41","True","True","True","True","0","0","False","False","False","False","False",""
"C:\Users\maria\Desktop\Current\Converter\languages\en\convert\mov\txz-to-mov\index.html","en","txz","mov","41","True","True","True","True","0","0","False","False","False","False","False",""
"C:\Users\maria\Desktop\Current\Converter\languages\en\convert\mov\wav-to-mov\index.html","en","wav","mov","41","True","True","True","True","0","0","False","False","False","False","False",""
"C:\Users\maria\Desktop\Current\Converter\languages\en\convert\mov\webm-to-mov\index.html","en","webm","mov","41","True","True","True","True","0","0","False","False","False","False","False",""
"C:\Users\maria\Desktop\Current\Converter\languages\en\convert\mov\webp-to-mov\index.html","en","webp","mov","41","True","True","True","True","0","0","False","False","False","False","False",""
"C:\Users\maria\Desktop\Current\Converter\languages\en\convert\mov\xlsx-to-mov\index.html","en","xlsx","mov","41","True","True","True","True","0","0","False","False","False","False","False",""
"C:\Users\maria\Desktop\Current\Converter\languages\en\convert\mov\zip-to-mov\index.html","en","zip","mov","41","True","True","True","True","0","0","False","False","False","False","False",""
"C:\Users\maria\Desktop\Current\Converter\languages\en\convert\mp3\7z-to-mp3\index.html","en","7z","mp3","41","True","True","True","True","0","0","False","False","False","False","False",""
"C:\Users\maria\Desktop\Current\Converter\languages\en\convert\mp3\aac-to-mp3\index.html","en","aac","mp3","41","True","True","True","True","0","0","False","False","False","False","False",""
"C:\Users\maria\Desktop\Current\Converter\languages\en\convert\mp3\aiff-to-mp3\index.html","en","aiff","mp3","41","True","True","True","True","0","0","False","False","False","False","False",""
"C:\Users\maria\Desktop\Current\Converter\languages\en\convert\mp3\bmp-to-mp3\index.html","en","bmp","mp3","41","True","True","True","True","0","0","False","False","False","False","False",""
"C:\Users\maria\Desktop\Current\Converter\languages\en\convert\mp3\csv-to-mp3\index.html","en","csv","mp3","41","True","True","True","True","0","0","False","False","False","False","False",""
"C:\Users\maria\Desktop\Current\Converter\languages\en\convert\mp3\docx-to-mp3\index.html","en","docx","mp3","41","True","True","True","True","0","0","False","False","False","False","False",""
"C:\Users\maria\Desktop\Current\Converter\languages\en\convert\mp3\flac-to-mp3\index.html","en","flac","mp3","41","True","True","True","True","0","0","False","False","False","False","False",""
"C:\Users\maria\Desktop\Current\Converter\languages\en\convert\mp3\gif-to-mp3\index.html","en","gif","mp3","41","True","True","True","True","0","0","False","False","False","False","False",""
"C:\Users\maria\Desktop\Current\Converter\languages\en\convert\mp3\html-to-mp3\index.html","en","html","mp3","41","True","True","True","True","0","0","False","False","False","False","False",""
"C:\Users\maria\Desktop\Current\Converter\languages\en\convert\mp3\jpeg-to-mp3\index.html","en","jpeg","mp3","41","True","True","True","True","0","0","False","False","False","False","False",""
"C:\Users\maria\Desktop\Current\Converter\languages\en\convert\mp3\jpg-to-mp3\index.html","en","jpg","mp3","41","True","True","True","True","0","0","False","False","False","False","False",""
"C:\Users\maria\Desktop\Current\Converter\languages\en\convert\mp3\json-to-mp3\index.html","en","json","mp3","41","True","True","True","True","0","0","False","False","False","False","False",""
"C:\Users\maria\Desktop\Current\Converter\languages\en\convert\mp3\jsonl-to-mp3\index.html","en","jsonl","mp3","41","True","True","True","True","0","0","False","False","False","False","False",""
"C:\Users\maria\Desktop\Current\Converter\languages\en\convert\mp3\m4a-to-mp3\index.html","en","m4a","mp3","41","True","True","True","True","0","0","False","False","False","False","False",""
"C:\Users\maria\Desktop\Current\Converter\languages\en\convert\mp3\m4v-to-mp3\index.html","en","m4v","mp3","41","True","True","True","True","0","0","False","False","False","False","False",""
"C:\Users\maria\Desktop\Current\Converter\languages\en\convert\mp3\md-to-mp3\index.html","en","md","mp3","41","True","True","True","True","0","0","False","False","False","False","False",""
"C:\Users\maria\Desktop\Current\Converter\languages\en\convert\mp3\mkv-to-mp3\index.html","en","mkv","mp3","41","True","True","True","True","0","0","False","False","False","False","False",""
"C:\Users\maria\Desktop\Current\Converter\languages\en\convert\mp3\mov-to-mp3\index.html","en","mov","mp3","41","True","True","True","True","0","0","False","False","False","False","False",""
"C:\Users\maria\Desktop\Current\Converter\languages\en\convert\mp3\mp4-to-mp3\index.html","en","mp4","mp3","41","True","True","True","True","0","0","False","False","False","False","False",""
"C:\Users\maria\Desktop\Current\Converter\languages\en\convert\mp3\ogg-to-mp3\index.html","en","ogg","mp3","41","True","True","True","True","0","0","False","False","False","False","False",""
"C:\Users\maria\Desktop\Current\Converter\languages\en\convert\mp3\opus-to-mp3\index.html","en","opus","mp3","41","True","True","True","True","0","0","False","False","False","False","False",""
"C:\Users\maria\Desktop\Current\Converter\languages\en\convert\mp3\pdf-to-mp3\index.html","en","pdf","mp3","41","True","True","True","True","0","0","False","False","False","False","False",""
"C:\Users\maria\Desktop\Current\Converter\languages\en\convert\mp3\png-to-mp3\index.html","en","png","mp3","41","True","True","True","True","0","0","False","False","False","False","False",""
"C:\Users\maria\Desktop\Current\Converter\languages\en\convert\mp3\pptx-to-mp3\index.html","en","pptx","mp3","41","True","True","True","True","0","0","False","False","False","False","False",""
"C:\Users\maria\Desktop\Current\Converter\languages\en\convert\mp3\rar-to-mp3\index.html","en","rar","mp3","41","True","True","True","True","0","0","False","False","False","False","False",""
"C:\Users\maria\Desktop\Current\Converter\languages\en\convert\mp3\rtf-to-mp3\index.html","en","rtf","mp3","41","True","True","True","True","0","0","False","False","False","False","False",""
"C:\Users\maria\Desktop\Current\Converter\languages\en\convert\mp3\svg-to-mp3\index.html","en","svg","mp3","41","True","True","True","True","0","0","False","False","False","False","False",""
"C:\Users\maria\Desktop\Current\Converter\languages\en\convert\mp3\tar-to-mp3\index.html","en","tar","mp3","41","True","True","True","True","0","0","False","False","False","False","False",""
"C:\Users\maria\Desktop\Current\Converter\languages\en\convert\mp3\tar.bz2-to-mp3\index.html","en","tar.bz2","mp3","41","True","True","True","True","0","0","False","False","False","False","False",""
"C:\Users\maria\Desktop\Current\Converter\languages\en\convert\mp3\tar.gz-to-mp3\index.html","en","tar.gz","mp3","41","True","True","True","True","0","0","False","False","False","False","False",""
"C:\Users\maria\Desktop\Current\Converter\languages\en\convert\mp3\tar.xz-to-mp3\index.html","en","tar.xz","mp3","41","True","True","True","True","0","0","False","False","False","False","False",""
"C:\Users\maria\Desktop\Current\Converter\languages\en\convert\mp3\tbz-to-mp3\index.html","en","tbz","mp3","41","True","True","True","True","0","0","False","False","False","False","False",""
"C:\Users\maria\Desktop\Current\Converter\languages\en\convert\mp3\tgz-to-mp3\index.html","en","tgz","mp3","41","True","True","True","True","0","0","False","False","False","False","False",""
"C:\Users\maria\Desktop\Current\Converter\languages\en\convert\mp3\tiff-to-mp3\index.html","en","tiff","mp3","41","True","True","True","True","0","0","False","False","False","False","False",""
"C:\Users\maria\Desktop\Current\Converter\languages\en\convert\mp3\tsv-to-mp3\index.html","en","tsv","mp3","41","True","True","True","True","0","0","False","False","False","False","False",""
"C:\Users\maria\Desktop\Current\Converter\languages\en\convert\mp3\txt-to-mp3\index.html","en","txt","mp3","41","True","True","True","True","0","0","False","False","False","False","False",""
"C:\Users\maria\Desktop\Current\Converter\languages\en\convert\mp3\txz-to-mp3\index.html","en","txz","mp3","41","True","True","True","True","0","0","False","False","False","False","False",""
"C:\Users\maria\Desktop\Current\Converter\languages\en\convert\mp3\wav-to-mp3\index.html","en","wav","mp3","41","True","True","True","True","0","0","False","False","False","False","False",""
"C:\Users\maria\Desktop\Current\Converter\languages\en\convert\mp3\webm-to-mp3\index.html","en","webm","mp3","41","True","True","True","True","0","0","False","False","False","False","False",""
"C:\Users\maria\Desktop\Current\Converter\languages\en\convert\mp3\webp-to-mp3\index.html","en","webp","mp3","41","True","True","True","True","0","0","False","False","False","False","False",""
"C:\Users\maria\Desktop\Current\Converter\languages\en\convert\mp3\xlsx-to-mp3\index.html","en","xlsx","mp3","41","True","True","True","True","0","0","False","False","False","False","False",""
"C:\Users\maria\Desktop\Current\Converter\languages\en\convert\mp3\zip-to-mp3\index.html","en","zip","mp3","41","True","True","True","True","0","0","False","False","False","False","False",""
"C:\Users\maria\Desktop\Current\Converter\languages\en\convert\mp4\7z-to-mp4\index.html","en","7z","mp4","41","True","True","True","True","0","0","False","False","False","False","False",""
"C:\Users\maria\Desktop\Current\Converter\languages\en\convert\mp4\aac-to-mp4\index.html","en","aac","mp4","41","True","True","True","True","0","0","False","False","False","False","False",""
"C:\Users\maria\Desktop\Current\Converter\languages\en\convert\mp4\aiff-to-mp4\index.html","en","aiff","mp4","41","True","True","True","True","0","0","False","False","False","False","False",""
"C:\Users\maria\Desktop\Current\Converter\languages\en\convert\mp4\bmp-to-mp4\index.html","en","bmp","mp4","41","True","True","True","True","0","0","False","False","False","False","False",""
"C:\Users\maria\Desktop\Current\Converter\languages\en\convert\mp4\csv-to-mp4\index.html","en","csv","mp4","41","True","True","True","True","0","0","False","False","False","False","False",""
"C:\Users\maria\Desktop\Current\Converter\languages\en\convert\mp4\docx-to-mp4\index.html","en","docx","mp4","41","True","True","True","True","0","0","False","False","False","False","False",""
"C:\Users\maria\Desktop\Current\Converter\languages\en\convert\mp4\flac-to-mp4\index.html","en","flac","mp4","41","True","True","True","True","0","0","False","False","False","False","False",""
"C:\Users\maria\Desktop\Current\Converter\languages\en\convert\mp4\gif-to-mp4\index.html","en","gif","mp4","41","True","True","True","True","0","0","False","False","False","False","False",""
"C:\Users\maria\Desktop\Current\Converter\languages\en\convert\mp4\html-to-mp4\index.html","en","html","mp4","41","True","True","True","True","0","0","False","False","False","False","False",""
"C:\Users\maria\Desktop\Current\Converter\languages\en\convert\mp4\jpeg-to-mp4\index.html","en","jpeg","mp4","41","True","True","True","True","0","0","False","False","False","False","False",""
"C:\Users\maria\Desktop\Current\Converter\languages\en\convert\mp4\jpg-to-mp4\index.html","en","jpg","mp4","41","True","True","True","True","0","0","False","False","False","False","False",""
"C:\Users\maria\Desktop\Current\Converter\languages\en\convert\mp4\json-to-mp4\index.html","en","json","mp4","41","True","True","True","True","0","0","False","False","False","False","False",""
"C:\Users\maria\Desktop\Current\Converter\languages\en\convert\mp4\jsonl-to-mp4\index.html","en","jsonl","mp4","41","True","True","True","True","0","0","False","False","False","False","False",""
"C:\Users\maria\Desktop\Current\Converter\languages\en\convert\mp4\m4a-to-mp4\index.html","en","m4a","mp4","41","True","True","True","True","0","0","False","False","False","False","False",""
"C:\Users\maria\Desktop\Current\Converter\languages\en\convert\mp4\m4v-to-mp4\index.html","en","m4v","mp4","41","True","True","True","True","0","0","False","False","False","False","False",""
"C:\Users\maria\Desktop\Current\Converter\languages\en\convert\mp4\md-to-mp4\index.html","en","md","mp4","41","True","True","True","True","0","0","False","False","False","False","False",""
"C:\Users\maria\Desktop\Current\Converter\languages\en\convert\mp4\mkv-to-mp4\index.html","en","mkv","mp4","41","True","True","True","True","0","0","False","False","False","False","False",""
"C:\Users\maria\Desktop\Current\Converter\languages\en\convert\mp4\mov-to-mp4\index.html","en","mov","mp4","41","True","True","True","True","0","0","False","False","False","False","False",""
"C:\Users\maria\Desktop\Current\Converter\languages\en\convert\mp4\mp3-to-mp4\index.html","en","mp3","mp4","41","True","True","True","True","0","0","False","False","False","False","False",""
"C:\Users\maria\Desktop\Current\Converter\languages\en\convert\mp4\ogg-to-mp4\index.html","en","ogg","mp4","41","True","True","True","True","0","0","False","False","False","False","False",""
"C:\Users\maria\Desktop\Current\Converter\languages\en\convert\mp4\opus-to-mp4\index.html","en","opus","mp4","41","True","True","True","True","0","0","False","False","False","False","False",""
"C:\Users\maria\Desktop\Current\Converter\languages\en\convert\mp4\pdf-to-mp4\index.html","en","pdf","mp4","41","True","True","True","True","0","0","False","False","False","False","False",""
"C:\Users\maria\Desktop\Current\Converter\languages\en\convert\mp4\png-to-mp4\index.html","en","png","mp4","41","True","True","True","True","0","0","False","False","False","False","False",""
"C:\Users\maria\Desktop\Current\Converter\languages\en\convert\mp4\pptx-to-mp4\index.html","en","pptx","mp4","41","True","True","True","True","0","0","False","False","False","False","False",""
"C:\Users\maria\Desktop\Current\Converter\languages\en\convert\mp4\rar-to-mp4\index.html","en","rar","mp4","41","True","True","True","True","0","0","False","False","False","False","False",""
"C:\Users\maria\Desktop\Current\Converter\languages\en\convert\mp4\rtf-to-mp4\index.html","en","rtf","mp4","41","True","True","True","True","0","0","False","False","False","False","False",""
"C:\Users\maria\Desktop\Current\Converter\languages\en\convert\mp4\svg-to-mp4\index.html","en","svg","mp4","41","True","True","True","True","0","0","False","False","False","False","False",""
"C:\Users\maria\Desktop\Current\Converter\languages\en\convert\mp4\tar-to-mp4\index.html","en","tar","mp4","41","True","True","True","True","0","0","False","False","False","False","False",""
"C:\Users\maria\Desktop\Current\Converter\languages\en\convert\mp4\tar.bz2-to-mp4\index.html","en","tar.bz2","mp4","41","True","True","True","True","0","0","False","False","False","False","False",""
"C:\Users\maria\Desktop\Current\Converter\languages\en\convert\mp4\tar.gz-to-mp4\index.html","en","tar.gz","mp4","41","True","True","True","True","0","0","False","False","False","False","False",""
"C:\Users\maria\Desktop\Current\Converter\languages\en\convert\mp4\tar.xz-to-mp4\index.html","en","tar.xz","mp4","41","True","True","True","True","0","0","False","False","False","False","False",""
"C:\Users\maria\Desktop\Current\Converter\languages\en\convert\mp4\tbz-to-mp4\index.html","en","tbz","mp4","41","True","True","True","True","0","0","False","False","False","False","False",""
"C:\Users\maria\Desktop\Current\Converter\languages\en\convert\mp4\tgz-to-mp4\index.html","en","tgz","mp4","41","True","True","True","True","0","0","False","False","False","False","False",""
"C:\Users\maria\Desktop\Current\Converter\languages\en\convert\mp4\tiff-to-mp4\index.html","en","tiff","mp4","41","True","True","True","True","0","0","False","False","False","False","False",""
"C:\Users\maria\Desktop\Current\Converter\languages\en\convert\mp4\tsv-to-mp4\index.html","en","tsv","mp4","41","True","True","True","True","0","0","False","False","False","False","False",""
"C:\Users\maria\Desktop\Current\Converter\languages\en\convert\mp4\txt-to-mp4\index.html","en","txt","mp4","41","True","True","True","True","0","0","False","False","False","False","False",""
"C:\Users\maria\Desktop\Current\Converter\languages\en\convert\mp4\txz-to-mp4\index.html","en","txz","mp4","41","True","True","True","True","0","0","False","False","False","False","False",""
"C:\Users\maria\Desktop\Current\Converter\languages\en\convert\mp4\wav-to-mp4\index.html","en","wav","mp4","41","True","True","True","True","0","0","False","False","False","False","False",""
"C:\Users\maria\Desktop\Current\Converter\languages\en\convert\mp4\webm-to-mp4\index.html","en","webm","mp4","41","True","True","True","True","0","0","False","False","False","False","False",""
"C:\Users\maria\Desktop\Current\Converter\languages\en\convert\mp4\webp-to-mp4\index.html","en","webp","mp4","41","True","True","True","True","0","0","False","False","False","False","False",""
"C:\Users\maria\Desktop\Current\Converter\languages\en\convert\mp4\xlsx-to-mp4\index.html","en","xlsx","mp4","41","True","True","True","True","0","0","False","False","False","False","False",""
"C:\Users\maria\Desktop\Current\Converter\languages\en\convert\mp4\zip-to-mp4\index.html","en","zip","mp4","41","True","True","True","True","0","0","False","False","False","False","False",""
"C:\Users\maria\Desktop\Current\Converter\languages\en\convert\ogg\7z-to-ogg\index.html","en","7z","ogg","41","True","True","True","True","0","0","False","False","False","False","False",""
"C:\Users\maria\Desktop\Current\Converter\languages\en\convert\ogg\aac-to-ogg\index.html","en","aac","ogg","41","True","True","True","True","0","0","False","False","False","False","False",""
"C:\Users\maria\Desktop\Current\Converter\languages\en\convert\ogg\aiff-to-ogg\index.html","en","aiff","ogg","41","True","True","True","True","0","0","False","False","False","False","False",""
"C:\Users\maria\Desktop\Current\Converter\languages\en\convert\ogg\bmp-to-ogg\index.html","en","bmp","ogg","41","True","True","True","True","0","0","False","False","False","False","False",""
"C:\Users\maria\Desktop\Current\Converter\languages\en\convert\ogg\csv-to-ogg\index.html","en","csv","ogg","41","True","True","True","True","0","0","False","False","False","False","False",""
"C:\Users\maria\Desktop\Current\Converter\languages\en\convert\ogg\docx-to-ogg\index.html","en","docx","ogg","41","True","True","True","True","0","0","False","False","False","False","False",""
"C:\Users\maria\Desktop\Current\Converter\languages\en\convert\ogg\flac-to-ogg\index.html","en","flac","ogg","41","True","True","True","True","0","0","False","False","False","False","False",""
"C:\Users\maria\Desktop\Current\Converter\languages\en\convert\ogg\gif-to-ogg\index.html","en","gif","ogg","41","True","True","True","True","0","0","False","False","False","False","False",""
"C:\Users\maria\Desktop\Current\Converter\languages\en\convert\ogg\html-to-ogg\index.html","en","html","ogg","41","True","True","True","True","0","0","False","False","False","False","False",""
"C:\Users\maria\Desktop\Current\Converter\languages\en\convert\ogg\jpeg-to-ogg\index.html","en","jpeg","ogg","41","True","True","True","True","0","0","False","False","False","False","False",""
"C:\Users\maria\Desktop\Current\Converter\languages\en\convert\ogg\jpg-to-ogg\index.html","en","jpg","ogg","41","True","True","True","True","0","0","False","False","False","False","False",""
"C:\Users\maria\Desktop\Current\Converter\languages\en\convert\ogg\json-to-ogg\index.html","en","json","ogg","41","True","True","True","True","0","0","False","False","False","False","False",""
"C:\Users\maria\Desktop\Current\Converter\languages\en\convert\ogg\jsonl-to-ogg\index.html","en","jsonl","ogg","41","True","True","True","True","0","0","False","False","False","False","False",""
"C:\Users\maria\Desktop\Current\Converter\languages\en\convert\ogg\m4a-to-ogg\index.html","en","m4a","ogg","41","True","True","True","True","0","0","False","False","False","False","False",""
"C:\Users\maria\Desktop\Current\Converter\languages\en\convert\ogg\m4v-to-ogg\index.html","en","m4v","ogg","41","True","True","True","True","0","0","False","False","False","False","False",""
"C:\Users\maria\Desktop\Current\Converter\languages\en\convert\ogg\md-to-ogg\index.html","en","md","ogg","41","True","True","True","True","0","0","False","False","False","False","False",""
"C:\Users\maria\Desktop\Current\Converter\languages\en\convert\ogg\mkv-to-ogg\index.html","en","mkv","ogg","41","True","True","True","True","0","0","False","False","False","False","False",""
"C:\Users\maria\Desktop\Current\Converter\languages\en\convert\ogg\mov-to-ogg\index.html","en","mov","ogg","41","True","True","True","True","0","0","False","False","False","False","False",""
"C:\Users\maria\Desktop\Current\Converter\languages\en\convert\ogg\mp3-to-ogg\index.html","en","mp3","ogg","41","True","True","True","True","0","0","False","False","False","False","False",""
"C:\Users\maria\Desktop\Current\Converter\languages\en\convert\ogg\mp4-to-ogg\index.html","en","mp4","ogg","41","True","True","True","True","0","0","False","False","False","False","False",""
"C:\Users\maria\Desktop\Current\Converter\languages\en\convert\ogg\opus-to-ogg\index.html","en","opus","ogg","41","True","True","True","True","0","0","False","False","False","False","False",""
"C:\Users\maria\Desktop\Current\Converter\languages\en\convert\ogg\pdf-to-ogg\index.html","en","pdf","ogg","41","True","True","True","True","0","0","False","False","False","False","False",""
"C:\Users\maria\Desktop\Current\Converter\languages\en\convert\ogg\png-to-ogg\index.html","en","png","ogg","41","True","True","True","True","0","0","False","False","False","False","False",""
"C:\Users\maria\Desktop\Current\Converter\languages\en\convert\ogg\pptx-to-ogg\index.html","en","pptx","ogg","41","True","True","True","True","0","0","False","False","False","False","False",""
"C:\Users\maria\Desktop\Current\Converter\languages\en\convert\ogg\rar-to-ogg\index.html","en","rar","ogg","41","True","True","True","True","0","0","False","False","False","False","False",""
"C:\Users\maria\Desktop\Current\Converter\languages\en\convert\ogg\rtf-to-ogg\index.html","en","rtf","ogg","41","True","True","True","True","0","0","False","False","False","False","False",""
"C:\Users\maria\Desktop\Current\Converter\languages\en\convert\ogg\svg-to-ogg\index.html","en","svg","ogg","41","True","True","True","True","0","0","False","False","False","False","False",""
"C:\Users\maria\Desktop\Current\Converter\languages\en\convert\ogg\tar-to-ogg\index.html","en","tar","ogg","41","True","True","True","True","0","0","False","False","False","False","False",""
"C:\Users\maria\Desktop\Current\Converter\languages\en\convert\ogg\tar.bz2-to-ogg\index.html","en","tar.bz2","ogg","41","True","True","True","True","0","0","False","False","False","False","False",""
"C:\Users\maria\Desktop\Current\Converter\languages\en\convert\ogg\tar.gz-to-ogg\index.html","en","tar.gz","ogg","41","True","True","True","True","0","0","False","False","False","False","False",""
"C:\Users\maria\Desktop\Current\Converter\languages\en\convert\ogg\tar.xz-to-ogg\index.html","en","tar.xz","ogg","41","True","True","True","True","0","0","False","False","False","False","False",""
"C:\Users\maria\Desktop\Current\Converter\languages\en\convert\ogg\tbz-to-ogg\index.html","en","tbz","ogg","41","True","True","True","True","0","0","False","False","False","False","False",""
"C:\Users\maria\Desktop\Current\Converter\languages\en\convert\ogg\tgz-to-ogg\index.html","en","tgz","ogg","41","True","True","True","True","0","0","False","False","False","False","False",""
"C:\Users\maria\Desktop\Current\Converter\languages\en\convert\ogg\tiff-to-ogg\index.html","en","tiff","ogg","41","True","True","True","True","0","0","False","False","False","False","False",""
"C:\Users\maria\Desktop\Current\Converter\languages\en\convert\ogg\tsv-to-ogg\index.html","en","tsv","ogg","41","True","True","True","True","0","0","False","False","False","False","False",""
"C:\Users\maria\Desktop\Current\Converter\languages\en\convert\ogg\txt-to-ogg\index.html","en","txt","ogg","41","True","True","True","True","0","0","False","False","False","False","False",""
"C:\Users\maria\Desktop\Current\Converter\languages\en\convert\ogg\txz-to-ogg\index.html","en","txz","ogg","41","True","True","True","True","0","0","False","False","False","False","False",""
"C:\Users\maria\Desktop\Current\Converter\languages\en\convert\ogg\wav-to-ogg\index.html","en","wav","ogg","41","True","True","True","True","0","0","False","False","False","False","False",""
"C:\Users\maria\Desktop\Current\Converter\languages\en\convert\ogg\webm-to-ogg\index.html","en","webm","ogg","41","True","True","True","True","0","0","False","False","False","False","False",""
"C:\Users\maria\Desktop\Current\Converter\languages\en\convert\ogg\webp-to-ogg\index.html","en","webp","ogg","41","True","True","True","True","0","0","False","False","False","False","False",""
"C:\Users\maria\Desktop\Current\Converter\languages\en\convert\ogg\xlsx-to-ogg\index.html","en","xlsx","ogg","41","True","True","True","True","0","0","False","False","False","False","False",""
"C:\Users\maria\Desktop\Current\Converter\languages\en\convert\ogg\zip-to-ogg\index.html","en","zip","ogg","41","True","True","True","True","0","0","False","False","False","False","False",""
"C:\Users\maria\Desktop\Current\Converter\languages\en\convert\opus\7z-to-opus\index.html","en","7z","opus","41","True","True","True","True","0","0","False","False","False","False","False",""
"C:\Users\maria\Desktop\Current\Converter\languages\en\convert\opus\aac-to-opus\index.html","en","aac","opus","41","True","True","True","True","0","0","False","False","False","False","False",""
"C:\Users\maria\Desktop\Current\Converter\languages\en\convert\opus\aiff-to-opus\index.html","en","aiff","opus","41","True","True","True","True","0","0","False","False","False","False","False",""
"C:\Users\maria\Desktop\Current\Converter\languages\en\convert\opus\bmp-to-opus\index.html","en","bmp","opus","41","True","True","True","True","0","0","False","False","False","False","False",""
"C:\Users\maria\Desktop\Current\Converter\languages\en\convert\opus\csv-to-opus\index.html","en","csv","opus","41","True","True","True","True","0","0","False","False","False","False","False",""
"C:\Users\maria\Desktop\Current\Converter\languages\en\convert\opus\docx-to-opus\index.html","en","docx","opus","41","True","True","True","True","0","0","False","False","False","False","False",""
"C:\Users\maria\Desktop\Current\Converter\languages\en\convert\opus\flac-to-opus\index.html","en","flac","opus","41","True","True","True","True","0","0","False","False","False","False","False",""
"C:\Users\maria\Desktop\Current\Converter\languages\en\convert\opus\gif-to-opus\index.html","en","gif","opus","41","True","True","True","True","0","0","False","False","False","False","False",""
"C:\Users\maria\Desktop\Current\Converter\languages\en\convert\opus\html-to-opus\index.html","en","html","opus","41","True","True","True","True","0","0","False","False","False","False","False",""
"C:\Users\maria\Desktop\Current\Converter\languages\en\convert\opus\jpeg-to-opus\index.html","en","jpeg","opus","41","True","True","True","True","0","0","False","False","False","False","False",""
"C:\Users\maria\Desktop\Current\Converter\languages\en\convert\opus\jpg-to-opus\index.html","en","jpg","opus","41","True","True","True","True","0","0","False","False","False","False","False",""
"C:\Users\maria\Desktop\Current\Converter\languages\en\convert\opus\json-to-opus\index.html","en","json","opus","41","True","True","True","True","0","0","False","False","False","False","False",""
"C:\Users\maria\Desktop\Current\Converter\languages\en\convert\opus\jsonl-to-opus\index.html","en","jsonl","opus","41","True","True","True","True","0","0","False","False","False","False","False",""
"C:\Users\maria\Desktop\Current\Converter\languages\en\convert\opus\m4a-to-opus\index.html","en","m4a","opus","41","True","True","True","True","0","0","False","False","False","False","False",""
"C:\Users\maria\Desktop\Current\Converter\languages\en\convert\opus\m4v-to-opus\index.html","en","m4v","opus","41","True","True","True","True","0","0","False","False","False","False","False",""
"C:\Users\maria\Desktop\Current\Converter\languages\en\convert\opus\md-to-opus\index.html","en","md","opus","41","True","True","True","True","0","0","False","False","False","False","False",""
"C:\Users\maria\Desktop\Current\Converter\languages\en\convert\opus\mkv-to-opus\index.html","en","mkv","opus","41","True","True","True","True","0","0","False","False","False","False","False",""
"C:\Users\maria\Desktop\Current\Converter\languages\en\convert\opus\mov-to-opus\index.html","en","mov","opus","41","True","True","True","True","0","0","False","False","False","False","False",""
"C:\Users\maria\Desktop\Current\Converter\languages\en\convert\opus\mp3-to-opus\index.html","en","mp3","opus","41","True","True","True","True","0","0","False","False","False","False","False",""
"C:\Users\maria\Desktop\Current\Converter\languages\en\convert\opus\mp4-to-opus\index.html","en","mp4","opus","41","True","True","True","True","0","0","False","False","False","False","False",""
"C:\Users\maria\Desktop\Current\Converter\languages\en\convert\opus\ogg-to-opus\index.html","en","ogg","opus","41","True","True","True","True","0","0","False","False","False","False","False",""
"C:\Users\maria\Desktop\Current\Converter\languages\en\convert\opus\pdf-to-opus\index.html","en","pdf","opus","41","True","True","True","True","0","0","False","False","False","False","False",""
"C:\Users\maria\Desktop\Current\Converter\languages\en\convert\opus\png-to-opus\index.html","en","png","opus","41","True","True","True","True","0","0","False","False","False","False","False",""
"C:\Users\maria\Desktop\Current\Converter\languages\en\convert\opus\pptx-to-opus\index.html","en","pptx","opus","41","True","True","True","True","0","0","False","False","False","False","False",""
"C:\Users\maria\Desktop\Current\Converter\languages\en\convert\opus\rar-to-opus\index.html","en","rar","opus","41","True","True","True","True","0","0","False","False","False","False","False",""
"C:\Users\maria\Desktop\Current\Converter\languages\en\convert\opus\rtf-to-opus\index.html","en","rtf","opus","41","True","True","True","True","0","0","False","False","False","False","False",""
"C:\Users\maria\Desktop\Current\Converter\languages\en\convert\opus\svg-to-opus\index.html","en","svg","opus","41","True","True","True","True","0","0","False","False","False","False","False",""
"C:\Users\maria\Desktop\Current\Converter\languages\en\convert\opus\tar-to-opus\index.html","en","tar","opus","41","True","True","True","True","0","0","False","False","False","False","False",""
"C:\Users\maria\Desktop\Current\Converter\languages\en\convert\opus\tar.bz2-to-opus\index.html","en","tar.bz2","opus","41","True","True","True","True","0","0","False","False","False","False","False",""
"C:\Users\maria\Desktop\Current\Converter\languages\en\convert\opus\tar.gz-to-opus\index.html","en","tar.gz","opus","41","True","True","True","True","0","0","False","False","False","False","False",""
"C:\Users\maria\Desktop\Current\Converter\languages\en\convert\opus\tar.xz-to-opus\index.html","en","tar.xz","opus","41","True","True","True","True","0","0","False","False","False","False","False",""
"C:\Users\maria\Desktop\Current\Converter\languages\en\convert\opus\tbz-to-opus\index.html","en","tbz","opus","41","True","True","True","True","0","0","False","False","False","False","False",""
"C:\Users\maria\Desktop\Current\Converter\languages\en\convert\opus\tgz-to-opus\index.html","en","tgz","opus","41","True","True","True","True","0","0","False","False","False","False","False",""
"C:\Users\maria\Desktop\Current\Converter\languages\en\convert\opus\tiff-to-opus\index.html","en","tiff","opus","41","True","True","True","True","0","0","False","False","False","False","False",""
"C:\Users\maria\Desktop\Current\Converter\languages\en\convert\opus\tsv-to-opus\index.html","en","tsv","opus","41","True","True","True","True","0","0","False","False","False","False","False",""
"C:\Users\maria\Desktop\Current\Converter\languages\en\convert\opus\txt-to-opus\index.html","en","txt","opus","41","True","True","True","True","0","0","False","False","False","False","False",""
"C:\Users\maria\Desktop\Current\Converter\languages\en\convert\opus\txz-to-opus\index.html","en","txz","opus","41","True","True","True","True","0","0","False","False","False","False","False",""
"C:\Users\maria\Desktop\Current\Converter\languages\en\convert\opus\wav-to-opus\index.html","en","wav","opus","41","True","True","True","True","0","0","False","False","False","False","False",""
"C:\Users\maria\Desktop\Current\Converter\languages\en\convert\opus\webm-to-opus\index.html","en","webm","opus","41","True","True","True","True","0","0","False","False","False","False","False",""
"C:\Users\maria\Desktop\Current\Converter\languages\en\convert\opus\webp-to-opus\index.html","en","webp","opus","41","True","True","True","True","0","0","False","False","False","False","False",""
"C:\Users\maria\Desktop\Current\Converter\languages\en\convert\opus\xlsx-to-opus\index.html","en","xlsx","opus","41","True","True","True","True","0","0","False","False","False","False","False",""
"C:\Users\maria\Desktop\Current\Converter\languages\en\convert\opus\zip-to-opus\index.html","en","zip","opus","41","True","True","True","True","0","0","False","False","False","False","False",""
"C:\Users\maria\Desktop\Current\Converter\languages\en\convert\pdf\7z-to-pdf\index.html","en","7z","pdf","41","True","True","True","True","0","0","False","False","False","False","False",""
"C:\Users\maria\Desktop\Current\Converter\languages\en\convert\pdf\aac-to-pdf\index.html","en","aac","pdf","41","True","True","True","True","0","0","False","False","False","False","False",""
"C:\Users\maria\Desktop\Current\Converter\languages\en\convert\pdf\aiff-to-pdf\index.html","en","aiff","pdf","41","True","True","True","True","0","0","False","False","False","False","False",""
"C:\Users\maria\Desktop\Current\Converter\languages\en\convert\pdf\bmp-to-pdf\index.html","en","bmp","pdf","41","True","True","True","True","0","0","False","False","False","False","False",""
"C:\Users\maria\Desktop\Current\Converter\languages\en\convert\pdf\csv-to-pdf\index.html","en","csv","pdf","41","True","True","True","True","0","0","False","False","False","False","False",""
"C:\Users\maria\Desktop\Current\Converter\languages\en\convert\pdf\docx-to-pdf\index.html","en","docx","pdf","41","True","True","True","True","0","0","False","False","False","False","False",""
"C:\Users\maria\Desktop\Current\Converter\languages\en\convert\pdf\flac-to-pdf\index.html","en","flac","pdf","41","True","True","True","True","0","0","False","False","False","False","False",""
"C:\Users\maria\Desktop\Current\Converter\languages\en\convert\pdf\gif-to-pdf\index.html","en","gif","pdf","41","True","True","True","True","0","0","False","False","False","False","False",""
"C:\Users\maria\Desktop\Current\Converter\languages\en\convert\pdf\html-to-pdf\index.html","en","html","pdf","41","True","True","True","True","0","0","False","False","False","False","False",""
"C:\Users\maria\Desktop\Current\Converter\languages\en\convert\pdf\jpeg-to-pdf\index.html","en","jpeg","pdf","41","True","True","True","True","0","0","False","False","False","False","False",""
"C:\Users\maria\Desktop\Current\Converter\languages\en\convert\pdf\jpg-to-pdf\index.html","en","jpg","pdf","41","True","True","True","True","0","0","False","False","False","False","False",""
"C:\Users\maria\Desktop\Current\Converter\languages\en\convert\pdf\json-to-pdf\index.html","en","json","pdf","41","True","True","True","True","0","0","False","False","False","False","False",""
"C:\Users\maria\Desktop\Current\Converter\languages\en\convert\pdf\jsonl-to-pdf\index.html","en","jsonl","pdf","41","True","True","True","True","0","0","False","False","False","False","False",""
"C:\Users\maria\Desktop\Current\Converter\languages\en\convert\pdf\m4a-to-pdf\index.html","en","m4a","pdf","41","True","True","True","True","0","0","False","False","False","False","False",""
"C:\Users\maria\Desktop\Current\Converter\languages\en\convert\pdf\m4v-to-pdf\index.html","en","m4v","pdf","41","True","True","True","True","0","0","False","False","False","False","False",""
"C:\Users\maria\Desktop\Current\Converter\languages\en\convert\pdf\md-to-pdf\index.html","en","md","pdf","41","True","True","True","True","0","0","False","False","False","False","False",""
"C:\Users\maria\Desktop\Current\Converter\languages\en\convert\pdf\mkv-to-pdf\index.html","en","mkv","pdf","41","True","True","True","True","0","0","False","False","False","False","False",""
"C:\Users\maria\Desktop\Current\Converter\languages\en\convert\pdf\mov-to-pdf\index.html","en","mov","pdf","41","True","True","True","True","0","0","False","False","False","False","False",""
"C:\Users\maria\Desktop\Current\Converter\languages\en\convert\pdf\mp3-to-pdf\index.html","en","mp3","pdf","41","True","True","True","True","0","0","False","False","False","False","False",""
"C:\Users\maria\Desktop\Current\Converter\languages\en\convert\pdf\mp4-to-pdf\index.html","en","mp4","pdf","41","True","True","True","True","0","0","False","False","False","False","False",""
"C:\Users\maria\Desktop\Current\Converter\languages\en\convert\pdf\ogg-to-pdf\index.html","en","ogg","pdf","41","True","True","True","True","0","0","False","False","False","False","False",""
"C:\Users\maria\Desktop\Current\Converter\languages\en\convert\pdf\opus-to-pdf\index.html","en","opus","pdf","41","True","True","True","True","0","0","False","False","False","False","False",""
"C:\Users\maria\Desktop\Current\Converter\languages\en\convert\pdf\png-to-pdf\index.html","en","png","pdf","41","True","True","True","True","0","0","False","False","False","False","False",""
"C:\Users\maria\Desktop\Current\Converter\languages\en\convert\pdf\pptx-to-pdf\index.html","en","pptx","pdf","41","True","True","True","True","0","0","False","False","False","False","False",""
"C:\Users\maria\Desktop\Current\Converter\languages\en\convert\pdf\rar-to-pdf\index.html","en","rar","pdf","41","True","True","True","True","0","0","False","False","False","False","False",""
"C:\Users\maria\Desktop\Current\Converter\languages\en\convert\pdf\rtf-to-pdf\index.html","en","rtf","pdf","41","True","True","True","True","0","0","False","False","False","False","False",""
"C:\Users\maria\Desktop\Current\Converter\languages\en\convert\pdf\svg-to-pdf\index.html","en","svg","pdf","41","True","True","True","True","0","0","False","False","False","False","False",""
"C:\Users\maria\Desktop\Current\Converter\languages\en\convert\pdf\tar-to-pdf\index.html","en","tar","pdf","41","True","True","True","True","0","0","False","False","False","False","False",""
"C:\Users\maria\Desktop\Current\Converter\languages\en\convert\pdf\tar.bz2-to-pdf\index.html","en","tar.bz2","pdf","41","True","True","True","True","0","0","False","False","False","False","False",""
"C:\Users\maria\Desktop\Current\Converter\languages\en\convert\pdf\tar.gz-to-pdf\index.html","en","tar.gz","pdf","41","True","True","True","True","0","0","False","False","False","False","False",""
"C:\Users\maria\Desktop\Current\Converter\languages\en\convert\pdf\tar.xz-to-pdf\index.html","en","tar.xz","pdf","41","True","True","True","True","0","0","False","False","False","False","False",""
"C:\Users\maria\Desktop\Current\Converter\languages\en\convert\pdf\tbz-to-pdf\index.html","en","tbz","pdf","41","True","True","True","True","0","0","False","False","False","False","False",""
"C:\Users\maria\Desktop\Current\Converter\languages\en\convert\pdf\tgz-to-pdf\index.html","en","tgz","pdf","41","True","True","True","True","0","0","False","False","False","False","False",""
"C:\Users\maria\Desktop\Current\Converter\languages\en\convert\pdf\tiff-to-pdf\index.html","en","tiff","pdf","41","True","True","True","True","0","0","False","False","False","False","False",""
"C:\Users\maria\Desktop\Current\Converter\languages\en\convert\pdf\tsv-to-pdf\index.html","en","tsv","pdf","41","True","True","True","True","0","0","False","False","False","False","False",""
"C:\Users\maria\Desktop\Current\Converter\languages\en\convert\pdf\txt-to-pdf\index.html","en","txt","pdf","41","True","True","True","True","0","0","False","False","False","False","False",""
"C:\Users\maria\Desktop\Current\Converter\languages\en\convert\pdf\txz-to-pdf\index.html","en","txz","pdf","41","True","True","True","True","0","0","False","False","False","False","False",""
"C:\Users\maria\Desktop\Current\Converter\languages\en\convert\pdf\wav-to-pdf\index.html","en","wav","pdf","41","True","True","True","True","0","0","False","False","False","False","False",""
"C:\Users\maria\Desktop\Current\Converter\languages\en\convert\pdf\webm-to-pdf\index.html","en","webm","pdf","41","True","True","True","True","0","0","False","False","False","False","False",""
"C:\Users\maria\Desktop\Current\Converter\languages\en\convert\pdf\webp-to-pdf\index.html","en","webp","pdf","41","True","True","True","True","0","0","False","False","False","False","False",""
"C:\Users\maria\Desktop\Current\Converter\languages\en\convert\pdf\xlsx-to-pdf\index.html","en","xlsx","pdf","41","True","True","True","True","0","0","False","False","False","False","False",""
"C:\Users\maria\Desktop\Current\Converter\languages\en\convert\pdf\zip-to-pdf\index.html","en","zip","pdf","41","True","True","True","True","0","0","False","False","False","False","False",""
"C:\Users\maria\Desktop\Current\Converter\languages\en\convert\png\7z-to-png\index.html","en","7z","png","41","True","True","True","True","0","0","False","False","False","False","False",""
"C:\Users\maria\Desktop\Current\Converter\languages\en\convert\png\aac-to-png\index.html","en","aac","png","41","True","True","True","True","0","0","False","False","False","False","False",""
"C:\Users\maria\Desktop\Current\Converter\languages\en\convert\png\aiff-to-png\index.html","en","aiff","png","41","True","True","True","True","0","0","False","False","False","False","False",""
"C:\Users\maria\Desktop\Current\Converter\languages\en\convert\png\bmp-to-png\index.html","en","bmp","png","41","True","True","True","True","0","0","False","False","False","False","False",""
"C:\Users\maria\Desktop\Current\Converter\languages\en\convert\png\csv-to-png\index.html","en","csv","png","41","True","True","True","True","0","0","False","False","False","False","False",""
"C:\Users\maria\Desktop\Current\Converter\languages\en\convert\png\docx-to-png\index.html","en","docx","png","41","True","True","True","True","0","0","False","False","False","False","False",""
"C:\Users\maria\Desktop\Current\Converter\languages\en\convert\png\flac-to-png\index.html","en","flac","png","41","True","True","True","True","0","0","False","False","False","False","False",""
"C:\Users\maria\Desktop\Current\Converter\languages\en\convert\png\gif-to-png\index.html","en","gif","png","41","True","True","True","True","0","0","False","False","False","False","False",""
"C:\Users\maria\Desktop\Current\Converter\languages\en\convert\png\html-to-png\index.html","en","html","png","41","True","True","True","True","0","0","False","False","False","False","False",""
"C:\Users\maria\Desktop\Current\Converter\languages\en\convert\png\jpeg-to-png\index.html","en","jpeg","png","41","True","True","True","True","0","0","False","False","False","False","False",""
"C:\Users\maria\Desktop\Current\Converter\languages\en\convert\png\jpg-to-png\index.html","en","jpg","png","41","True","True","True","True","0","0","False","False","False","False","False",""
"C:\Users\maria\Desktop\Current\Converter\languages\en\convert\png\json-to-png\index.html","en","json","png","41","True","True","True","True","0","0","False","False","False","False","False",""
"C:\Users\maria\Desktop\Current\Converter\languages\en\convert\png\jsonl-to-png\index.html","en","jsonl","png","41","True","True","True","True","0","0","False","False","False","False","False",""
"C:\Users\maria\Desktop\Current\Converter\languages\en\convert\png\m4a-to-png\index.html","en","m4a","png","41","True","True","True","True","0","0","False","False","False","False","False",""
"C:\Users\maria\Desktop\Current\Converter\languages\en\convert\png\m4v-to-png\index.html","en","m4v","png","41","True","True","True","True","0","0","False","False","False","False","False",""
"C:\Users\maria\Desktop\Current\Converter\languages\en\convert\png\md-to-png\index.html","en","md","png","41","True","True","True","True","0","0","False","False","False","False","False",""
"C:\Users\maria\Desktop\Current\Converter\languages\en\convert\png\mkv-to-png\index.html","en","mkv","png","41","True","True","True","True","0","0","False","False","False","False","False",""
"C:\Users\maria\Desktop\Current\Converter\languages\en\convert\png\mov-to-png\index.html","en","mov","png","41","True","True","True","True","0","0","False","False","False","False","False",""
"C:\Users\maria\Desktop\Current\Converter\languages\en\convert\png\mp3-to-png\index.html","en","mp3","png","41","True","True","True","True","0","0","False","False","False","False","False",""
"C:\Users\maria\Desktop\Current\Converter\languages\en\convert\png\mp4-to-png\index.html","en","mp4","png","41","True","True","True","True","0","0","False","False","False","False","False",""
"C:\Users\maria\Desktop\Current\Converter\languages\en\convert\png\ogg-to-png\index.html","en","ogg","png","41","True","True","True","True","0","0","False","False","False","False","False",""
"C:\Users\maria\Desktop\Current\Converter\languages\en\convert\png\opus-to-png\index.html","en","opus","png","41","True","True","True","True","0","0","False","False","False","False","False",""
"C:\Users\maria\Desktop\Current\Converter\languages\en\convert\png\pdf-to-png\index.html","en","pdf","png","41","True","True","True","True","0","0","False","False","False","False","False",""
"C:\Users\maria\Desktop\Current\Converter\languages\en\convert\png\pptx-to-png\index.html","en","pptx","png","41","True","True","True","True","0","0","False","False","False","False","False",""
"C:\Users\maria\Desktop\Current\Converter\languages\en\convert\png\rar-to-png\index.html","en","rar","png","41","True","True","True","True","0","0","False","False","False","False","False",""
"C:\Users\maria\Desktop\Current\Converter\languages\en\convert\png\rtf-to-png\index.html","en","rtf","png","41","True","True","True","True","0","0","False","False","False","False","False",""
"C:\Users\maria\Desktop\Current\Converter\languages\en\convert\png\svg-to-png\index.html","en","svg","png","41","True","True","True","True","0","0","False","False","False","False","False",""
"C:\Users\maria\Desktop\Current\Converter\languages\en\convert\png\tar-to-png\index.html","en","tar","png","41","True","True","True","True","0","0","False","False","False","False","False",""
"C:\Users\maria\Desktop\Current\Converter\languages\en\convert\png\tar.bz2-to-png\index.html","en","tar.bz2","png","41","True","True","True","True","0","0","False","False","False","False","False",""
"C:\Users\maria\Desktop\Current\Converter\languages\en\convert\png\tar.gz-to-png\index.html","en","tar.gz","png","41","True","True","True","True","0","0","False","False","False","False","False",""
"C:\Users\maria\Desktop\Current\Converter\languages\en\convert\png\tar.xz-to-png\index.html","en","tar.xz","png","41","True","True","True","True","0","0","False","False","False","False","False",""
"C:\Users\maria\Desktop\Current\Converter\languages\en\convert\png\tbz-to-png\index.html","en","tbz","png","41","True","True","True","True","0","0","False","False","False","False","False",""
"C:\Users\maria\Desktop\Current\Converter\languages\en\convert\png\tgz-to-png\index.html","en","tgz","png","41","True","True","True","True","0","0","False","False","False","False","False",""
"C:\Users\maria\Desktop\Current\Converter\languages\en\convert\png\tiff-to-png\index.html","en","tiff","png","41","True","True","True","True","0","0","False","False","False","False","False",""
"C:\Users\maria\Desktop\Current\Converter\languages\en\convert\png\tsv-to-png\index.html","en","tsv","png","41","True","True","True","True","0","0","False","False","False","False","False",""
"C:\Users\maria\Desktop\Current\Converter\languages\en\convert\png\txt-to-png\index.html","en","txt","png","41","True","True","True","True","0","0","False","False","False","False","False",""
"C:\Users\maria\Desktop\Current\Converter\languages\en\convert\png\txz-to-png\index.html","en","txz","png","41","True","True","True","True","0","0","False","False","False","False","False",""
"C:\Users\maria\Desktop\Current\Converter\languages\en\convert\png\wav-to-png\index.html","en","wav","png","41","True","True","True","True","0","0","False","False","False","False","False",""
"C:\Users\maria\Desktop\Current\Converter\languages\en\convert\png\webm-to-png\index.html","en","webm","png","41","True","True","True","True","0","0","False","False","False","False","False",""
"C:\Users\maria\Desktop\Current\Converter\languages\en\convert\png\webp-to-png\index.html","en","webp","png","41","True","True","True","True","0","0","False","False","False","False","False",""
"C:\Users\maria\Desktop\Current\Converter\languages\en\convert\png\xlsx-to-png\index.html","en","xlsx","png","41","True","True","True","True","0","0","False","False","False","False","False",""
"C:\Users\maria\Desktop\Current\Converter\languages\en\convert\png\zip-to-png\index.html","en","zip","png","41","True","True","True","True","0","0","False","False","False","False","False",""
"C:\Users\maria\Desktop\Current\Converter\languages\en\convert\pptx\7z-to-pptx\index.html","en","7z","pptx","41","True","True","True","True","0","0","False","False","False","False","False",""
"C:\Users\maria\Desktop\Current\Converter\languages\en\convert\pptx\aac-to-pptx\index.html","en","aac","pptx","41","True","True","True","True","0","0","False","False","False","False","False",""
"C:\Users\maria\Desktop\Current\Converter\languages\en\convert\pptx\aiff-to-pptx\index.html","en","aiff","pptx","41","True","True","True","True","0","0","False","False","False","False","False",""
"C:\Users\maria\Desktop\Current\Converter\languages\en\convert\pptx\bmp-to-pptx\index.html","en","bmp","pptx","41","True","True","True","True","0","0","False","False","False","False","False",""
"C:\Users\maria\Desktop\Current\Converter\languages\en\convert\pptx\csv-to-pptx\index.html","en","csv","pptx","41","True","True","True","True","0","0","False","False","False","False","False",""
"C:\Users\maria\Desktop\Current\Converter\languages\en\convert\pptx\docx-to-pptx\index.html","en","docx","pptx","41","True","True","True","True","0","0","False","False","False","False","False",""
"C:\Users\maria\Desktop\Current\Converter\languages\en\convert\pptx\flac-to-pptx\index.html","en","flac","pptx","41","True","True","True","True","0","0","False","False","False","False","False",""
"C:\Users\maria\Desktop\Current\Converter\languages\en\convert\pptx\gif-to-pptx\index.html","en","gif","pptx","41","True","True","True","True","0","0","False","False","False","False","False",""
"C:\Users\maria\Desktop\Current\Converter\languages\en\convert\pptx\html-to-pptx\index.html","en","html","pptx","41","True","True","True","True","0","0","False","False","False","False","False",""
"C:\Users\maria\Desktop\Current\Converter\languages\en\convert\pptx\jpeg-to-pptx\index.html","en","jpeg","pptx","41","True","True","True","True","0","0","False","False","False","False","False",""
"C:\Users\maria\Desktop\Current\Converter\languages\en\convert\pptx\jpg-to-pptx\index.html","en","jpg","pptx","41","True","True","True","True","0","0","False","False","False","False","False",""
"C:\Users\maria\Desktop\Current\Converter\languages\en\convert\pptx\json-to-pptx\index.html","en","json","pptx","41","True","True","True","True","0","0","False","False","False","False","False",""
"C:\Users\maria\Desktop\Current\Converter\languages\en\convert\pptx\jsonl-to-pptx\index.html","en","jsonl","pptx","41","True","True","True","True","0","0","False","False","False","False","False",""
"C:\Users\maria\Desktop\Current\Converter\languages\en\convert\pptx\m4a-to-pptx\index.html","en","m4a","pptx","41","True","True","True","True","0","0","False","False","False","False","False",""
"C:\Users\maria\Desktop\Current\Converter\languages\en\convert\pptx\m4v-to-pptx\index.html","en","m4v","pptx","41","True","True","True","True","0","0","False","False","False","False","False",""
"C:\Users\maria\Desktop\Current\Converter\languages\en\convert\pptx\md-to-pptx\index.html","en","md","pptx","41","True","True","True","True","0","0","False","False","False","False","False",""
"C:\Users\maria\Desktop\Current\Converter\languages\en\convert\pptx\mkv-to-pptx\index.html","en","mkv","pptx","41","True","True","True","True","0","0","False","False","False","False","False",""
"C:\Users\maria\Desktop\Current\Converter\languages\en\convert\pptx\mov-to-pptx\index.html","en","mov","pptx","41","True","True","True","True","0","0","False","False","False","False","False",""
"C:\Users\maria\Desktop\Current\Converter\languages\en\convert\pptx\mp3-to-pptx\index.html","en","mp3","pptx","41","True","True","True","True","0","0","False","False","False","False","False",""
"C:\Users\maria\Desktop\Current\Converter\languages\en\convert\pptx\mp4-to-pptx\index.html","en","mp4","pptx","41","True","True","True","True","0","0","False","False","False","False","False",""
"C:\Users\maria\Desktop\Current\Converter\languages\en\convert\pptx\ogg-to-pptx\index.html","en","ogg","pptx","41","True","True","True","True","0","0","False","False","False","False","False",""
"C:\Users\maria\Desktop\Current\Converter\languages\en\convert\pptx\opus-to-pptx\index.html","en","opus","pptx","41","True","True","True","True","0","0","False","False","False","False","False",""
"C:\Users\maria\Desktop\Current\Converter\languages\en\convert\pptx\pdf-to-pptx\index.html","en","pdf","pptx","41","True","True","True","True","0","0","False","False","False","False","False",""
"C:\Users\maria\Desktop\Current\Converter\languages\en\convert\pptx\png-to-pptx\index.html","en","png","pptx","41","True","True","True","True","0","0","False","False","False","False","False",""
"C:\Users\maria\Desktop\Current\Converter\languages\en\convert\pptx\rar-to-pptx\index.html","en","rar","pptx","41","True","True","True","True","0","0","False","False","False","False","False",""
"C:\Users\maria\Desktop\Current\Converter\languages\en\convert\pptx\rtf-to-pptx\index.html","en","rtf","pptx","41","True","True","True","True","0","0","False","False","False","False","False",""
"C:\Users\maria\Desktop\Current\Converter\languages\en\convert\pptx\svg-to-pptx\index.html","en","svg","pptx","41","True","True","True","True","0","0","False","False","False","False","False",""
"C:\Users\maria\Desktop\Current\Converter\languages\en\convert\pptx\tar-to-pptx\index.html","en","tar","pptx","41","True","True","True","True","0","0","False","False","False","False","False",""
"C:\Users\maria\Desktop\Current\Converter\languages\en\convert\pptx\tar.bz2-to-pptx\index.html","en","tar.bz2","pptx","41","True","True","True","True","0","0","False","False","False","False","False",""
"C:\Users\maria\Desktop\Current\Converter\languages\en\convert\pptx\tar.gz-to-pptx\index.html","en","tar.gz","pptx","41","True","True","True","True","0","0","False","False","False","False","False",""
"C:\Users\maria\Desktop\Current\Converter\languages\en\convert\pptx\tar.xz-to-pptx\index.html","en","tar.xz","pptx","41","True","True","True","True","0","0","False","False","False","False","False",""
"C:\Users\maria\Desktop\Current\Converter\languages\en\convert\pptx\tbz-to-pptx\index.html","en","tbz","pptx","41","True","True","True","True","0","0","False","False","False","False","False",""
"C:\Users\maria\Desktop\Current\Converter\languages\en\convert\pptx\tgz-to-pptx\index.html","en","tgz","pptx","41","True","True","True","True","0","0","False","False","False","False","False",""
"C:\Users\maria\Desktop\Current\Converter\languages\en\convert\pptx\tiff-to-pptx\index.html","en","tiff","pptx","41","True","True","True","True","0","0","False","False","False","False","False",""
"C:\Users\maria\Desktop\Current\Converter\languages\en\convert\pptx\tsv-to-pptx\index.html","en","tsv","pptx","41","True","True","True","True","0","0","False","False","False","False","False",""
"C:\Users\maria\Desktop\Current\Converter\languages\en\convert\pptx\txt-to-pptx\index.html","en","txt","pptx","41","True","True","True","True","0","0","False","False","False","False","False",""
"C:\Users\maria\Desktop\Current\Converter\languages\en\convert\pptx\txz-to-pptx\index.html","en","txz","pptx","41","True","True","True","True","0","0","False","False","False","False","False",""
"C:\Users\maria\Desktop\Current\Converter\languages\en\convert\pptx\wav-to-pptx\index.html","en","wav","pptx","41","True","True","True","True","0","0","False","False","False","False","False",""
"C:\Users\maria\Desktop\Current\Converter\languages\en\convert\pptx\webm-to-pptx\index.html","en","webm","pptx","41","True","True","True","True","0","0","False","False","False","False","False",""
"C:\Users\maria\Desktop\Current\Converter\languages\en\convert\pptx\webp-to-pptx\index.html","en","webp","pptx","41","True","True","True","True","0","0","False","False","False","False","False",""
"C:\Users\maria\Desktop\Current\Converter\languages\en\convert\pptx\xlsx-to-pptx\index.html","en","xlsx","pptx","41","True","True","True","True","0","0","False","False","False","False","False",""
"C:\Users\maria\Desktop\Current\Converter\languages\en\convert\pptx\zip-to-pptx\index.html","en","zip","pptx","41","True","True","True","True","0","0","False","False","False","False","False",""
"C:\Users\maria\Desktop\Current\Converter\languages\en\convert\rar\7z-to-rar\index.html","en","7z","rar","41","True","True","True","True","0","0","False","False","False","False","False",""
"C:\Users\maria\Desktop\Current\Converter\languages\en\convert\rar\aac-to-rar\index.html","en","aac","rar","41","True","True","True","True","0","0","False","False","False","False","False",""
"C:\Users\maria\Desktop\Current\Converter\languages\en\convert\rar\aiff-to-rar\index.html","en","aiff","rar","41","True","True","True","True","0","0","False","False","False","False","False",""
"C:\Users\maria\Desktop\Current\Converter\languages\en\convert\rar\bmp-to-rar\index.html","en","bmp","rar","41","True","True","True","True","0","0","False","False","False","False","False",""
"C:\Users\maria\Desktop\Current\Converter\languages\en\convert\rar\csv-to-rar\index.html","en","csv","rar","41","True","True","True","True","0","0","False","False","False","False","False",""
"C:\Users\maria\Desktop\Current\Converter\languages\en\convert\rar\docx-to-rar\index.html","en","docx","rar","41","True","True","True","True","0","0","False","False","False","False","False",""
"C:\Users\maria\Desktop\Current\Converter\languages\en\convert\rar\flac-to-rar\index.html","en","flac","rar","41","True","True","True","True","0","0","False","False","False","False","False",""
"C:\Users\maria\Desktop\Current\Converter\languages\en\convert\rar\gif-to-rar\index.html","en","gif","rar","41","True","True","True","True","0","0","False","False","False","False","False",""
"C:\Users\maria\Desktop\Current\Converter\languages\en\convert\rar\html-to-rar\index.html","en","html","rar","41","True","True","True","True","0","0","False","False","False","False","False",""
"C:\Users\maria\Desktop\Current\Converter\languages\en\convert\rar\jpeg-to-rar\index.html","en","jpeg","rar","41","True","True","True","True","0","0","False","False","False","False","False",""
"C:\Users\maria\Desktop\Current\Converter\languages\en\convert\rar\jpg-to-rar\index.html","en","jpg","rar","41","True","True","True","True","0","0","False","False","False","False","False",""
"C:\Users\maria\Desktop\Current\Converter\languages\en\convert\rar\json-to-rar\index.html","en","json","rar","41","True","True","True","True","0","0","False","False","False","False","False",""
"C:\Users\maria\Desktop\Current\Converter\languages\en\convert\rar\jsonl-to-rar\index.html","en","jsonl","rar","41","True","True","True","True","0","0","False","False","False","False","False",""
"C:\Users\maria\Desktop\Current\Converter\languages\en\convert\rar\m4a-to-rar\index.html","en","m4a","rar","41","True","True","True","True","0","0","False","False","False","False","False",""
"C:\Users\maria\Desktop\Current\Converter\languages\en\convert\rar\m4v-to-rar\index.html","en","m4v","rar","41","True","True","True","True","0","0","False","False","False","False","False",""
"C:\Users\maria\Desktop\Current\Converter\languages\en\convert\rar\md-to-rar\index.html","en","md","rar","41","True","True","True","True","0","0","False","False","False","False","False",""
"C:\Users\maria\Desktop\Current\Converter\languages\en\convert\rar\mkv-to-rar\index.html","en","mkv","rar","41","True","True","True","True","0","0","False","False","False","False","False",""
"C:\Users\maria\Desktop\Current\Converter\languages\en\convert\rar\mov-to-rar\index.html","en","mov","rar","41","True","True","True","True","0","0","False","False","False","False","False",""
"C:\Users\maria\Desktop\Current\Converter\languages\en\convert\rar\mp3-to-rar\index.html","en","mp3","rar","41","True","True","True","True","0","0","False","False","False","False","False",""
"C:\Users\maria\Desktop\Current\Converter\languages\en\convert\rar\mp4-to-rar\index.html","en","mp4","rar","41","True","True","True","True","0","0","False","False","False","False","False",""
"C:\Users\maria\Desktop\Current\Converter\languages\en\convert\rar\ogg-to-rar\index.html","en","ogg","rar","41","True","True","True","True","0","0","False","False","False","False","False",""
"C:\Users\maria\Desktop\Current\Converter\languages\en\convert\rar\opus-to-rar\index.html","en","opus","rar","41","True","True","True","True","0","0","False","False","False","False","False",""
"C:\Users\maria\Desktop\Current\Converter\languages\en\convert\rar\pdf-to-rar\index.html","en","pdf","rar","41","True","True","True","True","0","0","False","False","False","False","False",""
"C:\Users\maria\Desktop\Current\Converter\languages\en\convert\rar\png-to-rar\index.html","en","png","rar","41","True","True","True","True","0","0","False","False","False","False","False",""
"C:\Users\maria\Desktop\Current\Converter\languages\en\convert\rar\pptx-to-rar\index.html","en","pptx","rar","41","True","True","True","True","0","0","False","False","False","False","False",""
"C:\Users\maria\Desktop\Current\Converter\languages\en\convert\rar\rtf-to-rar\index.html","en","rtf","rar","41","True","True","True","True","0","0","False","False","False","False","False",""
"C:\Users\maria\Desktop\Current\Converter\languages\en\convert\rar\svg-to-rar\index.html","en","svg","rar","41","True","True","True","True","0","0","False","False","False","False","False",""
"C:\Users\maria\Desktop\Current\Converter\languages\en\convert\rar\tar-to-rar\index.html","en","tar","rar","41","True","True","True","True","0","0","False","False","False","False","False",""
"C:\Users\maria\Desktop\Current\Converter\languages\en\convert\rar\tar.bz2-to-rar\index.html","en","tar.bz2","rar","41","True","True","True","True","0","0","False","False","False","False","False",""
"C:\Users\maria\Desktop\Current\Converter\languages\en\convert\rar\tar.gz-to-rar\index.html","en","tar.gz","rar","41","True","True","True","True","0","0","False","False","False","False","False",""
"C:\Users\maria\Desktop\Current\Converter\languages\en\convert\rar\tar.xz-to-rar\index.html","en","tar.xz","rar","41","True","True","True","True","0","0","False","False","False","False","False",""
"C:\Users\maria\Desktop\Current\Converter\languages\en\convert\rar\tbz-to-rar\index.html","en","tbz","rar","41","True","True","True","True","0","0","False","False","False","False","False",""
"C:\Users\maria\Desktop\Current\Converter\languages\en\convert\rar\tgz-to-rar\index.html","en","tgz","rar","41","True","True","True","True","0","0","False","False","False","False","False",""
"C:\Users\maria\Desktop\Current\Converter\languages\en\convert\rar\tiff-to-rar\index.html","en","tiff","rar","41","True","True","True","True","0","0","False","False","False","False","False",""
"C:\Users\maria\Desktop\Current\Converter\languages\en\convert\rar\tsv-to-rar\index.html","en","tsv","rar","41","True","True","True","True","0","0","False","False","False","False","False",""
"C:\Users\maria\Desktop\Current\Converter\languages\en\convert\rar\txt-to-rar\index.html","en","txt","rar","41","True","True","True","True","0","0","False","False","False","False","False",""
"C:\Users\maria\Desktop\Current\Converter\languages\en\convert\rar\txz-to-rar\index.html","en","txz","rar","41","True","True","True","True","0","0","False","False","False","False","False",""
"C:\Users\maria\Desktop\Current\Converter\languages\en\convert\rar\wav-to-rar\index.html","en","wav","rar","41","True","True","True","True","0","0","False","False","False","False","False",""
"C:\Users\maria\Desktop\Current\Converter\languages\en\convert\rar\webm-to-rar\index.html","en","webm","rar","41","True","True","True","True","0","0","False","False","False","False","False",""
"C:\Users\maria\Desktop\Current\Converter\languages\en\convert\rar\webp-to-rar\index.html","en","webp","rar","41","True","True","True","True","0","0","False","False","False","False","False",""
"C:\Users\maria\Desktop\Current\Converter\languages\en\convert\rar\xlsx-to-rar\index.html","en","xlsx","rar","41","True","True","True","True","0","0","False","False","False","False","False",""
"C:\Users\maria\Desktop\Current\Converter\languages\en\convert\rar\zip-to-rar\index.html","en","zip","rar","41","True","True","True","True","0","0","False","False","False","False","False",""
"C:\Users\maria\Desktop\Current\Converter\languages\en\convert\rtf\7z-to-rtf\index.html","en","7z","rtf","41","True","True","True","True","0","0","False","False","False","False","False",""
"C:\Users\maria\Desktop\Current\Converter\languages\en\convert\rtf\aac-to-rtf\index.html","en","aac","rtf","41","True","True","True","True","0","0","False","False","False","False","False",""
"C:\Users\maria\Desktop\Current\Converter\languages\en\convert\rtf\aiff-to-rtf\index.html","en","aiff","rtf","41","True","True","True","True","0","0","False","False","False","False","False",""
"C:\Users\maria\Desktop\Current\Converter\languages\en\convert\rtf\bmp-to-rtf\index.html","en","bmp","rtf","41","True","True","True","True","0","0","False","False","False","False","False",""
"C:\Users\maria\Desktop\Current\Converter\languages\en\convert\rtf\csv-to-rtf\index.html","en","csv","rtf","41","True","True","True","True","0","0","False","False","False","False","False",""
"C:\Users\maria\Desktop\Current\Converter\languages\en\convert\rtf\docx-to-rtf\index.html","en","docx","rtf","41","True","True","True","True","0","0","False","False","False","False","False",""
"C:\Users\maria\Desktop\Current\Converter\languages\en\convert\rtf\flac-to-rtf\index.html","en","flac","rtf","41","True","True","True","True","0","0","False","False","False","False","False",""
"C:\Users\maria\Desktop\Current\Converter\languages\en\convert\rtf\gif-to-rtf\index.html","en","gif","rtf","41","True","True","True","True","0","0","False","False","False","False","False",""
"C:\Users\maria\Desktop\Current\Converter\languages\en\convert\rtf\html-to-rtf\index.html","en","html","rtf","41","True","True","True","True","0","0","False","False","False","False","False",""
"C:\Users\maria\Desktop\Current\Converter\languages\en\convert\rtf\jpeg-to-rtf\index.html","en","jpeg","rtf","41","True","True","True","True","0","0","False","False","False","False","False",""
"C:\Users\maria\Desktop\Current\Converter\languages\en\convert\rtf\jpg-to-rtf\index.html","en","jpg","rtf","41","True","True","True","True","0","0","False","False","False","False","False",""
"C:\Users\maria\Desktop\Current\Converter\languages\en\convert\rtf\json-to-rtf\index.html","en","json","rtf","41","True","True","True","True","0","0","False","False","False","False","False",""
"C:\Users\maria\Desktop\Current\Converter\languages\en\convert\rtf\jsonl-to-rtf\index.html","en","jsonl","rtf","41","True","True","True","True","0","0","False","False","False","False","False",""
"C:\Users\maria\Desktop\Current\Converter\languages\en\convert\rtf\m4a-to-rtf\index.html","en","m4a","rtf","41","True","True","True","True","0","0","False","False","False","False","False",""
"C:\Users\maria\Desktop\Current\Converter\languages\en\convert\rtf\m4v-to-rtf\index.html","en","m4v","rtf","41","True","True","True","True","0","0","False","False","False","False","False",""
"C:\Users\maria\Desktop\Current\Converter\languages\en\convert\rtf\md-to-rtf\index.html","en","md","rtf","41","True","True","True","True","0","0","False","False","False","False","False",""
"C:\Users\maria\Desktop\Current\Converter\languages\en\convert\rtf\mkv-to-rtf\index.html","en","mkv","rtf","41","True","True","True","True","0","0","False","False","False","False","False",""
"C:\Users\maria\Desktop\Current\Converter\languages\en\convert\rtf\mov-to-rtf\index.html","en","mov","rtf","41","True","True","True","True","0","0","False","False","False","False","False",""
"C:\Users\maria\Desktop\Current\Converter\languages\en\convert\rtf\mp3-to-rtf\index.html","en","mp3","rtf","41","True","True","True","True","0","0","False","False","False","False","False",""
"C:\Users\maria\Desktop\Current\Converter\languages\en\convert\rtf\mp4-to-rtf\index.html","en","mp4","rtf","41","True","True","True","True","0","0","False","False","False","False","False",""
"C:\Users\maria\Desktop\Current\Converter\languages\en\convert\rtf\ogg-to-rtf\index.html","en","ogg","rtf","41","True","True","True","True","0","0","False","False","False","False","False",""
"C:\Users\maria\Desktop\Current\Converter\languages\en\convert\rtf\opus-to-rtf\index.html","en","opus","rtf","41","True","True","True","True","0","0","False","False","False","False","False",""
"C:\Users\maria\Desktop\Current\Converter\languages\en\convert\rtf\pdf-to-rtf\index.html","en","pdf","rtf","41","True","True","True","True","0","0","False","False","False","False","False",""
"C:\Users\maria\Desktop\Current\Converter\languages\en\convert\rtf\png-to-rtf\index.html","en","png","rtf","41","True","True","True","True","0","0","False","False","False","False","False",""
"C:\Users\maria\Desktop\Current\Converter\languages\en\convert\rtf\pptx-to-rtf\index.html","en","pptx","rtf","41","True","True","True","True","0","0","False","False","False","False","False",""
"C:\Users\maria\Desktop\Current\Converter\languages\en\convert\rtf\rar-to-rtf\index.html","en","rar","rtf","41","True","True","True","True","0","0","False","False","False","False","False",""
"C:\Users\maria\Desktop\Current\Converter\languages\en\convert\rtf\svg-to-rtf\index.html","en","svg","rtf","41","True","True","True","True","0","0","False","False","False","False","False",""
"C:\Users\maria\Desktop\Current\Converter\languages\en\convert\rtf\tar-to-rtf\index.html","en","tar","rtf","41","True","True","True","True","0","0","False","False","False","False","False",""
"C:\Users\maria\Desktop\Current\Converter\languages\en\convert\rtf\tar.bz2-to-rtf\index.html","en","tar.bz2","rtf","41","True","True","True","True","0","0","False","False","False","False","False",""
"C:\Users\maria\Desktop\Current\Converter\languages\en\convert\rtf\tar.gz-to-rtf\index.html","en","tar.gz","rtf","41","True","True","True","True","0","0","False","False","False","False","False",""
"C:\Users\maria\Desktop\Current\Converter\languages\en\convert\rtf\tar.xz-to-rtf\index.html","en","tar.xz","rtf","41","True","True","True","True","0","0","False","False","False","False","False",""
"C:\Users\maria\Desktop\Current\Converter\languages\en\convert\rtf\tbz-to-rtf\index.html","en","tbz","rtf","41","True","True","True","True","0","0","False","False","False","False","False",""
"C:\Users\maria\Desktop\Current\Converter\languages\en\convert\rtf\tgz-to-rtf\index.html","en","tgz","rtf","41","True","True","True","True","0","0","False","False","False","False","False",""
"C:\Users\maria\Desktop\Current\Converter\languages\en\convert\rtf\tiff-to-rtf\index.html","en","tiff","rtf","41","True","True","True","True","0","0","False","False","False","False","False",""
"C:\Users\maria\Desktop\Current\Converter\languages\en\convert\rtf\tsv-to-rtf\index.html","en","tsv","rtf","41","True","True","True","True","0","0","False","False","False","False","False",""
"C:\Users\maria\Desktop\Current\Converter\languages\en\convert\rtf\txt-to-rtf\index.html","en","txt","rtf","41","True","True","True","True","0","0","False","False","False","False","False",""
"C:\Users\maria\Desktop\Current\Converter\languages\en\convert\rtf\txz-to-rtf\index.html","en","txz","rtf","41","True","True","True","True","0","0","False","False","False","False","False",""
"C:\Users\maria\Desktop\Current\Converter\languages\en\convert\rtf\wav-to-rtf\index.html","en","wav","rtf","41","True","True","True","True","0","0","False","False","False","False","False",""
"C:\Users\maria\Desktop\Current\Converter\languages\en\convert\rtf\webm-to-rtf\index.html","en","webm","rtf","41","True","True","True","True","0","0","False","False","False","False","False",""
"C:\Users\maria\Desktop\Current\Converter\languages\en\convert\rtf\webp-to-rtf\index.html","en","webp","rtf","41","True","True","True","True","0","0","False","False","False","False","False",""
"C:\Users\maria\Desktop\Current\Converter\languages\en\convert\rtf\xlsx-to-rtf\index.html","en","xlsx","rtf","41","True","True","True","True","0","0","False","False","False","False","False",""
"C:\Users\maria\Desktop\Current\Converter\languages\en\convert\rtf\zip-to-rtf\index.html","en","zip","rtf","41","True","True","True","True","0","0","False","False","False","False","False",""
"C:\Users\maria\Desktop\Current\Converter\languages\en\convert\svg\7z-to-svg\index.html","en","7z","svg","41","True","True","True","True","0","0","False","False","False","False","False",""
"C:\Users\maria\Desktop\Current\Converter\languages\en\convert\svg\aac-to-svg\index.html","en","aac","svg","41","True","True","True","True","0","0","False","False","False","False","False",""
"C:\Users\maria\Desktop\Current\Converter\languages\en\convert\svg\aiff-to-svg\index.html","en","aiff","svg","41","True","True","True","True","0","0","False","False","False","False","False",""
"C:\Users\maria\Desktop\Current\Converter\languages\en\convert\svg\bmp-to-svg\index.html","en","bmp","svg","41","True","True","True","True","0","0","False","False","False","False","False",""
"C:\Users\maria\Desktop\Current\Converter\languages\en\convert\svg\csv-to-svg\index.html","en","csv","svg","41","True","True","True","True","0","0","False","False","False","False","False",""
"C:\Users\maria\Desktop\Current\Converter\languages\en\convert\svg\docx-to-svg\index.html","en","docx","svg","41","True","True","True","True","0","0","False","False","False","False","False",""
"C:\Users\maria\Desktop\Current\Converter\languages\en\convert\svg\flac-to-svg\index.html","en","flac","svg","41","True","True","True","True","0","0","False","False","False","False","False",""
"C:\Users\maria\Desktop\Current\Converter\languages\en\convert\svg\gif-to-svg\index.html","en","gif","svg","41","True","True","True","True","0","0","False","False","False","False","False",""
"C:\Users\maria\Desktop\Current\Converter\languages\en\convert\svg\html-to-svg\index.html","en","html","svg","41","True","True","True","True","0","0","False","False","False","False","False",""
"C:\Users\maria\Desktop\Current\Converter\languages\en\convert\svg\jpeg-to-svg\index.html","en","jpeg","svg","41","True","True","True","True","0","0","False","False","False","False","False",""
"C:\Users\maria\Desktop\Current\Converter\languages\en\convert\svg\jpg-to-svg\index.html","en","jpg","svg","41","True","True","True","True","0","0","False","False","False","False","False",""
"C:\Users\maria\Desktop\Current\Converter\languages\en\convert\svg\json-to-svg\index.html","en","json","svg","41","True","True","True","True","0","0","False","False","False","False","False",""
"C:\Users\maria\Desktop\Current\Converter\languages\en\convert\svg\jsonl-to-svg\index.html","en","jsonl","svg","41","True","True","True","True","0","0","False","False","False","False","False",""
"C:\Users\maria\Desktop\Current\Converter\languages\en\convert\svg\m4a-to-svg\index.html","en","m4a","svg","41","True","True","True","True","0","0","False","False","False","False","False",""
"C:\Users\maria\Desktop\Current\Converter\languages\en\convert\svg\m4v-to-svg\index.html","en","m4v","svg","41","True","True","True","True","0","0","False","False","False","False","False",""
"C:\Users\maria\Desktop\Current\Converter\languages\en\convert\svg\md-to-svg\index.html","en","md","svg","41","True","True","True","True","0","0","False","False","False","False","False",""
"C:\Users\maria\Desktop\Current\Converter\languages\en\convert\svg\mkv-to-svg\index.html","en","mkv","svg","41","True","True","True","True","0","0","False","False","False","False","False",""
"C:\Users\maria\Desktop\Current\Converter\languages\en\convert\svg\mov-to-svg\index.html","en","mov","svg","41","True","True","True","True","0","0","False","False","False","False","False",""
"C:\Users\maria\Desktop\Current\Converter\languages\en\convert\svg\mp3-to-svg\index.html","en","mp3","svg","41","True","True","True","True","0","0","False","False","False","False","False",""
"C:\Users\maria\Desktop\Current\Converter\languages\en\convert\svg\mp4-to-svg\index.html","en","mp4","svg","41","True","True","True","True","0","0","False","False","False","False","False",""
"C:\Users\maria\Desktop\Current\Converter\languages\en\convert\svg\ogg-to-svg\index.html","en","ogg","svg","41","True","True","True","True","0","0","False","False","False","False","False",""
"C:\Users\maria\Desktop\Current\Converter\languages\en\convert\svg\opus-to-svg\index.html","en","opus","svg","41","True","True","True","True","0","0","False","False","False","False","False",""
"C:\Users\maria\Desktop\Current\Converter\languages\en\convert\svg\pdf-to-svg\index.html","en","pdf","svg","41","True","True","True","True","0","0","False","False","False","False","False",""
"C:\Users\maria\Desktop\Current\Converter\languages\en\convert\svg\png-to-svg\index.html","en","png","svg","41","True","True","True","True","0","0","False","False","False","False","False",""
"C:\Users\maria\Desktop\Current\Converter\languages\en\convert\svg\pptx-to-svg\index.html","en","pptx","svg","41","True","True","True","True","0","0","False","False","False","False","False",""
"C:\Users\maria\Desktop\Current\Converter\languages\en\convert\svg\rar-to-svg\index.html","en","rar","svg","41","True","True","True","True","0","0","False","False","False","False","False",""
"C:\Users\maria\Desktop\Current\Converter\languages\en\convert\svg\rtf-to-svg\index.html","en","rtf","svg","41","True","True","True","True","0","0","False","False","False","False","False",""
"C:\Users\maria\Desktop\Current\Converter\languages\en\convert\svg\tar-to-svg\index.html","en","tar","svg","41","True","True","True","True","0","0","False","False","False","False","False",""
"C:\Users\maria\Desktop\Current\Converter\languages\en\convert\svg\tar.bz2-to-svg\index.html","en","tar.bz2","svg","41","True","True","True","True","0","0","False","False","False","False","False",""
"C:\Users\maria\Desktop\Current\Converter\languages\en\convert\svg\tar.gz-to-svg\index.html","en","tar.gz","svg","41","True","True","True","True","0","0","False","False","False","False","False",""
"C:\Users\maria\Desktop\Current\Converter\languages\en\convert\svg\tar.xz-to-svg\index.html","en","tar.xz","svg","41","True","True","True","True","0","0","False","False","False","False","False",""
"C:\Users\maria\Desktop\Current\Converter\languages\en\convert\svg\tbz-to-svg\index.html","en","tbz","svg","41","True","True","True","True","0","0","False","False","False","False","False",""
"C:\Users\maria\Desktop\Current\Converter\languages\en\convert\svg\tgz-to-svg\index.html","en","tgz","svg","41","True","True","True","True","0","0","False","False","False","False","False",""
"C:\Users\maria\Desktop\Current\Converter\languages\en\convert\svg\tiff-to-svg\index.html","en","tiff","svg","41","True","True","True","True","0","0","False","False","False","False","False",""
"C:\Users\maria\Desktop\Current\Converter\languages\en\convert\svg\tsv-to-svg\index.html","en","tsv","svg","41","True","True","True","True","0","0","False","False","False","False","False",""
"C:\Users\maria\Desktop\Current\Converter\languages\en\convert\svg\txt-to-svg\index.html","en","txt","svg","41","True","True","True","True","0","0","False","False","False","False","False",""
"C:\Users\maria\Desktop\Current\Converter\languages\en\convert\svg\txz-to-svg\index.html","en","txz","svg","41","True","True","True","True","0","0","False","False","False","False","False",""
"C:\Users\maria\Desktop\Current\Converter\languages\en\convert\svg\wav-to-svg\index.html","en","wav","svg","41","True","True","True","True","0","0","False","False","False","False","False",""
"C:\Users\maria\Desktop\Current\Converter\languages\en\convert\svg\webm-to-svg\index.html","en","webm","svg","41","True","True","True","True","0","0","False","False","False","False","False",""
"C:\Users\maria\Desktop\Current\Converter\languages\en\convert\svg\webp-to-svg\index.html","en","webp","svg","41","True","True","True","True","0","0","False","False","False","False","False",""
"C:\Users\maria\Desktop\Current\Converter\languages\en\convert\svg\xlsx-to-svg\index.html","en","xlsx","svg","41","True","True","True","True","0","0","False","False","False","False","False",""
"C:\Users\maria\Desktop\Current\Converter\languages\en\convert\svg\zip-to-svg\index.html","en","zip","svg","41","True","True","True","True","0","0","False","False","False","False","False",""
"C:\Users\maria\Desktop\Current\Converter\languages\en\convert\tar\7z-to-tar\index.html","en","7z","tar","41","True","True","True","True","0","0","False","False","False","False","False",""
"C:\Users\maria\Desktop\Current\Converter\languages\en\convert\tar\aac-to-tar\index.html","en","aac","tar","41","True","True","True","True","0","0","False","False","False","False","False",""
"C:\Users\maria\Desktop\Current\Converter\languages\en\convert\tar\aiff-to-tar\index.html","en","aiff","tar","41","True","True","True","True","0","0","False","False","False","False","False",""
"C:\Users\maria\Desktop\Current\Converter\languages\en\convert\tar\bmp-to-tar\index.html","en","bmp","tar","41","True","True","True","True","0","0","False","False","False","False","False",""
"C:\Users\maria\Desktop\Current\Converter\languages\en\convert\tar\csv-to-tar\index.html","en","csv","tar","41","True","True","True","True","0","0","False","False","False","False","False",""
"C:\Users\maria\Desktop\Current\Converter\languages\en\convert\tar\docx-to-tar\index.html","en","docx","tar","41","True","True","True","True","0","0","False","False","False","False","False",""
"C:\Users\maria\Desktop\Current\Converter\languages\en\convert\tar\flac-to-tar\index.html","en","flac","tar","41","True","True","True","True","0","0","False","False","False","False","False",""
"C:\Users\maria\Desktop\Current\Converter\languages\en\convert\tar\gif-to-tar\index.html","en","gif","tar","41","True","True","True","True","0","0","False","False","False","False","False",""
"C:\Users\maria\Desktop\Current\Converter\languages\en\convert\tar\html-to-tar\index.html","en","html","tar","41","True","True","True","True","0","0","False","False","False","False","False",""
"C:\Users\maria\Desktop\Current\Converter\languages\en\convert\tar\jpeg-to-tar\index.html","en","jpeg","tar","41","True","True","True","True","0","0","False","False","False","False","False",""
"C:\Users\maria\Desktop\Current\Converter\languages\en\convert\tar\jpg-to-tar\index.html","en","jpg","tar","41","True","True","True","True","0","0","False","False","False","False","False",""
"C:\Users\maria\Desktop\Current\Converter\languages\en\convert\tar\json-to-tar\index.html","en","json","tar","41","True","True","True","True","0","0","False","False","False","False","False",""
"C:\Users\maria\Desktop\Current\Converter\languages\en\convert\tar\jsonl-to-tar\index.html","en","jsonl","tar","41","True","True","True","True","0","0","False","False","False","False","False",""
"C:\Users\maria\Desktop\Current\Converter\languages\en\convert\tar\m4a-to-tar\index.html","en","m4a","tar","41","True","True","True","True","0","0","False","False","False","False","False",""
"C:\Users\maria\Desktop\Current\Converter\languages\en\convert\tar\m4v-to-tar\index.html","en","m4v","tar","41","True","True","True","True","0","0","False","False","False","False","False",""
"C:\Users\maria\Desktop\Current\Converter\languages\en\convert\tar\md-to-tar\index.html","en","md","tar","41","True","True","True","True","0","0","False","False","False","False","False",""
"C:\Users\maria\Desktop\Current\Converter\languages\en\convert\tar\mkv-to-tar\index.html","en","mkv","tar","41","True","True","True","True","0","0","False","False","False","False","False",""
"C:\Users\maria\Desktop\Current\Converter\languages\en\convert\tar\mov-to-tar\index.html","en","mov","tar","41","True","True","True","True","0","0","False","False","False","False","False",""
"C:\Users\maria\Desktop\Current\Converter\languages\en\convert\tar\mp3-to-tar\index.html","en","mp3","tar","41","True","True","True","True","0","0","False","False","False","False","False",""
"C:\Users\maria\Desktop\Current\Converter\languages\en\convert\tar\mp4-to-tar\index.html","en","mp4","tar","41","True","True","True","True","0","0","False","False","False","False","False",""
"C:\Users\maria\Desktop\Current\Converter\languages\en\convert\tar\ogg-to-tar\index.html","en","ogg","tar","41","True","True","True","True","0","0","False","False","False","False","False",""
"C:\Users\maria\Desktop\Current\Converter\languages\en\convert\tar\opus-to-tar\index.html","en","opus","tar","41","True","True","True","True","0","0","False","False","False","False","False",""
"C:\Users\maria\Desktop\Current\Converter\languages\en\convert\tar\pdf-to-tar\index.html","en","pdf","tar","41","True","True","True","True","0","0","False","False","False","False","False",""
"C:\Users\maria\Desktop\Current\Converter\languages\en\convert\tar\png-to-tar\index.html","en","png","tar","41","True","True","True","True","0","0","False","False","False","False","False",""
"C:\Users\maria\Desktop\Current\Converter\languages\en\convert\tar\pptx-to-tar\index.html","en","pptx","tar","41","True","True","True","True","0","0","False","False","False","False","False",""
"C:\Users\maria\Desktop\Current\Converter\languages\en\convert\tar\rar-to-tar\index.html","en","rar","tar","41","True","True","True","True","0","0","False","False","False","False","False",""
"C:\Users\maria\Desktop\Current\Converter\languages\en\convert\tar\rtf-to-tar\index.html","en","rtf","tar","41","True","True","True","True","0","0","False","False","False","False","False",""
"C:\Users\maria\Desktop\Current\Converter\languages\en\convert\tar\svg-to-tar\index.html","en","svg","tar","41","True","True","True","True","0","0","False","False","False","False","False",""
"C:\Users\maria\Desktop\Current\Converter\languages\en\convert\tar\tar.bz2-to-tar\index.html","en","tar.bz2","tar","41","True","True","True","True","0","0","False","False","False","False","False",""
"C:\Users\maria\Desktop\Current\Converter\languages\en\convert\tar\tar.gz-to-tar\index.html","en","tar.gz","tar","41","True","True","True","True","0","0","False","False","False","False","False",""
"C:\Users\maria\Desktop\Current\Converter\languages\en\convert\tar\tar.xz-to-tar\index.html","en","tar.xz","tar","41","True","True","True","True","0","0","False","False","False","False","False",""
"C:\Users\maria\Desktop\Current\Converter\languages\en\convert\tar\tbz-to-tar\index.html","en","tbz","tar","41","True","True","True","True","0","0","False","False","False","False","False",""
"C:\Users\maria\Desktop\Current\Converter\languages\en\convert\tar\tgz-to-tar\index.html","en","tgz","tar","41","True","True","True","True","0","0","False","False","False","False","False",""
"C:\Users\maria\Desktop\Current\Converter\languages\en\convert\tar\tiff-to-tar\index.html","en","tiff","tar","41","True","True","True","True","0","0","False","False","False","False","False",""
"C:\Users\maria\Desktop\Current\Converter\languages\en\convert\tar\tsv-to-tar\index.html","en","tsv","tar","41","True","True","True","True","0","0","False","False","False","False","False",""
"C:\Users\maria\Desktop\Current\Converter\languages\en\convert\tar\txt-to-tar\index.html","en","txt","tar","41","True","True","True","True","0","0","False","False","False","False","False",""
"C:\Users\maria\Desktop\Current\Converter\languages\en\convert\tar\txz-to-tar\index.html","en","txz","tar","41","True","True","True","True","0","0","False","False","False","False","False",""
"C:\Users\maria\Desktop\Current\Converter\languages\en\convert\tar\wav-to-tar\index.html","en","wav","tar","41","True","True","True","True","0","0","False","False","False","False","False",""
"C:\Users\maria\Desktop\Current\Converter\languages\en\convert\tar\webm-to-tar\index.html","en","webm","tar","41","True","True","True","True","0","0","False","False","False","False","False",""
"C:\Users\maria\Desktop\Current\Converter\languages\en\convert\tar\webp-to-tar\index.html","en","webp","tar","41","True","True","True","True","0","0","False","False","False","False","False",""
"C:\Users\maria\Desktop\Current\Converter\languages\en\convert\tar\xlsx-to-tar\index.html","en","xlsx","tar","41","True","True","True","True","0","0","False","False","False","False","False",""
"C:\Users\maria\Desktop\Current\Converter\languages\en\convert\tar\zip-to-tar\index.html","en","zip","tar","41","True","True","True","True","0","0","False","False","False","False","False",""
"C:\Users\maria\Desktop\Current\Converter\languages\en\convert\tar.bz2\7z-to-tar.bz2\index.html","en","7z","tar.bz2","41","True","True","True","True","0","0","False","False","False","False","False",""
"C:\Users\maria\Desktop\Current\Converter\languages\en\convert\tar.bz2\aac-to-tar.bz2\index.html","en","aac","tar.bz2","41","True","True","True","True","0","0","False","False","False","False","False",""
"C:\Users\maria\Desktop\Current\Converter\languages\en\convert\tar.bz2\aiff-to-tar.bz2\index.html","en","aiff","tar.bz2","41","True","True","True","True","0","0","False","False","False","False","False",""
"C:\Users\maria\Desktop\Current\Converter\languages\en\convert\tar.bz2\bmp-to-tar.bz2\index.html","en","bmp","tar.bz2","41","True","True","True","True","0","0","False","False","False","False","False",""
"C:\Users\maria\Desktop\Current\Converter\languages\en\convert\tar.bz2\csv-to-tar.bz2\index.html","en","csv","tar.bz2","41","True","True","True","True","0","0","False","False","False","False","False",""
"C:\Users\maria\Desktop\Current\Converter\languages\en\convert\tar.bz2\docx-to-tar.bz2\index.html","en","docx","tar.bz2","41","True","True","True","True","0","0","False","False","False","False","False",""
"C:\Users\maria\Desktop\Current\Converter\languages\en\convert\tar.bz2\flac-to-tar.bz2\index.html","en","flac","tar.bz2","41","True","True","True","True","0","0","False","False","False","False","False",""
"C:\Users\maria\Desktop\Current\Converter\languages\en\convert\tar.bz2\gif-to-tar.bz2\index.html","en","gif","tar.bz2","41","True","True","True","True","0","0","False","False","False","False","False",""
"C:\Users\maria\Desktop\Current\Converter\languages\en\convert\tar.bz2\html-to-tar.bz2\index.html","en","html","tar.bz2","41","True","True","True","True","0","0","False","False","False","False","False",""
"C:\Users\maria\Desktop\Current\Converter\languages\en\convert\tar.bz2\jpeg-to-tar.bz2\index.html","en","jpeg","tar.bz2","41","True","True","True","True","0","0","False","False","False","False","False",""
"C:\Users\maria\Desktop\Current\Converter\languages\en\convert\tar.bz2\jpg-to-tar.bz2\index.html","en","jpg","tar.bz2","41","True","True","True","True","0","0","False","False","False","False","False",""
"C:\Users\maria\Desktop\Current\Converter\languages\en\convert\tar.bz2\json-to-tar.bz2\index.html","en","json","tar.bz2","41","True","True","True","True","0","0","False","False","False","False","False",""
"C:\Users\maria\Desktop\Current\Converter\languages\en\convert\tar.bz2\jsonl-to-tar.bz2\index.html","en","jsonl","tar.bz2","41","True","True","True","True","0","0","False","False","False","False","False",""
"C:\Users\maria\Desktop\Current\Converter\languages\en\convert\tar.bz2\m4a-to-tar.bz2\index.html","en","m4a","tar.bz2","41","True","True","True","True","0","0","False","False","False","False","False",""
"C:\Users\maria\Desktop\Current\Converter\languages\en\convert\tar.bz2\m4v-to-tar.bz2\index.html","en","m4v","tar.bz2","41","True","True","True","True","0","0","False","False","False","False","False",""
"C:\Users\maria\Desktop\Current\Converter\languages\en\convert\tar.bz2\md-to-tar.bz2\index.html","en","md","tar.bz2","41","True","True","True","True","0","0","False","False","False","False","False",""
"C:\Users\maria\Desktop\Current\Converter\languages\en\convert\tar.bz2\mkv-to-tar.bz2\index.html","en","mkv","tar.bz2","41","True","True","True","True","0","0","False","False","False","False","False",""
"C:\Users\maria\Desktop\Current\Converter\languages\en\convert\tar.bz2\mov-to-tar.bz2\index.html","en","mov","tar.bz2","41","True","True","True","True","0","0","False","False","False","False","False",""
"C:\Users\maria\Desktop\Current\Converter\languages\en\convert\tar.bz2\mp3-to-tar.bz2\index.html","en","mp3","tar.bz2","41","True","True","True","True","0","0","False","False","False","False","False",""
"C:\Users\maria\Desktop\Current\Converter\languages\en\convert\tar.bz2\mp4-to-tar.bz2\index.html","en","mp4","tar.bz2","41","True","True","True","True","0","0","False","False","False","False","False",""
"C:\Users\maria\Desktop\Current\Converter\languages\en\convert\tar.bz2\ogg-to-tar.bz2\index.html","en","ogg","tar.bz2","41","True","True","True","True","0","0","False","False","False","False","False",""
"C:\Users\maria\Desktop\Current\Converter\languages\en\convert\tar.bz2\opus-to-tar.bz2\index.html","en","opus","tar.bz2","41","True","True","True","True","0","0","False","False","False","False","False",""
"C:\Users\maria\Desktop\Current\Converter\languages\en\convert\tar.bz2\pdf-to-tar.bz2\index.html","en","pdf","tar.bz2","41","True","True","True","True","0","0","False","False","False","False","False",""
"C:\Users\maria\Desktop\Current\Converter\languages\en\convert\tar.bz2\png-to-tar.bz2\index.html","en","png","tar.bz2","41","True","True","True","True","0","0","False","False","False","False","False",""
"C:\Users\maria\Desktop\Current\Converter\languages\en\convert\tar.bz2\pptx-to-tar.bz2\index.html","en","pptx","tar.bz2","41","True","True","True","True","0","0","False","False","False","False","False",""
"C:\Users\maria\Desktop\Current\Converter\languages\en\convert\tar.bz2\rar-to-tar.bz2\index.html","en","rar","tar.bz2","41","True","True","True","True","0","0","False","False","False","False","False",""
"C:\Users\maria\Desktop\Current\Converter\languages\en\convert\tar.bz2\rtf-to-tar.bz2\index.html","en","rtf","tar.bz2","41","True","True","True","True","0","0","False","False","False","False","False",""
"C:\Users\maria\Desktop\Current\Converter\languages\en\convert\tar.bz2\svg-to-tar.bz2\index.html","en","svg","tar.bz2","41","True","True","True","True","0","0","False","False","False","False","False",""
"C:\Users\maria\Desktop\Current\Converter\languages\en\convert\tar.bz2\tar-to-tar.bz2\index.html","en","tar","tar.bz2","41","True","True","True","True","0","0","False","False","False","False","False",""
"C:\Users\maria\Desktop\Current\Converter\languages\en\convert\tar.bz2\tar.gz-to-tar.bz2\index.html","en","tar.gz","tar.bz2","41","True","True","True","True","0","0","False","False","False","False","False",""
"C:\Users\maria\Desktop\Current\Converter\languages\en\convert\tar.bz2\tar.xz-to-tar.bz2\index.html","en","tar.xz","tar.bz2","41","True","True","True","True","0","0","False","False","False","False","False",""
"C:\Users\maria\Desktop\Current\Converter\languages\en\convert\tar.bz2\tbz-to-tar.bz2\index.html","en","tbz","tar.bz2","41","True","True","True","True","0","0","False","False","False","False","False",""
"C:\Users\maria\Desktop\Current\Converter\languages\en\convert\tar.bz2\tgz-to-tar.bz2\index.html","en","tgz","tar.bz2","41","True","True","True","True","0","0","False","False","False","False","False",""
"C:\Users\maria\Desktop\Current\Converter\languages\en\convert\tar.bz2\tiff-to-tar.bz2\index.html","en","tiff","tar.bz2","41","True","True","True","True","0","0","False","False","False","False","False",""
"C:\Users\maria\Desktop\Current\Converter\languages\en\convert\tar.bz2\tsv-to-tar.bz2\index.html","en","tsv","tar.bz2","41","True","True","True","True","0","0","False","False","False","False","False",""
"C:\Users\maria\Desktop\Current\Converter\languages\en\convert\tar.bz2\txt-to-tar.bz2\index.html","en","txt","tar.bz2","41","True","True","True","True","0","0","False","False","False","False","False",""
"C:\Users\maria\Desktop\Current\Converter\languages\en\convert\tar.bz2\txz-to-tar.bz2\index.html","en","txz","tar.bz2","41","True","True","True","True","0","0","False","False","False","False","False",""
"C:\Users\maria\Desktop\Current\Converter\languages\en\convert\tar.bz2\wav-to-tar.bz2\index.html","en","wav","tar.bz2","41","True","True","True","True","0","0","False","False","False","False","False",""
"C:\Users\maria\Desktop\Current\Converter\languages\en\convert\tar.bz2\webm-to-tar.bz2\index.html","en","webm","tar.bz2","41","True","True","True","True","0","0","False","False","False","False","False",""
"C:\Users\maria\Desktop\Current\Converter\languages\en\convert\tar.bz2\webp-to-tar.bz2\index.html","en","webp","tar.bz2","41","True","True","True","True","0","0","False","False","False","False","False",""
"C:\Users\maria\Desktop\Current\Converter\languages\en\convert\tar.bz2\xlsx-to-tar.bz2\index.html","en","xlsx","tar.bz2","41","True","True","True","True","0","0","False","False","False","False","False",""
"C:\Users\maria\Desktop\Current\Converter\languages\en\convert\tar.bz2\zip-to-tar.bz2\index.html","en","zip","tar.bz2","41","True","True","True","True","0","0","False","False","False","False","False",""
"C:\Users\maria\Desktop\Current\Converter\languages\en\convert\tar.gz\7z-to-tar.gz\index.html","en","7z","tar.gz","41","True","True","True","True","0","0","False","False","False","False","False",""
"C:\Users\maria\Desktop\Current\Converter\languages\en\convert\tar.gz\aac-to-tar.gz\index.html","en","aac","tar.gz","41","True","True","True","True","0","0","False","False","False","False","False",""
"C:\Users\maria\Desktop\Current\Converter\languages\en\convert\tar.gz\aiff-to-tar.gz\index.html","en","aiff","tar.gz","41","True","True","True","True","0","0","False","False","False","False","False",""
"C:\Users\maria\Desktop\Current\Converter\languages\en\convert\tar.gz\bmp-to-tar.gz\index.html","en","bmp","tar.gz","41","True","True","True","True","0","0","False","False","False","False","False",""
"C:\Users\maria\Desktop\Current\Converter\languages\en\convert\tar.gz\csv-to-tar.gz\index.html","en","csv","tar.gz","41","True","True","True","True","0","0","False","False","False","False","False",""
"C:\Users\maria\Desktop\Current\Converter\languages\en\convert\tar.gz\docx-to-tar.gz\index.html","en","docx","tar.gz","41","True","True","True","True","0","0","False","False","False","False","False",""
"C:\Users\maria\Desktop\Current\Converter\languages\en\convert\tar.gz\flac-to-tar.gz\index.html","en","flac","tar.gz","41","True","True","True","True","0","0","False","False","False","False","False",""
"C:\Users\maria\Desktop\Current\Converter\languages\en\convert\tar.gz\gif-to-tar.gz\index.html","en","gif","tar.gz","41","True","True","True","True","0","0","False","False","False","False","False",""
"C:\Users\maria\Desktop\Current\Converter\languages\en\convert\tar.gz\html-to-tar.gz\index.html","en","html","tar.gz","41","True","True","True","True","0","0","False","False","False","False","False",""
"C:\Users\maria\Desktop\Current\Converter\languages\en\convert\tar.gz\jpeg-to-tar.gz\index.html","en","jpeg","tar.gz","41","True","True","True","True","0","0","False","False","False","False","False",""
"C:\Users\maria\Desktop\Current\Converter\languages\en\convert\tar.gz\jpg-to-tar.gz\index.html","en","jpg","tar.gz","41","True","True","True","True","0","0","False","False","False","False","False",""
"C:\Users\maria\Desktop\Current\Converter\languages\en\convert\tar.gz\json-to-tar.gz\index.html","en","json","tar.gz","41","True","True","True","True","0","0","False","False","False","False","False",""
"C:\Users\maria\Desktop\Current\Converter\languages\en\convert\tar.gz\jsonl-to-tar.gz\index.html","en","jsonl","tar.gz","41","True","True","True","True","0","0","False","False","False","False","False",""
"C:\Users\maria\Desktop\Current\Converter\languages\en\convert\tar.gz\m4a-to-tar.gz\index.html","en","m4a","tar.gz","41","True","True","True","True","0","0","False","False","False","False","False",""
"C:\Users\maria\Desktop\Current\Converter\languages\en\convert\tar.gz\m4v-to-tar.gz\index.html","en","m4v","tar.gz","41","True","True","True","True","0","0","False","False","False","False","False",""
"C:\Users\maria\Desktop\Current\Converter\languages\en\convert\tar.gz\md-to-tar.gz\index.html","en","md","tar.gz","41","True","True","True","True","0","0","False","False","False","False","False",""
"C:\Users\maria\Desktop\Current\Converter\languages\en\convert\tar.gz\mkv-to-tar.gz\index.html","en","mkv","tar.gz","41","True","True","True","True","0","0","False","False","False","False","False",""
"C:\Users\maria\Desktop\Current\Converter\languages\en\convert\tar.gz\mov-to-tar.gz\index.html","en","mov","tar.gz","41","True","True","True","True","0","0","False","False","False","False","False",""
"C:\Users\maria\Desktop\Current\Converter\languages\en\convert\tar.gz\mp3-to-tar.gz\index.html","en","mp3","tar.gz","41","True","True","True","True","0","0","False","False","False","False","False",""
"C:\Users\maria\Desktop\Current\Converter\languages\en\convert\tar.gz\mp4-to-tar.gz\index.html","en","mp4","tar.gz","41","True","True","True","True","0","0","False","False","False","False","False",""
"C:\Users\maria\Desktop\Current\Converter\languages\en\convert\tar.gz\ogg-to-tar.gz\index.html","en","ogg","tar.gz","41","True","True","True","True","0","0","False","False","False","False","False",""
"C:\Users\maria\Desktop\Current\Converter\languages\en\convert\tar.gz\opus-to-tar.gz\index.html","en","opus","tar.gz","41","True","True","True","True","0","0","False","False","False","False","False",""
"C:\Users\maria\Desktop\Current\Converter\languages\en\convert\tar.gz\pdf-to-tar.gz\index.html","en","pdf","tar.gz","41","True","True","True","True","0","0","False","False","False","False","False",""
"C:\Users\maria\Desktop\Current\Converter\languages\en\convert\tar.gz\png-to-tar.gz\index.html","en","png","tar.gz","41","True","True","True","True","0","0","False","False","False","False","False",""
"C:\Users\maria\Desktop\Current\Converter\languages\en\convert\tar.gz\pptx-to-tar.gz\index.html","en","pptx","tar.gz","41","True","True","True","True","0","0","False","False","False","False","False",""
"C:\Users\maria\Desktop\Current\Converter\languages\en\convert\tar.gz\rar-to-tar.gz\index.html","en","rar","tar.gz","41","True","True","True","True","0","0","False","False","False","False","False",""
"C:\Users\maria\Desktop\Current\Converter\languages\en\convert\tar.gz\rtf-to-tar.gz\index.html","en","rtf","tar.gz","41","True","True","True","True","0","0","False","False","False","False","False",""
"C:\Users\maria\Desktop\Current\Converter\languages\en\convert\tar.gz\svg-to-tar.gz\index.html","en","svg","tar.gz","41","True","True","True","True","0","0","False","False","False","False","False",""
"C:\Users\maria\Desktop\Current\Converter\languages\en\convert\tar.gz\tar-to-tar.gz\index.html","en","tar","tar.gz","41","True","True","True","True","0","0","False","False","False","False","False",""
"C:\Users\maria\Desktop\Current\Converter\languages\en\convert\tar.gz\tar.bz2-to-tar.gz\index.html","en","tar.bz2","tar.gz","41","True","True","True","True","0","0","False","False","False","False","False",""
"C:\Users\maria\Desktop\Current\Converter\languages\en\convert\tar.gz\tar.xz-to-tar.gz\index.html","en","tar.xz","tar.gz","41","True","True","True","True","0","0","False","False","False","False","False",""
"C:\Users\maria\Desktop\Current\Converter\languages\en\convert\tar.gz\tbz-to-tar.gz\index.html","en","tbz","tar.gz","41","True","True","True","True","0","0","False","False","False","False","False",""
"C:\Users\maria\Desktop\Current\Converter\languages\en\convert\tar.gz\tgz-to-tar.gz\index.html","en","tgz","tar.gz","41","True","True","True","True","0","0","False","False","False","False","False",""
"C:\Users\maria\Desktop\Current\Converter\languages\en\convert\tar.gz\tiff-to-tar.gz\index.html","en","tiff","tar.gz","41","True","True","True","True","0","0","False","False","False","False","False",""
"C:\Users\maria\Desktop\Current\Converter\languages\en\convert\tar.gz\tsv-to-tar.gz\index.html","en","tsv","tar.gz","41","True","True","True","True","0","0","False","False","False","False","False",""
"C:\Users\maria\Desktop\Current\Converter\languages\en\convert\tar.gz\txt-to-tar.gz\index.html","en","txt","tar.gz","41","True","True","True","True","0","0","False","False","False","False","False",""
"C:\Users\maria\Desktop\Current\Converter\languages\en\convert\tar.gz\txz-to-tar.gz\index.html","en","txz","tar.gz","41","True","True","True","True","0","0","False","False","False","False","False",""
"C:\Users\maria\Desktop\Current\Converter\languages\en\convert\tar.gz\wav-to-tar.gz\index.html","en","wav","tar.gz","41","True","True","True","True","0","0","False","False","False","False","False",""
"C:\Users\maria\Desktop\Current\Converter\languages\en\convert\tar.gz\webm-to-tar.gz\index.html","en","webm","tar.gz","41","True","True","True","True","0","0","False","False","False","False","False",""
"C:\Users\maria\Desktop\Current\Converter\languages\en\convert\tar.gz\webp-to-tar.gz\index.html","en","webp","tar.gz","41","True","True","True","True","0","0","False","False","False","False","False",""
"C:\Users\maria\Desktop\Current\Converter\languages\en\convert\tar.gz\xlsx-to-tar.gz\index.html","en","xlsx","tar.gz","41","True","True","True","True","0","0","False","False","False","False","False",""
"C:\Users\maria\Desktop\Current\Converter\languages\en\convert\tar.gz\zip-to-tar.gz\index.html","en","zip","tar.gz","41","True","True","True","True","0","0","False","False","False","False","False",""
"C:\Users\maria\Desktop\Current\Converter\languages\en\convert\tar.xz\7z-to-tar.xz\index.html","en","7z","tar.xz","41","True","True","True","True","0","0","False","False","False","False","False",""
"C:\Users\maria\Desktop\Current\Converter\languages\en\convert\tar.xz\aac-to-tar.xz\index.html","en","aac","tar.xz","41","True","True","True","True","0","0","False","False","False","False","False",""
"C:\Users\maria\Desktop\Current\Converter\languages\en\convert\tar.xz\aiff-to-tar.xz\index.html","en","aiff","tar.xz","41","True","True","True","True","0","0","False","False","False","False","False",""
"C:\Users\maria\Desktop\Current\Converter\languages\en\convert\tar.xz\bmp-to-tar.xz\index.html","en","bmp","tar.xz","41","True","True","True","True","0","0","False","False","False","False","False",""
"C:\Users\maria\Desktop\Current\Converter\languages\en\convert\tar.xz\csv-to-tar.xz\index.html","en","csv","tar.xz","41","True","True","True","True","0","0","False","False","False","False","False",""
"C:\Users\maria\Desktop\Current\Converter\languages\en\convert\tar.xz\docx-to-tar.xz\index.html","en","docx","tar.xz","41","True","True","True","True","0","0","False","False","False","False","False",""
"C:\Users\maria\Desktop\Current\Converter\languages\en\convert\tar.xz\flac-to-tar.xz\index.html","en","flac","tar.xz","41","True","True","True","True","0","0","False","False","False","False","False",""
"C:\Users\maria\Desktop\Current\Converter\languages\en\convert\tar.xz\gif-to-tar.xz\index.html","en","gif","tar.xz","41","True","True","True","True","0","0","False","False","False","False","False",""
"C:\Users\maria\Desktop\Current\Converter\languages\en\convert\tar.xz\html-to-tar.xz\index.html","en","html","tar.xz","41","True","True","True","True","0","0","False","False","False","False","False",""
"C:\Users\maria\Desktop\Current\Converter\languages\en\convert\tar.xz\jpeg-to-tar.xz\index.html","en","jpeg","tar.xz","41","True","True","True","True","0","0","False","False","False","False","False",""
"C:\Users\maria\Desktop\Current\Converter\languages\en\convert\tar.xz\jpg-to-tar.xz\index.html","en","jpg","tar.xz","41","True","True","True","True","0","0","False","False","False","False","False",""
"C:\Users\maria\Desktop\Current\Converter\languages\en\convert\tar.xz\json-to-tar.xz\index.html","en","json","tar.xz","41","True","True","True","True","0","0","False","False","False","False","False",""
"C:\Users\maria\Desktop\Current\Converter\languages\en\convert\tar.xz\jsonl-to-tar.xz\index.html","en","jsonl","tar.xz","41","True","True","True","True","0","0","False","False","False","False","False",""
"C:\Users\maria\Desktop\Current\Converter\languages\en\convert\tar.xz\m4a-to-tar.xz\index.html","en","m4a","tar.xz","41","True","True","True","True","0","0","False","False","False","False","False",""
"C:\Users\maria\Desktop\Current\Converter\languages\en\convert\tar.xz\m4v-to-tar.xz\index.html","en","m4v","tar.xz","41","True","True","True","True","0","0","False","False","False","False","False",""
"C:\Users\maria\Desktop\Current\Converter\languages\en\convert\tar.xz\md-to-tar.xz\index.html","en","md","tar.xz","41","True","True","True","True","0","0","False","False","False","False","False",""
"C:\Users\maria\Desktop\Current\Converter\languages\en\convert\tar.xz\mkv-to-tar.xz\index.html","en","mkv","tar.xz","41","True","True","True","True","0","0","False","False","False","False","False",""
"C:\Users\maria\Desktop\Current\Converter\languages\en\convert\tar.xz\mov-to-tar.xz\index.html","en","mov","tar.xz","41","True","True","True","True","0","0","False","False","False","False","False",""
"C:\Users\maria\Desktop\Current\Converter\languages\en\convert\tar.xz\mp3-to-tar.xz\index.html","en","mp3","tar.xz","41","True","True","True","True","0","0","False","False","False","False","False",""
"C:\Users\maria\Desktop\Current\Converter\languages\en\convert\tar.xz\mp4-to-tar.xz\index.html","en","mp4","tar.xz","41","True","True","True","True","0","0","False","False","False","False","False",""
"C:\Users\maria\Desktop\Current\Converter\languages\en\convert\tar.xz\ogg-to-tar.xz\index.html","en","ogg","tar.xz","41","True","True","True","True","0","0","False","False","False","False","False",""
"C:\Users\maria\Desktop\Current\Converter\languages\en\convert\tar.xz\opus-to-tar.xz\index.html","en","opus","tar.xz","41","True","True","True","True","0","0","False","False","False","False","False",""
"C:\Users\maria\Desktop\Current\Converter\languages\en\convert\tar.xz\pdf-to-tar.xz\index.html","en","pdf","tar.xz","41","True","True","True","True","0","0","False","False","False","False","False",""
"C:\Users\maria\Desktop\Current\Converter\languages\en\convert\tar.xz\png-to-tar.xz\index.html","en","png","tar.xz","41","True","True","True","True","0","0","False","False","False","False","False",""
"C:\Users\maria\Desktop\Current\Converter\languages\en\convert\tar.xz\pptx-to-tar.xz\index.html","en","pptx","tar.xz","41","True","True","True","True","0","0","False","False","False","False","False",""
"C:\Users\maria\Desktop\Current\Converter\languages\en\convert\tar.xz\rar-to-tar.xz\index.html","en","rar","tar.xz","41","True","True","True","True","0","0","False","False","False","False","False",""
"C:\Users\maria\Desktop\Current\Converter\languages\en\convert\tar.xz\rtf-to-tar.xz\index.html","en","rtf","tar.xz","41","True","True","True","True","0","0","False","False","False","False","False",""
"C:\Users\maria\Desktop\Current\Converter\languages\en\convert\tar.xz\svg-to-tar.xz\index.html","en","svg","tar.xz","41","True","True","True","True","0","0","False","False","False","False","False",""
"C:\Users\maria\Desktop\Current\Converter\languages\en\convert\tar.xz\tar-to-tar.xz\index.html","en","tar","tar.xz","41","True","True","True","True","0","0","False","False","False","False","False",""
"C:\Users\maria\Desktop\Current\Converter\languages\en\convert\tar.xz\tar.bz2-to-tar.xz\index.html","en","tar.bz2","tar.xz","41","True","True","True","True","0","0","False","False","False","False","False",""
"C:\Users\maria\Desktop\Current\Converter\languages\en\convert\tar.xz\tar.gz-to-tar.xz\index.html","en","tar.gz","tar.xz","41","True","True","True","True","0","0","False","False","False","False","False",""
"C:\Users\maria\Desktop\Current\Converter\languages\en\convert\tar.xz\tbz-to-tar.xz\index.html","en","tbz","tar.xz","41","True","True","True","True","0","0","False","False","False","False","False",""
"C:\Users\maria\Desktop\Current\Converter\languages\en\convert\tar.xz\tgz-to-tar.xz\index.html","en","tgz","tar.xz","41","True","True","True","True","0","0","False","False","False","False","False",""
"C:\Users\maria\Desktop\Current\Converter\languages\en\convert\tar.xz\tiff-to-tar.xz\index.html","en","tiff","tar.xz","41","True","True","True","True","0","0","False","False","False","False","False",""
"C:\Users\maria\Desktop\Current\Converter\languages\en\convert\tar.xz\tsv-to-tar.xz\index.html","en","tsv","tar.xz","41","True","True","True","True","0","0","False","False","False","False","False",""
"C:\Users\maria\Desktop\Current\Converter\languages\en\convert\tar.xz\txt-to-tar.xz\index.html","en","txt","tar.xz","41","True","True","True","True","0","0","False","False","False","False","False",""
"C:\Users\maria\Desktop\Current\Converter\languages\en\convert\tar.xz\txz-to-tar.xz\index.html","en","txz","tar.xz","41","True","True","True","True","0","0","False","False","False","False","False",""
"C:\Users\maria\Desktop\Current\Converter\languages\en\convert\tar.xz\wav-to-tar.xz\index.html","en","wav","tar.xz","41","True","True","True","True","0","0","False","False","False","False","False",""
"C:\Users\maria\Desktop\Current\Converter\languages\en\convert\tar.xz\webm-to-tar.xz\index.html","en","webm","tar.xz","41","True","True","True","True","0","0","False","False","False","False","False",""
"C:\Users\maria\Desktop\Current\Converter\languages\en\convert\tar.xz\webp-to-tar.xz\index.html","en","webp","tar.xz","41","True","True","True","True","0","0","False","False","False","False","False",""
"C:\Users\maria\Desktop\Current\Converter\languages\en\convert\tar.xz\xlsx-to-tar.xz\index.html","en","xlsx","tar.xz","41","True","True","True","True","0","0","False","False","False","False","False",""
"C:\Users\maria\Desktop\Current\Converter\languages\en\convert\tar.xz\zip-to-tar.xz\index.html","en","zip","tar.xz","41","True","True","True","True","0","0","False","False","False","False","False",""
"C:\Users\maria\Desktop\Current\Converter\languages\en\convert\tbz\7z-to-tbz\index.html","en","7z","tbz","41","True","True","True","True","0","0","False","False","False","False","False",""
"C:\Users\maria\Desktop\Current\Converter\languages\en\convert\tbz\aac-to-tbz\index.html","en","aac","tbz","41","True","True","True","True","0","0","False","False","False","False","False",""
"C:\Users\maria\Desktop\Current\Converter\languages\en\convert\tbz\aiff-to-tbz\index.html","en","aiff","tbz","41","True","True","True","True","0","0","False","False","False","False","False",""
"C:\Users\maria\Desktop\Current\Converter\languages\en\convert\tbz\bmp-to-tbz\index.html","en","bmp","tbz","41","True","True","True","True","0","0","False","False","False","False","False",""
"C:\Users\maria\Desktop\Current\Converter\languages\en\convert\tbz\csv-to-tbz\index.html","en","csv","tbz","41","True","True","True","True","0","0","False","False","False","False","False",""
"C:\Users\maria\Desktop\Current\Converter\languages\en\convert\tbz\docx-to-tbz\index.html","en","docx","tbz","41","True","True","True","True","0","0","False","False","False","False","False",""
"C:\Users\maria\Desktop\Current\Converter\languages\en\convert\tbz\flac-to-tbz\index.html","en","flac","tbz","41","True","True","True","True","0","0","False","False","False","False","False",""
"C:\Users\maria\Desktop\Current\Converter\languages\en\convert\tbz\gif-to-tbz\index.html","en","gif","tbz","41","True","True","True","True","0","0","False","False","False","False","False",""
"C:\Users\maria\Desktop\Current\Converter\languages\en\convert\tbz\html-to-tbz\index.html","en","html","tbz","41","True","True","True","True","0","0","False","False","False","False","False",""
"C:\Users\maria\Desktop\Current\Converter\languages\en\convert\tbz\jpeg-to-tbz\index.html","en","jpeg","tbz","41","True","True","True","True","0","0","False","False","False","False","False",""
"C:\Users\maria\Desktop\Current\Converter\languages\en\convert\tbz\jpg-to-tbz\index.html","en","jpg","tbz","41","True","True","True","True","0","0","False","False","False","False","False",""
"C:\Users\maria\Desktop\Current\Converter\languages\en\convert\tbz\json-to-tbz\index.html","en","json","tbz","41","True","True","True","True","0","0","False","False","False","False","False",""
"C:\Users\maria\Desktop\Current\Converter\languages\en\convert\tbz\jsonl-to-tbz\index.html","en","jsonl","tbz","41","True","True","True","True","0","0","False","False","False","False","False",""
"C:\Users\maria\Desktop\Current\Converter\languages\en\convert\tbz\m4a-to-tbz\index.html","en","m4a","tbz","41","True","True","True","True","0","0","False","False","False","False","False",""
"C:\Users\maria\Desktop\Current\Converter\languages\en\convert\tbz\m4v-to-tbz\index.html","en","m4v","tbz","41","True","True","True","True","0","0","False","False","False","False","False",""
"C:\Users\maria\Desktop\Current\Converter\languages\en\convert\tbz\md-to-tbz\index.html","en","md","tbz","41","True","True","True","True","0","0","False","False","False","False","False",""
"C:\Users\maria\Desktop\Current\Converter\languages\en\convert\tbz\mkv-to-tbz\index.html","en","mkv","tbz","41","True","True","True","True","0","0","False","False","False","False","False",""
"C:\Users\maria\Desktop\Current\Converter\languages\en\convert\tbz\mov-to-tbz\index.html","en","mov","tbz","41","True","True","True","True","0","0","False","False","False","False","False",""
"C:\Users\maria\Desktop\Current\Converter\languages\en\convert\tbz\mp3-to-tbz\index.html","en","mp3","tbz","41","True","True","True","True","0","0","False","False","False","False","False",""
"C:\Users\maria\Desktop\Current\Converter\languages\en\convert\tbz\mp4-to-tbz\index.html","en","mp4","tbz","41","True","True","True","True","0","0","False","False","False","False","False",""
"C:\Users\maria\Desktop\Current\Converter\languages\en\convert\tbz\ogg-to-tbz\index.html","en","ogg","tbz","41","True","True","True","True","0","0","False","False","False","False","False",""
"C:\Users\maria\Desktop\Current\Converter\languages\en\convert\tbz\opus-to-tbz\index.html","en","opus","tbz","41","True","True","True","True","0","0","False","False","False","False","False",""
"C:\Users\maria\Desktop\Current\Converter\languages\en\convert\tbz\pdf-to-tbz\index.html","en","pdf","tbz","41","True","True","True","True","0","0","False","False","False","False","False",""
"C:\Users\maria\Desktop\Current\Converter\languages\en\convert\tbz\png-to-tbz\index.html","en","png","tbz","41","True","True","True","True","0","0","False","False","False","False","False",""
"C:\Users\maria\Desktop\Current\Converter\languages\en\convert\tbz\pptx-to-tbz\index.html","en","pptx","tbz","41","True","True","True","True","0","0","False","False","False","False","False",""
"C:\Users\maria\Desktop\Current\Converter\languages\en\convert\tbz\rar-to-tbz\index.html","en","rar","tbz","41","True","True","True","True","0","0","False","False","False","False","False",""
"C:\Users\maria\Desktop\Current\Converter\languages\en\convert\tbz\rtf-to-tbz\index.html","en","rtf","tbz","41","True","True","True","True","0","0","False","False","False","False","False",""
"C:\Users\maria\Desktop\Current\Converter\languages\en\convert\tbz\svg-to-tbz\index.html","en","svg","tbz","41","True","True","True","True","0","0","False","False","False","False","False",""
"C:\Users\maria\Desktop\Current\Converter\languages\en\convert\tbz\tar-to-tbz\index.html","en","tar","tbz","41","True","True","True","True","0","0","False","False","False","False","False",""
"C:\Users\maria\Desktop\Current\Converter\languages\en\convert\tbz\tar.bz2-to-tbz\index.html","en","tar.bz2","tbz","41","True","True","True","True","0","0","False","False","False","False","False",""
"C:\Users\maria\Desktop\Current\Converter\languages\en\convert\tbz\tar.gz-to-tbz\index.html","en","tar.gz","tbz","41","True","True","True","True","0","0","False","False","False","False","False",""
"C:\Users\maria\Desktop\Current\Converter\languages\en\convert\tbz\tar.xz-to-tbz\index.html","en","tar.xz","tbz","41","True","True","True","True","0","0","False","False","False","False","False",""
"C:\Users\maria\Desktop\Current\Converter\languages\en\convert\tbz\tgz-to-tbz\index.html","en","tgz","tbz","41","True","True","True","True","0","0","False","False","False","False","False",""
"C:\Users\maria\Desktop\Current\Converter\languages\en\convert\tbz\tiff-to-tbz\index.html","en","tiff","tbz","41","True","True","True","True","0","0","False","False","False","False","False",""
"C:\Users\maria\Desktop\Current\Converter\languages\en\convert\tbz\tsv-to-tbz\index.html","en","tsv","tbz","41","True","True","True","True","0","0","False","False","False","False","False",""
"C:\Users\maria\Desktop\Current\Converter\languages\en\convert\tbz\txt-to-tbz\index.html","en","txt","tbz","41","True","True","True","True","0","0","False","False","False","False","False",""
"C:\Users\maria\Desktop\Current\Converter\languages\en\convert\tbz\txz-to-tbz\index.html","en","txz","tbz","41","True","True","True","True","0","0","False","False","False","False","False",""
"C:\Users\maria\Desktop\Current\Converter\languages\en\convert\tbz\wav-to-tbz\index.html","en","wav","tbz","41","True","True","True","True","0","0","False","False","False","False","False",""
"C:\Users\maria\Desktop\Current\Converter\languages\en\convert\tbz\webm-to-tbz\index.html","en","webm","tbz","41","True","True","True","True","0","0","False","False","False","False","False",""
"C:\Users\maria\Desktop\Current\Converter\languages\en\convert\tbz\webp-to-tbz\index.html","en","webp","tbz","41","True","True","True","True","0","0","False","False","False","False","False",""
"C:\Users\maria\Desktop\Current\Converter\languages\en\convert\tbz\xlsx-to-tbz\index.html","en","xlsx","tbz","41","True","True","True","True","0","0","False","False","False","False","False",""
"C:\Users\maria\Desktop\Current\Converter\languages\en\convert\tbz\zip-to-tbz\index.html","en","zip","tbz","41","True","True","True","True","0","0","False","False","False","False","False",""
"C:\Users\maria\Desktop\Current\Converter\languages\en\convert\tgz\7z-to-tgz\index.html","en","7z","tgz","41","True","True","True","True","0","0","False","False","False","False","False",""
"C:\Users\maria\Desktop\Current\Converter\languages\en\convert\tgz\aac-to-tgz\index.html","en","aac","tgz","41","True","True","True","True","0","0","False","False","False","False","False",""
"C:\Users\maria\Desktop\Current\Converter\languages\en\convert\tgz\aiff-to-tgz\index.html","en","aiff","tgz","41","True","True","True","True","0","0","False","False","False","False","False",""
"C:\Users\maria\Desktop\Current\Converter\languages\en\convert\tgz\bmp-to-tgz\index.html","en","bmp","tgz","41","True","True","True","True","0","0","False","False","False","False","False",""
"C:\Users\maria\Desktop\Current\Converter\languages\en\convert\tgz\csv-to-tgz\index.html","en","csv","tgz","41","True","True","True","True","0","0","False","False","False","False","False",""
"C:\Users\maria\Desktop\Current\Converter\languages\en\convert\tgz\docx-to-tgz\index.html","en","docx","tgz","41","True","True","True","True","0","0","False","False","False","False","False",""
"C:\Users\maria\Desktop\Current\Converter\languages\en\convert\tgz\flac-to-tgz\index.html","en","flac","tgz","41","True","True","True","True","0","0","False","False","False","False","False",""
"C:\Users\maria\Desktop\Current\Converter\languages\en\convert\tgz\gif-to-tgz\index.html","en","gif","tgz","41","True","True","True","True","0","0","False","False","False","False","False",""
"C:\Users\maria\Desktop\Current\Converter\languages\en\convert\tgz\html-to-tgz\index.html","en","html","tgz","41","True","True","True","True","0","0","False","False","False","False","False",""
"C:\Users\maria\Desktop\Current\Converter\languages\en\convert\tgz\jpeg-to-tgz\index.html","en","jpeg","tgz","41","True","True","True","True","0","0","False","False","False","False","False",""
"C:\Users\maria\Desktop\Current\Converter\languages\en\convert\tgz\jpg-to-tgz\index.html","en","jpg","tgz","41","True","True","True","True","0","0","False","False","False","False","False",""
"C:\Users\maria\Desktop\Current\Converter\languages\en\convert\tgz\json-to-tgz\index.html","en","json","tgz","41","True","True","True","True","0","0","False","False","False","False","False",""
"C:\Users\maria\Desktop\Current\Converter\languages\en\convert\tgz\jsonl-to-tgz\index.html","en","jsonl","tgz","41","True","True","True","True","0","0","False","False","False","False","False",""
"C:\Users\maria\Desktop\Current\Converter\languages\en\convert\tgz\m4a-to-tgz\index.html","en","m4a","tgz","41","True","True","True","True","0","0","False","False","False","False","False",""
"C:\Users\maria\Desktop\Current\Converter\languages\en\convert\tgz\m4v-to-tgz\index.html","en","m4v","tgz","41","True","True","True","True","0","0","False","False","False","False","False",""
"C:\Users\maria\Desktop\Current\Converter\languages\en\convert\tgz\md-to-tgz\index.html","en","md","tgz","41","True","True","True","True","0","0","False","False","False","False","False",""
"C:\Users\maria\Desktop\Current\Converter\languages\en\convert\tgz\mkv-to-tgz\index.html","en","mkv","tgz","41","True","True","True","True","0","0","False","False","False","False","False",""
"C:\Users\maria\Desktop\Current\Converter\languages\en\convert\tgz\mov-to-tgz\index.html","en","mov","tgz","41","True","True","True","True","0","0","False","False","False","False","False",""
"C:\Users\maria\Desktop\Current\Converter\languages\en\convert\tgz\mp3-to-tgz\index.html","en","mp3","tgz","41","True","True","True","True","0","0","False","False","False","False","False",""
"C:\Users\maria\Desktop\Current\Converter\languages\en\convert\tgz\mp4-to-tgz\index.html","en","mp4","tgz","41","True","True","True","True","0","0","False","False","False","False","False",""
"C:\Users\maria\Desktop\Current\Converter\languages\en\convert\tgz\ogg-to-tgz\index.html","en","ogg","tgz","41","True","True","True","True","0","0","False","False","False","False","False",""
"C:\Users\maria\Desktop\Current\Converter\languages\en\convert\tgz\opus-to-tgz\index.html","en","opus","tgz","41","True","True","True","True","0","0","False","False","False","False","False",""
"C:\Users\maria\Desktop\Current\Converter\languages\en\convert\tgz\pdf-to-tgz\index.html","en","pdf","tgz","41","True","True","True","True","0","0","False","False","False","False","False",""
"C:\Users\maria\Desktop\Current\Converter\languages\en\convert\tgz\png-to-tgz\index.html","en","png","tgz","41","True","True","True","True","0","0","False","False","False","False","False",""
"C:\Users\maria\Desktop\Current\Converter\languages\en\convert\tgz\pptx-to-tgz\index.html","en","pptx","tgz","41","True","True","True","True","0","0","False","False","False","False","False",""
"C:\Users\maria\Desktop\Current\Converter\languages\en\convert\tgz\rar-to-tgz\index.html","en","rar","tgz","41","True","True","True","True","0","0","False","False","False","False","False",""
"C:\Users\maria\Desktop\Current\Converter\languages\en\convert\tgz\rtf-to-tgz\index.html","en","rtf","tgz","41","True","True","True","True","0","0","False","False","False","False","False",""
"C:\Users\maria\Desktop\Current\Converter\languages\en\convert\tgz\svg-to-tgz\index.html","en","svg","tgz","41","True","True","True","True","0","0","False","False","False","False","False",""
"C:\Users\maria\Desktop\Current\Converter\languages\en\convert\tgz\tar-to-tgz\index.html","en","tar","tgz","41","True","True","True","True","0","0","False","False","False","False","False",""
"C:\Users\maria\Desktop\Current\Converter\languages\en\convert\tgz\tar.bz2-to-tgz\index.html","en","tar.bz2","tgz","41","True","True","True","True","0","0","False","False","False","False","False",""
"C:\Users\maria\Desktop\Current\Converter\languages\en\convert\tgz\tar.gz-to-tgz\index.html","en","tar.gz","tgz","41","True","True","True","True","0","0","False","False","False","False","False",""
"C:\Users\maria\Desktop\Current\Converter\languages\en\convert\tgz\tar.xz-to-tgz\index.html","en","tar.xz","tgz","41","True","True","True","True","0","0","False","False","False","False","False",""
"C:\Users\maria\Desktop\Current\Converter\languages\en\convert\tgz\tbz-to-tgz\index.html","en","tbz","tgz","41","True","True","True","True","0","0","False","False","False","False","False",""
"C:\Users\maria\Desktop\Current\Converter\languages\en\convert\tgz\tiff-to-tgz\index.html","en","tiff","tgz","41","True","True","True","True","0","0","False","False","False","False","False",""
"C:\Users\maria\Desktop\Current\Converter\languages\en\convert\tgz\tsv-to-tgz\index.html","en","tsv","tgz","41","True","True","True","True","0","0","False","False","False","False","False",""
"C:\Users\maria\Desktop\Current\Converter\languages\en\convert\tgz\txt-to-tgz\index.html","en","txt","tgz","41","True","True","True","True","0","0","False","False","False","False","False",""
"C:\Users\maria\Desktop\Current\Converter\languages\en\convert\tgz\txz-to-tgz\index.html","en","txz","tgz","41","True","True","True","True","0","0","False","False","False","False","False",""
"C:\Users\maria\Desktop\Current\Converter\languages\en\convert\tgz\wav-to-tgz\index.html","en","wav","tgz","41","True","True","True","True","0","0","False","False","False","False","False",""
"C:\Users\maria\Desktop\Current\Converter\languages\en\convert\tgz\webm-to-tgz\index.html","en","webm","tgz","41","True","True","True","True","0","0","False","False","False","False","False",""
"C:\Users\maria\Desktop\Current\Converter\languages\en\convert\tgz\webp-to-tgz\index.html","en","webp","tgz","41","True","True","True","True","0","0","False","False","False","False","False",""
"C:\Users\maria\Desktop\Current\Converter\languages\en\convert\tgz\xlsx-to-tgz\index.html","en","xlsx","tgz","41","True","True","True","True","0","0","False","False","False","False","False",""
"C:\Users\maria\Desktop\Current\Converter\languages\en\convert\tgz\zip-to-tgz\index.html","en","zip","tgz","41","True","True","True","True","0","0","False","False","False","False","False",""
"C:\Users\maria\Desktop\Current\Converter\languages\en\convert\tiff\7z-to-tiff\index.html","en","7z","tiff","41","True","True","True","True","0","0","False","False","False","False","False",""
"C:\Users\maria\Desktop\Current\Converter\languages\en\convert\tiff\aac-to-tiff\index.html","en","aac","tiff","41","True","True","True","True","0","0","False","False","False","False","False",""
"C:\Users\maria\Desktop\Current\Converter\languages\en\convert\tiff\aiff-to-tiff\index.html","en","aiff","tiff","41","True","True","True","True","0","0","False","False","False","False","False",""
"C:\Users\maria\Desktop\Current\Converter\languages\en\convert\tiff\bmp-to-tiff\index.html","en","bmp","tiff","41","True","True","True","True","0","0","False","False","False","False","False",""
"C:\Users\maria\Desktop\Current\Converter\languages\en\convert\tiff\csv-to-tiff\index.html","en","csv","tiff","41","True","True","True","True","0","0","False","False","False","False","False",""
"C:\Users\maria\Desktop\Current\Converter\languages\en\convert\tiff\docx-to-tiff\index.html","en","docx","tiff","41","True","True","True","True","0","0","False","False","False","False","False",""
"C:\Users\maria\Desktop\Current\Converter\languages\en\convert\tiff\flac-to-tiff\index.html","en","flac","tiff","41","True","True","True","True","0","0","False","False","False","False","False",""
"C:\Users\maria\Desktop\Current\Converter\languages\en\convert\tiff\gif-to-tiff\index.html","en","gif","tiff","41","True","True","True","True","0","0","False","False","False","False","False",""
"C:\Users\maria\Desktop\Current\Converter\languages\en\convert\tiff\html-to-tiff\index.html","en","html","tiff","41","True","True","True","True","0","0","False","False","False","False","False",""
"C:\Users\maria\Desktop\Current\Converter\languages\en\convert\tiff\jpeg-to-tiff\index.html","en","jpeg","tiff","41","True","True","True","True","0","0","False","False","False","False","False",""
"C:\Users\maria\Desktop\Current\Converter\languages\en\convert\tiff\jpg-to-tiff\index.html","en","jpg","tiff","41","True","True","True","True","0","0","False","False","False","False","False",""
"C:\Users\maria\Desktop\Current\Converter\languages\en\convert\tiff\json-to-tiff\index.html","en","json","tiff","41","True","True","True","True","0","0","False","False","False","False","False",""
"C:\Users\maria\Desktop\Current\Converter\languages\en\convert\tiff\jsonl-to-tiff\index.html","en","jsonl","tiff","41","True","True","True","True","0","0","False","False","False","False","False",""
"C:\Users\maria\Desktop\Current\Converter\languages\en\convert\tiff\m4a-to-tiff\index.html","en","m4a","tiff","41","True","True","True","True","0","0","False","False","False","False","False",""
"C:\Users\maria\Desktop\Current\Converter\languages\en\convert\tiff\m4v-to-tiff\index.html","en","m4v","tiff","41","True","True","True","True","0","0","False","False","False","False","False",""
"C:\Users\maria\Desktop\Current\Converter\languages\en\convert\tiff\md-to-tiff\index.html","en","md","tiff","41","True","True","True","True","0","0","False","False","False","False","False",""
"C:\Users\maria\Desktop\Current\Converter\languages\en\convert\tiff\mkv-to-tiff\index.html","en","mkv","tiff","41","True","True","True","True","0","0","False","False","False","False","False",""
"C:\Users\maria\Desktop\Current\Converter\languages\en\convert\tiff\mov-to-tiff\index.html","en","mov","tiff","41","True","True","True","True","0","0","False","False","False","False","False",""
"C:\Users\maria\Desktop\Current\Converter\languages\en\convert\tiff\mp3-to-tiff\index.html","en","mp3","tiff","41","True","True","True","True","0","0","False","False","False","False","False",""
"C:\Users\maria\Desktop\Current\Converter\languages\en\convert\tiff\mp4-to-tiff\index.html","en","mp4","tiff","41","True","True","True","True","0","0","False","False","False","False","False",""
"C:\Users\maria\Desktop\Current\Converter\languages\en\convert\tiff\ogg-to-tiff\index.html","en","ogg","tiff","41","True","True","True","True","0","0","False","False","False","False","False",""
"C:\Users\maria\Desktop\Current\Converter\languages\en\convert\tiff\opus-to-tiff\index.html","en","opus","tiff","41","True","True","True","True","0","0","False","False","False","False","False",""
"C:\Users\maria\Desktop\Current\Converter\languages\en\convert\tiff\pdf-to-tiff\index.html","en","pdf","tiff","41","True","True","True","True","0","0","False","False","False","False","False",""
"C:\Users\maria\Desktop\Current\Converter\languages\en\convert\tiff\png-to-tiff\index.html","en","png","tiff","41","True","True","True","True","0","0","False","False","False","False","False",""
"C:\Users\maria\Desktop\Current\Converter\languages\en\convert\tiff\pptx-to-tiff\index.html","en","pptx","tiff","41","True","True","True","True","0","0","False","False","False","False","False",""
"C:\Users\maria\Desktop\Current\Converter\languages\en\convert\tiff\rar-to-tiff\index.html","en","rar","tiff","41","True","True","True","True","0","0","False","False","False","False","False",""
"C:\Users\maria\Desktop\Current\Converter\languages\en\convert\tiff\rtf-to-tiff\index.html","en","rtf","tiff","41","True","True","True","True","0","0","False","False","False","False","False",""
"C:\Users\maria\Desktop\Current\Converter\languages\en\convert\tiff\svg-to-tiff\index.html","en","svg","tiff","41","True","True","True","True","0","0","False","False","False","False","False",""
"C:\Users\maria\Desktop\Current\Converter\languages\en\convert\tiff\tar-to-tiff\index.html","en","tar","tiff","41","True","True","True","True","0","0","False","False","False","False","False",""
"C:\Users\maria\Desktop\Current\Converter\languages\en\convert\tiff\tar.bz2-to-tiff\index.html","en","tar.bz2","tiff","41","True","True","True","True","0","0","False","False","False","False","False",""
"C:\Users\maria\Desktop\Current\Converter\languages\en\convert\tiff\tar.gz-to-tiff\index.html","en","tar.gz","tiff","41","True","True","True","True","0","0","False","False","False","False","False",""
"C:\Users\maria\Desktop\Current\Converter\languages\en\convert\tiff\tar.xz-to-tiff\index.html","en","tar.xz","tiff","41","True","True","True","True","0","0","False","False","False","False","False",""
"C:\Users\maria\Desktop\Current\Converter\languages\en\convert\tiff\tbz-to-tiff\index.html","en","tbz","tiff","41","True","True","True","True","0","0","False","False","False","False","False",""
"C:\Users\maria\Desktop\Current\Converter\languages\en\convert\tiff\tgz-to-tiff\index.html","en","tgz","tiff","41","True","True","True","True","0","0","False","False","False","False","False",""
"C:\Users\maria\Desktop\Current\Converter\languages\en\convert\tiff\tsv-to-tiff\index.html","en","tsv","tiff","41","True","True","True","True","0","0","False","False","False","False","False",""
"C:\Users\maria\Desktop\Current\Converter\languages\en\convert\tiff\txt-to-tiff\index.html","en","txt","tiff","41","True","True","True","True","0","0","False","False","False","False","False",""
"C:\Users\maria\Desktop\Current\Converter\languages\en\convert\tiff\txz-to-tiff\index.html","en","txz","tiff","41","True","True","True","True","0","0","False","False","False","False","False",""
"C:\Users\maria\Desktop\Current\Converter\languages\en\convert\tiff\wav-to-tiff\index.html","en","wav","tiff","41","True","True","True","True","0","0","False","False","False","False","False",""
"C:\Users\maria\Desktop\Current\Converter\languages\en\convert\tiff\webm-to-tiff\index.html","en","webm","tiff","41","True","True","True","True","0","0","False","False","False","False","False",""
"C:\Users\maria\Desktop\Current\Converter\languages\en\convert\tiff\webp-to-tiff\index.html","en","webp","tiff","41","True","True","True","True","0","0","False","False","False","False","False",""
"C:\Users\maria\Desktop\Current\Converter\languages\en\convert\tiff\xlsx-to-tiff\index.html","en","xlsx","tiff","41","True","True","True","True","0","0","False","False","False","False","False",""
"C:\Users\maria\Desktop\Current\Converter\languages\en\convert\tiff\zip-to-tiff\index.html","en","zip","tiff","41","True","True","True","True","0","0","False","False","False","False","False",""
"C:\Users\maria\Desktop\Current\Converter\languages\en\convert\tsv\7z-to-tsv\index.html","en","7z","tsv","41","True","True","True","True","0","0","False","False","False","False","False",""
"C:\Users\maria\Desktop\Current\Converter\languages\en\convert\tsv\aac-to-tsv\index.html","en","aac","tsv","41","True","True","True","True","0","0","False","False","False","False","False",""
"C:\Users\maria\Desktop\Current\Converter\languages\en\convert\tsv\aiff-to-tsv\index.html","en","aiff","tsv","41","True","True","True","True","0","0","False","False","False","False","False",""
"C:\Users\maria\Desktop\Current\Converter\languages\en\convert\tsv\bmp-to-tsv\index.html","en","bmp","tsv","41","True","True","True","True","0","0","False","False","False","False","False",""
"C:\Users\maria\Desktop\Current\Converter\languages\en\convert\tsv\csv-to-tsv\index.html","en","csv","tsv","41","True","True","True","True","0","0","False","False","False","False","False",""
"C:\Users\maria\Desktop\Current\Converter\languages\en\convert\tsv\docx-to-tsv\index.html","en","docx","tsv","41","True","True","True","True","0","0","False","False","False","False","False",""
"C:\Users\maria\Desktop\Current\Converter\languages\en\convert\tsv\flac-to-tsv\index.html","en","flac","tsv","41","True","True","True","True","0","0","False","False","False","False","False",""
"C:\Users\maria\Desktop\Current\Converter\languages\en\convert\tsv\gif-to-tsv\index.html","en","gif","tsv","41","True","True","True","True","0","0","False","False","False","False","False",""
"C:\Users\maria\Desktop\Current\Converter\languages\en\convert\tsv\html-to-tsv\index.html","en","html","tsv","41","True","True","True","True","0","0","False","False","False","False","False",""
"C:\Users\maria\Desktop\Current\Converter\languages\en\convert\tsv\jpeg-to-tsv\index.html","en","jpeg","tsv","41","True","True","True","True","0","0","False","False","False","False","False",""
"C:\Users\maria\Desktop\Current\Converter\languages\en\convert\tsv\jpg-to-tsv\index.html","en","jpg","tsv","41","True","True","True","True","0","0","False","False","False","False","False",""
"C:\Users\maria\Desktop\Current\Converter\languages\en\convert\tsv\json-to-tsv\index.html","en","json","tsv","41","True","True","True","True","0","0","False","False","False","False","False",""
"C:\Users\maria\Desktop\Current\Converter\languages\en\convert\tsv\jsonl-to-tsv\index.html","en","jsonl","tsv","41","True","True","True","True","0","0","False","False","False","False","False",""
"C:\Users\maria\Desktop\Current\Converter\languages\en\convert\tsv\m4a-to-tsv\index.html","en","m4a","tsv","41","True","True","True","True","0","0","False","False","False","False","False",""
"C:\Users\maria\Desktop\Current\Converter\languages\en\convert\tsv\m4v-to-tsv\index.html","en","m4v","tsv","41","True","True","True","True","0","0","False","False","False","False","False",""
"C:\Users\maria\Desktop\Current\Converter\languages\en\convert\tsv\md-to-tsv\index.html","en","md","tsv","41","True","True","True","True","0","0","False","False","False","False","False",""
"C:\Users\maria\Desktop\Current\Converter\languages\en\convert\tsv\mkv-to-tsv\index.html","en","mkv","tsv","41","True","True","True","True","0","0","False","False","False","False","False",""
"C:\Users\maria\Desktop\Current\Converter\languages\en\convert\tsv\mov-to-tsv\index.html","en","mov","tsv","41","True","True","True","True","0","0","False","False","False","False","False",""
"C:\Users\maria\Desktop\Current\Converter\languages\en\convert\tsv\mp3-to-tsv\index.html","en","mp3","tsv","41","True","True","True","True","0","0","False","False","False","False","False",""
"C:\Users\maria\Desktop\Current\Converter\languages\en\convert\tsv\mp4-to-tsv\index.html","en","mp4","tsv","41","True","True","True","True","0","0","False","False","False","False","False",""
"C:\Users\maria\Desktop\Current\Converter\languages\en\convert\tsv\ogg-to-tsv\index.html","en","ogg","tsv","41","True","True","True","True","0","0","False","False","False","False","False",""
"C:\Users\maria\Desktop\Current\Converter\languages\en\convert\tsv\opus-to-tsv\index.html","en","opus","tsv","41","True","True","True","True","0","0","False","False","False","False","False",""
"C:\Users\maria\Desktop\Current\Converter\languages\en\convert\tsv\pdf-to-tsv\index.html","en","pdf","tsv","41","True","True","True","True","0","0","False","False","False","False","False",""
"C:\Users\maria\Desktop\Current\Converter\languages\en\convert\tsv\png-to-tsv\index.html","en","png","tsv","41","True","True","True","True","0","0","False","False","False","False","False",""
"C:\Users\maria\Desktop\Current\Converter\languages\en\convert\tsv\pptx-to-tsv\index.html","en","pptx","tsv","41","True","True","True","True","0","0","False","False","False","False","False",""
"C:\Users\maria\Desktop\Current\Converter\languages\en\convert\tsv\rar-to-tsv\index.html","en","rar","tsv","41","True","True","True","True","0","0","False","False","False","False","False",""
"C:\Users\maria\Desktop\Current\Converter\languages\en\convert\tsv\rtf-to-tsv\index.html","en","rtf","tsv","41","True","True","True","True","0","0","False","False","False","False","False",""
"C:\Users\maria\Desktop\Current\Converter\languages\en\convert\tsv\svg-to-tsv\index.html","en","svg","tsv","41","True","True","True","True","0","0","False","False","False","False","False",""
"C:\Users\maria\Desktop\Current\Converter\languages\en\convert\tsv\tar-to-tsv\index.html","en","tar","tsv","41","True","True","True","True","0","0","False","False","False","False","False",""
"C:\Users\maria\Desktop\Current\Converter\languages\en\convert\tsv\tar.bz2-to-tsv\index.html","en","tar.bz2","tsv","41","True","True","True","True","0","0","False","False","False","False","False",""
"C:\Users\maria\Desktop\Current\Converter\languages\en\convert\tsv\tar.gz-to-tsv\index.html","en","tar.gz","tsv","41","True","True","True","True","0","0","False","False","False","False","False",""
"C:\Users\maria\Desktop\Current\Converter\languages\en\convert\tsv\tar.xz-to-tsv\index.html","en","tar.xz","tsv","41","True","True","True","True","0","0","False","False","False","False","False",""
"C:\Users\maria\Desktop\Current\Converter\languages\en\convert\tsv\tbz-to-tsv\index.html","en","tbz","tsv","41","True","True","True","True","0","0","False","False","False","False","False",""
"C:\Users\maria\Desktop\Current\Converter\languages\en\convert\tsv\tgz-to-tsv\index.html","en","tgz","tsv","41","True","True","True","True","0","0","False","False","False","False","False",""
"C:\Users\maria\Desktop\Current\Converter\languages\en\convert\tsv\tiff-to-tsv\index.html","en","tiff","tsv","41","True","True","True","True","0","0","False","False","False","False","False",""
"C:\Users\maria\Desktop\Current\Converter\languages\en\convert\tsv\txt-to-tsv\index.html","en","txt","tsv","41","True","True","True","True","0","0","False","False","False","False","False",""
"C:\Users\maria\Desktop\Current\Converter\languages\en\convert\tsv\txz-to-tsv\index.html","en","txz","tsv","41","True","True","True","True","0","0","False","False","False","False","False",""
"C:\Users\maria\Desktop\Current\Converter\languages\en\convert\tsv\wav-to-tsv\index.html","en","wav","tsv","41","True","True","True","True","0","0","False","False","False","False","False",""
"C:\Users\maria\Desktop\Current\Converter\languages\en\convert\tsv\webm-to-tsv\index.html","en","webm","tsv","41","True","True","True","True","0","0","False","False","False","False","False",""
"C:\Users\maria\Desktop\Current\Converter\languages\en\convert\tsv\webp-to-tsv\index.html","en","webp","tsv","41","True","True","True","True","0","0","False","False","False","False","False",""
"C:\Users\maria\Desktop\Current\Converter\languages\en\convert\tsv\xlsx-to-tsv\index.html","en","xlsx","tsv","41","True","True","True","True","0","0","False","False","False","False","False",""
"C:\Users\maria\Desktop\Current\Converter\languages\en\convert\tsv\zip-to-tsv\index.html","en","zip","tsv","41","True","True","True","True","0","0","False","False","False","False","False",""
"C:\Users\maria\Desktop\Current\Converter\languages\en\convert\txt\7z-to-txt\index.html","en","7z","txt","41","True","True","True","True","0","0","False","False","False","False","False",""
"C:\Users\maria\Desktop\Current\Converter\languages\en\convert\txt\aac-to-txt\index.html","en","aac","txt","41","True","True","True","True","0","0","False","False","False","False","False",""
"C:\Users\maria\Desktop\Current\Converter\languages\en\convert\txt\aiff-to-txt\index.html","en","aiff","txt","41","True","True","True","True","0","0","False","False","False","False","False",""
"C:\Users\maria\Desktop\Current\Converter\languages\en\convert\txt\bmp-to-txt\index.html","en","bmp","txt","41","True","True","True","True","0","0","False","False","False","False","False",""
"C:\Users\maria\Desktop\Current\Converter\languages\en\convert\txt\csv-to-txt\index.html","en","csv","txt","41","True","True","True","True","0","0","False","False","False","False","False",""
"C:\Users\maria\Desktop\Current\Converter\languages\en\convert\txt\docx-to-txt\index.html","en","docx","txt","41","True","True","True","True","0","0","False","False","False","False","False",""
"C:\Users\maria\Desktop\Current\Converter\languages\en\convert\txt\flac-to-txt\index.html","en","flac","txt","41","True","True","True","True","0","0","False","False","False","False","False",""
"C:\Users\maria\Desktop\Current\Converter\languages\en\convert\txt\gif-to-txt\index.html","en","gif","txt","41","True","True","True","True","0","0","False","False","False","False","False",""
"C:\Users\maria\Desktop\Current\Converter\languages\en\convert\txt\html-to-txt\index.html","en","html","txt","41","True","True","True","True","0","0","False","False","False","False","False",""
"C:\Users\maria\Desktop\Current\Converter\languages\en\convert\txt\jpeg-to-txt\index.html","en","jpeg","txt","41","True","True","True","True","0","0","False","False","False","False","False",""
"C:\Users\maria\Desktop\Current\Converter\languages\en\convert\txt\jpg-to-txt\index.html","en","jpg","txt","41","True","True","True","True","0","0","False","False","False","False","False",""
"C:\Users\maria\Desktop\Current\Converter\languages\en\convert\txt\json-to-txt\index.html","en","json","txt","41","True","True","True","True","0","0","False","False","False","False","False",""
"C:\Users\maria\Desktop\Current\Converter\languages\en\convert\txt\jsonl-to-txt\index.html","en","jsonl","txt","41","True","True","True","True","0","0","False","False","False","False","False",""
"C:\Users\maria\Desktop\Current\Converter\languages\en\convert\txt\m4a-to-txt\index.html","en","m4a","txt","41","True","True","True","True","0","0","False","False","False","False","False",""
"C:\Users\maria\Desktop\Current\Converter\languages\en\convert\txt\m4v-to-txt\index.html","en","m4v","txt","41","True","True","True","True","0","0","False","False","False","False","False",""
"C:\Users\maria\Desktop\Current\Converter\languages\en\convert\txt\md-to-txt\index.html","en","md","txt","41","True","True","True","True","0","0","False","False","False","False","False",""
"C:\Users\maria\Desktop\Current\Converter\languages\en\convert\txt\mkv-to-txt\index.html","en","mkv","txt","41","True","True","True","True","0","0","False","False","False","False","False",""
"C:\Users\maria\Desktop\Current\Converter\languages\en\convert\txt\mov-to-txt\index.html","en","mov","txt","41","True","True","True","True","0","0","False","False","False","False","False",""
"C:\Users\maria\Desktop\Current\Converter\languages\en\convert\txt\mp3-to-txt\index.html","en","mp3","txt","41","True","True","True","True","0","0","False","False","False","False","False",""
"C:\Users\maria\Desktop\Current\Converter\languages\en\convert\txt\mp4-to-txt\index.html","en","mp4","txt","41","True","True","True","True","0","0","False","False","False","False","False",""
"C:\Users\maria\Desktop\Current\Converter\languages\en\convert\txt\ogg-to-txt\index.html","en","ogg","txt","41","True","True","True","True","0","0","False","False","False","False","False",""
"C:\Users\maria\Desktop\Current\Converter\languages\en\convert\txt\opus-to-txt\index.html","en","opus","txt","41","True","True","True","True","0","0","False","False","False","False","False",""
"C:\Users\maria\Desktop\Current\Converter\languages\en\convert\txt\pdf-to-txt\index.html","en","pdf","txt","41","True","True","True","True","0","0","False","False","False","False","False",""
"C:\Users\maria\Desktop\Current\Converter\languages\en\convert\txt\png-to-txt\index.html","en","png","txt","41","True","True","True","True","0","0","False","False","False","False","False",""
"C:\Users\maria\Desktop\Current\Converter\languages\en\convert\txt\pptx-to-txt\index.html","en","pptx","txt","41","True","True","True","True","0","0","False","False","False","False","False",""
"C:\Users\maria\Desktop\Current\Converter\languages\en\convert\txt\rar-to-txt\index.html","en","rar","txt","41","True","True","True","True","0","0","False","False","False","False","False",""
"C:\Users\maria\Desktop\Current\Converter\languages\en\convert\txt\rtf-to-txt\index.html","en","rtf","txt","41","True","True","True","True","0","0","False","False","False","False","False",""
"C:\Users\maria\Desktop\Current\Converter\languages\en\convert\txt\svg-to-txt\index.html","en","svg","txt","41","True","True","True","True","0","0","False","False","False","False","False",""
"C:\Users\maria\Desktop\Current\Converter\languages\en\convert\txt\tar-to-txt\index.html","en","tar","txt","41","True","True","True","True","0","0","False","False","False","False","False",""
"C:\Users\maria\Desktop\Current\Converter\languages\en\convert\txt\tar.bz2-to-txt\index.html","en","tar.bz2","txt","41","True","True","True","True","0","0","False","False","False","False","False",""
"C:\Users\maria\Desktop\Current\Converter\languages\en\convert\txt\tar.gz-to-txt\index.html","en","tar.gz","txt","41","True","True","True","True","0","0","False","False","False","False","False",""
"C:\Users\maria\Desktop\Current\Converter\languages\en\convert\txt\tar.xz-to-txt\index.html","en","tar.xz","txt","41","True","True","True","True","0","0","False","False","False","False","False",""
"C:\Users\maria\Desktop\Current\Converter\languages\en\convert\txt\tbz-to-txt\index.html","en","tbz","txt","41","True","True","True","True","0","0","False","False","False","False","False",""
"C:\Users\maria\Desktop\Current\Converter\languages\en\convert\txt\tgz-to-txt\index.html","en","tgz","txt","41","True","True","True","True","0","0","False","False","False","False","False",""
"C:\Users\maria\Desktop\Current\Converter\languages\en\convert\txt\tiff-to-txt\index.html","en","tiff","txt","41","True","True","True","True","0","0","False","False","False","False","False",""
"C:\Users\maria\Desktop\Current\Converter\languages\en\convert\txt\tsv-to-txt\index.html","en","tsv","txt","41","True","True","True","True","0","0","False","False","False","False","False",""
"C:\Users\maria\Desktop\Current\Converter\languages\en\convert\txt\txz-to-txt\index.html","en","txz","txt","41","True","True","True","True","0","0","False","False","False","False","False",""
"C:\Users\maria\Desktop\Current\Converter\languages\en\convert\txt\wav-to-txt\index.html","en","wav","txt","41","True","True","True","True","0","0","False","False","False","False","False",""
"C:\Users\maria\Desktop\Current\Converter\languages\en\convert\txt\webm-to-txt\index.html","en","webm","txt","41","True","True","True","True","0","0","False","False","False","False","False",""
"C:\Users\maria\Desktop\Current\Converter\languages\en\convert\txt\webp-to-txt\index.html","en","webp","txt","41","True","True","True","True","0","0","False","False","False","False","False",""
"C:\Users\maria\Desktop\Current\Converter\languages\en\convert\txt\xlsx-to-txt\index.html","en","xlsx","txt","41","True","True","True","True","0","0","False","False","False","False","False",""
"C:\Users\maria\Desktop\Current\Converter\languages\en\convert\txt\zip-to-txt\index.html","en","zip","txt","41","True","True","True","True","0","0","False","False","False","False","False",""
"C:\Users\maria\Desktop\Current\Converter\languages\en\convert\txz\7z-to-txz\index.html","en","7z","txz","41","True","True","True","True","0","0","False","False","False","False","False",""
"C:\Users\maria\Desktop\Current\Converter\languages\en\convert\txz\aac-to-txz\index.html","en","aac","txz","41","True","True","True","True","0","0","False","False","False","False","False",""
"C:\Users\maria\Desktop\Current\Converter\languages\en\convert\txz\aiff-to-txz\index.html","en","aiff","txz","41","True","True","True","True","0","0","False","False","False","False","False",""
"C:\Users\maria\Desktop\Current\Converter\languages\en\convert\txz\bmp-to-txz\index.html","en","bmp","txz","41","True","True","True","True","0","0","False","False","False","False","False",""
"C:\Users\maria\Desktop\Current\Converter\languages\en\convert\txz\csv-to-txz\index.html","en","csv","txz","41","True","True","True","True","0","0","False","False","False","False","False",""
"C:\Users\maria\Desktop\Current\Converter\languages\en\convert\txz\docx-to-txz\index.html","en","docx","txz","41","True","True","True","True","0","0","False","False","False","False","False",""
"C:\Users\maria\Desktop\Current\Converter\languages\en\convert\txz\flac-to-txz\index.html","en","flac","txz","41","True","True","True","True","0","0","False","False","False","False","False",""
"C:\Users\maria\Desktop\Current\Converter\languages\en\convert\txz\gif-to-txz\index.html","en","gif","txz","41","True","True","True","True","0","0","False","False","False","False","False",""
"C:\Users\maria\Desktop\Current\Converter\languages\en\convert\txz\html-to-txz\index.html","en","html","txz","41","True","True","True","True","0","0","False","False","False","False","False",""
"C:\Users\maria\Desktop\Current\Converter\languages\en\convert\txz\jpeg-to-txz\index.html","en","jpeg","txz","41","True","True","True","True","0","0","False","False","False","False","False",""
"C:\Users\maria\Desktop\Current\Converter\languages\en\convert\txz\jpg-to-txz\index.html","en","jpg","txz","41","True","True","True","True","0","0","False","False","False","False","False",""
"C:\Users\maria\Desktop\Current\Converter\languages\en\convert\txz\json-to-txz\index.html","en","json","txz","41","True","True","True","True","0","0","False","False","False","False","False",""
"C:\Users\maria\Desktop\Current\Converter\languages\en\convert\txz\jsonl-to-txz\index.html","en","jsonl","txz","41","True","True","True","True","0","0","False","False","False","False","False",""
"C:\Users\maria\Desktop\Current\Converter\languages\en\convert\txz\m4a-to-txz\index.html","en","m4a","txz","41","True","True","True","True","0","0","False","False","False","False","False",""
"C:\Users\maria\Desktop\Current\Converter\languages\en\convert\txz\m4v-to-txz\index.html","en","m4v","txz","41","True","True","True","True","0","0","False","False","False","False","False",""
"C:\Users\maria\Desktop\Current\Converter\languages\en\convert\txz\md-to-txz\index.html","en","md","txz","41","True","True","True","True","0","0","False","False","False","False","False",""
"C:\Users\maria\Desktop\Current\Converter\languages\en\convert\txz\mkv-to-txz\index.html","en","mkv","txz","41","True","True","True","True","0","0","False","False","False","False","False",""
"C:\Users\maria\Desktop\Current\Converter\languages\en\convert\txz\mov-to-txz\index.html","en","mov","txz","41","True","True","True","True","0","0","False","False","False","False","False",""
"C:\Users\maria\Desktop\Current\Converter\languages\en\convert\txz\mp3-to-txz\index.html","en","mp3","txz","41","True","True","True","True","0","0","False","False","False","False","False",""
"C:\Users\maria\Desktop\Current\Converter\languages\en\convert\txz\mp4-to-txz\index.html","en","mp4","txz","41","True","True","True","True","0","0","False","False","False","False","False",""
"C:\Users\maria\Desktop\Current\Converter\languages\en\convert\txz\ogg-to-txz\index.html","en","ogg","txz","41","True","True","True","True","0","0","False","False","False","False","False",""
"C:\Users\maria\Desktop\Current\Converter\languages\en\convert\txz\opus-to-txz\index.html","en","opus","txz","41","True","True","True","True","0","0","False","False","False","False","False",""
"C:\Users\maria\Desktop\Current\Converter\languages\en\convert\txz\pdf-to-txz\index.html","en","pdf","txz","41","True","True","True","True","0","0","False","False","False","False","False",""
"C:\Users\maria\Desktop\Current\Converter\languages\en\convert\txz\png-to-txz\index.html","en","png","txz","41","True","True","True","True","0","0","False","False","False","False","False",""
"C:\Users\maria\Desktop\Current\Converter\languages\en\convert\txz\pptx-to-txz\index.html","en","pptx","txz","41","True","True","True","True","0","0","False","False","False","False","False",""
"C:\Users\maria\Desktop\Current\Converter\languages\en\convert\txz\rar-to-txz\index.html","en","rar","txz","41","True","True","True","True","0","0","False","False","False","False","False",""
"C:\Users\maria\Desktop\Current\Converter\languages\en\convert\txz\rtf-to-txz\index.html","en","rtf","txz","41","True","True","True","True","0","0","False","False","False","False","False",""
"C:\Users\maria\Desktop\Current\Converter\languages\en\convert\txz\svg-to-txz\index.html","en","svg","txz","41","True","True","True","True","0","0","False","False","False","False","False",""
"C:\Users\maria\Desktop\Current\Converter\languages\en\convert\txz\tar-to-txz\index.html","en","tar","txz","41","True","True","True","True","0","0","False","False","False","False","False",""
"C:\Users\maria\Desktop\Current\Converter\languages\en\convert\txz\tar.bz2-to-txz\index.html","en","tar.bz2","txz","41","True","True","True","True","0","0","False","False","False","False","False",""
"C:\Users\maria\Desktop\Current\Converter\languages\en\convert\txz\tar.gz-to-txz\index.html","en","tar.gz","txz","41","True","True","True","True","0","0","False","False","False","False","False",""
"C:\Users\maria\Desktop\Current\Converter\languages\en\convert\txz\tar.xz-to-txz\index.html","en","tar.xz","txz","41","True","True","True","True","0","0","False","False","False","False","False",""
"C:\Users\maria\Desktop\Current\Converter\languages\en\convert\txz\tbz-to-txz\index.html","en","tbz","txz","41","True","True","True","True","0","0","False","False","False","False","False",""
"C:\Users\maria\Desktop\Current\Converter\languages\en\convert\txz\tgz-to-txz\index.html","en","tgz","txz","41","True","True","True","True","0","0","False","False","False","False","False",""
"C:\Users\maria\Desktop\Current\Converter\languages\en\convert\txz\tiff-to-txz\index.html","en","tiff","txz","41","True","True","True","True","0","0","False","False","False","False","False",""
"C:\Users\maria\Desktop\Current\Converter\languages\en\convert\txz\tsv-to-txz\index.html","en","tsv","txz","41","True","True","True","True","0","0","False","False","False","False","False",""
"C:\Users\maria\Desktop\Current\Converter\languages\en\convert\txz\txt-to-txz\index.html","en","txt","txz","41","True","True","True","True","0","0","False","False","False","False","False",""
"C:\Users\maria\Desktop\Current\Converter\languages\en\convert\txz\wav-to-txz\index.html","en","wav","txz","41","True","True","True","True","0","0","False","False","False","False","False",""
"C:\Users\maria\Desktop\Current\Converter\languages\en\convert\txz\webm-to-txz\index.html","en","webm","txz","41","True","True","True","True","0","0","False","False","False","False","False",""
"C:\Users\maria\Desktop\Current\Converter\languages\en\convert\txz\webp-to-txz\index.html","en","webp","txz","41","True","True","True","True","0","0","False","False","False","False","False",""
"C:\Users\maria\Desktop\Current\Converter\languages\en\convert\txz\xlsx-to-txz\index.html","en","xlsx","txz","41","True","True","True","True","0","0","False","False","False","False","False",""
"C:\Users\maria\Desktop\Current\Converter\languages\en\convert\txz\zip-to-txz\index.html","en","zip","txz","41","True","True","True","True","0","0","False","False","False","False","False",""
"C:\Users\maria\Desktop\Current\Converter\languages\en\convert\wav\7z-to-wav\index.html","en","7z","wav","41","True","True","True","True","0","0","False","False","False","False","False",""
"C:\Users\maria\Desktop\Current\Converter\languages\en\convert\wav\aac-to-wav\index.html","en","aac","wav","41","True","True","True","True","0","0","False","False","False","False","False",""
"C:\Users\maria\Desktop\Current\Converter\languages\en\convert\wav\aiff-to-wav\index.html","en","aiff","wav","41","True","True","True","True","0","0","False","False","False","False","False",""
"C:\Users\maria\Desktop\Current\Converter\languages\en\convert\wav\bmp-to-wav\index.html","en","bmp","wav","41","True","True","True","True","0","0","False","False","False","False","False",""
"C:\Users\maria\Desktop\Current\Converter\languages\en\convert\wav\csv-to-wav\index.html","en","csv","wav","41","True","True","True","True","0","0","False","False","False","False","False",""
"C:\Users\maria\Desktop\Current\Converter\languages\en\convert\wav\docx-to-wav\index.html","en","docx","wav","41","True","True","True","True","0","0","False","False","False","False","False",""
"C:\Users\maria\Desktop\Current\Converter\languages\en\convert\wav\flac-to-wav\index.html","en","flac","wav","41","True","True","True","True","0","0","False","False","False","False","False",""
"C:\Users\maria\Desktop\Current\Converter\languages\en\convert\wav\gif-to-wav\index.html","en","gif","wav","41","True","True","True","True","0","0","False","False","False","False","False",""
"C:\Users\maria\Desktop\Current\Converter\languages\en\convert\wav\html-to-wav\index.html","en","html","wav","41","True","True","True","True","0","0","False","False","False","False","False",""
"C:\Users\maria\Desktop\Current\Converter\languages\en\convert\wav\jpeg-to-wav\index.html","en","jpeg","wav","41","True","True","True","True","0","0","False","False","False","False","False",""
"C:\Users\maria\Desktop\Current\Converter\languages\en\convert\wav\jpg-to-wav\index.html","en","jpg","wav","41","True","True","True","True","0","0","False","False","False","False","False",""
"C:\Users\maria\Desktop\Current\Converter\languages\en\convert\wav\json-to-wav\index.html","en","json","wav","41","True","True","True","True","0","0","False","False","False","False","False",""
"C:\Users\maria\Desktop\Current\Converter\languages\en\convert\wav\jsonl-to-wav\index.html","en","jsonl","wav","41","True","True","True","True","0","0","False","False","False","False","False",""
"C:\Users\maria\Desktop\Current\Converter\languages\en\convert\wav\m4a-to-wav\index.html","en","m4a","wav","41","True","True","True","True","0","0","False","False","False","False","False",""
"C:\Users\maria\Desktop\Current\Converter\languages\en\convert\wav\m4v-to-wav\index.html","en","m4v","wav","41","True","True","True","True","0","0","False","False","False","False","False",""
"C:\Users\maria\Desktop\Current\Converter\languages\en\convert\wav\md-to-wav\index.html","en","md","wav","41","True","True","True","True","0","0","False","False","False","False","False",""
"C:\Users\maria\Desktop\Current\Converter\languages\en\convert\wav\mkv-to-wav\index.html","en","mkv","wav","41","True","True","True","True","0","0","False","False","False","False","False",""
"C:\Users\maria\Desktop\Current\Converter\languages\en\convert\wav\mov-to-wav\index.html","en","mov","wav","41","True","True","True","True","0","0","False","False","False","False","False",""
"C:\Users\maria\Desktop\Current\Converter\languages\en\convert\wav\mp3-to-wav\index.html","en","mp3","wav","41","True","True","True","True","0","0","False","False","False","False","False",""
"C:\Users\maria\Desktop\Current\Converter\languages\en\convert\wav\mp4-to-wav\index.html","en","mp4","wav","41","True","True","True","True","0","0","False","False","False","False","False",""
"C:\Users\maria\Desktop\Current\Converter\languages\en\convert\wav\ogg-to-wav\index.html","en","ogg","wav","41","True","True","True","True","0","0","False","False","False","False","False",""
"C:\Users\maria\Desktop\Current\Converter\languages\en\convert\wav\opus-to-wav\index.html","en","opus","wav","41","True","True","True","True","0","0","False","False","False","False","False",""
"C:\Users\maria\Desktop\Current\Converter\languages\en\convert\wav\pdf-to-wav\index.html","en","pdf","wav","41","True","True","True","True","0","0","False","False","False","False","False",""
"C:\Users\maria\Desktop\Current\Converter\languages\en\convert\wav\png-to-wav\index.html","en","png","wav","41","True","True","True","True","0","0","False","False","False","False","False",""
"C:\Users\maria\Desktop\Current\Converter\languages\en\convert\wav\pptx-to-wav\index.html","en","pptx","wav","41","True","True","True","True","0","0","False","False","False","False","False",""
"C:\Users\maria\Desktop\Current\Converter\languages\en\convert\wav\rar-to-wav\index.html","en","rar","wav","41","True","True","True","True","0","0","False","False","False","False","False",""
"C:\Users\maria\Desktop\Current\Converter\languages\en\convert\wav\rtf-to-wav\index.html","en","rtf","wav","41","True","True","True","True","0","0","False","False","False","False","False",""
"C:\Users\maria\Desktop\Current\Converter\languages\en\convert\wav\svg-to-wav\index.html","en","svg","wav","41","True","True","True","True","0","0","False","False","False","False","False",""
"C:\Users\maria\Desktop\Current\Converter\languages\en\convert\wav\tar-to-wav\index.html","en","tar","wav","41","True","True","True","True","0","0","False","False","False","False","False",""
"C:\Users\maria\Desktop\Current\Converter\languages\en\convert\wav\tar.bz2-to-wav\index.html","en","tar.bz2","wav","41","True","True","True","True","0","0","False","False","False","False","False",""
"C:\Users\maria\Desktop\Current\Converter\languages\en\convert\wav\tar.gz-to-wav\index.html","en","tar.gz","wav","41","True","True","True","True","0","0","False","False","False","False","False",""
"C:\Users\maria\Desktop\Current\Converter\languages\en\convert\wav\tar.xz-to-wav\index.html","en","tar.xz","wav","41","True","True","True","True","0","0","False","False","False","False","False",""
"C:\Users\maria\Desktop\Current\Converter\languages\en\convert\wav\tbz-to-wav\index.html","en","tbz","wav","41","True","True","True","True","0","0","False","False","False","False","False",""
"C:\Users\maria\Desktop\Current\Converter\languages\en\convert\wav\tgz-to-wav\index.html","en","tgz","wav","41","True","True","True","True","0","0","False","False","False","False","False",""
"C:\Users\maria\Desktop\Current\Converter\languages\en\convert\wav\tiff-to-wav\index.html","en","tiff","wav","41","True","True","True","True","0","0","False","False","False","False","False",""
"C:\Users\maria\Desktop\Current\Converter\languages\en\convert\wav\tsv-to-wav\index.html","en","tsv","wav","41","True","True","True","True","0","0","False","False","False","False","False",""
"C:\Users\maria\Desktop\Current\Converter\languages\en\convert\wav\txt-to-wav\index.html","en","txt","wav","41","True","True","True","True","0","0","False","False","False","False","False",""
"C:\Users\maria\Desktop\Current\Converter\languages\en\convert\wav\txz-to-wav\index.html","en","txz","wav","41","True","True","True","True","0","0","False","False","False","False","False",""
"C:\Users\maria\Desktop\Current\Converter\languages\en\convert\wav\webm-to-wav\index.html","en","webm","wav","41","True","True","True","True","0","0","False","False","False","False","False",""
"C:\Users\maria\Desktop\Current\Converter\languages\en\convert\wav\webp-to-wav\index.html","en","webp","wav","41","True","True","True","True","0","0","False","False","False","False","False",""
"C:\Users\maria\Desktop\Current\Converter\languages\en\convert\wav\xlsx-to-wav\index.html","en","xlsx","wav","41","True","True","True","True","0","0","False","False","False","False","False",""
"C:\Users\maria\Desktop\Current\Converter\languages\en\convert\wav\zip-to-wav\index.html","en","zip","wav","41","True","True","True","True","0","0","False","False","False","False","False",""
"C:\Users\maria\Desktop\Current\Converter\languages\en\convert\webm\7z-to-webm\index.html","en","7z","webm","41","True","True","True","True","0","0","False","False","False","False","False",""
"C:\Users\maria\Desktop\Current\Converter\languages\en\convert\webm\aac-to-webm\index.html","en","aac","webm","41","True","True","True","True","0","0","False","False","False","False","False",""
"C:\Users\maria\Desktop\Current\Converter\languages\en\convert\webm\aiff-to-webm\index.html","en","aiff","webm","41","True","True","True","True","0","0","False","False","False","False","False",""
"C:\Users\maria\Desktop\Current\Converter\languages\en\convert\webm\bmp-to-webm\index.html","en","bmp","webm","41","True","True","True","True","0","0","False","False","False","False","False",""
"C:\Users\maria\Desktop\Current\Converter\languages\en\convert\webm\csv-to-webm\index.html","en","csv","webm","41","True","True","True","True","0","0","False","False","False","False","False",""
"C:\Users\maria\Desktop\Current\Converter\languages\en\convert\webm\docx-to-webm\index.html","en","docx","webm","41","True","True","True","True","0","0","False","False","False","False","False",""
"C:\Users\maria\Desktop\Current\Converter\languages\en\convert\webm\flac-to-webm\index.html","en","flac","webm","41","True","True","True","True","0","0","False","False","False","False","False",""
"C:\Users\maria\Desktop\Current\Converter\languages\en\convert\webm\gif-to-webm\index.html","en","gif","webm","41","True","True","True","True","0","0","False","False","False","False","False",""
"C:\Users\maria\Desktop\Current\Converter\languages\en\convert\webm\html-to-webm\index.html","en","html","webm","41","True","True","True","True","0","0","False","False","False","False","False",""
"C:\Users\maria\Desktop\Current\Converter\languages\en\convert\webm\jpeg-to-webm\index.html","en","jpeg","webm","41","True","True","True","True","0","0","False","False","False","False","False",""
"C:\Users\maria\Desktop\Current\Converter\languages\en\convert\webm\jpg-to-webm\index.html","en","jpg","webm","41","True","True","True","True","0","0","False","False","False","False","False",""
"C:\Users\maria\Desktop\Current\Converter\languages\en\convert\webm\json-to-webm\index.html","en","json","webm","41","True","True","True","True","0","0","False","False","False","False","False",""
"C:\Users\maria\Desktop\Current\Converter\languages\en\convert\webm\jsonl-to-webm\index.html","en","jsonl","webm","41","True","True","True","True","0","0","False","False","False","False","False",""
"C:\Users\maria\Desktop\Current\Converter\languages\en\convert\webm\m4a-to-webm\index.html","en","m4a","webm","41","True","True","True","True","0","0","False","False","False","False","False",""
"C:\Users\maria\Desktop\Current\Converter\languages\en\convert\webm\m4v-to-webm\index.html","en","m4v","webm","41","True","True","True","True","0","0","False","False","False","False","False",""
"C:\Users\maria\Desktop\Current\Converter\languages\en\convert\webm\md-to-webm\index.html","en","md","webm","41","True","True","True","True","0","0","False","False","False","False","False",""
"C:\Users\maria\Desktop\Current\Converter\languages\en\convert\webm\mkv-to-webm\index.html","en","mkv","webm","41","True","True","True","True","0","0","False","False","False","False","False",""
"C:\Users\maria\Desktop\Current\Converter\languages\en\convert\webm\mov-to-webm\index.html","en","mov","webm","41","True","True","True","True","0","0","False","False","False","False","False",""
"C:\Users\maria\Desktop\Current\Converter\languages\en\convert\webm\mp3-to-webm\index.html","en","mp3","webm","41","True","True","True","True","0","0","False","False","False","False","False",""
"C:\Users\maria\Desktop\Current\Converter\languages\en\convert\webm\mp4-to-webm\index.html","en","mp4","webm","41","True","True","True","True","0","0","False","False","False","False","False",""
"C:\Users\maria\Desktop\Current\Converter\languages\en\convert\webm\ogg-to-webm\index.html","en","ogg","webm","41","True","True","True","True","0","0","False","False","False","False","False",""
"C:\Users\maria\Desktop\Current\Converter\languages\en\convert\webm\opus-to-webm\index.html","en","opus","webm","41","True","True","True","True","0","0","False","False","False","False","False",""
"C:\Users\maria\Desktop\Current\Converter\languages\en\convert\webm\pdf-to-webm\index.html","en","pdf","webm","41","True","True","True","True","0","0","False","False","False","False","False",""
"C:\Users\maria\Desktop\Current\Converter\languages\en\convert\webm\png-to-webm\index.html","en","png","webm","41","True","True","True","True","0","0","False","False","False","False","False",""
"C:\Users\maria\Desktop\Current\Converter\languages\en\convert\webm\pptx-to-webm\index.html","en","pptx","webm","41","True","True","True","True","0","0","False","False","False","False","False",""
"C:\Users\maria\Desktop\Current\Converter\languages\en\convert\webm\rar-to-webm\index.html","en","rar","webm","41","True","True","True","True","0","0","False","False","False","False","False",""
"C:\Users\maria\Desktop\Current\Converter\languages\en\convert\webm\rtf-to-webm\index.html","en","rtf","webm","41","True","True","True","True","0","0","False","False","False","False","False",""
"C:\Users\maria\Desktop\Current\Converter\languages\en\convert\webm\svg-to-webm\index.html","en","svg","webm","41","True","True","True","True","0","0","False","False","False","False","False",""
"C:\Users\maria\Desktop\Current\Converter\languages\en\convert\webm\tar-to-webm\index.html","en","tar","webm","41","True","True","True","True","0","0","False","False","False","False","False",""
"C:\Users\maria\Desktop\Current\Converter\languages\en\convert\webm\tar.bz2-to-webm\index.html","en","tar.bz2","webm","41","True","True","True","True","0","0","False","False","False","False","False",""
"C:\Users\maria\Desktop\Current\Converter\languages\en\convert\webm\tar.gz-to-webm\index.html","en","tar.gz","webm","41","True","True","True","True","0","0","False","False","False","False","False",""
"C:\Users\maria\Desktop\Current\Converter\languages\en\convert\webm\tar.xz-to-webm\index.html","en","tar.xz","webm","41","True","True","True","True","0","0","False","False","False","False","False",""
"C:\Users\maria\Desktop\Current\Converter\languages\en\convert\webm\tbz-to-webm\index.html","en","tbz","webm","41","True","True","True","True","0","0","False","False","False","False","False",""
"C:\Users\maria\Desktop\Current\Converter\languages\en\convert\webm\tgz-to-webm\index.html","en","tgz","webm","41","True","True","True","True","0","0","False","False","False","False","False",""
"C:\Users\maria\Desktop\Current\Converter\languages\en\convert\webm\tiff-to-webm\index.html","en","tiff","webm","41","True","True","True","True","0","0","False","False","False","False","False",""
"C:\Users\maria\Desktop\Current\Converter\languages\en\convert\webm\tsv-to-webm\index.html","en","tsv","webm","41","True","True","True","True","0","0","False","False","False","False","False",""
"C:\Users\maria\Desktop\Current\Converter\languages\en\convert\webm\txt-to-webm\index.html","en","txt","webm","41","True","True","True","True","0","0","False","False","False","False","False",""
"C:\Users\maria\Desktop\Current\Converter\languages\en\convert\webm\txz-to-webm\index.html","en","txz","webm","41","True","True","True","True","0","0","False","False","False","False","False",""
"C:\Users\maria\Desktop\Current\Converter\languages\en\convert\webm\wav-to-webm\index.html","en","wav","webm","41","True","True","True","True","0","0","False","False","False","False","False",""
"C:\Users\maria\Desktop\Current\Converter\languages\en\convert\webm\webp-to-webm\index.html","en","webp","webm","41","True","True","True","True","0","0","False","False","False","False","False",""
"C:\Users\maria\Desktop\Current\Converter\languages\en\convert\webm\xlsx-to-webm\index.html","en","xlsx","webm","41","True","True","True","True","0","0","False","False","False","False","False",""
"C:\Users\maria\Desktop\Current\Converter\languages\en\convert\webm\zip-to-webm\index.html","en","zip","webm","41","True","True","True","True","0","0","False","False","False","False","False",""
"C:\Users\maria\Desktop\Current\Converter\languages\en\convert\webp\7z-to-webp\index.html","en","7z","webp","41","True","True","True","True","0","0","False","False","False","False","False",""
"C:\Users\maria\Desktop\Current\Converter\languages\en\convert\webp\aac-to-webp\index.html","en","aac","webp","41","True","True","True","True","0","0","False","False","False","False","False",""
"C:\Users\maria\Desktop\Current\Converter\languages\en\convert\webp\aiff-to-webp\index.html","en","aiff","webp","41","True","True","True","True","0","0","False","False","False","False","False",""
"C:\Users\maria\Desktop\Current\Converter\languages\en\convert\webp\bmp-to-webp\index.html","en","bmp","webp","41","True","True","True","True","0","0","False","False","False","False","False",""
"C:\Users\maria\Desktop\Current\Converter\languages\en\convert\webp\csv-to-webp\index.html","en","csv","webp","41","True","True","True","True","0","0","False","False","False","False","False",""
"C:\Users\maria\Desktop\Current\Converter\languages\en\convert\webp\docx-to-webp\index.html","en","docx","webp","41","True","True","True","True","0","0","False","False","False","False","False",""
"C:\Users\maria\Desktop\Current\Converter\languages\en\convert\webp\flac-to-webp\index.html","en","flac","webp","41","True","True","True","True","0","0","False","False","False","False","False",""
"C:\Users\maria\Desktop\Current\Converter\languages\en\convert\webp\gif-to-webp\index.html","en","gif","webp","41","True","True","True","True","0","0","False","False","False","False","False",""
"C:\Users\maria\Desktop\Current\Converter\languages\en\convert\webp\html-to-webp\index.html","en","html","webp","41","True","True","True","True","0","0","False","False","False","False","False",""
"C:\Users\maria\Desktop\Current\Converter\languages\en\convert\webp\jpeg-to-webp\index.html","en","jpeg","webp","41","True","True","True","True","0","0","False","False","False","False","False",""
"C:\Users\maria\Desktop\Current\Converter\languages\en\convert\webp\jpg-to-webp\index.html","en","jpg","webp","41","True","True","True","True","0","0","False","False","False","False","False",""
"C:\Users\maria\Desktop\Current\Converter\languages\en\convert\webp\json-to-webp\index.html","en","json","webp","41","True","True","True","True","0","0","False","False","False","False","False",""
"C:\Users\maria\Desktop\Current\Converter\languages\en\convert\webp\jsonl-to-webp\index.html","en","jsonl","webp","41","True","True","True","True","0","0","False","False","False","False","False",""
"C:\Users\maria\Desktop\Current\Converter\languages\en\convert\webp\m4a-to-webp\index.html","en","m4a","webp","41","True","True","True","True","0","0","False","False","False","False","False",""
"C:\Users\maria\Desktop\Current\Converter\languages\en\convert\webp\m4v-to-webp\index.html","en","m4v","webp","41","True","True","True","True","0","0","False","False","False","False","False",""
"C:\Users\maria\Desktop\Current\Converter\languages\en\convert\webp\md-to-webp\index.html","en","md","webp","41","True","True","True","True","0","0","False","False","False","False","False",""
"C:\Users\maria\Desktop\Current\Converter\languages\en\convert\webp\mkv-to-webp\index.html","en","mkv","webp","41","True","True","True","True","0","0","False","False","False","False","False",""
"C:\Users\maria\Desktop\Current\Converter\languages\en\convert\webp\mov-to-webp\index.html","en","mov","webp","41","True","True","True","True","0","0","False","False","False","False","False",""
"C:\Users\maria\Desktop\Current\Converter\languages\en\convert\webp\mp3-to-webp\index.html","en","mp3","webp","41","True","True","True","True","0","0","False","False","False","False","False",""
"C:\Users\maria\Desktop\Current\Converter\languages\en\convert\webp\mp4-to-webp\index.html","en","mp4","webp","41","True","True","True","True","0","0","False","False","False","False","False",""
"C:\Users\maria\Desktop\Current\Converter\languages\en\convert\webp\ogg-to-webp\index.html","en","ogg","webp","41","True","True","True","True","0","0","False","False","False","False","False",""
"C:\Users\maria\Desktop\Current\Converter\languages\en\convert\webp\opus-to-webp\index.html","en","opus","webp","41","True","True","True","True","0","0","False","False","False","False","False",""
"C:\Users\maria\Desktop\Current\Converter\languages\en\convert\webp\pdf-to-webp\index.html","en","pdf","webp","41","True","True","True","True","0","0","False","False","False","False","False",""
"C:\Users\maria\Desktop\Current\Converter\languages\en\convert\webp\png-to-webp\index.html","en","png","webp","41","True","True","True","True","0","0","False","False","False","False","False",""
"C:\Users\maria\Desktop\Current\Converter\languages\en\convert\webp\pptx-to-webp\index.html","en","pptx","webp","41","True","True","True","True","0","0","False","False","False","False","False",""
"C:\Users\maria\Desktop\Current\Converter\languages\en\convert\webp\rar-to-webp\index.html","en","rar","webp","41","True","True","True","True","0","0","False","False","False","False","False",""
"C:\Users\maria\Desktop\Current\Converter\languages\en\convert\webp\rtf-to-webp\index.html","en","rtf","webp","41","True","True","True","True","0","0","False","False","False","False","False",""
"C:\Users\maria\Desktop\Current\Converter\languages\en\convert\webp\svg-to-webp\index.html","en","svg","webp","41","True","True","True","True","0","0","False","False","False","False","False",""
"C:\Users\maria\Desktop\Current\Converter\languages\en\convert\webp\tar-to-webp\index.html","en","tar","webp","41","True","True","True","True","0","0","False","False","False","False","False",""
"C:\Users\maria\Desktop\Current\Converter\languages\en\convert\webp\tar.bz2-to-webp\index.html","en","tar.bz2","webp","41","True","True","True","True","0","0","False","False","False","False","False",""
"C:\Users\maria\Desktop\Current\Converter\languages\en\convert\webp\tar.gz-to-webp\index.html","en","tar.gz","webp","41","True","True","True","True","0","0","False","False","False","False","False",""
"C:\Users\maria\Desktop\Current\Converter\languages\en\convert\webp\tar.xz-to-webp\index.html","en","tar.xz","webp","41","True","True","True","True","0","0","False","False","False","False","False",""
"C:\Users\maria\Desktop\Current\Converter\languages\en\convert\webp\tbz-to-webp\index.html","en","tbz","webp","41","True","True","True","True","0","0","False","False","False","False","False",""
"C:\Users\maria\Desktop\Current\Converter\languages\en\convert\webp\tgz-to-webp\index.html","en","tgz","webp","41","True","True","True","True","0","0","False","False","False","False","False",""
"C:\Users\maria\Desktop\Current\Converter\languages\en\convert\webp\tiff-to-webp\index.html","en","tiff","webp","41","True","True","True","True","0","0","False","False","False","False","False",""
"C:\Users\maria\Desktop\Current\Converter\languages\en\convert\webp\tsv-to-webp\index.html","en","tsv","webp","41","True","True","True","True","0","0","False","False","False","False","False",""
"C:\Users\maria\Desktop\Current\Converter\languages\en\convert\webp\txt-to-webp\index.html","en","txt","webp","41","True","True","True","True","0","0","False","False","False","False","False",""
"C:\Users\maria\Desktop\Current\Converter\languages\en\convert\webp\txz-to-webp\index.html","en","txz","webp","41","True","True","True","True","0","0","False","False","False","False","False",""
"C:\Users\maria\Desktop\Current\Converter\languages\en\convert\webp\wav-to-webp\index.html","en","wav","webp","41","True","True","True","True","0","0","False","False","False","False","False",""
"C:\Users\maria\Desktop\Current\Converter\languages\en\convert\webp\webm-to-webp\index.html","en","webm","webp","41","True","True","True","True","0","0","False","False","False","False","False",""
"C:\Users\maria\Desktop\Current\Converter\languages\en\convert\webp\xlsx-to-webp\index.html","en","xlsx","webp","41","True","True","True","True","0","0","False","False","False","False","False",""
"C:\Users\maria\Desktop\Current\Converter\languages\en\convert\webp\zip-to-webp\index.html","en","zip","webp","41","True","True","True","True","0","0","False","False","False","False","False",""
"C:\Users\maria\Desktop\Current\Converter\languages\en\convert\xlsx\7z-to-xlsx\index.html","en","7z","xlsx","41","True","True","True","True","0","0","False","False","False","False","False",""
"C:\Users\maria\Desktop\Current\Converter\languages\en\convert\xlsx\aac-to-xlsx\index.html","en","aac","xlsx","41","True","True","True","True","0","0","False","False","False","False","False",""
"C:\Users\maria\Desktop\Current\Converter\languages\en\convert\xlsx\aiff-to-xlsx\index.html","en","aiff","xlsx","41","True","True","True","True","0","0","False","False","False","False","False",""
"C:\Users\maria\Desktop\Current\Converter\languages\en\convert\xlsx\bmp-to-xlsx\index.html","en","bmp","xlsx","41","True","True","True","True","0","0","False","False","False","False","False",""
"C:\Users\maria\Desktop\Current\Converter\languages\en\convert\xlsx\csv-to-xlsx\index.html","en","csv","xlsx","41","True","True","True","True","0","0","False","False","False","False","False",""
"C:\Users\maria\Desktop\Current\Converter\languages\en\convert\xlsx\docx-to-xlsx\index.html","en","docx","xlsx","41","True","True","True","True","0","0","False","False","False","False","False",""
"C:\Users\maria\Desktop\Current\Converter\languages\en\convert\xlsx\flac-to-xlsx\index.html","en","flac","xlsx","41","True","True","True","True","0","0","False","False","False","False","False",""
"C:\Users\maria\Desktop\Current\Converter\languages\en\convert\xlsx\gif-to-xlsx\index.html","en","gif","xlsx","41","True","True","True","True","0","0","False","False","False","False","False",""
"C:\Users\maria\Desktop\Current\Converter\languages\en\convert\xlsx\html-to-xlsx\index.html","en","html","xlsx","41","True","True","True","True","0","0","False","False","False","False","False",""
"C:\Users\maria\Desktop\Current\Converter\languages\en\convert\xlsx\jpeg-to-xlsx\index.html","en","jpeg","xlsx","41","True","True","True","True","0","0","False","False","False","False","False",""
"C:\Users\maria\Desktop\Current\Converter\languages\en\convert\xlsx\jpg-to-xlsx\index.html","en","jpg","xlsx","41","True","True","True","True","0","0","False","False","False","False","False",""
"C:\Users\maria\Desktop\Current\Converter\languages\en\convert\xlsx\json-to-xlsx\index.html","en","json","xlsx","41","True","True","True","True","0","0","False","False","False","False","False",""
"C:\Users\maria\Desktop\Current\Converter\languages\en\convert\xlsx\jsonl-to-xlsx\index.html","en","jsonl","xlsx","41","True","True","True","True","0","0","False","False","False","False","False",""
"C:\Users\maria\Desktop\Current\Converter\languages\en\convert\xlsx\m4a-to-xlsx\index.html","en","m4a","xlsx","41","True","True","True","True","0","0","False","False","False","False","False",""
"C:\Users\maria\Desktop\Current\Converter\languages\en\convert\xlsx\m4v-to-xlsx\index.html","en","m4v","xlsx","41","True","True","True","True","0","0","False","False","False","False","False",""
"C:\Users\maria\Desktop\Current\Converter\languages\en\convert\xlsx\md-to-xlsx\index.html","en","md","xlsx","41","True","True","True","True","0","0","False","False","False","False","False",""
"C:\Users\maria\Desktop\Current\Converter\languages\en\convert\xlsx\mkv-to-xlsx\index.html","en","mkv","xlsx","41","True","True","True","True","0","0","False","False","False","False","False",""
"C:\Users\maria\Desktop\Current\Converter\languages\en\convert\xlsx\mov-to-xlsx\index.html","en","mov","xlsx","41","True","True","True","True","0","0","False","False","False","False","False",""
"C:\Users\maria\Desktop\Current\Converter\languages\en\convert\xlsx\mp3-to-xlsx\index.html","en","mp3","xlsx","41","True","True","True","True","0","0","False","False","False","False","False",""
"C:\Users\maria\Desktop\Current\Converter\languages\en\convert\xlsx\mp4-to-xlsx\index.html","en","mp4","xlsx","41","True","True","True","True","0","0","False","False","False","False","False",""
"C:\Users\maria\Desktop\Current\Converter\languages\en\convert\xlsx\ogg-to-xlsx\index.html","en","ogg","xlsx","41","True","True","True","True","0","0","False","False","False","False","False",""
"C:\Users\maria\Desktop\Current\Converter\languages\en\convert\xlsx\opus-to-xlsx\index.html","en","opus","xlsx","41","True","True","True","True","0","0","False","False","False","False","False",""
"C:\Users\maria\Desktop\Current\Converter\languages\en\convert\xlsx\pdf-to-xlsx\index.html","en","pdf","xlsx","41","True","True","True","True","0","0","False","False","False","False","False",""
"C:\Users\maria\Desktop\Current\Converter\languages\en\convert\xlsx\png-to-xlsx\index.html","en","png","xlsx","41","True","True","True","True","0","0","False","False","False","False","False",""
"C:\Users\maria\Desktop\Current\Converter\languages\en\convert\xlsx\pptx-to-xlsx\index.html","en","pptx","xlsx","41","True","True","True","True","0","0","False","False","False","False","False",""
"C:\Users\maria\Desktop\Current\Converter\languages\en\convert\xlsx\rar-to-xlsx\index.html","en","rar","xlsx","41","True","True","True","True","0","0","False","False","False","False","False",""
"C:\Users\maria\Desktop\Current\Converter\languages\en\convert\xlsx\rtf-to-xlsx\index.html","en","rtf","xlsx","41","True","True","True","True","0","0","False","False","False","False","False",""
"C:\Users\maria\Desktop\Current\Converter\languages\en\convert\xlsx\svg-to-xlsx\index.html","en","svg","xlsx","41","True","True","True","True","0","0","False","False","False","False","False",""
"C:\Users\maria\Desktop\Current\Converter\languages\en\convert\xlsx\tar-to-xlsx\index.html","en","tar","xlsx","41","True","True","True","True","0","0","False","False","False","False","False",""
"C:\Users\maria\Desktop\Current\Converter\languages\en\convert\xlsx\tar.bz2-to-xlsx\index.html","en","tar.bz2","xlsx","41","True","True","True","True","0","0","False","False","False","False","False",""
"C:\Users\maria\Desktop\Current\Converter\languages\en\convert\xlsx\tar.gz-to-xlsx\index.html","en","tar.gz","xlsx","41","True","True","True","True","0","0","False","False","False","False","False",""
"C:\Users\maria\Desktop\Current\Converter\languages\en\convert\xlsx\tar.xz-to-xlsx\index.html","en","tar.xz","xlsx","41","True","True","True","True","0","0","False","False","False","False","False",""
"C:\Users\maria\Desktop\Current\Converter\languages\en\convert\xlsx\tbz-to-xlsx\index.html","en","tbz","xlsx","41","True","True","True","True","0","0","False","False","False","False","False",""
"C:\Users\maria\Desktop\Current\Converter\languages\en\convert\xlsx\tgz-to-xlsx\index.html","en","tgz","xlsx","41","True","True","True","True","0","0","False","False","False","False","False",""
"C:\Users\maria\Desktop\Current\Converter\languages\en\convert\xlsx\tiff-to-xlsx\index.html","en","tiff","xlsx","41","True","True","True","True","0","0","False","False","False","False","False",""
"C:\Users\maria\Desktop\Current\Converter\languages\en\convert\xlsx\tsv-to-xlsx\index.html","en","tsv","xlsx","41","True","True","True","True","0","0","False","False","False","False","False",""
"C:\Users\maria\Desktop\Current\Converter\languages\en\convert\xlsx\txt-to-xlsx\index.html","en","txt","xlsx","41","True","True","True","True","0","0","False","False","False","False","False",""
"C:\Users\maria\Desktop\Current\Converter\languages\en\convert\xlsx\txz-to-xlsx\index.html","en","txz","xlsx","41","True","True","True","True","0","0","False","False","False","False","False",""
"C:\Users\maria\Desktop\Current\Converter\languages\en\convert\xlsx\wav-to-xlsx\index.html","en","wav","xlsx","41","True","True","True","True","0","0","False","False","False","False","False",""
"C:\Users\maria\Desktop\Current\Converter\languages\en\convert\xlsx\webm-to-xlsx\index.html","en","webm","xlsx","41","True","True","True","True","0","0","False","False","False","False","False",""
"C:\Users\maria\Desktop\Current\Converter\languages\en\convert\xlsx\webp-to-xlsx\index.html","en","webp","xlsx","41","True","True","True","True","0","0","False","False","False","False","False",""
"C:\Users\maria\Desktop\Current\Converter\languages\en\convert\xlsx\zip-to-xlsx\index.html","en","zip","xlsx","41","True","True","True","True","0","0","False","False","False","False","False",""
"C:\Users\maria\Desktop\Current\Converter\languages\en\convert\zip\7z-to-zip\index.html","en","7z","zip","41","True","True","True","True","0","0","False","False","False","False","False",""
"C:\Users\maria\Desktop\Current\Converter\languages\en\convert\zip\aac-to-zip\index.html","en","aac","zip","41","True","True","True","True","0","0","False","False","False","False","False",""
"C:\Users\maria\Desktop\Current\Converter\languages\en\convert\zip\aiff-to-zip\index.html","en","aiff","zip","41","True","True","True","True","0","0","False","False","False","False","False",""
"C:\Users\maria\Desktop\Current\Converter\languages\en\convert\zip\bmp-to-zip\index.html","en","bmp","zip","41","True","True","True","True","0","0","False","False","False","False","False",""
"C:\Users\maria\Desktop\Current\Converter\languages\en\convert\zip\csv-to-zip\index.html","en","csv","zip","41","True","True","True","True","0","0","False","False","False","False","False",""
"C:\Users\maria\Desktop\Current\Converter\languages\en\convert\zip\docx-to-zip\index.html","en","docx","zip","41","True","True","True","True","0","0","False","False","False","False","False",""
"C:\Users\maria\Desktop\Current\Converter\languages\en\convert\zip\flac-to-zip\index.html","en","flac","zip","41","True","True","True","True","0","0","False","False","False","False","False",""
"C:\Users\maria\Desktop\Current\Converter\languages\en\convert\zip\gif-to-zip\index.html","en","gif","zip","41","True","True","True","True","0","0","False","False","False","False","False",""
"C:\Users\maria\Desktop\Current\Converter\languages\en\convert\zip\html-to-zip\index.html","en","html","zip","41","True","True","True","True","0","0","False","False","False","False","False",""
"C:\Users\maria\Desktop\Current\Converter\languages\en\convert\zip\jpeg-to-zip\index.html","en","jpeg","zip","41","True","True","True","True","0","0","False","False","False","False","False",""
"C:\Users\maria\Desktop\Current\Converter\languages\en\convert\zip\jpg-to-zip\index.html","en","jpg","zip","41","True","True","True","True","0","0","False","False","False","False","False",""
"C:\Users\maria\Desktop\Current\Converter\languages\en\convert\zip\json-to-zip\index.html","en","json","zip","41","True","True","True","True","0","0","False","False","False","False","False",""
"C:\Users\maria\Desktop\Current\Converter\languages\en\convert\zip\jsonl-to-zip\index.html","en","jsonl","zip","41","True","True","True","True","0","0","False","False","False","False","False",""
"C:\Users\maria\Desktop\Current\Converter\languages\en\convert\zip\m4a-to-zip\index.html","en","m4a","zip","41","True","True","True","True","0","0","False","False","False","False","False",""
"C:\Users\maria\Desktop\Current\Converter\languages\en\convert\zip\m4v-to-zip\index.html","en","m4v","zip","41","True","True","True","True","0","0","False","False","False","False","False",""
"C:\Users\maria\Desktop\Current\Converter\languages\en\convert\zip\md-to-zip\index.html","en","md","zip","41","True","True","True","True","0","0","False","False","False","False","False",""
"C:\Users\maria\Desktop\Current\Converter\languages\en\convert\zip\mkv-to-zip\index.html","en","mkv","zip","41","True","True","True","True","0","0","False","False","False","False","False",""
"C:\Users\maria\Desktop\Current\Converter\languages\en\convert\zip\mov-to-zip\index.html","en","mov","zip","41","True","True","True","True","0","0","False","False","False","False","False",""
"C:\Users\maria\Desktop\Current\Converter\languages\en\convert\zip\mp3-to-zip\index.html","en","mp3","zip","41","True","True","True","True","0","0","False","False","False","False","False",""
"C:\Users\maria\Desktop\Current\Converter\languages\en\convert\zip\mp4-to-zip\index.html","en","mp4","zip","41","True","True","True","True","0","0","False","False","False","False","False",""
"C:\Users\maria\Desktop\Current\Converter\languages\en\convert\zip\ogg-to-zip\index.html","en","ogg","zip","41","True","True","True","True","0","0","False","False","False","False","False",""
"C:\Users\maria\Desktop\Current\Converter\languages\en\convert\zip\opus-to-zip\index.html","en","opus","zip","41","True","True","True","True","0","0","False","False","False","False","False",""
"C:\Users\maria\Desktop\Current\Converter\languages\en\convert\zip\pdf-to-zip\index.html","en","pdf","zip","41","True","True","True","True","0","0","False","False","False","False","False",""
"C:\Users\maria\Desktop\Current\Converter\languages\en\convert\zip\png-to-zip\index.html","en","png","zip","41","True","True","True","True","0","0","False","False","False","False","False",""
"C:\Users\maria\Desktop\Current\Converter\languages\en\convert\zip\pptx-to-zip\index.html","en","pptx","zip","41","True","True","True","True","0","0","False","False","False","False","False",""
"C:\Users\maria\Desktop\Current\Converter\languages\en\convert\zip\rar-to-zip\index.html","en","rar","zip","41","True","True","True","True","0","0","False","False","False","False","False",""
"C:\Users\maria\Desktop\Current\Converter\languages\en\convert\zip\rtf-to-zip\index.html","en","rtf","zip","41","True","True","True","True","0","0","False","False","False","False","False",""
"C:\Users\maria\Desktop\Current\Converter\languages\en\convert\zip\svg-to-zip\index.html","en","svg","zip","41","True","True","True","True","0","0","False","False","False","False","False",""
"C:\Users\maria\Desktop\Current\Converter\languages\en\convert\zip\tar-to-zip\index.html","en","tar","zip","41","True","True","True","True","0","0","False","False","False","False","False",""
"C:\Users\maria\Desktop\Current\Converter\languages\en\convert\zip\tar.bz2-to-zip\index.html","en","tar.bz2","zip","41","True","True","True","True","0","0","False","False","False","False","False",""
"C:\Users\maria\Desktop\Current\Converter\languages\en\convert\zip\tar.gz-to-zip\index.html","en","tar.gz","zip","41","True","True","True","True","0","0","False","False","False","False","False",""
"C:\Users\maria\Desktop\Current\Converter\languages\en\convert\zip\tar.xz-to-zip\index.html","en","tar.xz","zip","41","True","True","True","True","0","0","False","False","False","False","False",""
"C:\Users\maria\Desktop\Current\Converter\languages\en\convert\zip\tbz-to-zip\index.html","en","tbz","zip","41","True","True","True","True","0","0","False","False","False","False","False",""
"C:\Users\maria\Desktop\Current\Converter\languages\en\convert\zip\tgz-to-zip\index.html","en","tgz","zip","41","True","True","True","True","0","0","False","False","False","False","False",""
"C:\Users\maria\Desktop\Current\Converter\languages\en\convert\zip\tiff-to-zip\index.html","en","tiff","zip","41","True","True","True","True","0","0","False","False","False","False","False",""
"C:\Users\maria\Desktop\Current\Converter\languages\en\convert\zip\tsv-to-zip\index.html","en","tsv","zip","41","True","True","True","True","0","0","False","False","False","False","False",""
"C:\Users\maria\Desktop\Current\Converter\languages\en\convert\zip\txt-to-zip\index.html","en","txt","zip","41","True","True","True","True","0","0","False","False","False","False","False",""
"C:\Users\maria\Desktop\Current\Converter\languages\en\convert\zip\txz-to-zip\index.html","en","txz","zip","41","True","True","True","True","0","0","False","False","False","False","False",""
"C:\Users\maria\Desktop\Current\Converter\languages\en\convert\zip\wav-to-zip\index.html","en","wav","zip","41","True","True","True","True","0","0","False","False","False","False","False",""
"C:\Users\maria\Desktop\Current\Converter\languages\en\convert\zip\webm-to-zip\index.html","en","webm","zip","41","True","True","True","True","0","0","False","False","False","False","False",""
"C:\Users\maria\Desktop\Current\Converter\languages\en\convert\zip\webp-to-zip\index.html","en","webp","zip","41","True","True","True","True","0","0","False","False","False","False","False",""
"C:\Users\maria\Desktop\Current\Converter\languages\en\convert\zip\xlsx-to-zip\index.html","en","xlsx","zip","41","True","True","True","True","0","0","False","False","False","False","False",""
